id,city,time,content,reply_content,handler,status,url
98801,Da Nang,19:12 04/05/2026,"Từ trước Tết đến nay, tại trụ điện trước nhà số 02 đường Nguyễn Hàng, tổ dân phố 61, Phường Cẩm Lệ, có 1 bóng đèn đường không sáng. Ở vị trí này là ngã 3 giao nhau giữa kiệt 298 và đường Nguyễn Hàng nơi có lưu lượng xe qua lại đông. Đề nghị cơ quan chức năng kiểm tra, xử lý.",Sở Xây dựng đang tiếp nhận và xử lý,,Đang xử lý,https://gopy.danang.gov.vn/gop-y?pageid=view&ykien=98801
98795,Da Nang,17:50 04/05/2026,Tại góc đường Nguyễn Văn Thoại và Mỹ Khê 4 biển cấm đỗ xe bị gãy. Đề nghị cơ quan quản lý khắc phục sửa chữa.,Sở Xây dựng đang tiếp nhận và xử lý,,Đang xử lý,https://gopy.danang.gov.vn/gop-y?pageid=view&ykien=98795
98356,Da Nang,14:05 28/04/2026,"Hiên nay, tại khu vực gia đình quân nhân của Ban chỉ huy quân sự thành phố Đà Nẵng, kiệt 245 Âu Cơ đi vào. Tuyến đường 5,5 mét và 7,5 mét vẫn chưa có đèn đường, gây khó khăn trong việc đi lại, không đảm bảo an ninh vào buổi tối. Kính đề nghị thành phố quan tâm./.","Theo nội dung góp ý của công dân, UBND phường Liên Chiểu đã giao phòng Kinh tế, Hạ tầng và Đô thị phường kiểm tra, xử lý. Nay, UBND phường phản hồi như sau: Nội dung đầu tư hệ thống điện chiếu sáng khu vực dân cư tại kiệt 245 Âu Cơ (khu gia đình quân nhân) đã được UBND phường Liên Chiểu rà soát, đưa vào danh mục phê duyệt dự án để triển khai thực hiện trong năm 2026 (Quyết định số 653/QĐ-UBND ngày 24/4/2026 của UBND phường về phê duyệt dự án điện chiếu sáng khu dân cư phường Liên Chiểu). Vậy, UBND phường kính phản hồi thông tin đến công dân được biết. Trân trọng cảm ơn ý kiến đóng góp của công dân!",UBND Phường Liên Chiểu,Đã xử lý,https://gopy.danang.gov.vn/gop-y?pageid=view&ykien=98356
98160,Da Nang,19:07 26/04/2026,"Trước nhà thuốc 386 tại địa chỉ 386 Nguyễn Lương Bằng, phường Liên Chiểu để các cục đá trên vỉa hè gây mất mỹ quan và dễ gây tai nạn cho người đi bộ, cản trở người đi bộ. Kính đề nghị cơ quan chức năng kiểm tra và xử lý./.","Theo nội dung góp ý của công dân, UBND phường Liên Chiểu đã giao Trung tâm cung ứng dịch vụ sự nghiệp công phường kiểm tra, xử lý. Nay, UBND phường phản hồi như sau: Trung tâm cung ứng dịch vụ sự nghiệp công đã chỉ đạo lực lượng tiến hành kiểm tra thực tế, đồng thời đã tổ chức di dời các cục đá trên vỉa hè gây mất mỹ đô thị theo đúng quy định. (Đính kèm hình ảnh) Vậy, UBND phường kính phản hồi thông tin đến công dân được biết. Trân trọng cảm ơn ý kiến đóng góp của công dân!",UBND Phường Liên Chiểu,Đã xử lý,https://gopy.danang.gov.vn/gop-y?pageid=view&ykien=98160
98133,Da Nang,14:40 26/04/2026,"Tại ngã ba Cẩm Lý giao giữa đường ĐT609 và ĐT605, xã Điện Bàn Tây tình trạng kẹt xe thường xuyên xảy ra tại đây, do đèn đếm giây hướng từ Đà Nẵng - Quảng Nam (cũ) chỉ có 25 giây nhưng lưu lượng xe lưu thông tại đây rất đông, tôi thấy như vậy là không phù hợp. Kính đề nghị cơ quan chức năng điều chỉnh lại số đếm giây để phù hợp, đảm bảo lưu thông không xảy ra tình trạng kẹt xe tại đây. Xin cảm ơn.","Theo nội dung góp ý của công dân, Phòng Cảnh sát Giao thông - CATP Đà Nẵng phản hồi như sau: - Phòng Cảnh sát giao thông trân trọng cảm ơn và ghi nhận ý kiến phản ánh, đóng góp của công dân. Lãnh đạo Phòng đã chỉ đạo Trạm Cảnh sát giao thông (CSGT) Thăng Bình tiến hành khảo sát nút giao thông. Tổ chức giao thông tại giao lộ đường ĐT609 và đường ĐT605 là đường hai chiều, được phân chia thành 2 làn đường riêng biệt; khảo sát thực tế, đèn tín hiệu hướng Đông – Tây đường ĐT609 đang hoạt động theo chu kỳ: đèn đỏ 34 giây, đèn xanh 25 giây; đường ĐT605 hoạt động theo chu kỳ: đèn đỏ 29 giây, đèn xanh 30 giây. - Qua khảo sát vào các khung giờ khác nhau trong ngày thì mật độ phương tiện và lưu lượng phương tiện tham gia giao thông có sự thay đổi và không đồng nhất tại nút giao lộ trên; vào các khung giờ cao điểm như 09h00 đến 10h00, 16h00 đến 17h00 các ngày đầu, cuối kỳ nghỉ lễ thì có mật độ phương tiện và lưu lượng tham gia giao thông tăng, có thời điểm ùn tắc cục bộ; ngoài các khung giờ cao điểm trên vào các kỳ nghỉ lễ, thì mật độ và lưu lượng phương tiện hàng ngày đi trên tuyến đường này thấp, đảm bảo an toàn, không có ùn ứ. - Phòng CSGT - CATP Đà Nẵng tiếp thu ý kiến góp ý; tiếp tục khảo sát, đánh giá thực trạng giao thông của nút giao thông và đề xuất các phương án, giải pháp điều chỉnh thời gian của tín hiệu đèn tại nút giao lộ đường ĐT609 và đường ĐT605, xã Điện Bàn Tây, TP. Đà Nẵng để đảm bảo hoạt động tham gia giao thông đảm bảo an toàn, thông suốt. Vậy, Phòng CSGT - CATP Đà Nẵng kính phản hồi thông tin đến công dân được biết. Trân trọng!",Công an Thành phố,Đã xử lý,https://gopy.danang.gov.vn/gop-y?pageid=view&ykien=98133
98106,Da Nang,20:12 25/04/2026,"Đèn đường tại cột số 38 LVH, đường An Bắc 4, phường Ngũ Hành Sơn bị cháy bóng mấy tháng nay. Kính đề nghị cơ quan chức năng kiểm tra và xử lý.",Sở Xây dựng đang tiếp nhận và xử lý,,Đang xử lý,https://gopy.danang.gov.vn/gop-y?pageid=view&ykien=98106
98091,Da Nang,14:21 25/04/2026,"Tại cơ sở Bánh mì Ba Duy, số 437 Núi Thành, phường Hòa Cường, có tình trạng khoan, đóng bục xuống lòng vỉa hè. Việc này làm ảnh hưởng mỹ quan đô thị và cản trở lối đi của người dân. Đặc biệt quy định hiện tại đã không cho sử dụng vỉa hè để kinh doanh buôn bán. Kính đề nghị cơ quan chức năng kiểm tra, xử lý và yêu cầu khôi phục lại hiện trạng vỉa hè, đảm bảo đúng quy định./.","Theo nội dung góp ý của công dân, UBND phường Hòa Cường đã giao Phòng Kinh tế, Hạ tầng và Đô thị phường kiểm tra, xử lý. Nay, UBND phường phản hồi như sau: Phòng Kinh tế, Hạ tầng và Đô thị phường đã tiến hành nhắc nhở cơ sở kinh doanh chấp hành nghiêm các quy định về quản lý, sử dụng vỉa hè; yêu cầu không tự ý lắp đặt, khoan đóng các vật dụng xuống vỉa hè, đồng thời khẩn trương tháo dỡ, khôi phục lại hiện trạng ban đầu, bảo đảm mỹ quan đô thị và lối đi dành cho người đi bộ. Vậy, UBND phường kính phản hồi thông tin đến công dân được biết. Trân trọng cảm ơn ý kiến đóng góp của công dân!",UBND Phường Hòa Cường,Đã xử lý,https://gopy.danang.gov.vn/gop-y?pageid=view&ykien=98091
98026,Da Nang,21:09 24/04/2026,"Cống thoát nước thải phía sau An Thương 30 và Đỗ Bá không thoát được gây hôi thối không chịu được, đã phản ánh nhiều lần vẫn chưa giải quyết. Mong thành phố sớm giải quyết sớm cho người dân được nhờ.","Theo nội dung phản ánh của công dân, UBND phường Ngũ Hành Sơn đã giao Phòng Kinh tế, Hạ tầng và Đô thị phường kiểm tra xử lý. Nay, UBND phường phản hồi như sau: Hiện nay Đường cống thoát nước sinh hoạt phía sau nhà khu vực Đỗ Bá và An Thượng 30 nằm trong hạng mục nạo vét cống năm 2026 và sẽ tiến hành nạo vét trong tháng 6 năm 2026. Vậy, UBND phường kính phản hồi thông tin đến công dân được biết. Trân trọng cảm ơn ý kiến đóng góp của công dân!","Trung tâm Thông tin và Giám sát, điều hành thông minh",Đã xử lý,https://gopy.danang.gov.vn/gop-y?pageid=view&ykien=98026
98010,Da Nang,17:14 24/04/2026,Khu vực dưới đầu cầu Rồng có một cọc sắt nhô lên khoảng 20cm (hình ảnh kèm theo). Tuy đây không thuộc khu vực đi bộ nhưng vào các đêm trình diễn phun lửa và nước cũng có nhiều du khách tập trung cũng khá nguy hiểm nếu vấp té ngã. Đề nghị Ban quản lý cầu có thể xử lý loại bỏ hoặc có biện pháp che chắn cho an toàn.,"Sở Xây dựng cảm ơn ý kiến góp ý của công dân và thông tin như sau: Qua kiểm tra, cọc sắt khu vực dưới đầu cầu Rồng nêu trên là ống nước dùng để tưới cây xanh, nằm trên dải phân cách giữa cầu thuộc khu vực hạn chế người dân đi lại nhằm đảm bảo an toàn trong quá trình trình diễn ra phun lửa, phun nước. Sở Xây dựng đã đề nghị đơn vị quản lý tiến hành kiểm tra và xử lý hạ cao độ cọc sắt, lắp đặt nắp đậy (hình ảnh chi tiết kèm). Vậy, Sở Xây dựng thông tin để công dân được biết. Trân trọng cảm ơn ý kiến đóng góp của công dân!",Sở Xây dựng Sở Xây dựng cảm ơn ý kiến góp ý của công dân và thông tin như sau:,Đang xử lý,https://gopy.danang.gov.vn/gop-y?pageid=view&ykien=98010
97975,Da Nang,11:43 24/04/2026,"Vỉa hè hư hỏng tại 14 Trần Đại Nghĩa, phường Ngũ Hành Sơn. Mong cơ quan chức năng kiểm tra và sữa chửa. Tôi xin chân thành cảm ơn./.","Theo nội dung góp ý của công dân, Sở Xây dựng đã giao Công ty Cổ phần Cầu đường kiểm tra, xử lý. Nay, Sở phản hồi như sau: Công ty CP Cầu đường đã tiếp nhận thông tin và hoàn thành việc sửa chữa khắc phục trong ngày 28/4/2026. Cảm ơn ý kiến góp ý của công dân. Trân trọng./.",Sở Xây dựng,Đang xử lý,https://gopy.danang.gov.vn/gop-y?pageid=view&ykien=97975
97956,Da Nang,08:24 24/04/2026,"Qua quá trình thay trụ điện mới tại 12/7D vs 12/9 Nguyễn Hữu Thọ, Hoà Cường, các bên chức năng không trả lại hiện trạng ban đầu mà để dây điện và cáp mạng lòng thòng rối ren sà xuống trước khu vực nhà dân gây nguy hiểm và mất mỹ quan đô thị. Đề nghị xử lý trả lại hiện trạng an toàn và mỹ quan như ban đầu./.","Cảm ơn ý kiến góp ý, phản ánh của Anh/Chị. Sau khi nhận được ý kiến phản ánh, góp ý của Anh/Chị, Điện lực Đà Nẵng đã kiểm tra và xử lý (hình ảnh đính kèm) Trân trọng!","Điện lực Đà Nẵng Cảm ơn ý kiến góp ý, phản ánh của Anh/Chị.",Đã xử lý,https://gopy.danang.gov.vn/gop-y?pageid=view&ykien=97956
97942,Da Nang,07:45 24/04/2026,"Nắp hố ga trên vỉa hè 05 Lê Đức Thọ, phường Sơn Trà bị gãy, để lộ hố sâu và rộng 50cm ngay đường giành cho người đi bộ. Mặc dù người dân đã dùng cây che để cảnh báo, nhưng đã có người bị sụp hố. Kính báo cơ quan chức năng kiểm tra xử lý sớm./.","Theo nội dung góp ý của công dân, Sở Xây dựng phản hồi như sau: Công ty Thoát nước và Xử lý nước thải đã kiểm tra hiện trường và hoàn thành khắc phục kiến nghị, hình ảnh kèm theo. Vậy, kính phản hồi thông tin đến công dân được biết. Trân trọng cảm ơn ý kiến đóng góp của công dân!",Sở Xây dựng,Đã xử lý,https://gopy.danang.gov.vn/gop-y?pageid=view&ykien=97942
97928,Da Nang,22:31 23/04/2026,"Đoạn đường ngã tư Nguyễn Dục - Nguyễn Duy Cung, phường Ngũ Hành Sơn vào ban đêm sau 22h00 không có điện đường rất nguy hiểm. Đã xảy ra tai nạn vào đây vào ban đêm. Kính mong cơ quan chức năng xem xét mở một bóng đèn đường vào giờ khuya tại khu vực này.",Sở Xây dựng đang tiếp nhận và xử lý,,Đang xử lý,https://gopy.danang.gov.vn/gop-y?pageid=view&ykien=97928
97885,Da Nang,11:22 23/04/2026,"Đề nghị chính quyền địa phương xử lý việc ngập nước khi trời mưa quá to tại khu vực cuối hẻm 725 đường Phan Châu Trinh, phường Hương Trà (hình ảnh đính kèm). Nguyên cuối xóm chúng tôi hồi nào đến giờ không có con mương, nước chảy tự nhiên qua vườn của ông Năm Mua. Đợt mưa năm nay nước không thoát kịp nên tràn vào nhà người dân vì lý do bên kia vườn làm nhà ngăn chặn dòng nước chảy. Kính mong cơ quan chức năng có hướng giải quyết khắc phục tình trạng ngập nước tại đây. Xin cám ơn./.","Về nội dung này, UBND phường Hương Trà thông tin như sau: Hẻm 725 đường Phan Châu Trinh, phường Hương Trà đã được đầu tư mương thoát nước đoạn đầu tuyến, còn một đoạn cuối tuyến chưa được đầu tư. UBND phường đang thực hiện huy động từ nhiều nguồn lực từng bước nâng cấp, sửa chữa kiệt, hẻm và khớp nối hệ thống thoát nước; tiếp thu ý kiến phản ánh của người dân, UBND phường Hương Trà sẽ báo cáo HĐND phường đưa vào kế hoạch đầu tư công trung hạn để giải quyết việc khớp nối thoát nước. Vậy, UBND phường kính phản hồi thông tin đến công dân được biết. Trân trọng cảm ơn ý kiến đóng góp của công dân!",UBND phường Hương Trà Về,Đã xử lý,https://gopy.danang.gov.vn/gop-y?pageid=view&ykien=97885
97863,Da Nang,07:45 23/04/2026,"Từ trước Tết đến nay, tại khu truyền tải điện, tổ dân phố 01, thôn Thạnh Mỹ 2, xã Thạnh Mỹ, có 2 bóng đèn không sáng. Ở khu này chưa có tên đường, vị trí ở tại ngã 4 gần thuốc tây Hiền đi vào 1 đoạn có 1 nhà có dàn hoa giấy, trước nhà này có 2 bóng đèn bị hỏng. Đề nghị cơ quan chức năng kiểm tra, xử lý.","Theo nội dung góp ý của công dân, UBND xã Thạnh Mỹ chỉ đạo Trung tâm Cung ứng dịch vụ sự nghiệp công xã phối hợp với các đơn vị liên quan khẩn trương xây dựng phương án và tiến hành sửa chữa, thay thế các bóng đèn hư hỏng tại 04 vị trí nêu trên. Đồng thời, thực hiện rà soát tổng thể hệ thống đèn chiếu sáng công cộng trên địa bàn xã, kịp thời sửa chữa, thay thế các bóng đèn bị hư hỏng để đảm bảo vận hành ổn định, phục vụ nhu cầu đi lại của người dân và đảm bảo an ninh trật tự khu vực. Thời gian hoàn thành: Dự kiến việc thay thế và sửa chữa sẽ hoàn tất trong tháng 5 năm 2026. Vậy, UBND xã kính phản hồi thông tin đến công dân được biết. Trân trọng cảm ơn ý kiến đóng góp của công dân!",UBND xã Thạnh Mỹ,Đã xử lý,https://gopy.danang.gov.vn/gop-y?pageid=view&ykien=97863
97828,Da Nang,17:28 22/04/2026,"Kính đề nghị cơ quan chức năng xem xét, xử lý: Tại khu vực ngã tư Ỷ Lan Nguyên Phi giao Nguyễn Hữu Dật, phường Hòa Cường, Đà Nẵng, nắp hố ga bị vỡ, vỉa hè sụt lún, gây nguy hiểm cho người tham gia giao thông. Hình ảnh đính kèm. Kính mong cơ quan chức năng sớm kiểm tra và khắc phục. Xin trân trọng cảm ơn!","Theo nội dung góp ý của công dân, UBND phường Hòa Cường đã giao Phòng Kinh tế, Hạ tầng và Đô thị phường kiểm tra, xử lý. Nay, UBND phường phản hồi như sau: Phòng Kinh tế, Hạ tầng và Đô thị phường đã kiểm tra và thống kê đưa vị trí hư hỏng này vào danh mục hồ sơ duy tu sửa chữa hạ tầng bị hư hỏng trên địa bàn phường năm 2026 để lập, phê duyệt dự toán, bố trí kinh phí và sớm triển khai sửa chữa, khắc phục. Vậy, UBND phường kính phản hồi thông tin đến công dân được biết. Trân trọng cảm ơn ý kiến đóng góp của công dân!",UBND Phường Hòa Cường,Đã xử lý,https://gopy.danang.gov.vn/gop-y?pageid=view&ykien=97828
97818,Da Nang,14:32 22/04/2026,"Hiện nay, mặt đường Tiên Sơn 19, phường Hòa Cường, có một số vị trí bị hư hỏng, xuất hiện ổ gà. Mặc dù người dân đã tự sửa chữa nhiều lần, nhưng hiện trạng mặt đường đã bong tróc nặng, gây khó khăn và nguy hiểm cho việc đi lại. Kính mong cơ quan chức năng kiểm tra và có biện pháp khắc phục, đảm bảo an toàn giao thông cho người dân. Xin trân trọng cảm ơn!","Theo nội dung góp ý của công dân, UBND phường Hòa Cường đã giao Kinh tế, Hạ tầng và Đô thị kiểm tra, xử lý. Nay, UBND phường phản hồi như sau: Phòng Kinh tế, Hạ tầng và Đô thị phường đã kiểm tra và thống kê đưa vị trí hư hỏng này vào danh mục hồ sơ duy tu sửa chữa hạ tầng bị hư hỏng trên địa bàn phường năm 2026 để lập, phê duyệt dự toán, bố trí kinh phí và sớm triển khai sửa chữa, khắc phục. Vậy, UBND phường kính phản hồi thông tin đến công dân được biết. Trân trọng cảm ơn ý kiến đóng góp của công dân!",UBND Phường Hòa Cường,Đã xử lý,https://gopy.danang.gov.vn/gop-y?pageid=view&ykien=97818
97722,Da Nang,14:53 21/04/2026,"Vỉa hè địa chỉ 278 - 280 Xô Viết Nghệ Tĩnh, phường Cẩm Lệ bị hư hỏng, gạch vỉa hè bị lật lên. Mong cơ quan chức năng sớm kiểm tra và sửa chữa. Tôi xin chân thành cảm ơn!","Theo nội dung góp ý của công dân, Ban Quản lý dự án đầu tư xây dựng các công trình giao thông và nông nghiệp Đà Nẵng phản hồi như sau: Ban quản lý dự án đang triển khai lát gạch vỉa hè đoạn bị hư hỏng (ảnh đính kèm). Vậy, Ban Quản lý dự án đầu tư xây dựng các công trình giao thông và nông nghiệp Đà Nẵng kính phản hồi thông tin đến công dân được biết. Trân trọng cảm ơn ý kiến đóng góp của công dân!",Ban Quản lý dự án đầu tư xây dựng các công trình giao thông và nông nghiệp Đà Nẵng,Đã xử lý,https://gopy.danang.gov.vn/gop-y?pageid=view&ykien=97722
97719,Da Nang,14:30 21/04/2026,"Nắp cống tại 781 Nguyễn Hữu Thọ, phường Cẩm Lệ bị hư hỏng nặng. Tôi đã liên hệ hơn một tháng nhưng chưa có xử lý. Kính báo cơ quan chức năng kiểm tra xử lý.","Sở Xây dựng trân trọng cảm ơn ý kiến góp ý của Quý công dân và phản hồi một số thông tin như sau: Công ty Thoát nước và Xử lý nước thải đã kiểm tra hiện trường và hoàn thành thay nắp cống mới, hình ảnh kèm theo. Sở Xây dựng thông tin để Quý công dân được biết. Trân trọng./.","Sở Xây dựng Sở Xây dựng trân trọng cảm ơn ý kiến góp ý của Quý công dân và phản hồi một số thông tin như sau: Công ty Thoát nước và Xử lý nước thải đã kiểm tra hiện trường và hoàn thành thay nắp cống mới, hình ảnh kèm",Đã xử lý,https://gopy.danang.gov.vn/gop-y?pageid=view&ykien=97719
97718,Da Nang,14:20 21/04/2026,"Đèn đường chiếu sáng tại kiệt sau lưng Nhà Văn hóa cộng đồng dân cư số 13 - khu công viên X2 Hòa An (cũ), tại địa chỉ: đường Hòa An 25, Tổ 45HA, phường An Khê đã bị hư, hiện nay đang không sáng, làm ảnh hưởng đến sinh hoạt người dân và đường tối dễ gây nên trộm cắp. Nhờ các cấp xem xét, cho đơn vị phụ trách đến xử lý sớm cho bà con. Tôi xin cảm ơn./.","Sở Xây dựng trân trọng cảm ơn ý kiến góp ý của Quý công dân và phản hồi một số thông tin như sau: Công ty cổ phần chiếu sáng công cộng đã kiểm tra hiện trường và hoàn thành xử lý kiến nghị, đèn đã đỏ bình thường. Sở Xây dựng thông tin để Quý công dân được biết. Trân trọng./.","Sở Xây dựng Sở Xây dựng trân trọng cảm ơn ý kiến góp ý của Quý công dân và phản hồi một số thông tin như sau: Công ty cổ phần chiếu sáng công cộng đã kiểm tra hiện trường và hoàn thành xử lý kiến nghị, đèn đã đỏ bình thường. Sở Xây dựng thông tin để Quý công dân được biết. Trân trọng./. Ngày trả lời: 01/05/2026",Đã xử lý,https://gopy.danang.gov.vn/gop-y?pageid=view&ykien=97718
97691,Da Nang,12:27 21/04/2026,"Từ ngày 15/4/2026, việc thu gom rác tại Chi nhánh MTĐT Thanh Khê, cụ thể là đường Ngô Nhân Tịnh không còn diễn ra hàng ngày như trước mà kéo dài 2–3 ngày/lần. Rác sinh hoạt vì thế tồn đọng trước nhà dân, dưới thời tiết nắng nóng gây mùi hôi nồng nặc, tiềm ẩn nguy cơ dịch bệnh và ô nhiễm môi trường. Người dân đã đóng phí vệ sinh đầy đủ nhưng phải sống chung với rác thải nhiều ngày, ảnh hưởng nghiêm trọng đến đời sống và mỹ quan đô thị. Đề nghị cơ quan chức năng sớm kiểm tra, chấn chỉnh và khôi phục lịch thu gom rác hàng ngày.","Sau khi tiếp nhận thông tin phản ánh, UBND phường An Khê đã đề nghị Chi nhánh Đội Môi trường Cẩm Lệ khẩn trương tổ chức thu gom rác thải tại vị trí nêu trên, không để xảy ra tình trạng tồn đọng rác kéo dài gây ảnh hưởng đến đời sống sinh hoạt của người dân và mỹ quan đô thị. Vậy, UBND phường An Khê kính phản hồi thông tin đến công dân được biết. Trân trọng!",UBND Phường An Khê,Đã xử lý,https://gopy.danang.gov.vn/gop-y?pageid=view&ykien=97691
97684,Da Nang,11:04 21/04/2026,"Trước địa chỉ số 582 Nguyễn Hữu Thọ , phường Cẩm Lệ có tình trạng vỉa hè bị hư hỏng. Mong cơ quan chức năng kiểm tra, sửa chữa./.","Theo nội dung góp ý của công dân, Sở Xây dựng phản hồi như sau: Công ty Cổ phần Cầu đường đã tiếp nhận thông tin và triển khai xử lý khắc phục các vị trí vỉa hè hư hỏng nêu trên. Vậy, kính phản hồi thông tin đến công dân được biết. Trân trọng cảm ơn ý kiến đóng góp của công dân!",Sở Xây dựng,Đã xử lý,https://gopy.danang.gov.vn/gop-y?pageid=view&ykien=97684
97680,Da Nang,09:50 21/04/2026,"Ngã ba Tăng Bạt Hổ - Nguyễn Trãi và lân cận. Khi công an và quy tắc ra quân xử lý thì họ nép vào, khi không có lực lượng họ tái chiếm, thách thức xem thường luật pháp. Mong chính quyền giải quyết triệt để tránh trường hợp xem thường luật pháp,và tình trạng đánh trống bỏ dùi.","Theo nội dung góp ý của công dân, UBND phường Hải Châu đã giao Trung tâm cung ứng dịch vụ công phường kiểm tra, xử lý. Nay, UBND phường phản hồi như sau: Sau khi tiếp nhận phản ánh của công dân, tổ công tác Trung tâm cung ứng dịch vụ công đã kiểm tra thực tế tại địa chỉ phản ánh. Qua kiểm tra xác minh tại địa chỉ 24 Nguyễn Trãi có chủ hộ bán nước giải khát là bà H.K.T, Tổ công tác đã lập biên bản làm việc, yêu cầu bà T chấm dứt ngay hành vi vi phạm; đồng thời di dời toàn bộ tang vật, trả lại hiện trạng vỉa hè ban đầu theo đúng quy định. Trường hợp tiếp tục vi phạm, Tổ công tác sẽ đề xuất cơ quan chức năng và người có thẩm quyền xử lý theo quy định của pháp luật. Vậy, UBND phường kính phản hồi thông tin đến công dân được biết. Trân trọng cảm ơn ý kiến đóng góp của công dân!",UBND Phường Hải Châu,Đã xử lý,https://gopy.danang.gov.vn/gop-y?pageid=view&ykien=97680
97665,Da Nang,08:01 21/04/2026,"Hệ thống điện chiếu sáng trên tuyến đường Lê Quảng Chí, phường Hòa Xuân hiện có nhiều bóng không hoạt động trong thời gian dài, đặc biệt khu vực trước số nhà 151 Lê Quảng Chí. Không rõ nguyên nhân do chưa được đấu nối hay chưa hoàn tất bàn giao vận hành. Tình trạng này khiến khu vực ban đêm thiếu ánh sáng, tiềm ẩn nguy cơ mất an toàn. Kính đề nghị cơ quan chức năng kiểm tra, khắc phục và sớm đưa hệ thống điện chiếu sáng vào hoạt động ổn định, đảm bảo an toàn cho người dân. Xin cảm ơn.","Sở Xây dựng trân trọng cảm ơn ý kiến góp ý của Quý công dân và phản hồi một số thông tin như sau: Công ty cổ phần chiếu sáng công cộng đã kiểm tra hiện trường và hoàn thành xử lý kiến nghị, đèn đã đỏ bình thường. Sở Xây dựng thông tin để Quý công dân được biết. Trân trọng./.","Sở Xây dựng Sở Xây dựng trân trọng cảm ơn ý kiến góp ý của Quý công dân và phản hồi một số thông tin như sau: Công ty cổ phần chiếu sáng công cộng đã kiểm tra hiện trường và hoàn thành xử lý kiến nghị, đèn đã đỏ bình thường. Sở Xây dựng thông tin để Quý công dân được biết. Trân trọng./. Ngày trả lời: 01/05/2026",Đã xử lý,https://gopy.danang.gov.vn/gop-y?pageid=view&ykien=97665
97658,Da Nang,07:56 21/04/2026,"Quán chay An Lạc Tâm tại 808 Tôn Đức Thắng, phường Hòa Khánh buôn bán thường xuyên để xe lấn chiếm vỉa hè và đường kiệt 808 Tôn Đức Thắng. Quán thường xuyên buôn bán từ 6h-22h hàng ngày. Đặc biệt vào ngày rằm, mồng 1 lấn chiếm hết hầu như không có lối đi, nhưng quán không hề có biện pháp sắp xếp để đảm bảo. Kính mong cơ quan chức năng kiểm tra và xử lý./.","Theo nội dung phản ánh của công dân, UBND phường Hòa Khánh đã giao Trung tâm Cung ứng dịch vụ sự nghiệp công phường kiểm tra xử lý. Nay, UBND phường phản hồi như sau: Trung tâm đã chỉ đạo tổ công tác xuống kiểm tra, xử lý và lập biên bản yêu cầu chủ hộ kinh doanh khắc phục và di dời các vật dụng đưa về đúng quy định, chủ hộ đã cam kết và khắc phục di dời các vật dụng vào trong (có hình ảnh kèm theo). Vậy, UBND phường kính phản hồi thông tin đến công dân được biết. Trân trọng cảm ơn ý kiến đóng góp của công dân!",UBND Phường Hòa Khánh,Đã xử lý,https://gopy.danang.gov.vn/gop-y?pageid=view&ykien=97658
97653,Da Nang,07:55 21/04/2026,"Kiệt 246 Trần Nhân Tông, phường Điện Bàn (kiệt mỳ Nhị) cả tuần nay không có điện đường chiếu sáng, gây khó khăn cho người đi đường. Kiệt này trước đây đã có điện chiếu sáng nhưng do nhân dân đóng góp, tuy nhiên, bây giờ có 1 số hộ không đồng ý đóng tiền nữa vì họ nói những tuyến đường khác được nhà nước cấp điện chiếu sáng, tại sao họ phải nộp tiền để có điện đường chiếu sáng. Kính đề nghị cơ quan chức năng kiểm tra và có phương án bố trí điện đường chiếu sáng để đảm bảo an toàn của người dân./.","Theo nội dung góp ý của công dân, UBND phường Điện Bàn đã giao Trung tâm Cung ứng dịch vụ công kiểm tra, xử lý. Nay, UBND phường phản hồi như sau: Trung tâm Cung ứng dịch vụ công đã thực hiện kiểm tra, làm việc với đại diện Khối phố 1. Theo đó, đối chiếu với kiệt 246 Trần Nhân Tông, phường Điện Bàn hiện có mặt cắt lòng đường <5m, mật độ xe lưu thông thấp nên chưa đủ điều kiện ưu tiên đầu tư điện chiếu sáng từ nguồn ngân sách phường. Trên cơ sở đó Trung tâm Cung ứng dịch vụ sự nghiệp công phường Điện Bàn đề nghị tổ trưởng tổ dân phố khối phố 1 thông báo cho bà con nhân dân kiệt 246 Trần Nhân Tông được biết để cùng chia sẻ trong điều kiện ngân sách phường còn hạn chế. Vậy, UBND phường kính phản hồi thông tin đến công dân được biết. Trân trọng cảm ơn ý kiến đóng góp của công dân!",UBND phường Điện Bàn,Đã xử lý,https://gopy.danang.gov.vn/gop-y?pageid=view&ykien=97653
97645,Da Nang,07:48 21/04/2026,"Cống thu thoát nước trước 08 An Trung Đông 7, An Hải bị bể đanh cống từ trước Tết 2026 đến nay nhưng chưa ai xử lý. Tôi đã nhiều lần liên hệ trực tiếp quy tắc phường cũng như gọi điện thoại báo nhưng cũng không thấy cơ quan nào xuống kiếm tra. Hiện tại đanh bể nhiều lỗ rất nguy hiểm. Kính mong cơ quan chức năng kiểm tra xử lý. Xin cảm ơn./.","Theo nội dung góp ý của công dân, UBND phường An Hải đã giao Phòng Kinh tế, Hạ tầng và đô thị kiểm tra, xử lý. Nay, UBND phường phản hồi như sau: Nhận được thông tin phản ánh, Phòng Kinh tế, Hạ tầng và đô thị phường An Hải đã tổ chức kiểm tra hiện trường, qua đó đã phối hợp đơn vị thi công xử lý khắc phục đảm bảo. Vậy, UBND phường kính phản hồi thông tin đến công dân được biết. Trân trọng cảm ơn ý kiến đóng góp của công dân!",UBND Phường An Hải,Đã xử lý,https://gopy.danang.gov.vn/gop-y?pageid=view&ykien=97645
97625,Da Nang,19:54 20/04/2026,"Bóng đèn đường ngã ba Thanh Lương 15 và Mạc Đăng Dung, phường Hòa Xuân bị hỏng đã lâu. Vị trí ngã ba nên ban đêm rất nguy hiểm. Kính mong đơn vị chuyên trách kiểm tra và thay bóng đèn tại vị trí trên. Xin cảm ơn","Sở Xây dựng trân trọng cảm ơn ý kiến góp ý của Quý công dân và phản hồi một số thông tin như sau: Công ty cổ phần chiếu sáng công cộng đã kiểm tra hiện trường và hoàn thành xử lý kiến nghị, đèn đã đỏ bình thường. Sở Xây dựng thông tin để Quý công dân được biết. Trân trọng./.","Sở Xây dựng Sở Xây dựng trân trọng cảm ơn ý kiến góp ý của Quý công dân và phản hồi một số thông tin như sau: Công ty cổ phần chiếu sáng công cộng đã kiểm tra hiện trường và hoàn thành xử lý kiến nghị, đèn đã đỏ bình thường. Sở Xây dựng thông tin để Quý công dân được biết. Trân trọng./. Ngày trả lời: 01/05/2026",Đã xử lý,https://gopy.danang.gov.vn/gop-y?pageid=view&ykien=97625
97618,Da Nang,17:21 20/04/2026,"Vỉa hè hư hỏng tại số 540A Nguyễn Hữu Thọ, phường Cẩm Lệ. (Hình ảnh đính kèm). Mong cơ quan chức năng kiểm tra và sửa chữa. Tôi xin chân thành cảm ơn./.","Theo nội dung góp ý của công dân, Sở Xây dựng phản hồi như sau: Công ty Cổ phần Cầu đường đã tiếp nhận thông tin và triển khai xử lý khắc phục các vị trí vỉa hè hư hỏng nêu trên. Vậy, kính phản hồi thông tin đến công dân được biết. Trân trọng cảm ơn ý kiến đóng góp của công dân!",Sở Xây dựng,Đã xử lý,https://gopy.danang.gov.vn/gop-y?pageid=view&ykien=97618
97598,Da Nang,14:18 20/04/2026,"Hiện nay bóng đèn đường tại K57 Lê Hữu Trác kế bên số nhà 57/3 Lê Hữu Trác đã bị hỏng nhiều tháng nay nhưng chưa có đơn vị nào tới khắc phục. Việc thiếu thiết bị chiếu sáng ở địa điểm này khiến việc đi lại của người dân gặp nhiều khó khăn, tiềm ẩn nhiều nguy cơ về an ninh, trật tự xã hội. Kính đề nghị cơ quan chức năng sớm tới thay thế, sửa chữa. Xin cảm ơn!","Sở Xây dựng trân trọng cảm ơn ý kiến góp ý của Quý công dân và phản hồi một số thông tin như sau: Công ty cổ phần chiếu sáng công cộng đã kiểm tra hiện trường và hoàn thành xử lý kiến nghị, đèn đã đỏ bình thường. Sở Xây dựng thông tin để Quý công dân được biết. Trân trọng./.","Sở Xây dựng Sở Xây dựng trân trọng cảm ơn ý kiến góp ý của Quý công dân và phản hồi một số thông tin như sau: Công ty cổ phần chiếu sáng công cộng đã kiểm tra hiện trường và hoàn thành xử lý kiến nghị, đèn đã đỏ bình thường. Sở Xây dựng thông tin để Quý công dân được biết. Trân trọng./. Ngày trả lời: 01/05/2026",Đã xử lý,https://gopy.danang.gov.vn/gop-y?pageid=view&ykien=97598
97576,Da Nang,11:48 20/04/2026,"Chào quý cơ quan, Hiện tại cột đèn chiếu sáng trước số nhà 384 Lê Văn Hiến, phường Ngũ Hành Sơn, đoạn gần bệnh viện sản nhi cơ sở 1 ở Lê Văn Hiến đã bị hỏng, không sáng cũng đã hơn 1 tháng nay. Đây là đoạn đường buổi tối rất đông xe container và các loại xe tải lớn đi qua, gần khu vực qua lại của bệnh viện 600 giường nên tiềm ẩn nguy cơ tai nạn cao. Kính mong quý cơ quan xem xét và sớm khắc phục.","Sở Xây dựng trân trọng cảm ơn ý kiến góp ý của Quý công dân và phản hồi một số thông tin như sau: Công ty cổ phần chiếu sáng công cộng đã kiểm tra hiện trường và hoàn thành xử lý kiến nghị, đèn đã đỏ bình thường. Sở Xây dựng thông tin để Quý công dân được biết. Trân trọng./.","Sở Xây dựng Sở Xây dựng trân trọng cảm ơn ý kiến góp ý của Quý công dân và phản hồi một số thông tin như sau: Công ty cổ phần chiếu sáng công cộng đã kiểm tra hiện trường và hoàn thành xử lý kiến nghị, đèn đã đỏ bình thường. Sở Xây dựng thông tin để Quý công dân được biết. Trân trọng./. Ngày trả lời: 01/05/2026",Đã xử lý,https://gopy.danang.gov.vn/gop-y?pageid=view&ykien=97576
97531,Da Nang,18:25 19/04/2026,Bóng đèn chiếu sáng trước số nhà 102 Trần Quý Khoách phường Hòa Khánh bị hỏng. Kính đề nghị cơ quan chức năng kiểm tra xử lý thay thế. Xin chân thành cảm ơn./.,"Sở Xây dựng trân trọng cảm ơn ý kiến góp ý của Quý công dân và phản hồi một số thông tin như sau: Công ty cổ phần chiếu sáng công cộng đã kiểm tra hiện trường và hoàn thành xử lý kiến nghị, đèn đã đỏ bình thường. Sở Xây dựng thông tin để Quý công dân được biết. Trân trọng./.","Sở Xây dựng Sở Xây dựng trân trọng cảm ơn ý kiến góp ý của Quý công dân và phản hồi một số thông tin như sau: Công ty cổ phần chiếu sáng công cộng đã kiểm tra hiện trường và hoàn thành xử lý kiến nghị, đèn đã đỏ bình thường. Sở Xây dựng thông tin để Quý công dân được biết. Trân trọng./. Ngày trả lời: 04/05/2026",Đã xử lý,https://gopy.danang.gov.vn/gop-y?pageid=view&ykien=97531
97460,Da Nang,09:13 19/04/2026,"Kính gửi UBND thành phố Đà Nẵng. Tôi xin hỏi một số vấn đề về góp ý số 59238 ngày 16 tháng 7 năm 2024. theo đó Ban QLDA ĐTXD các công trình giao thông đã trả lời theo Số: 873/BCTGT-ĐHGS Đà Nẵng, ngày 22 tháng 7 năm 2024, V/v phương án thiết kế khớp nối đường dân sinh thuộc công trình Tuyến đường vành đai phía Tây đoạn từ QL14B đến đường Hồ Chí Minh - giai đoạn 1. Nhưng đến hiện tại thì hiện trạng phản ánh giữa 2 khớp nối giao thông này vẫn như vậy, chưa có kế hoạch giao thông tạm, cũng chưa tiến hành thi công khớp nối chính thức như trong văn bản đã trả lời. Vậy đề nghị quý cơ quan xem xét giải quyết vấn đề này để việc giao thông của người dân được an toàn hơn. Cảm ơn quý cơ quan đã lắng nghe./.","Ban Quản lý dự án đầu tư xây dựng các công trình giao thông và nông nghiệp Đà Nẵng chân thành cảm ơn sự đóng góp ý kiến và kiến nghị thiết thực của công dân về vấn đề thiết thực liên quan đến an toan giao thông trên địa bàn. Ban QLDA xin phản hồi lại để công dân được rõ các nội dung liên quan đến tổ chức giao thông tại các vị trí đấu nối trên như sau: 1. Vị trí đường gom dân sinh tại Km 8+341- Km 8+676 : hiện tại vị trí này vẫn chưa giải phóng được mặt bằng nên chưa thể triển khai thi công. Người dân vẫn lưu thông theo phương án đảm bảo giao thông như hiện tại. 2. Vị trí Km 9- km 9+100 : tuyến đường này thuộc phạm vi của dự án tuyến đường Hoà Phú –Hoà Ninh đang thực hiện điều chỉnh quy hoạch hướng tuyến. Tuy nhiên để người dân thuận lợi lưu thông Ban QLDA đã phê duyệt phương án đấu nối tuyến đường Hoà Phú – Hoà Ninh tại quyết định số 869/ QĐ- BCTGT&NN ngày 30/10/2025. Hiện nay nhà thầu đang triển khai thi công các vị trí có mặt bằng còn lại trên tuyến trong đó có vị trí đấu nối này, dự kiến kế hoạch sẽ hoàn thành trước ngày 30/6/2026. Vậy, kính phản hồi thông tin đến công dân được biết. Trân trọng cảm ơn ý kiến đóng góp của công dân!",Ban Quản lý dự án đầu tư xây dựng các công trình giao thông và nông nghiệp Đà Nẵng Ban Quản lý dự án đầu tư xây dựng các công trình giao thông và nông nghiệp Đà Nẵng chân thành cảm ơn sự đóng góp ý kiến và kiến nghị thiết thực của công dân về vấn đề thiết thực liên quan đến an toan giao thông trên địa bàn. Ban QLDA xin phản hồi lại để công dân được rõ các,Đã xử lý,https://gopy.danang.gov.vn/gop-y?pageid=view&ykien=97460
97451,Da Nang,21:44 18/04/2026,"Nút giao Nguyễn Hữu Thọ – Phan Đăng Lưu, phường Hòa Cường có đèn giao thông hiển thị số giây đếm không rõ ràng (hình ảnh đính kèm). Kính mong cơ quan chức năng kiểm tra và sửa chữa. Tôi xin chân thành cảm ơn.","Theo nội dung góp ý của công dân, Sở Xây dựng phản hồi như sau: Trung tâm Điều hành giao thông thông minh Đà Nẵng tiếp nhận thông tin và xử lý hoàn thành ngày 27/04/2026. Cảm ơn ý kiến góp ý của công dân. Trân trọng./.",Sở Xây dựng,Đang xử lý,https://gopy.danang.gov.vn/gop-y?pageid=view&ykien=97451
97399,Da Nang,08:13 18/04/2026,"Tại địa chỉ 35 Nguyễn Chánh, phường Liên Chiểu, tại đây triển khai thi công cống thoát nước đã 1 tháng rưỡi nhưng vẫn chưa xong, trước nhà tôi có thi công dang dở khiến cho việc ra vào rất khó khăn. Đề nghị cơ quan chức năng kiểm tra, xử lý.","Theo nội dung góp ý của công dân, Ban Quản lý dự án đầu tư xây dựng các công trình giao thông và nông nghiệp Đà Nẵng phản hồi như sau: Hiện nay nhà thầu thi công đang tập kết CPĐD từ Quảng Ngãi về thi thi công hoàn thiện, nền mặt đường phạm vi từ nút giao QL1A đến nút giao Nguyễn Chánh, dự kiến hoàn thành cuối tháng 5/2026. Trong quá trình thi công nhà thầu thường xuyên tưới nước đảm bảo vệ sinh môi trường, an toàn giao thông. Vậy, kính phản hồi thông tin đến công dân được biết. Trân trọng cảm ơn ý kiến đóng góp của công dân!",Ban Quản lý dự án đầu tư xây dựng các công trình giao thông và nông nghiệp Đà Nẵng,Đã xử lý,https://gopy.danang.gov.vn/gop-y?pageid=view&ykien=97399
97376,Da Nang,07:12 18/04/2026,"Tại địa chỉ 126-128 Triệu Nữ Vương, phường Hải Châu có tình trạng 1 cục bê tông bó vỉa hè bị hư hỏng, che lấp cống thoát nước. Tiềm ẩn nguy cơ tai nạn giao thông cho xe lưu thông và người đi bộ. Đồng thời giảm khả năng thoát nước khu vực này khi trời mưa to. Kính mong cơ quan chức năng có phương án xử lý sớm, cám ơn!","UBND phường Hải Châu phản hồi ý kiến phản ánh của công dân như sau: Sau khi nhận được phản ánh của công dân, UBND phường giao cho Phòng Kinh tế, Hạ tầng và Đô thị phường kiểm tra và xử lý. Phòng Kinh tế, Hạ tầng và Đô thị phường đã kiểm tra và thi công sửa chữa, thay thế bó vỉa bị hư hỏng tại vị trí 126-128 Triệu Nữ Vương (có hình ảnh đính kèm) Vậy, UBND phường kính phản hồi thông tin đến công dân được biết. Trân trọng cảm ơn ý kiến đóng góp của công dân!",UBND Phường Hải Châu UBND phường Hải Châu phản hồi ý kiến phản ánh của công dân như sau:,Đã xử lý,https://gopy.danang.gov.vn/gop-y?pageid=view&ykien=97376
97374,Da Nang,06:26 18/04/2026,"Hiện nay trên các trụ điện dọc vỉa hè công viên Yên Thế - Bắc Sơn, phường An Khê có rất nhiều bảng quảng cáo treo thấp từ khoảng 1m3 đến 1m7. Việc này rất nguy hiểm cho người đi bộ. Khu vưc này có rất nhiều người tập thể dục, đi bộ, chạy bộ, trẻ em vui chơi. (Hình ảnh đính kèm) Mong cơ quan chức năng kiểm tra và xử lý sớm.","Sở Văn hóa, Thể thao và Du lịch trân trọng cảm ơn ý kiến góp ý của công dân và xin phản hồi như sau: Qua kiểm tra thực tế có băng rôn treo trên cột điện chiếu sáng tại tuyến đường Yên Thế- Bắc Sơn thành phố Đà Nẵng. Sở đã yêu cầu đơn vị thực hiện treo băng rôn tiến hành tháo gỡ ngay và đơn vị đã cho tháo gỡ chỉnh sửa chiều cao so với mặt đất đúng quy định, sau khi tiếp nhận yêu cầu của Sở. Trong thời gian đến Sở tiếp tục chỉ đạo các bộ phận liên quan tăng cường công tác giám sát, kiểm tra, nhắc nhở các đơn vị thực hiện treo băng rôn dọc quảng cáo không treo thấp hơn kích thước đã quy định trong thông báo quảng cáo. Nếu vi phạm sẽ xử lý theo quy định của pháp luật. Sở Văn hóa và Thể thao phản hồi thông tin đến công dân được biết. Một lần nữa cảm ơn sự góp ý của công dân để công tác quản lý quảng cáo của Sở trong thời gian tới ngày càng tốt hơn, góp phần đảm bảo mỹ quan và trật tự an toàn đô thị. Trân trọng cảm ơn ý kiến đóng góp của công dân!","Sở Văn hóa, Thể thao và Du lịch Sở Văn hóa, Thể thao và Du lịch trân trọng cảm ơn ý kiến góp ý của công dân và xin phản hồi như sau:",Đang xử lý,https://gopy.danang.gov.vn/gop-y?pageid=view&ykien=97374
97336,Da Nang,13:44 17/04/2026,"Tại K62/68/43 Nguyễn Phan Vinh, phường Sơn Trà có bóng đèn chiếu sáng bị cháy 2-3 ngày nay gây khó khăn cho việc lưu thông của người dân. Kính mong cơ quan chức năng kiểm tra và xử lý./.","Theo nội dung góp ý của công dân, UBND phường Sơn Trà đã giao Trung tâm cung ứng dịch vụ công phường kiểm tra, xử lý. Nay, UBND phường phản hồi như sau: Trung tâm cung ứng dịch vụ sự nghiệp công phường Sơn Trà đã kiểm tra thực tế và khắc phục hoàn thành vào ngày 25/4/2026. Vậy, UBND phường kính phản hồi thông tin đến công dân được biết. Trân trọng cảm ơn ý kiến đóng góp của công dân!",UBND Phường Sơn Trà,Đã xử lý,https://gopy.danang.gov.vn/gop-y?pageid=view&ykien=97336
97329,Da Nang,13:43 17/04/2026,"Hiện tại ở TDP Đồng Nà, Hội An Tây (gần khu nghỉ dưỡng Allamanda) có 1 đoạn đường đang sửa chữa, đã bắt đầu thực hiện từ 2 tháng trước và chỉ có 1 đoạn nhỏ nhưng đến nay vẫn chưa hoàn thành, tuyến đường này có nhiều học sinh qua lại, gây bất tiện và nguy hiểm. Đề nghị cơ quan chức năng kiểm tra, xử lý./.","Theo nội dung góp ý của công dân, UBND phường Hội An Tây đã chỉ đạo phòng Kinh tế, Hạ tầng và Đô thị phường kiểm tra xử lý. Công trình này thuộc công trình khắc phục đoạn đường dọc kênh Hà Châu và kênh N5 bị sụt lún, hư hỏng với tổng chiều dài gần 600m. Việc thi công sửa chữa công trình đều có rào chắn cảnh báo để đảm bảo an toàn cho việc đi lại của người dân. Hiện nay, đoạn đường theo kiến nghị của công dân đã hoàn thành xong, người dân đi lại bình thường. Vậy, UBND phường kính phản hồi thông tin đến công dân được biết. Trân trọng cảm ơn ý kiến đóng góp của công dân!",UBND phường Hội An Tây,Đã xử lý,https://gopy.danang.gov.vn/gop-y?pageid=view&ykien=97329
97323,Da Nang,13:42 17/04/2026,"Tại đường kiệt 40 Lê Cơ có đến tầm 5 cái nắp cống bị kênh gây ồn ào, đã báo tổ trưởng nhưng vẫn chưa được xử lý. Đề nghị cơ quan chức năng kiểm tra, xử lý./.","Theo nội dung góp ý của công dân, UBND phường Hòa Cường đã giao Phòng Kinh tế, Hạ tầng và Đô thị kiểm tra, xử lý. Nay, UBND phường phản hồi như sau: Phòng Kinh tế, Hạ tầng và Đô thị phường đã kiểm tra và thống kê đưa vị trí hư hỏng này vào danh mục hồ sơ duy tu sửa chữa hạ tầng bị hư hỏng trên địa bàn phường năm 2026 để lập, phê duyệt dự toán, bố trí kinh phí và sớm triển khai sửa chữa, khắc phục. Vậy, UBND phường kính phản hồi thông tin đến công dân được biết. Trân trọng cảm ơn ý kiến đóng góp của công dân!",UBND Phường Hòa Cường,Đã xử lý,https://gopy.danang.gov.vn/gop-y?pageid=view&ykien=97323
97271,Da Nang,07:45 17/04/2026,"Trên vỉa hè từ số nhà 33 đến 38 Nguyên Phi Ỷ Lan, phường Tam Kỳ có tập kết dây mạng viettel không còn sử dụng gây mất mỹ quan đô thị và cản trở lối đi. Tôi quan sát thì ngoài dây mạng tập kết trên vỉa hè ở đây, còn một số dây mạng bị cháy được cột lòng thòng ngay tầm người đi bộ rất nguy hiểm. Kính báo cơ quan chức năng kiểm tra xử lý./.","Theo nội dung góp ý của công dân, UBND Phường Tam Kỳ đã chỉ đạo Phòng Kinh tế, Hạ tầng và Đô thị phường tiến hành kiểm tra và đề nghị các Doanh nghiệp Viễn thông liên quan bó dây gọn gàng, đảm bảo an toàn (có file hình ảnh kèm theo). Vậy, UBND phường kính phản hồi thông tin đến công dân được biết. Trân trọng cảm ơn ý kiến đóng góp của công dân!",UBND phường Tam Kỳ,Đã xử lý,https://gopy.danang.gov.vn/gop-y?pageid=view&ykien=97271
97268,Da Nang,23:33 16/04/2026,"Khu vực giao giữa Hoàng Sĩ Khải và kiệt 675 Ngô Quyền, đèn đường bị hỏng khiến gây mất an toàn giao thông. Kính đề nghị cơ quan chức năng kiểm tra và xử lý.","Sở Xây dựng trân trọng cảm ơn ý kiến góp ý của Quý công dân và phản hồi một số thông tin như sau: Công ty cổ phần chiếu sáng công cộng đã kiểm tra hiện trường và hoàn thành xử lý kiến nghị, đèn đã đỏ bình thường. Sở Xây dựng thông tin để Quý công dân được biết. Trân trọng./.","Sở Xây dựng Sở Xây dựng trân trọng cảm ơn ý kiến góp ý của Quý công dân và phản hồi một số thông tin như sau: Công ty cổ phần chiếu sáng công cộng đã kiểm tra hiện trường và hoàn thành xử lý kiến nghị, đèn đã đỏ bình thường. Sở Xây dựng thông tin để Quý công dân được biết. Trân trọng./. Ngày trả lời: 23/04/2026",Đã xử lý,https://gopy.danang.gov.vn/gop-y?pageid=view&ykien=97268
97264,Da Nang,21:42 16/04/2026,"Tôi xin phản ánh tình trạng giao thông tại đoạn đường Nguyễn Đình Tứ, khu vực Yên Thế – Bắc Sơn. Hiện nay phần gờ cầu tại đây có độ chênh lệch khá cao so với mặt đường, khiến việc đi lại của người dân rất khó khăn, đặc biệt đối với xe máy và người lớn tuổi. Khi lưu thông qua khu vực này rất dễ xảy ra va chạm, té ngã hoặc mất an toàn giao thông, nhất là vào ban đêm và khi trời mưa. Vị trị theo hình ảnh đính kèm. Kính đề nghị cơ quan chức năng sớm kiểm tra và có biện pháp khắc phục để đảm bảo an toàn cho người dân.","Sau khi tiếp nhận thông tin, UBND phường An Khê đã giao các đơn vị liên quan, kiểm tra thực tế và xử lý kiến nghị, phản ánh của công dân như sau: Phòng kinh tế, Hạ tầng và Đô thị phường đã phối hợp đơn vị thị công sửa chữa hạ tầng qua đó sẽ có phương án thảm bù nhựa để đảm bảo phương tiện khi tham gia giao thông. Vậy, UBND phường kính phản hồi thông tin đến công dân được biết. Trân trọng cảm ơn ý kiến đóng góp của công dân!",UBND Phường An Khê,Đã xử lý,https://gopy.danang.gov.vn/gop-y?pageid=view&ykien=97264
97252,Da Nang,16:11 16/04/2026,"Kính gửi Các cơ quan có thẩm quyền. Hiện nay tại Trung tâm Văn hóa Thể thao và Học tập cộng đồng, số 352 Điện Biên Phủ có 2 cây sake rất lớn, phía tay trái theo hướng nhìn vào. Cây này đã vươn ra các hộ xung quanh, lá cây rụng gây tắc đường ống thoát nước mái nhà, rễ cây làm hỏng nền các hộ xung quanh. Tiềm ẩn nguy cơ ngã đổ vào nhà dân. Kính xin các cơ quan có thẩm quyền có phương án chặt cây hoặc tỉa cành để khắc phục tình trạng trên. Xin chân thành cảm ơn.","Sau khi tiếp nhận phản ánh, UBND phường Thanh Khê đã chỉ đạo cơ quan chuyên môn của phường kiểm tra thực tế ghi nhận hiện trạng và sẽ liên hệ công ty cây xanh có phương án cắt tỉa trong thời gian đến. Vậy, UBND phường kính phản hồi thông tin đến công dân được biết. Trân trọng cảm ơn ý kiến đóng góp của công dân!",UBND Phường Thanh Khê,Đã xử lý,https://gopy.danang.gov.vn/gop-y?pageid=view&ykien=97252
97207,Da Nang,09:50 16/04/2026,"Hiện nay cuối đường Cao Bá Quát, phường An Hải có 01 biển cấm tất cả các loại xe từ 17h30 đến 24h00. Được biết biển này đặt ở đây do trước đây chợ đêm Sơn Trà (cũ) còn ở khu vực này, nhưng hiện nay chợ đêm Sơn Trà đã dời qua vị trí mới, việc đặt biển này tại đây là không còn phù hợp. Kính đề nghị đơn vị chủ quản thu hồi./.","Theo nội dung phản ánh của công dân, UBND phường An Hải đã giao Phòng Kinh tế, Hạ tầng và Đô thị phường kiểm tra xử lý. Nay, UBND phường phản hồi như sau: Phòng Kinh tế, Hạ tầng và Đô thị phường đã tổ chức kiểm tra, qua đó đã tổ chức lực lượng tháo dỡ biển cấm không đúng quy định. (có hình ảnh kèm theo) Vậy, UBND phường kính phản hồi thông tin đến công dân được biết. Trân trọng cảm ơn ý kiến đóng góp của công dân!",UBND Phường An Hải,Đang xử lý,https://gopy.danang.gov.vn/gop-y?pageid=view&ykien=97207
97202,Da Nang,08:56 16/04/2026,"Tôi hài lòng về việc đã xử lý thay bóng đèn chiếu sáng tại số 4 Khánh An 1, phường Hoà Khánh","Bộ phận tiếp nhận phản ánh, góp ý của Cổng góp ý TP Đà Nẵng trân trọng cảm ơn ý kiến phản hồi của Anh/Chị.","Trung tâm Thông tin và Giám sát, điều hành thông minh Bộ phận tiếp nhận phản ánh, góp ý của Cổng góp ý TP Đà Nẵng trân trọng cảm ơn ý kiến phản hồi của Anh/Chị. Ngày trả lời: 16/04/2026",Đã xử lý,https://gopy.danang.gov.vn/gop-y?pageid=view&ykien=97202
97196,Da Nang,07:38 16/04/2026,"Trụ điện CS2/3T2HL4 tại ngã ba đường dân sinh trong khu tái định Hòa Liên 4, phường Liên Chiểu có 1 bóng điện bị tắt hơn một nửa tháng nay. Trước đây, bóng đèn chiếu sáng tại trụ điện này chỉ sáng tới 23h, tuy nhiên khu vực này công nhân đi làm về rất khuya nên khá nguy hiểm mà ngay ngã ba đường. Kính mong cơ quan chức năng kiểm tra và bật điện sáng cả đêm, có thể tắt những bóng điện khu vực gần đó./.","Sở Xây dựng trân trọng cảm ơn ý kiến góp ý của Quý công dân và phản hồi một số thông tin như sau: Công ty cổ phần chiếu sáng công cộng đã kiểm tra hiện trường và hoàn thành xử lý kiến nghị, đèn đã đỏ bình thường. Sở Xây dựng thông tin để Quý công dân được biết. Trân trọng./.","Sở Xây dựng Sở Xây dựng trân trọng cảm ơn ý kiến góp ý của Quý công dân và phản hồi một số thông tin như sau: Công ty cổ phần chiếu sáng công cộng đã kiểm tra hiện trường và hoàn thành xử lý kiến nghị, đèn đã đỏ bình thường. Sở Xây dựng thông tin để Quý công dân được biết. Trân trọng./. Ngày trả lời: 23/04/2026",Đã xử lý,https://gopy.danang.gov.vn/gop-y?pageid=view&ykien=97196
97195,Da Nang,07:38 16/04/2026,"Hệ thống điện chiếu sáng công cộng tại kiệt 139 Ngô Quyền, phường Sơn Trà đã không hoạt động trong khoảng 2–3 ngày qua, không rõ nguyên nhân. Toàn bộ tuyến kiệt từ đầu đến cuối đều không có đèn chiếu sáng, khiến khu vực tối hoàn toàn. Tình trạng này tiềm ẩn nguy cơ mất an toàn giao thông và an ninh trật tự; thực tế đã xảy ra một số vụ tai nạn tại khu vực. Kính mong cơ quan chức năng kiểm tra, xác định nguyên nhân và sớm khắc phục hệ thống chiếu sáng công cộng, đảm bảo an toàn cho người dân khi lưu thông. Xin cảm ơn./.","Sở Xây dựng trân trọng cảm ơn ý kiến góp ý của Quý công dân và phản hồi một số thông tin như sau: Công ty cổ phần chiếu sáng công cộng đã kiểm tra hiện trường và hoàn thành xử lý kiến nghị, đèn đã đỏ bình thường. Sở Xây dựng thông tin để Quý công dân được biết. Trân trọng./.","Sở Xây dựng Sở Xây dựng trân trọng cảm ơn ý kiến góp ý của Quý công dân và phản hồi một số thông tin như sau: Công ty cổ phần chiếu sáng công cộng đã kiểm tra hiện trường và hoàn thành xử lý kiến nghị, đèn đã đỏ bình thường. Sở Xây dựng thông tin để Quý công dân được biết. Trân trọng./. Ngày trả lời: 23/04/2026",Đã xử lý,https://gopy.danang.gov.vn/gop-y?pageid=view&ykien=97195
97190,Da Nang,07:37 16/04/2026,"Trước khu vực Chợ Nam Ô, phường Hải Vân thường xuyên xảy ra tình trạng đốt rác, cứ 2 – 3 ngày đốt 1 lần gây ô nhiễm môi trường, hiện lửa đã làm cháy biển “Giao thông an toàn – Đảm bảo tính mạng”. Đề nghị cơ quan chức năng kiểm tra, xử lý./.","Theo nội dung góp ý của công dân, UBND phường Hải Vân đã giao phòng Kinh tế, Hạ tầng và Đô thị phường kiểm tra, xử lý. Nay, UBND phường phản hồi như sau: Phòng Kinh tế, Hạ tầng và Đô thị đã làm việc với Công ty Urenco 15 về nội dung phản ảnh. Qua làm việc, công nhân công ty thu gom rác đúng quy định, không có bất kỳ trường hợp nào đốt rác như phản ảnh. Một số hộ buôn bán trong chợ Nam Ô có xảy ra việc đốt rác tại vỉa hè đường Phan Đình Giót. Phòng Kinh tế, Hạ tầng và Đô thị đề nghị Trung tâm cung ứng Sự nghiệp Công phối hợp BQL chợ Nam Ô và khu dân cư tăng cường tuần tra, giám sát và kịp thời thông tin để xử lý nghiêm. Giao công ty U15 phối hợp và kịp thời báo ngay thông tin vi phạm để phòng xử lý. Vậy, UBND phường kính phản hồi thông tin đến công dân được biết. Trân trọng cảm ơn ý kiến đóng góp của công dân!",UBND Phường Hải Vân,Đã xử lý,https://gopy.danang.gov.vn/gop-y?pageid=view&ykien=97190
97096,Da Nang,08:47 15/04/2026,"Cổng góp ý nhận được phản ánh, góp ý của người dân qua Facebook Góp ý Đà Nẵng 1022 có nội dung như sau: Tôi phản ánh sự việc như sau: Số nhà 82 Lâm Quang Thự, phường Thanh Khê. Trước Tết họ có làm nhà và đã lấp miệng cống thoát nước (Hình ảnh đính kèm). Cống không thoát nước được dẫn đến mất vệ sinh, nước chảy trên mặt đường, mưa thì ngập úng. Tuyến đường này chỉ có 1 bên cống, bên kia là chung cư. Vậy mà mấy hộ này, hộ nào cũng lấp miệng cống gần hết nửa tuyến đường. Mong cơ quan chức năng kiểm tra và xử lý.","Theo nội dung góp ý của công dân, UBND phường Thanh Khê đã chỉ đạo lực lượng chức năng của phường làm việc với chủ nhà số 82 đường Lâm Quang Thự, yêu cầu trả lại hố thu nước tại vị trí nêu trên, chủ hộ đã khắc phục xong (có hình ảnh đính kèm). Vậy, UBND phường kính phản hồi thông tin đến công dân được biết. Trân trọng cảm ơn ý kiến đóng góp của công dân!",UBND Phường Thanh Khê,Đã xử lý,https://gopy.danang.gov.vn/gop-y?pageid=view&ykien=97096
97081,Da Nang,07:56 15/04/2026,"Đèn đường trước số nhà 47 Vũ Lập, phường Hòa Khánh đã hỏng 4 ngày (không sáng). Đề nghị cơ quan chức năng kiểm tra sửa chữa.","Sở Xây dựng trân trọng cảm ơn ý kiến góp ý của Quý công dân và phản hồi một số thông tin như sau: Công ty cổ phần chiếu sáng công cộng đã kiểm tra hiện trường và hoàn thành xử lý kiến nghị, đèn đã đỏ bình thường. Sở Xây dựng thông tin để Quý công dân được biết. Trân trọng./.","Sở Xây dựng Sở Xây dựng trân trọng cảm ơn ý kiến góp ý của Quý công dân và phản hồi một số thông tin như sau: Công ty cổ phần chiếu sáng công cộng đã kiểm tra hiện trường và hoàn thành xử lý kiến nghị, đèn đã đỏ bình thường. Sở Xây dựng thông tin để Quý công dân được biết. Trân trọng./. Ngày trả lời: 23/04/2026",Đã xử lý,https://gopy.danang.gov.vn/gop-y?pageid=view&ykien=97081
97073,Da Nang,07:53 15/04/2026,"Đèn đường trước số nhà 109 Mai Anh Tuấn, phường Hòa Xuân cả năm nay không sáng, đã phản ánh lên tổ dân phố nhưng không thấy ai đến xử lý. Đây là khu vực xe thường xuyên qua lại, do đó đề nghị cơ quan chức năng kiểm tra tránh gây nguy hiểm.","Sở Xây dựng trân trọng cảm ơn ý kiến góp ý của Quý công dân và phản hồi một số thông tin như sau: Công ty cổ phần chiếu sáng công cộng đã kiểm tra hiện trường và hoàn thành xử lý kiến nghị, đèn đã đỏ bình thường. Sở Xây dựng thông tin để Quý công dân được biết. Trân trọng./.","Sở Xây dựng Sở Xây dựng trân trọng cảm ơn ý kiến góp ý của Quý công dân và phản hồi một số thông tin như sau: Công ty cổ phần chiếu sáng công cộng đã kiểm tra hiện trường và hoàn thành xử lý kiến nghị, đèn đã đỏ bình thường. Sở Xây dựng thông tin để Quý công dân được biết. Trân trọng./. Ngày trả lời: 23/04/2026",Đã xử lý,https://gopy.danang.gov.vn/gop-y?pageid=view&ykien=97073
97035,Da Nang,17:02 14/04/2026,Đèn giao thông không hiển thị giây đếm ở khu vực ngã tư Lê Duẩn-Lê Lợi phường Hải Châu. Mong cơ quan chức năng kiểm tra. Tôi xin chân thành cảm ơn.,"Theo nội dung góp ý của công dân, Sở Xây dựng đã giao Trung tâm điều hành giao thông thông minh kiểm tra, xử lý. Nay, Sở phản hồi như sau: Qua kiểm tra thực tế hiện trường, hệ thống đèn đếm lùi tại nút giao Lê Duẩn – Lê Lợi vẫn hoạt động bình thường (có hình ảnh đính kèm). Trung tâm sẽ tiếp tục theo dõi và kịp thời xử lý nếu phát sinh sự cố. Cảm ơn ý kiến đóng góp của công dân. Trân trọng./.",Sở Xây dựng,Đang xử lý,https://gopy.danang.gov.vn/gop-y?pageid=view&ykien=97035
97011,Da Nang,14:08 14/04/2026,"Tại 207-221 Trần Nguyên Đáng, phường Hòa Khánh đã triển khai thi công vỉa hè đã 2 tháng nay vẫn chưa lát lại vỉa hè trong khi các vị trí khác đã xong. Bên ban ưu tiên nói hết tuần trước sẽ xong nhưng đến hôm nay 14/4 vẫn chưa thi công trước nhà tôi. Đề nghị cơ quan chức năng kiểm tra và xử lý, không thể hứa hẹn mãi với người dân như vậy được.","Cảm ơn ý kiến góp ý, phản ánh của Anh/Chị. Sau khi nhận được ý kiến phản ánh, góp ý của Anh/Chị, Ban Quản lý các dự án cơ sở hạ tầng ưu tiên thành phố Đà Nẵng đã kiểm tra và xử lý (hình ảnh đính kèm) Trân trọng!","Trung tâm Thông tin và Giám sát, điều hành thông minh Cảm ơn ý kiến góp ý, phản ánh của Anh/Chị.",Đã xử lý,https://gopy.danang.gov.vn/gop-y?pageid=view&ykien=97011
96994,Da Nang,14:02 14/04/2026,"Trước đây tôi đã phản ánh nhiều lần tình trạng nắp cống bị kênh gây tiếng ồn tại khu vực trước nhà số 105 đường Trần Nhân Tông, phường Sơn Trà và đã được cơ quan chức năng phản hồi là đã xử lý. Tuy nhiên hiện nay, nắp cống tiếp tục bị kênh trở lại mỗi khi xe ô tô đi qua phát ra tiếng động rất lớn, gây ảnh hưởng đến sinh hoạt của người dân xung quanh. Kính đề nghị cơ quan chức năng kiểm tra, xử lý dứt điểm, thay thế nắp cống mới phù hợp để tránh tái diễn tình trạng gây tiếng ồn. Xin cảm ơn.","Theo nội dung góp ý của công dân, Sở Xây dựng đã giao cho Công ty Thoát nước và Xử lý nước thải đã kiểm tra xử lý. Nay, Sở Xây dựng phản hồi như sau: Sau khi phối hợp với đơn vị thi công khắc phục, hiện nay cả 03 nắp cống tại vị trí 105 Trần Nhân Tông đều đậy khít, không có tiếng động khi xe đi qua (hình ảnh kèm theo). Vậy kính phản hồi thông tin đến công dân được biết. Trân trọng cảm ơn ý kiến đóng góp của công dân!",Sở Xây dựng,Đã xử lý,https://gopy.danang.gov.vn/gop-y?pageid=view&ykien=96994
96964,Da Nang,07:56 14/04/2026,"Tại khu vực cống thoát nước phía sau các nhà từ số 33 đến 39 đường Phùng Khắc Khoan, phường An Hải, hiện đang xảy ra tình trạng tắc nghẽn, khiến nước không thoát được và tràn ngược vào nhà dân. Tình trạng này đã kéo dài khoảng 3 tháng nay. Mỗi khi các hộ dân xả nước sinh hoạt, nước trong cống bị dâng lên và trào ngược vào trong nhà. Sau khoảng 30 phút nước mới rút xuống, nhưng hiện tượng này liên tục lặp lại, gây ảnh hưởng nghiêm trọng đến sinh hoạt và vệ sinh môi trường. Người dân trong khu vực chưa biết phản ánh đến đơn vị nào để được xử lý. Kính đề nghị cơ quan chức năng kiểm tra, nạo vét hệ thống cống thoát nước tại khu vực nêu trên. Do cống đã lâu chưa được nạo vét, có dấu hiệu bị bùn đất, rác thải tích tụ gây tắc nghẽn, cần sớm xử lý để đảm bảo thoát nước bình thường, tránh tình trạng nước tràn ngược vào nhà dân. Kính mong được quan tâm, giải quyết. Xin cảm ơn./.","Nhận được thông tin phản ánh, UBND phường An Hải giao Phòng Kinh tế, Hạ tầng và Đô thị kiểm tra và phối hợp đơn vị thi công xử lý sơ bộ. Đơn vị thi công sẽ triển khai thực hiện việc nạo vét, khơi thông trong thời gian sớm nhất sau khi ký hợp đồng bãi thải (khoảng 15 ngày). Vậy, UBND phường kính phản hồi thông tin đến công dân được biết. Trân trọng cảm ơn ý kiến đóng góp của công dân!","UBND Phường An Hải Nhận được thông tin phản ánh, UBND phường An Hải giao Phòng Kinh tế, Hạ tầng và Đô thị kiểm tra và phối hợp đơn vị thi công xử lý sơ bộ. Đơn vị thi công sẽ triển khai thực hiện việc nạo vét, khơi thông trong thời gian sớm nhất",Đã xử lý,https://gopy.danang.gov.vn/gop-y?pageid=view&ykien=96964
96936,Da Nang,21:55 13/04/2026,"Trước đây tôi có phản ánh về tiến độ thi công dự án tại khu vực Khe Cạn phường Thanh Khê (mã 96105) sau đó có nhận được câu trả lời từ cơ quan chức năng. Đối với thửa đất 8x, số tờ bản đồ xx (theo CTT QHKT TPDN) do ông P.N.T làm chủ hộ, theo khu vực được quy hoạch thì hiện tại chưa có giấy chứng nhận quyền sử dụng đất, thì làm sao để xin cấp phép xây dựng? Hiện tại cần đến phòng ban nào, địa chỉ cụ thể ở đâu để được hướng dẫn đăng kí giấy chứng nhận quyền sử dụng đất (Hiện tại thửa đất chỉ có giấy chứng nhận mua bán đất, biên lai thu thuế sử dụng đất theo các năm, giấy xác nhận nhà ở). Đối với việc quy hoạch Khe Cạn thì khi nào sẽ làm đến khu vực thửa đất 8x như 2 hình ảnh đính kèm. Tôi rất lo lắng cho tình hình thời tiết thất thường, nếu không được hỗ trợ hướng dẫn quy hoạch thì sẽ không thể chuẩn bị sửa chữa cải tạo nhà. Kính mong được phòng ban liên quan trả lời, hướng dẫn chi tiết để tôi chuẩn bị được hồ sơ sớm nhất.","Theo nội dung góp ý của công dân, UBND phường Thanh Khê phản hồi như sau: - Về quy hoạch Khu vực Khe Cạn, UBND phường Thanh Khê đã ban hành Quyết định 1082/QĐ-UBND ngày 12/3/2026 về việc phê duyệt Điều chỉnh quy hoạch chi tiết TL: 1/500 Khu vực cống thoát nước Khe Cạn, thuộc Dự án: Tái thiết đô thị khu vực Khe Cạn. Vị trí thửa đất số 8x, tờ bản đồ xx thuộc khu vực đất chỉnh trang. Đường kiệt hiện trạng giáp thửa đất (hướng Bắc và hướng Tây) có quy hoạch mở rộng 2,50m. UBND phường Thanh Khê đã thực hiện việc công bố quy hoạch điều chỉnh vào ngày 09/4/2026. Hiện nay, UBND phường đã giao Trung tâm cung ứng dịch vụ sự nghiệp công phường phối hợp các đơn vị liên quan khẩn trương triển khai dự án trong năm 2026. - Đối với việc đăng ký cấp Giấy chứng nhận QSD đất, xin phép xây dựng, cải tạo, sửa chữa nhà, đề nghị công dân liên hệ Trung tâm phục vụ hành chính công phường Thanh Khê (Tầng 1 trụ sở UBND phường Thanh Khê, số 503 Trần Cao Vân, thành phố Đà Nẵng) để được hướng dẫn thành phần nộp hồ sơ. Vậy, UBND phường kính phản hồi thông tin đến công dân được biết. Trân trọng cảm ơn ý kiến đóng góp của công dân!",UBND Phường Thanh Khê,Đã xử lý,https://gopy.danang.gov.vn/gop-y?pageid=view&ykien=96936
96921,Da Nang,19:46 13/04/2026,"Hiện tại có nắp hố ga bị sụt lún dần (càng ngày vỡ càng to), gây nguy hiểm và mùi hôi thối bốc lên buổi tối tại số 05 Nguyễn Văn Cừ, Hội An Tây, Đà Nẵng. Các em nhỏ đã từng đi bộ vấp chân nơi nắp hố ga sạt lở nguy hiểm vào ban đêm. Rất mong chính quyền địa phương quan tâm và hỗ trợ sửa chữa. Trân trọng.","Theo nội dung góp ý của công dân, UBND phường Hội An Tây đã kiểm tra và xử lý. Nay, UBND phường phản hồi như sau: Địa phương đã xử lý khắc phục xong phản ánh của người dân. Cảm ơn công dân đã phản ánh kịp thời để địa phương kịp thời khắc phục bảo vệ an toàn cho người đi bộ. Vậy, UBND phường kính phản hồi thông tin đến công dân được biết. Trân trọng cảm ơn ý kiến đóng góp của công dân!",UBND phường Hội An Tây,Đã xử lý,https://gopy.danang.gov.vn/gop-y?pageid=view&ykien=96921
96919,Da Nang,19:39 13/04/2026,"Công viên đường Trần Văn Trà - Hoàng Sâm tổ 41 phường Hoà Xuân bị cắt điện chiếu sáng cả tuần nay, làm ảnh hưởng vui chơi trẻ em cũng như người dân lâu nay đã quen ánh sáng. Nay bị cắt đi ánh điện chiếu sáng làm người dân chúng tôi mất đi cho sinh hoạt thể dục và khu vui chơi trẻ em. Rất mong thành phố quan tâm mở lại điện chiếu sáng cho công viên này.","Tiếp nhận thông tin, UBND phường Hòa Xuân chỉ đạo Phòng Kinh tế, Hạ tầng và Đô thị phường kiểm tra, xử lý: Hệ thống tủ điện điện chiếu sáng thông minh các công viên đã được Ban Quản lý các dự án đầu tư cơ sở hạ tầng ưu tiên thành phố đầu tư hoàn thành vào cuối năm 2025, hiện nay đang thực hiện thủ tục bàn giao để đấu nối vào hệ thống điện chiếu sáng công cộng, dự kiến hoàn thành trong quý II năm 2026. Vậy, UBND phường phản hồi để công dân được biết. Trân trọng cảm ơn sự góp ý của công dân./.","Trung tâm Thông tin và Giám sát, điều hành thông minh Tiếp nhận thông tin, UBND phường Hòa Xuân chỉ đạo Phòng Kinh tế, Hạ tầng và Đô thị phường kiểm tra, xử lý: Hệ thống tủ điện điện chiếu sáng thông minh các công viên đã được Ban Quản lý các dự án đầu tư cơ sở hạ tầng ưu tiên thành phố đầu tư hoàn thành vào cuối năm 2025, hiện nay đang thực hiện thủ tục bàn giao để đấu nối vào hệ thống điện chiếu sáng công cộng, dự kiến hoàn thành trong quý II năm 2026. Vậy, UBND phường phản hồi để công dân được biết. Trân trọng cảm ơn sự góp ý của công dân./. Ngày trả lời: 25/04/2026",Đã xử lý,https://gopy.danang.gov.vn/gop-y?pageid=view&ykien=96919
96861,Da Nang,13:43 13/04/2026,"Điện chiếu sáng cả đường Kiệt 97 Trần Cao Vân bị hỏng cả mấy tháng nay nhưng chưa được thay thế. Mong cơ quan chức năng kiểm tra, xử lý./.","Sở Xây dựng trân trọng cảm ơn ý kiến góp ý của Quý công dân và phản hồi một số thông tin như sau: Công ty cổ phần chiếu sáng công cộng đã kiểm tra hiện trường và hoàn thành xử lý kiến nghị, đèn đã đỏ bình thường. Sở Xây dựng thông tin để Quý công dân được biết. Trân trọng./.","Sở Xây dựng Sở Xây dựng trân trọng cảm ơn ý kiến góp ý của Quý công dân và phản hồi một số thông tin như sau: Công ty cổ phần chiếu sáng công cộng đã kiểm tra hiện trường và hoàn thành xử lý kiến nghị, đèn đã đỏ bình thường. Sở Xây dựng thông tin để Quý công dân được biết. Trân trọng./. Ngày trả lời: 20/04/2026",Đã xử lý,https://gopy.danang.gov.vn/gop-y?pageid=view&ykien=96861
96837,Da Nang,13:38 13/04/2026,"Cây xanh trước nhà 95 Phạm Văn Bạch, phường Hòa Cường tôi mới phát bị mối ăn mục, tôi sợ gãy đổ ra đường nguy hiểm cho người đi đường, hiện đường rộng 5,5m. Kính mong cơ quan chức năng kiểm tra tình trạng của cây và có hướng xử lý. Tránh nguy hiểm cho người đi đường và người dân quanh đây. Xin cảm ơn./.","Theo nội dung góp ý của công dân, UBND phường Hòa Cường đã giao Trung tâm cung ứng dịch vị sự nghiệp công phường kiểm tra, xử lý. Nay, UBND phường phản hồi như sau: Sau khi tiếp nhận ý kiến phản ánh của công dân, Trung Tâm đã phối hợp với nhà thầu Liên doanh chăm sóc, duy trì thường xuyên cây xanh kiểm tra và ghi nhận thân cây bị mối xâm hại, rỗng ruột. Tổ công tác đã đề xuất đốn hạ và thay thế bằng loại cây phù hợp theo đúng quy định. (Có đề xuất đính kèm). Vậy, UBND phường kính phản hồi thông tin đến công dân được biết. Trân trọng cảm ơn ý kiến đóng góp của công dân!",UBND Phường Hòa Cường,Đã xử lý,https://gopy.danang.gov.vn/gop-y?pageid=view&ykien=96837
96833,Da Nang,13:37 13/04/2026,"Trước số nhà 54 Lê Thị Xuyến, phường Thanh Khê đang có 1 cành cây gãy đè lên đường dây điện gây nguy hiểm. Kính đề nghị cơ quan chức năng kiểm tra xử lý. Xin cảm ơn./.","Sau khi tiếp nhận thông tin công dân phản ánh, UBND phường Thanh Khê đã chỉ đạo Phòng Kinh tế, Hạ tầng và Đô thị phường kiểm tra và trong tháng 4 đơn vị thi công sẽ thực hiện việc cắt tỉa đảm bảo an toàn điện. Vậy, UBND phường kính phản hồi thông tin đến công dân được biết. Trân trọng cảm ơn ý kiến đóng góp của công dân!",UBND Phường Thanh Khê,Đã xử lý,https://gopy.danang.gov.vn/gop-y?pageid=view&ykien=96833
96831,Da Nang,13:22 13/04/2026,"Đèn chiếu sáng giữa nhà 245/2 và 245/4 Nguyễn Công Hoan, phường An Khê, Đà Nẵng bị hỏng. Mong cơ quan chức năng kiểm tra, xử lý./.","Sở Xây dựng trân trọng cảm ơn ý kiến góp ý của Quý công dân và phản hồi một số thông tin như sau: Công ty cổ phần chiếu sáng công cộng đã kiểm tra hiện trường và hoàn thành xử lý kiến nghị, đèn đã đỏ bình thường. Sở Xây dựng thông tin để Quý công dân được biết. Trân trọng./.","Sở Xây dựng Sở Xây dựng trân trọng cảm ơn ý kiến góp ý của Quý công dân và phản hồi một số thông tin như sau: Công ty cổ phần chiếu sáng công cộng đã kiểm tra hiện trường và hoàn thành xử lý kiến nghị, đèn đã đỏ bình thường. Sở Xây dựng thông tin để Quý công dân được biết. Trân trọng./. Ngày trả lời: 20/04/2026",Đã xử lý,https://gopy.danang.gov.vn/gop-y?pageid=view&ykien=96831
96814,Da Nang,09:40 13/04/2026,"Tôi đang sống tại Hòa Xuân (gần chợ Miếu Bông). Đoạn này vẫn chưa có tên đường. Khu vực này vẫn còn 2 con đường chưa có tên, nên khá bất tiện trong cuộc sống hằng ngày, ví dụ: gọi xe cấp cứu thì cũng khó diễn đạt vị trí để xe có thể định vị và đến, hoặc gọi công an trong tình huống khẩn cấp. chưa nói đến các giao dịch dân sinh hằng ngày như đặt đồ ăn và các dịch vụ khác. Rất bất tiện Hiện trạng tuyến đường đã ổn định về quy hoạch, đã xác định được điểm đầu của đường, có nhà dân sinh sống và hạ tầng đường bộ đã được thi công cơ bản hoàn thành, có hạ tầng đường bộ đã được thi công cơ bản (có vỉa hè, hệ thống cấp thoát nước ...), đủ điều kiện đặt tên. Vì vậy đề nghị UBND Phường Tham mưu sớm cho UBND thành phố trình HĐND để sớm thực hiện việc đặt tên đường. Tôi xin cảm ơn./.","Tiếp nhận thông tin, UBND phường Hòa Xuân chỉ đạo Phòng Kinh tế, Hạ tầng và Đô thị phường kiểm tra, xử lý: Phòng Kinh tế Hạ tầng và Đô thị phường hiện đang tiến hành rà soát các tuyến đường đủ điều kiện đặt tên theo quy định tham mưu UBND phường đề xuất UBND thành phố đưa vào đề án đặt tên đường trong kỳ họp HĐND thành phố cuối năm. Vậy, UBND phường phản hồi để công dân được biết. Trân trọng cảm ơn sự góp ý của công dân./.","UBND Phường Hòa Xuân Tiếp nhận thông tin, UBND phường Hòa Xuân chỉ đạo Phòng Kinh tế, Hạ tầng và Đô thị phường kiểm tra, xử lý: Phòng Kinh tế Hạ tầng và Đô thị phường hiện đang tiến hành rà soát các tuyến đường đủ điều kiện đặt tên",Đã xử lý,https://gopy.danang.gov.vn/gop-y?pageid=view&ykien=96814
96778,Da Nang,07:36 13/04/2026,"Tại ngã 3 Phạm Công Trứ và Kiều Sơn Đen, phường Hòa Xuân có 1 cây phượng bị nứt có dấu hiệu gãy, ngã. Kính đề nghị cơ quan chức năng kiểm tra để tránh gây nguy hiểm cho người đi đường./.","Theo nội dung góp ý của công dân, UBND phường Hòa Xuân chỉ đạo Phòng Kinh tế, Hạ tầng và Đô thị phường kiểm tra, xử lý. Nay, UBND phường phản hồi như sau: Tiếp nhận thông tin, Phòng Kinh tế, Hạ tầng và Đô thị phường sẽ tham mưu UBND phường có kế hoạch cắt tỉa cây xanh trước mùa mưa bão 2026. Vậy, UBND phường kính phản hồi thông tin đến công dân được biết. Trân trọng cảm ơn ý kiến đóng góp của công dân!",UBND Phường Hòa Xuân,Đã xử lý,https://gopy.danang.gov.vn/gop-y?pageid=view&ykien=96778
96770,Da Nang,06:22 13/04/2026,"Hiện nay tại khu vực đường dẫn lên cầu Nguyễn Văn Trỗi, phường Hòa Cường, tình trạng cỏ cây mọc um tùm, lấn chiếm lối đi của người dân. Cỏ cây phát triển rậm rạp che khuất tầm nhìn, làm thu hẹp mặt đường, gây khó khăn cho việc đi lại và tiềm ẩn nguy cơ mất an toàn giao thông. Đề nghị xử lý. Cảm ơn.","Theo nội dung góp ý của công dân, UBND phường Hòa Cường đã giao Trung tâm cung ứng dịch vụ sự nghiệp công kiểm tra, xử lý. Nay, UBND phường phản hồi như sau: UBND phường đã chỉ đạo Trung tâm Cung ứng dịch vụ sự nghiệp công phường phối hợp với các đơn vị có liên quan kiểm tra và có kế hoạch dọn cỏ tại lối đi của người dân. Vậy, UBND phường kính phản hồi thông tin đến công dân được biết. Trân trọng cảm ơn ý kiến đóng góp của công dân!",UBND Phường Hòa Cường,Đã xử lý,https://gopy.danang.gov.vn/gop-y?pageid=view&ykien=96770
96757,Da Nang,20:15 12/04/2026,"Đã bao năm nay đoạn đường Nguyễn Phan Chánh từ Song Hào đến Vùng Trung 11 phường Ngũ Hành Sơn không có đèn đường chiếu sáng, mất an ninh an toàn vào ban đêm. Kính đề nghị cơ quan chức năng quan tâm cho lắp điện chiếu sáng, đặc biệt tại 2 ngã ba. Xin cảm ơn.","Theo nội dung phản ánh của công dân, UBND phường Ngũ Hành Sơn đã giao Phòng Kinh tế, Hạ tầng và Đô thị phường kiểm tra xử lý. Nay, UBND phường phản hồi như sau: Khu vực công dân phản ánh thuộc dự án Khu đô thị Phú Mỹ An do Công ty Cổ phần đầu tư và xây dựng 579 làm chủ đầu tư. Dự án này nhà đầu tư chưa bàn giao cho nhà nước quản lý. Phòng KTHTĐT đã chuyển thông tin kiến nghị của công dân đến chủ đầu tư và đề nghị nhà đầu tư sớm triển khai xử lý. Vậy, UBND phường kính phản hồi thông tin đến công dân được biết. Trân trọng cảm ơn ý kiến đóng góp của công dân!",UBND Phường Ngũ Hành Sơn,Đã xử lý,https://gopy.danang.gov.vn/gop-y?pageid=view&ykien=96757
96753,Da Nang,19:29 12/04/2026,"Công trình sửa chữa khách sạn Nữ Hoàng tại 41 Nguyễn Hữu Thọ phường Hòa Cường không che chắn phía mặt sau (giáp kiệt 360 Nguyễn Tri Phương) trong quá trình thi công. Công trình không có biện pháp che chắn bụi bằng lưới theo quy định, gây phát sinh bụi mịn ảnh hưởng đến khu dân cư xung quanh. Đề nghị cơ quan chức năng kiểm tra xử lý. Xin cảm ơn.","Theo nội dung góp ý của công dân, UBND phường Hòa Cường đã giao Phòng kinh tế hạ tầng và đô thị kiểm tra, xử lý. Nay, UBND phường phản hồi như sau: Phòng KTHTĐT phường sẽ tiến hành kiểm tra công trình xây dựng sửa chữa và yêu cầu chủ đầu tư công trình thu dọn, đảm bảo an toàn lao động và vệ sinh môi trường và tránh gây ảnh hưởng đến người dân xung quanh khu vực. Vậy, UBND phường kính phản hồi thông tin đến công dân được biết. Trân trọng cảm ơn ý kiến đóng góp của công dân!",UBND Phường Hòa Cường,Đã xử lý,https://gopy.danang.gov.vn/gop-y?pageid=view&ykien=96753
96743,Da Nang,15:36 12/04/2026,"Tại kiệt 328 Tôn Đản hiện có một số tấm đan bị vỡ, gây ảnh hưởng đến việc đi lại của người dân và tiềm ẩn nguy hiểm cho các cháu nhỏ trong khu vực. Kính đề nghị cơ quan chức năng kiểm tra và sớm xử lý để đảm bảo an toàn cho người dân.","Sau khi tiếp nhận thông tin, UBND phường An Khê đã giao các đơn vị liên quan, kiểm tra thực tế và xử lý kiến nghị, phản ánh của công dân như sau: Phòng Kinh tế, Hạ tầng và Đô thị đã phối hợp đơn vị thi công đang xử lý, trong thời gian tuần này sẽ sửa chữa thay thế để nhân dân đi lại trước ngày 26/4/2026 (Giỗ Tổ Hùng Vương). Vậy, UBND phường kính phản hồi thông tin đến công dân được biết. Trân trọng cảm ơn ý kiến đóng góp của công dân!",UBND Phường An Khê,Đang xử lý,https://gopy.danang.gov.vn/gop-y?pageid=view&ykien=96743
96732,Da Nang,09:29 12/04/2026,"Tình trạng lấn chiếm vỉa hè tại khu vực ngã ba đường Trưng Nữ Vương và Giang Văn Minh phường Hòa Cường đang diễn ra nghiêm trọng (hình ảnh đính kèm). Vỉa hè tại đây vốn nhỏ nhưng bị chiếm dụng hoàn toàn để bày bàn ghế và đồ đạc kinh doanh, khiến người đi bộ không còn lối đi và phải di chuyển xuống lòng đường rất nguy hiểm. Kính đề nghị cơ quan chức năng kiểm tra và xử lý dứt điểm để trả lại vỉa hè cho người dân. Xin cảm ơn!","Theo nội dung góp ý của công dân, UBND phường Hòa Cường đã giao Trung tâm cung ứng dịch vụ sự nghiệp công phường kiểm tra, xử lý. Nay, UBND phường phản hồi như sau: Sau khi tiếp nhận ý kiến phản ánh của công dân, Trung tâm đã tiến hành kiểm tra và ghi nhận vỉa hè tại ngã ba Trưng Nữ Vương và Giang Văn Minh bị hộ kinh doanh chiếm dụng để bàn ghế, đồ đạc phục vụ kinh doanh, gây cản trở lối đi của người đi bộ. Tổ công tác đã giải thích, nhắc nhở lập biên bản và yêu cầu hộ kinh doanh di dời, dọn dẹp toàn bộ bàn ghế, vật dung lấn chiếm vỉa hè, trả lại vỉa hè như hiện trạng ban đầu, không gây cản trở lối đi của người đi bộ và hộ kinh doanh đã nghiêm chỉnh chấp hành. Vậy, UBND phường kính phản hồi thông tin đến công dân được biết. Trân trọng cảm ơn ý kiến đóng góp của công dân!",UBND Phường Hòa Cường,Đã xử lý,https://gopy.danang.gov.vn/gop-y?pageid=view&ykien=96732
96715,Da Nang,22:22 11/04/2026,"Trước đây tôi đã phản ánh Trạm biến áp sát nhà dân gây nguy hiểm tại 1079 Trần Thủ Độ, Điện Bàn Đông gây nguy hiểm. Tôi có nhận được phản hồi từ UBND phường Điện Bàn Đông đã chỉ đạo Phòng kinh tế, hạ tầng và đô thị kiểm tra xử lý. Tuy nhiên, đến nay, tôi chưa thấy cơ quan chức năng kiểm tra và di dời, trạm biến áp vẫn như cũ gây nguy hiểm cho người dân và trẻ nhỏ chơi qua lại khu vực này. Đặc biệt, trời mưa rất nguy hiểm. Kính mong cơ quan chức năng tới kiểm tra và di dời trạm biến áp đến nơi an toàn và hợp lý hơn. Xin chân thành cảm ơn!","Theo nội dung góp ý của công dân, UBND phường Điện Bàn Đông đã giao Phòng Kinh tế, Hạ tầng và Đô thị kiểm tra và xử lý. Nay, UBND phường phản hồi như sau: Trạm biến áp Điện Nam 2-3 thuộc tài sản của của Đội Quản lý Điện Bàn. Trạm biến áp này cấp điện sinh hoạt cho các hộ dân trong khu vực tại đây. Vị trí đặt trạm biến áp nằm trên vỉa hè (phần đất hành lang giao thông thuộc phạm vi quản lý của nhà nước) và nằm ở ranh giới của 2 hộ. Trạm biến áp có rào chắn bảo vệ, không nằm trên khu vực đất của người dân, và không có chủ trương di dời. Vậy, UBND phường kính phản hồi thông tin đến công dân được biết. Trân trọng cảm ơn ý kiến đóng góp của công dân!",UBND phường Điện Bàn Đông,Đã xử lý,https://gopy.danang.gov.vn/gop-y?pageid=view&ykien=96715
96702,Da Nang,17:53 11/04/2026,"Tại đường Chương Dương (đoạn Doãn Kế Thiện giao Chương Dương rẽ trái tầm 30–50m) có một lỗ hổng dưới lòng đường, phía dưới trống đất (phía bờ sông Hàn), như hình dưới, nguy cơ gây sụt lún rất lớn và nguy cơ gây tai nạn giao thông. Rất mong các cấp đến xử lý./.","Sở Xây dựng trân trọng cảm ơn ý kiến góp ý của công dân và thông tin như sau: Vị trí hư hỏng tại lòng đường sát bó vỉa hè phía Tây đường Chương Dương thuộc dự án công trình: Đường Trần Hưng Đạo nối dài, đoạn từ khu số 4 – Khu đô thị mới Nam cầu Tiên Sơn đến giáp phân khu X4- Khu Tái định cư Hoà Hải 2 do Công ty Cổ phần Xây dựng Công trình giao thông Đà Nẵng – Miền Trung làm Chủ đầu tư, được bàn giao đưa vào vận hành khai thác vào tháng 11/2025, đến nay vẫn còn thời hạn bảo hành công trình. Sở Xây dựng đã thông báo đến Chủ đầu tư công trình triển khai công tác khắc phục sửa chữa theo nội dung kiến nghị của công dân, hoàn thành trong ngày 16/4/2026 (đính kèm một số hình ảnh). Sở Xây dựng thông tin để công dân được biết. Trân trọng./.","Sở Xây dựng Sở Xây dựng trân trọng cảm ơn ý kiến góp ý của công dân và thông tin như sau: Vị trí hư hỏng tại lòng đường sát bó vỉa hè phía Tây đường Chương Dương thuộc dự án công trình: Đường Trần Hưng Đạo nối dài, đoạn từ khu số 4 – Khu đô thị mới Nam cầu Tiên Sơn đến giáp phân khu X4- Khu Tái định cư Hoà Hải 2 do Công ty Cổ phần Xây dựng Công trình giao thông Đà Nẵng – Miền Trung làm Chủ đầu tư, được bàn giao đưa vào vận hành khai thác vào tháng 11/2025, đến nay vẫn còn thời hạn bảo hành công trình. Sở Xây dựng đã thông báo đến Chủ đầu tư công trình triển khai công tác khắc phục sửa chữa",Đã xử lý,https://gopy.danang.gov.vn/gop-y?pageid=view&ykien=96702
96691,Da Nang,16:02 11/04/2026,"Tình trạng làm đường kéo dài tại đường Đàm Thanh 10, phường Hải Vân, TP Đà Nẵng (số 522B Nguyễn Lương Bằng cũ). Hiện tại, một con đường mà triển khai cả một năm trời mà không hoàn thành. Nắng thì bụi, mưa thì lầy. Người dân chịu đến bao giờ. Đội làm đường thì có 3 người làm. Người dân rất bức xúc vì đường rất bụi. Mong cơ quan chức năng kiểm tra, xử lý./.","Theo nội dung góp ý của công dân, Ban Quản lý dự án đầu tư xây dựng các công trình dân dụng, công nghiệp và hạ tầng kỹ thuật Đà Nẵng (Ban Quản lý) phản hồi như sau: Hiện nay, tuyến đường Đàm Thanh 10 có hai đoạn đang triển khai thi công có tổng chiều dài là 432,05m, giao cắt với tuyến đường sắt Bắc-Nam, đoạn thứ nhất giáp Khu A vệt biệt thự Xuân Thiều-Nam Ô đến tuyến đường sắt chiều dài 339,89m và đoạn thứ hai từ giáp đường sắt giao với đường Nguyễn Lương Bằng dài 92,16m. Trong đó đoạn thứ nhất, vào tháng 11/2025, Lữ đoàn 575 mới thống nhất bàn giao mặt bằng, hiện đã triển khai thi công xong cấp phối đá dăm, bó vỉa và hệ thống thoát nước dọc hai bên tuyến. Đoạn thứ hai Ban Quản lý đang phối hợp với đơn vị viễn thông như VNPT, Viettel di dời cáp ngầm, phối hợp đơn vị Điện lực để di dời trạm biếp áp trung thế trên vỉa hè hiện trạng đường Nguyễn Lương Bằng xong mới có thể tiếp tục triển khai thi công. Hiện nay, để chống bụi bay vào nhà, Ban Quản lý đã đề nghị nhà thầu thường xuyên cho xe tưới nước vào các ngày nắng nóng (có hình ảnh kèm theo), và sớm triển khai thi công hoàn thành công trình. Vậy, kính phản hồi thông tin đến công dân được biết. Trân trọng cảm ơn ý kiến đóng góp của công dân!","Ban Quản lý dự án đầu tư xây dựng các công trình dân dụng, công nghiệp và hạ tầng kỹ thuật Đà Nẵng",Đang xử lý,https://gopy.danang.gov.vn/gop-y?pageid=view&ykien=96691
96652,Da Nang,07:45 11/04/2026,"Trụ đèn tại 140 Kỳ Đồng, phường Thanh Khê không sáng 1 tuần nay. Kính báo cơ quan chức năng kiểm tra xử lý","Sở Xây dựng trân trọng cảm ơn ý kiến góp ý của Quý công dân và phản hồi một số thông tin như sau: Công ty cổ phần chiếu sáng công cộng đã kiểm tra hiện trường và hoàn thành xử lý kiến nghị, đèn đã đỏ bình thường. Sở Xây dựng thông tin để Quý công dân được biết. Trân trọng./.","Sở Xây dựng Sở Xây dựng trân trọng cảm ơn ý kiến góp ý của Quý công dân và phản hồi một số thông tin như sau: Công ty cổ phần chiếu sáng công cộng đã kiểm tra hiện trường và hoàn thành xử lý kiến nghị, đèn đã đỏ bình thường. Sở Xây dựng thông tin để Quý công dân được biết. Trân trọng./. Ngày trả lời: 20/04/2026",Đã xử lý,https://gopy.danang.gov.vn/gop-y?pageid=view&ykien=96652
96598,Da Nang,14:04 10/04/2026,"Phía trước số 90 đường Võ Chí Công, cửa hàng Con Cưng, phường Hòa Xuân, có vỉa hè bị hư. Tôi có đính kèm hình ảnh, mong cơ quan chức năng sớm khắc phục. Tôi xin chân thành cảm ơn.","Theo nội dung góp ý của công dân, Sở Xây dựng đã giao Công ty Cổ phần Cầu đường kiểm tra, xử lý. Nay, Sở phản hồi như sau: Công ty CP Cầu đường đã tiếp nhận thông tin và hoàn thành sửa chữa, khắc phục trong ngày 22/4/2026. Cảm ơn ý kiến góp ý của công dân. Trân trọng./.",Sở Xây dựng,Đang xử lý,https://gopy.danang.gov.vn/gop-y?pageid=view&ykien=96598
96592,Da Nang,13:45 10/04/2026,"Tại ngã 4 Lê Lợi và Hải Phòng, phường Hải Châu có 1 tấm đan bưu điện thấp hơn mặt đường tầm 5-10cm gây ảnh hưởng giao thông. Đề nghị cơ quan chức năng kiểm tra xử lý./.","Theo nội dung góp ý của công dân, UBND phường Hòa Cường đã giao cho Phòng Kinh tế, Hạ tầng và Đô thị kiểm tra, xử lý. Nay, UBND phường phản hồi như sau: Qua kiểm tra, tại ngã tư Lê Lợi và Hải Phòng có một nắp đan viễn thông nằm dưới lòng đường Lê Lợi, một phần nắp bị sụt thấp hơn cốt nền đường. Hiện nay, Ban hạ tầng ưu tiên thành phố đang triển khai thi công tuyến đường Lê Lợi, trong thời gian tới sẽ tiến hành thi công vị trí hố viễn thông tại ngã tư Lê Lợi - Hải Phòng. Vậy, UBND phường kính phản hồi thông tin đến công dân được biết. Trân trọng cảm ơn ý kiến đóng góp của công dân!",UBND Phường Hải Châu,Đã xử lý,https://gopy.danang.gov.vn/gop-y?pageid=view&ykien=96592
96548,Da Nang,07:53 10/04/2026,"Công viên đường Trần Văn Trà - Hoàng Sâm, Phường Hòa Xuân, 2 đêm nay đã cắt điện ảnh hưởng đến vui chơi và sinh hoạt của trẻ em và người dân trên địa bàn. Rất mong thành phố xem xét mở điện trở lại có ánh sáng phòng chống kẻ xấu lợi dụng bóng tối trộm cắp khu vực dân cư xung quanh công viên./.","Tiếp nhận thông tin, UBND phường Hòa Xuân chỉ đạo Phòng Kinh tế, Hạ tầng và Đô thị phường kiểm tra, xử lý: Hệ thống tủ điện điện chiếu sáng thông minh các công viên đã được Ban Quản lý các dự án đầu tư cơ sở hạ tầng ưu tiên thành phố đầu tư hoàn thành vào cuối năm 2025, hiện nay đang thực hiện thủ tục bàn giao để đấu nối vào hệ thống điện chiếu sáng công cộng, dự kiến hoàn thành trong quý II năm 2026. Vậy, UBND phường phản hồi để công dân được biết. Trân trọng cảm ơn sự góp ý của công dân./.","UBND Phường Hòa Xuân Tiếp nhận thông tin, UBND phường Hòa Xuân chỉ đạo Phòng Kinh tế, Hạ tầng và Đô thị phường kiểm tra, xử lý: Hệ thống tủ điện điện chiếu sáng thông minh các công viên đã được Ban Quản lý các dự án đầu tư cơ sở hạ tầng ưu tiên thành phố đầu tư hoàn thành vào cuối năm 2025, hiện nay đang thực hiện thủ tục bàn giao để đấu nối vào hệ thống điện chiếu sáng công cộng, dự kiến hoàn thành trong quý II năm 2026. Vậy, UBND phường phản hồi để công dân được biết. Trân trọng cảm ơn sự góp ý của công dân./. Ngày trả lời: 21/04/2026",Đã xử lý,https://gopy.danang.gov.vn/gop-y?pageid=view&ykien=96548
96543,Da Nang,07:47 10/04/2026,"Hiện nay, tại khu vực phía sau nhà số 05 Mỹ Đa Đông 2, phường Ngũ Hành Sơn, đang xảy ra tình trạng nước thải từ bể phốt (nhà vệ sinh) tràn ra hệ thống cống thoát nước. Tình trạng này đã kéo dài hơn 1 tháng, gây mùi hôi thối nồng nặc, ảnh hưởng nghiêm trọng đến môi trường sống và sinh hoạt của người dân xung quanh. Kính đề nghị cơ quan chức năng kiểm tra, xác định nguyên nhân tình trạng tràn nước thải, có biện pháp xử lý kịp thời, tránh ô nhiễm kéo dài. Đảm bảo vệ sinh môi trường và sức khỏe cho người dân khu vực Rất mong cơ quan quan tâm giải quyết sớm vì đã sang mùa nắng nóng, ở dưới cống nước sình lên rất hôi thối. Xin trân trọng cảm ơn./.","Theo nội dung phản ánh của công dân, UBND phường Ngũ Hành Sơn đã giao Phòng Kinh tế, Hạ tầng và Đô thị phường kiểm tra xử lý. Nay, UBND phường phản hồi như sau: UBND phường phối hợp với Công ty thoát nước và xử lý nước thải có kế hoạch kiểm tra việc xả nước ngầm vào hệ thống thoát nước, kiểm tra sự cố nước thải tràn gây ô nhiễm mất mỹ quan, vệ sinh môi trường khu vực Mỹ An dự kiến vào ngày 22/4/2026 (Theo Công văn số 6028/SXD-HTKT) ngày 16/4/2026 của Sở Xây dựng về việc kiểm tra hiện trường, xác nhận vi phạm về đấu nối nước ngầm phát sinh trong quá trình thi công các công trình trên địa bàn phường Ngũ Hành Sơn. Vậy, UBND phường kính phản hồi thông tin đến công dân được biết. Trân trọng cảm ơn ý kiến đóng góp của công dân!",UBND Phường Ngũ Hành Sơn,Đã xử lý,https://gopy.danang.gov.vn/gop-y?pageid=view&ykien=96543
96540,Da Nang,07:46 10/04/2026,"Đèn chiếu sáng trước số 9 và số 35 Tùng Thị Vương, phường Ngũ Hành Sơn đã hỏng 3,4 ngày nay (không sáng). Kính báo cơ quan chức năng kiểm tra xử lý.","Sở Xây dựng trân trọng cảm ơn ý kiến góp ý của Quý công dân và phản hồi một số thông tin như sau: Công ty cổ phần chiếu sáng công cộng đã kiểm tra hiện trường và hoàn thành xử lý kiến nghị, đèn đã đỏ bình thường. Sở Xây dựng thông tin để Quý công dân được biết. Trân trọng./.","Sở Xây dựng Sở Xây dựng trân trọng cảm ơn ý kiến góp ý của Quý công dân và phản hồi một số thông tin như sau: Công ty cổ phần chiếu sáng công cộng đã kiểm tra hiện trường và hoàn thành xử lý kiến nghị, đèn đã đỏ bình thường. Sở Xây dựng thông tin để Quý công dân được biết. Trân trọng./. Ngày trả lời: 20/04/2026",Đã xử lý,https://gopy.danang.gov.vn/gop-y?pageid=view&ykien=96540
96520,Da Nang,21:21 09/04/2026,"Kính chào cơ quan chức năng, tôi muốn phản ánh về 01 cây xanh đô thị trước số nhà 186 đường Nguyễn Văn Linh, phường Thanh Khê. Cây đã chết khô hơn 4 tháng nay (từ tháng 12/2025). Đây là tuyến đường trung tâm. Kính mong đơn vị quản lý sớm xuống kiểm tra, thay thế cây mới để đảm bảo mỹ quan cho tuyến đường trung tâm thành phố. Xin cảm ơn.","Sở Xây dựng trân trọng cảm ơn ý kiến góp ý của Quý công dân và phản hồi một số thông tin như sau: Công ty Công viên - Cây xanh đã kiểm tra hiện trường và hoàn thành khắc phục kiến nghị, đã nhổ bỏ cây khô và trồng mới cây Giáng hương thay thế. Sở Xây dựng thông tin để Quý công dân được biết. Trân trọng./.","Sở Xây dựng Sở Xây dựng trân trọng cảm ơn ý kiến góp ý của Quý công dân và phản hồi một số thông tin như sau: Công ty Công viên - Cây xanh đã kiểm tra hiện trường và hoàn thành khắc phục kiến nghị, đã nhổ bỏ cây khô và trồng mới cây Giáng hương thay thế. Sở Xây dựng thông tin để Quý công dân được biết. Trân trọng./. Ngày trả lời: 15/04/2026",Đã xử lý,https://gopy.danang.gov.vn/gop-y?pageid=view&ykien=96520
96515,Da Nang,20:35 09/04/2026,"Kính đề nghị sở Xây dựng quan tâm xử lý đanh hố thoát nước trên vỉa hè bị vỡ. Vị trí ngay bên cạnh bệnh viện đa khoa Hòa Vang, thuộc tổ 7, thôn Thạch Nham Tây, trước công ty xe Nâng Việt, đường Trường Sơn, Đà Nẵng. Rất nguy hiểm cho người đi lại trên vỉa hè. Đã gửi trên trang quản lý đô thị nhưng đến nay chưa được giải quyết.","Sở Xây dựng trân trọng cảm ơn ý kiến góp ý của Quý công dân và phản hồi một số thông tin như sau: Công ty cổ phần chiếu sáng công cộng đã kiểm tra hiện trường và hoàn thành, khắc phục kiến nghị vào ngày 14/4/2026. Lắp mới đanh hố ga, hình ảnh kèm theo. Sở Xây dựng thông tin để Quý công dân được biết. Trân trọng./.","Sở Xây dựng Sở Xây dựng trân trọng cảm ơn ý kiến góp ý của Quý công dân và phản hồi một số thông tin như sau: Công ty cổ phần chiếu sáng công cộng đã kiểm tra hiện trường và hoàn thành, khắc phục kiến nghị vào ngày 14/4/2026. Lắp mới đanh hố ga, hình ảnh kèm",Đã xử lý,https://gopy.danang.gov.vn/gop-y?pageid=view&ykien=96515
96504,Da Nang,17:46 09/04/2026,Về lát gạch vỉa hè tại đường Võ Như Hưng Đề nghị đơn vị thi công khẩn trương thi công để trả mặt bằng vỉa hè lại cho dân để ổn định cuộc sống Đã 10 ngày kể từ ngày tháo dỡ và đập phá vỉa hè mà vẫn không thấy làm gì để đất đá ngổn ngang và bụi mịn mịt mù ảnh hưởng rất lớn đến môi trường và cuộc sống của người dân tại đường Võ Như Hưng.,"Theo nội dung góp ý của công dân, Ban Quản lý các dự án cơ sở hạ tầng ưu tiên thành phố Đà Nẵng đã kiểm tra và xử lý (hình ảnh đính kèm) Vậy kính phản hồi thông tin đến công dân được biết. Trân trọng cảm ơn ý kiến đóng góp của công dân!","Trung tâm Thông tin và Giám sát, điều hành thông minh",Đang xử lý,https://gopy.danang.gov.vn/gop-y?pageid=view&ykien=96504
96460,Da Nang,11:22 09/04/2026,"Đèn chiếu sáng tại Lô 96 Khánh An 6, Hoà Khánh bị hỏng, lúc sáng lúc tắt không ổn định. Kính báo cơ quan chức năng kiểm tra xử lý./.","Sở Xây dựng trân trọng cảm ơn ý kiến góp ý của Quý công dân và phản hồi một số thông tin như sau: Công ty cổ phần chiếu sáng công cộng đã kiểm tra hiện trường và hoàn thành xử lý kiến nghị, đèn đã đỏ bình thường. Sở Xây dựng thông tin để Quý công dân được biết. Trân trọng./.","Sở Xây dựng Sở Xây dựng trân trọng cảm ơn ý kiến góp ý của Quý công dân và phản hồi một số thông tin như sau: Công ty cổ phần chiếu sáng công cộng đã kiểm tra hiện trường và hoàn thành xử lý kiến nghị, đèn đã đỏ bình thường. Sở Xây dựng thông tin để Quý công dân được biết. Trân trọng./. Ngày trả lời: 20/04/2026",Đã xử lý,https://gopy.danang.gov.vn/gop-y?pageid=view&ykien=96460
96440,Da Nang,07:43 09/04/2026,"Trước đây tôi có phản ánh tình trạng ""Cây xanh mục rỗng tại 17 Nguyễn Đức Cảnh. Tôi nhận được phản hồi từ cơ quan chức năng: ""UBND phường đã kiểm tra thực tế và sẽ thực hiện chặt hạ trồng thay thế cây xanh tại 17 Nguyễn Đức Cảnh. Dự kiến thời gian hoàn thành trước ngày 8/4/2025"". Nhưng hiện tại tình trạng vẫn chưa được xử lý, tiềm ẩn nguy cơ gãy đổ, mất an toàn cho người dân và phương tiện lưu thông. Đề nghị kiểm tra xử lý đúng thời gian đã phản hồi. Cảm ơn./.","Theo nội dung góp ý của công dân, UBND phường Hải Châu phản hồi như sau: Sau khi nhận được phản ánh của công dân, UBND phường đã triển khai thực hiện trồng thay thế 1 cây Bằng lăng tại vị trí 17 Nguyễn Đức Cảnh (có kèm hình ảnh) Vậy, UBND phường kính phản hồi thông tin đến công dân được biết. Trân trọng cảm ơn ý kiến đóng góp của công dân!",UBND Phường Hải Châu,Đã xử lý,https://gopy.danang.gov.vn/gop-y?pageid=view&ykien=96440
96429,Da Nang,07:42 09/04/2026,"Trụ điện chiếu sáng CS47-T1 nằm trên đường ĐT605 gần ngã ba đường ĐT 605 giao với Dương Sơn 1, xã Hòa Châu cũ (nay là phường Hòa Xuân) có một bóng đèn bị tắt hơn tuần này. Khu vực này dân cư đi lại nhiều. Kính báo cơ quan chức năng kiểm tra xử lý./.","Sở Xây dựng trân trọng cảm ơn ý kiến góp ý của Quý công dân và phản hồi một số thông tin như sau: Công ty cổ phần chiếu sáng công cộng đã kiểm tra hiện trường và hoàn thành xử lý kiến nghị, đèn đã đỏ bình thường. Sở Xây dựng thông tin để Quý công dân được biết. Trân trọng./.","Sở Xây dựng Sở Xây dựng trân trọng cảm ơn ý kiến góp ý của Quý công dân và phản hồi một số thông tin như sau: Công ty cổ phần chiếu sáng công cộng đã kiểm tra hiện trường và hoàn thành xử lý kiến nghị, đèn đã đỏ bình thường. Sở Xây dựng thông tin để Quý công dân được biết. Trân trọng./. Ngày trả lời: 15/04/2026",Đã xử lý,https://gopy.danang.gov.vn/gop-y?pageid=view&ykien=96429
96428,Da Nang,07:42 09/04/2026,"Tại kiệt 71/1 Tôn Đản, phường An Khê hiện đang có khoảng mười mấy ngôi mộ đã lâu. Tôi được biết thành phố đã có kế hoạch di dời các ngôi mộ này ra khỏi khu dân cư cách đây mấy năm. Tuy nhiên tới nay, vẫn chưa có thông tin di dời. Một số hộ dân xung quanh tận dụng để nuôi gà gây ô nhiễm, đồng thời ngay giữa khu dân cư đông đúc mà có một số ngôi mộ cũ như vậy mất mỹ quan đô thị. Kính đề nghị cơ quan chức năng kiểm tra xem xét sớm có kế hoạch di dời các ngôi mộ cổ này./.","Theo nội dung góp ý của công dân, UBND phường An Khê đã kiểm tra và xử lý. Nay, UBND phường phản hồi như sau: UBND phường đã phối hợp với các đơn vị có liên quan, kiểm tra thực tế. Qua kiểm tra, Phòng Kinh tế, Hạ tầng và Đô thị sẽ tham mưu UBND phường có kế hoạch di dời theo quy định đồng thời đề nghị các hộ không chăn nuôi gà tại khu vực. Vậy, UBND phường kính phản hồi thông tin đến công dân được biết. Trân trọng cảm ơn ý kiến đóng góp của công dân!",UBND Phường An Khê,Đã xử lý,https://gopy.danang.gov.vn/gop-y?pageid=view&ykien=96428
96427,Da Nang,07:41 09/04/2026,"Tôi là người dân ở tuyến đường Dương Sơn 2 (hiện chưa có số nhà), phường Hòa Xuân. Hiện tại cống thoát nước thải đường thoát hiểm sau lưng nhà tôi đang bị nghẹt và mùi hôi bốc lên ô nhiễm. Kính đề nghị cơ quan chức năng kiểm tra xử lý. Xin cảm ơn./.","Tiếp nhận thông tin, UBND phường Hòa Xuân chỉ đạo Phòng Kinh tế, Hạ tầng và Đô thị phường kiểm tra, xử lý: Tiếp nhận thông tin, Phòng Kinh tế, Hạ tầng và Đô thị phường sẽ tiến hành kiểm tra thực tế và tham mưu UBND phường đưa vào kế hoạch khơi thông, nạo vét trước mùa mưa năm 2026. Vậy, UBND phường phản hồi để công dân được biết. Trân trọng cảm ơn sự góp ý của công dân./.","UBND Phường Hòa Xuân Tiếp nhận thông tin, UBND phường Hòa Xuân chỉ đạo Phòng Kinh tế, Hạ tầng và Đô thị phường kiểm tra, xử lý: Tiếp nhận thông tin, Phòng Kinh tế, Hạ tầng và Đô thị phường sẽ tiến hành kiểm tra thực tế và tham mưu UBND phường đưa vào kế hoạch khơi thông, nạo vét trước mùa mưa năm 2026. Vậy, UBND phường phản hồi để công dân được biết. Trân trọng cảm ơn sự góp ý của công dân./. Ngày trả lời: 16/04/2026",Đã xử lý,https://gopy.danang.gov.vn/gop-y?pageid=view&ykien=96427
96423,Da Nang,05:54 09/04/2026,"Hiện tại, tại kiệt 408 Hoàng Diệu, phường Hải Châu có 02 trụ đèn chiếu sáng công cộng đã ngừng hoạt động khoảng 01 tuần, chưa rõ nguyên nhân. Cụ thể gồm: trụ đèn trước nhà H16/25 và trụ đèn trước kiệt 408/4 Hoàng Diệu. Việc cả hai trụ đèn đều không hoạt động khiến khu vực trở nên tối, tiềm ẩn nguy cơ mất an toàn cho người dân khi lưu thông. Kính đề nghị cơ quan chức năng quan tâm kiểm tra và sớm có biện pháp khắc phục./.","Sở Xây dựng trân trọng cảm ơn ý kiến góp ý của Quý công dân và phản hồi một số thông tin như sau: Công ty cổ phần chiếu sáng công cộng đã kiểm tra hiện trường và hoàn thành xử lý kiến nghị, đèn đã đỏ bình thường. Sở Xây dựng thông tin để Quý công dân được biết. Trân trọng./.","Sở Xây dựng Sở Xây dựng trân trọng cảm ơn ý kiến góp ý của Quý công dân và phản hồi một số thông tin như sau: Công ty cổ phần chiếu sáng công cộng đã kiểm tra hiện trường và hoàn thành xử lý kiến nghị, đèn đã đỏ bình thường. Sở Xây dựng thông tin để Quý công dân được biết. Trân trọng./. Ngày trả lời: 15/04/2026",Đã xử lý,https://gopy.danang.gov.vn/gop-y?pageid=view&ykien=96423
96418,Da Nang,21:37 08/04/2026,"Vỉa hè trước nhà 25 Đỗ Quang có hiện tượng sụt lún nặng, khả năng tạo thành hố tử thần, có thể gây nguy hiểm cho người đi bộ và các hộ dân đang sinh sống tại đây. Nhờ thành phố khắc phục sớm./.","Theo nội dung góp ý của công dân, UBND phường Thanh Khê phản hồi như sau: Sau khi tiếp nhận thông tin công dân phản ánh, UBND phường Thanh Khê đã chỉ đạo Phòng Kinh tế, Hạ tầng và Đô thị phối hợp với Trung tâm Cung ứng dịch vụ sự nghiệp công phường kiểm tra thực tế tại địa điểm trên. Qua kiểm tra đã chuyển thông tin để đơn vị thi công khảo sát và sửa chữa trong thời gian đến. Vậy, UBND phường kính phản hồi thông tin đến công dân được biết. Trân trọng cảm ơn ý kiến đóng góp của công dân!",UBND Phường Thanh Khê,Đã xử lý,https://gopy.danang.gov.vn/gop-y?pageid=view&ykien=96418
96404,Da Nang,18:32 08/04/2026,Trước đây tôi có phản ánh việc trồng cây xanh sai vị trí tại 202 Lý Triện và cảm ơn thành phố đã hỗ trợ quan tâm vấn đề này khi đã gọi điện lên thăm hỏi về tình hình. Trưa ngày 8/4 đã có người lên nhổ cây nhưng sau khi nhổ đã làm hỏng vỉa hè. Xử lý xong cũng không lấp vỉa hè lại mà chỉ đổ sơ cát vào lỗ. Vậy thành ra bây giờ vỉa hè chỗ đó đã bị hỏng và ai là người phải xử lý đây?,"Theo nội dung góp ý của công dân, UBND phường An Khê đã kiểm tra, xử lý. Nay, UBND phường phản hồi như sau: Phòng Kinh tế, Hạ tầng và Đô thị phường đã phối hợp Công ty cây xanh trả lại hiện trạng (Hình ảnh kèm theo). Vậy, UBND phường kính phản hồi thông tin đến công dân được biết. Trân trọng cảm ơn ý kiến đóng góp của công dân!",UBND Phường An Khê,Đã xử lý,https://gopy.danang.gov.vn/gop-y?pageid=view&ykien=96404
96385,Da Nang,15:40 08/04/2026,"Tại số 04 Khánh An 1, phường Hòa Khánh có 1 bóng đèn chớp nháy liên tục cả đêm đã lâu nay nhưng không có ai xử lý. Kính đề nghị cơ quan chức năng kiểm tra sửa chữa.","Sở Xây dựng trân trọng cảm ơn ý kiến góp ý của Quý công dân và phản hồi một số thông tin như sau: Công ty cổ phần chiếu sáng công cộng đã kiểm tra hiện trường và hoàn thành xử lý kiến nghị, đèn đã đỏ bình thường. Sở Xây dựng thông tin để Quý công dân được biết. Trân trọng./.","Sở Xây dựng Sở Xây dựng trân trọng cảm ơn ý kiến góp ý của Quý công dân và phản hồi một số thông tin như sau: Công ty cổ phần chiếu sáng công cộng đã kiểm tra hiện trường và hoàn thành xử lý kiến nghị, đèn đã đỏ bình thường. Sở Xây dựng thông tin để Quý công dân được biết. Trân trọng./. Ngày trả lời: 15/04/2026",Đã xử lý,https://gopy.danang.gov.vn/gop-y?pageid=view&ykien=96385
96382,Da Nang,15:40 08/04/2026,"Tôi xin phản ánh tình trạng tấm đan hố ga bưu điện tại khu vực đường Lê Trọng Tấn, nút giao với đường Trinh Đường, phường An Khê. Hiện nay, tấm đan hố ga đã bị vỡ nhiều lần nhưng chưa được khắc phục triệt để. Tình trạng này gây mất an toàn giao thông, đặc biệt đối với người đi bộ khi lưu thông qua khu vực. Kính đề nghị cơ quan chức năng kiểm tra xử lý. Có hình ảnh đính kèm","Theo nội dung góp ý của công dân, UBND phường An Khê đã giao Phòng Kinh tế, Hạ tầng và Đô thị kiểm tra, xử lý. Nay, UBND phường phản hồi như sau: Phòng Kinh tế, Hạ tầng và Đô thị phường phối hợp Công ty quản lý cầu đường và đơn vị viễn thông đã kiểm tra xử lý (Hình ảnh kèm theo). Vậy, UBND xã kính phản hồi thông tin đến công dân được biết. Trân trọng cảm ơn ý kiến đóng góp của công dân!",UBND Phường An Khê,Đã xử lý,https://gopy.danang.gov.vn/gop-y?pageid=view&ykien=96382
96361,Da Nang,11:11 08/04/2026,Cống trước số nhà 15 Ngô Quyền bốc mùi hôi thối hơn 1 tháng nay. Đề nghị cơ quan chức năng kiểm tra vì cống bốc mùi gây ô nhiễm môi trường.,"Theo nội dung góp ý của công dân, Sở Xây dựng đã giao cho Công ty Thoát nước và Xử lý nước thải kiểm tra xử lý. Nay, Sở Xây dựng phản hồi như sau: Qua kiểm tra thực tế, ghi nhận hệ thống cống thoát nước tại khu vực hoạt động bình thường, khả năng thoát nước tốt, tình trạng bùn lắng lưu cữu không đáng kể trong tuyến cống chính. Tuy nhiên, tại các cửa thu nước mưa khu vực từ số nhà 15 đến 45 Ngô Quyền có phát sinh mùi hôi chua rõ rệt. Theo phản ánh của người dân sinh sống trong khu vực, tại số nhà 45 Ngô Quyền có cơ sở sản xuất bún, phát sinh nước thải sau sản xuất và xả trực tiếp vào hệ thống thoát nước chung. Tại hố ga trước số nhà 45 Ngô Quyền, Công ty phát hiện có lượng bùn màu trắng đang phân hủy, gây phát sinh mùi hôi chua (có hình ảnh kèm theo). Đồng thời, trong điều kiện thời tiết nắng nóng thời gian qua cũng làm gia tăng quá trình phân hủy, dẫn đến mùi hôi phát tán mạnh hơn. Qua kết quả đo nhanh các thông số khí tại hiện trường có phát sinh một số khí như NH3, H2S vượt quy chuẩn kỹ thuật quốc gia về chất lượng không khí QCVN 05:2023/BTNMT gây ảnh hưởng đến môi trường xung quanh và sinh hoạt của người dân. Công ty xin ghi nhận và cảm ơn ý kiến phản ánh của công dân, đồng thời sẽ thông tin đến UBND phường Sơn Trà để kiểm tra, và yêu cầu cơ sở xả thải thực hiện các biện pháp bảo vệ môi trường theo quy định và đảm bảo không ảnh hưởng đến người dân. Công ty cũng sẽ tiếp tục theo dõi hiện trạng môi trường trong thời gian tới. Vậy, kính phản hồi thông tin đến công dân được biết. Trân trọng cảm ơn ý kiến đóng góp của công dân!",Sở Xây dựng,Đã xử lý,https://gopy.danang.gov.vn/gop-y?pageid=view&ykien=96361
96349,Da Nang,10:04 08/04/2026,"Cổng góp ý nhận được phản ánh, góp ý của người dân qua Facebook Góp ý Đà Nẵng 1022 có nội dung như sau: Tại 108 Lưu Quý Kỳ, phường Hòa Cường có nắp cống bị vỡ hết và miệng cống đang để trống gây nguy hiểm cho người đi đường. Rất mong cơ quan có thẩm quyền xem xét kiểm tra và xử lý.","Theo nội dung góp ý của công dân, UBND Phường Hòa Cường đã giao cho Phòng Kinh tế, Hạ tầng và Đô thị phường kiểm tra, xử lý. Nay, UBND phường phản hồi như sau: Phòng Kinh tế, Hạ tầng và Đô thị phường đã kiểm tra và thống kê đưa vị trí hư hỏng này vào danh mục hồ sơ duy tu sửa chữa hạ tầng bị hư hỏng trên địa bàn phường năm 2026 để lập, phê duyệt dự toán, bố trí kinh phí và sớm triển khai sửa chữa, khắc phục. Vậy, UBND phường kính phản hồi thông tin đến công dân được biết. Trân trọng cảm ơn ý kiến đóng góp của công dân!",UBND Phường Hòa Cường,Đã xử lý,https://gopy.danang.gov.vn/gop-y?pageid=view&ykien=96349
96336,Da Nang,08:27 08/04/2026,"Cử tri khu vực phường Ngũ Hành Sơn phản ánh, tại khu vực tuyến đường Chương Dương nối dài (nay là đường Phạm Hữu Nhật), dự án triển khai đã kéo dài nhiều năm nhưng đến nay vẫn chưa hoàn thành, hạ tầng giao thông chưa được đầu tư đồng bộ, chưa bảo đảm kết nối thông suốt, gây khó khăn cho việc đi lại và ảnh hưởng đến phát triển kinh tế - xã hội của địa phương. Đặc biệt, nhiều hộ dân nằm trong khu vực quy hoạch dự án treo trong thời gian dài (trên mười năm), nhà cửa xuống cấp nghiêm trọng nhưng không được sửa chữa, xây dựng mới, ảnh hưởng lớn đến đời sống sinh hoạt và quyền lợi chính đáng của người dân. Bên cạnh đó, tuyến đường Bùi Thế Mỹ đến nay vẫn chưa được quan tâm đầu tư nâng cấp, mở rộng theo quy hoạch, dẫn đến tình trạng hạ tầng giao thông khu vực chưa hoàn chỉnh, thiếu đồng bộ với các tuyến đường lân cận. Trước thực trạng trên, cử tri đề nghị thành phố quan tâm chỉ đạo các cơ quan chức năng rà soát toàn diện, có giải pháp quyết liệt để đẩy nhanh tiến độ, sớm hoàn thành dự án; đồng thời xử lý dứt điểm tình trạng quy hoạch treo kéo dài, bảo đảm quyền lợi hợp pháp, chính đáng của người dân và góp phần hoàn thiện hạ tầng đô thị trên địa bàn.","Theo nội dung phản ánh của công dân, UBND phường Ngũ Hành Sơn đã giao Phòng Kinh tế, Hạ tầng và Đô thị phường kiểm tra xử lý. Nay, UBND phường phản hồi như sau: Liên quan đến hạ tầng kỹ thuật khu vực này, UBND thành phố đã bố trí vốn chuẩn bị đầu tư cho dự án Đường Chương Dương nối dài (đoạn từ đường Minh Mạng đến đường Phạm Hữu Nhật). Hiện Ban quản lý ĐTXD các công trình giao thông và nông nghiệp đang hoàn thiện báo cáo đề xuất chủ trương đầu tư trình thành phố phê duyệt. Vậy, UBND phường kính phản hồi thông tin đến công dân được biết. Trân trọng cảm ơn ý kiến đóng góp của công dân!",UBND Phường Ngũ Hành Sơn,Đã xử lý,https://gopy.danang.gov.vn/gop-y?pageid=view&ykien=96336
96326,Da Nang,07:39 08/04/2026,"Hiện nay, công trình lát gạch vỉa hè tuyến đường Lê Văn Hưu, phường Ngũ Hành Sơn đang trong quá trình thi công. Tuy nhiên, tại đoạn từ đầu đường An Dương Vương đến số 29 Lê Văn Hưu, vỉa hè đã bị đào xới hơn 1 tuần nhưng chưa được thi công tiếp. Khu vực này hiện để đất đá ngổn ngang, gây khó khăn cho việc đi lại, ảnh hưởng đến sinh hoạt và mỹ quan đô thị. Việc thi công dang dở, kéo dài không rõ lý do gây bức xúc cho người dân trong khu vực. Kính đề nghị cơ quan chức năng: - Kiểm tra tiến độ thi công tại đoạn đường nêu trên. - Yêu cầu đơn vị thi công sớm tiếp tục và hoàn thiện công trình. - Có biện pháp đảm bảo an toàn, vệ sinh trong thời gian chưa hoàn thiện. Kính mong được quan tâm giải quyết./.","Theo nội dung góp ý của công dân, Ban Quản lý các dự án đầu tư cơ sở hạ tầng ưu tiên thành phố Đà Nẵng phản hồi ý sau: Ban Quản lý các Dự án đầu tư cơ sở hạ tầng ưu tiên thành phố Đà Nẵng (Ban QLDA) đã tổ chức buổi làm việc với đại diện Nhà thầu thi công, đại diện hộ dân tại khu vực đang phản ánh trên tham dự, kiểm tra hiện trường và thống nhất tại biên bản làm việc ngày 09/4/2026, trong đó bắt đầu triển khai dọn dẹp, thi công lại từ ngày 10/4/2026, tuyến đường đang phản ánh trên có chiều dài khoảng 160m, dự kiến tiến độ hoàn thành trước ngày 25/4/2026. (Đính kèm biên bản làm việc) Vậy, kính phản hồi thông tin đến công dân được biết. Trân trọng cảm ơn ý kiến đóng góp của công dân!",Ban Quản lý các dự án đầu tư cơ sở hạ tầng ưu tiên thành phố Đà Nẵng,Đã xử lý,https://gopy.danang.gov.vn/gop-y?pageid=view&ykien=96326
96320,Da Nang,07:37 08/04/2026,"Điện chiếu sáng ở trước nhà 104 Lương Nhữ Hộc, phường Hòa Cường đã hư 1 tuần nay mà chưa được sửa chữa, dễ gây tại nạn vào buổi tối. Kính mong cơ quan chức năng kiểm tra và xử lý./.","Sở Xây dựng trân trọng cảm ơn ý kiến góp ý của Quý công dân và phản hồi một số thông tin như sau: Công ty cổ phần chiếu sáng công cộng đã kiểm tra hiện trường và hoàn thành xử lý kiến nghị, đèn đã đỏ bình thường. Sở Xây dựng thông tin để Quý công dân được biết. Trân trọng./.","Sở Xây dựng Sở Xây dựng trân trọng cảm ơn ý kiến góp ý của Quý công dân và phản hồi một số thông tin như sau: Công ty cổ phần chiếu sáng công cộng đã kiểm tra hiện trường và hoàn thành xử lý kiến nghị, đèn đã đỏ bình thường. Sở Xây dựng thông tin để Quý công dân được biết. Trân trọng./. Ngày trả lời: 15/04/2026",Đã xử lý,https://gopy.danang.gov.vn/gop-y?pageid=view&ykien=96320
96312,Da Nang,07:33 08/04/2026,"Tại 06 Nguyễn Trãi, phường Hải Châu có 1 cái cống bị tắc (vị trí ngay mép vỉa hè và lòng đường). Tình trạng này diễn ra khoảng gần 1 năm trở lại đây, việc ứ đọng nước gây mùi hôi thối, ô nhiễm môi trường, ảnh hưởng đến sinh hoạt của người dân. Đề nghị cơ quan chức năng kiểm tra, xử lý./.","UBND phường Hải Châu phản hồi ý kiến phản ánh của công dân như sau: Sau khi nhận được phản ánh của công dân, UBND phường giao cho Phòng Kinh tế, Hạ tầng và Đô thị phường kiểm tra và xử lý. Phòng Kinh tế, Hạ tầng và Đô thị phường đã kiểm tra, xử lý và khơi thông tắt nghẽn đối với cửa thu thoát nước trước số nhà 06 Nguyễn Trãi. (có hình ảnh đính kèm) Vậy, UBND phường kính phản hồi thông tin đến công dân được biết. Trân trọng cảm ơn ý kiến đóng góp của công dân!",UBND Phường Hải Châu UBND phường Hải Châu phản hồi ý kiến phản ánh của công dân như sau:,Đã xử lý,https://gopy.danang.gov.vn/gop-y?pageid=view&ykien=96312
96307,Da Nang,06:10 08/04/2026,"Tại TDP Trà Kiểm, Phường Hòa Xuân mới, đường Trà Kiểm 5 mất hoàn toàn điện chiếu sáng đường giao thông hơn tuần nay, ban đêm không có điện chiếu sáng tạo cơ hội cho nạn trộm cắp lộng hành, kính mong cơ quan khắc phục. Xin trân trọng cảm ơn","Sở Xây dựng trân trọng cảm ơn ý kiến góp ý của Quý công dân và phản hồi một số thông tin như sau: Công ty cổ phần chiếu sáng công cộng đã kiểm tra hiện trường và hoàn thành xử lý kiến nghị, đèn đã đỏ bình thường. Sở Xây dựng thông tin để Quý công dân được biết. Trân trọng./.","Trung tâm Thông tin và Giám sát, điều hành thông minh Sở Xây dựng trân trọng cảm ơn ý kiến góp ý của Quý công dân và phản hồi một số thông tin như sau: Công ty cổ phần chiếu sáng công cộng đã kiểm tra hiện trường và hoàn thành xử lý kiến nghị, đèn đã đỏ bình thường. Sở Xây dựng thông tin để Quý công dân được biết. Trân trọng./. Ngày trả lời: 17/04/2026",Đã xử lý,https://gopy.danang.gov.vn/gop-y?pageid=view&ykien=96307
96296,Da Nang,20:49 07/04/2026,"Tại ngã tư đường DH 409 sau lưng chợ Lệ Trạch, Hòa Tiến bị hỏng đèn điện đường gây khó khăn cho việc lưu thông. Tôi đã gọi nhiều lần nhưng không sửa chữa. Kính mong cơ quan chức năng kiểm tra và xử lý.","Sở Xây dựng trân trọng cảm ơn ý kiến góp ý của Quý công dân và phản hồi một số thông tin như sau: Công ty cổ phần chiếu sáng công cộng đã kiểm tra hiện trường và hoàn thành xử lý kiến nghị, đèn đã đỏ bình thường. Sở Xây dựng thông tin để Quý công dân được biết. Trân trọng./.","Sở Xây dựng Sở Xây dựng trân trọng cảm ơn ý kiến góp ý của Quý công dân và phản hồi một số thông tin như sau: Công ty cổ phần chiếu sáng công cộng đã kiểm tra hiện trường và hoàn thành xử lý kiến nghị, đèn đã đỏ bình thường. Sở Xây dựng thông tin để Quý công dân được biết. Trân trọng./. Ngày trả lời: 15/04/2026",Đã xử lý,https://gopy.danang.gov.vn/gop-y?pageid=view&ykien=96296
96292,Da Nang,20:14 07/04/2026,"Kính gửi: UBND phường Thanh Khê. Vào thời gian tháng 9/2025, tôi đã có phản ánh về tình trạng nạo vét cống tại khu dân cư tôi đang sống là cuối kiệt K104 Lê Độ, tôi đã nhận được nội dung trả lời phản ánh của UBND phường Thanh Khê trước thực trạng mà tôi phản ánh. Phòng Kinh tế, Hạ tầng và Đô thị đề xuất đưa tuyến cống kiệt K104 đường Lê Độ (đoạn từ số nhà 104/31 đến 104/33) vào kế hoạch đầu tư nâng cấp hệ thống thoát nước năm 2026, nhằm cải thiện điều kiện sinh hoạt và đảm bảo chất lượng cuộc sống cho người dân trong khu vực. Hiện nay thời gian đã hết quý 01/2026, tôi tha thiết mong cơ quan quý cấp quan tâm quan tâm đầu tư nâng cấp hệ thống cống thoát nước được thực hiện vào mùa khô năm 2026, để vào mưa năm 2026, hộ dân như tôi đỡ sống trong cảnh nước ngập, nước ứ vào nhà mỗi lần có những trận mưa lớn và kéo dài liên tục, để chúng tôi được cải thiện điều kiện sống tại khu vực trung tâm thành phố. Tôi xin chân thành cảm ơn!","Theo nội dung góp ý của công dân, UBND phường Thanh Khê phản hồi như sau: Sau khi tiếp nhận thông tin công dân phản ánh, UBND phường đã chỉ đạo phòng Kinh tế, Hạ tầng và Đô thị phường kiểm tra, rà soát. Qua kiểm tra, tuyến cống tại kiệt K104 Lê Độ đã đưa vào danh sách sửa chữa, nâng cấp trong năm 2026. Tuy nhiên, việc sửa chữa nâng cấp các tuyến kiệt hẻm trên địa bàn phường phải được tổ chức đấu thầu thi công theo quy định. Vì vậy, hiện nay, địa phương vẫn đang tiếp tục triển khai các bước tiếp theo và sẽ cố gắng hoàn thành trước mùa mưa bão. Vậy, UBND phường kính phản hồi thông tin đến công dân được biết. Trân trọng cảm ơn ý kiến đóng góp của công dân!",UBND Phường Thanh Khê,Đã xử lý,https://gopy.danang.gov.vn/gop-y?pageid=view&ykien=96292
96288,Da Nang,19:23 07/04/2026,"Nguyên tuyến đường Trà kiểm 5 và 1 đoạn của Trà Kiểm 2 thuộc Tổ dân phố Trà Kiểm phường Hoà Xuân, TP Đà Nẵng không có điện chiếu sáng công cộng khoàng 5 ngày nay. Kính mong cơ quan chức năng xử lý. Xin cảm ơn!","Sở Xây dựng trân trọng cảm ơn ý kiến góp ý của Quý công dân và phản hồi một số thông tin như sau: Công ty cổ phần chiếu sáng công cộng đã kiểm tra hiện trường và hoàn thành xử lý kiến nghị, đèn đã đỏ bình thường. Sở Xây dựng thông tin để Quý công dân được biết. Trân trọng./.","Trung tâm Thông tin và Giám sát, điều hành thông minh Sở Xây dựng trân trọng cảm ơn ý kiến góp ý của Quý công dân và phản hồi một số thông tin như sau: Công ty cổ phần chiếu sáng công cộng đã kiểm tra hiện trường và hoàn thành xử lý kiến nghị, đèn đã đỏ bình thường. Sở Xây dựng thông tin để Quý công dân được biết. Trân trọng./. Ngày trả lời: 17/04/2026",Đã xử lý,https://gopy.danang.gov.vn/gop-y?pageid=view&ykien=96288
96279,Da Nang,17:44 07/04/2026,"Tôi xin chân thành cảm ơn Công ty Điện lực đã kịp thời xử lý tại 85 Thanh Lương 5, đáp ứng nguyện vọng của người dân, thể hiện tinh thần lắng nghe và làm việc nhanh chóng, hiệu quả. Xin trân trọng cảm ơn!","Bộ phận tiếp nhận phản ánh, góp ý của Cổng góp ý TP Đà Nẵng trân trọng cảm ơn ý kiến phản hồi của Anh/Chị.","Trung tâm Thông tin và Giám sát, điều hành thông minh Bộ phận tiếp nhận phản ánh, góp ý của Cổng góp ý TP Đà Nẵng trân trọng cảm ơn ý kiến phản hồi của Anh/Chị. Ngày trả lời: 08/04/2026",Đã xử lý,https://gopy.danang.gov.vn/gop-y?pageid=view&ykien=96279
96270,Da Nang,15:57 07/04/2026,"Bóng đèn chiếu sáng khu vực công cộng của cung thể thao Tiên Sơn mặt hướng vào Helio Center bị hư hại, và không chiếu sáng được vào buổi tối (hình ảnh đính kèm). Kính mong cơ quan chức năng kiểm tra và xử lý./.","Sở Xây dựng trân trọng cảm ơn ý kiến góp ý của Quý công dân và phản hồi một số thông tin như sau: Công ty cổ phần chiếu sáng công cộng đã kiểm tra hiện trường và hoàn thành xử lý kiến nghị, đèn đã đỏ bình thường. Sở Xây dựng thông tin để Quý công dân được biết. Trân trọng./.","Sở Xây dựng Sở Xây dựng trân trọng cảm ơn ý kiến góp ý của Quý công dân và phản hồi một số thông tin như sau: Công ty cổ phần chiếu sáng công cộng đã kiểm tra hiện trường và hoàn thành xử lý kiến nghị, đèn đã đỏ bình thường. Sở Xây dựng thông tin để Quý công dân được biết. Trân trọng./. Ngày trả lời: 15/04/2026",Đã xử lý,https://gopy.danang.gov.vn/gop-y?pageid=view&ykien=96270
96263,Da Nang,14:10 07/04/2026,"Kính thưa chính quyền các ban ngành đoàn thể Tôi xin được phép gửi ý kiến cá nhân như sau: Đoạn đường từ 72 Nguyễn Xuân Hữu đến giáp K43 Nguyễn Nhàn đang xuống cấp nghiêm trọng, cống thoát nước không hoạt động, bất cập xảy ra rất lớn mưa chỉ tầm 20-30p là đã ngập, nhiều nhà dân nước ngập vô tới nhà cao 10cm, ngập đầy đường không di chuyển được (mặc dù lượng mưa được cho là rất thấp và không đáng kể). Thử hỏi tại sao không quan tâm sửa chữa nâng cấp (chỉ toàn là nghe nói đã duyệt và đang xử lí, đang chờ), người dân tại tổ dân phố ở đó lúc nào cũng sống trong lo sợ mỗi khi trời mưa (dù không lớn), hư hỏng và rất nhiều bất cập xảy ra nữa. Tôi kính mong các cơ quan chính quyền có thể xem xét nhanh chóng cải tạo nâng cấp tuyến đường để người dân được sống bình an và an toàn!! Chứ tôi không muốn chỉ nhận được thông báo phê duyệt còn xử lí vấn đề thì không thấy và không được quan tâm. Trong khi đó phần đường Nguyễn Xuân Hữu số lẻ thì ở trên cao còn được làm đường nhựa mới mẻ, các tuyến đường khác trong thành phố đều được quan tâm khắc phục & làm đường làm cống thoát nước! ""Theo Quyết định số 1837 ngày 26/05/2025 Của UBND Quận Cẩm lệ về việc phê duyệt nhiệm vụ thiết kế xây dựng Dự án Cải tạo đường và MTN kiệt 30, 56, 78, 156 Nguyễn Xuân Hữu, kiệt 298 Cách Mạng Tháng 8, BQLDA Sẽ thi công. UBND Phường tiếp tục đôn đốc để dự án được triển khai sớm nhất có thể""","Theo nội dung góp ý của công dân, UBND phường Cẩm Lệ đã giao Trung tâm cung ứng dịch vụ sự nghiệp công phường kiểm tra, xử lý. Nay, UBND phường phản hồi như sau: - Sau khi thực hiện việc sáp nhập, sắp xếp đơn vị hành chính và tổ chức chính quyền địa phương 2 cấp, thẩm quyền phê duyệt dự án: Cải tạo đường và MTN kiệt 30, 56, 78, 156 Nguyễn Xuân Hữu, kiệt 298 Cách Mạng Tháng 8 thuộc thẩm quyền phê duyệt của UBND phường Cẩm Lệ. - Theo Thông báo số 61/TB-VP ngày 25/11/2025 của UBND phường Cẩm Lệ về Kết luận của lãnh đạo UBND phường Cẩm Lệ, theo đó: Đối với dự án Cải tạo đường và MTN kiệt 30, 56, 78, 156 Nguyễn Xuân Hữu, kiệt 298 Cách Mạng Tháng 8 """"không thống nhất phương án thiết kế cải tạo mặt đường bằng vật liệu carboncor; Giữ nguyên hiện trạng bê tông đường kiệt, chỉ sửa chữa cải tạo theo nguyên trạng những đoạn xuống cấp bằng bê tông xi măng, đan cửa thu bằng bê tông tính năng cao đảm bảo thoát nước khu vực."""" - Trong thời gian đến, đoạn nào hư hỏng thì đề nghị khu dân cư có kiến nghị đề xuất sửa chữa những đoạn hư hỏng cục bộ để đảm bảo theo chủ trương chung của Thông báo Kết luận nêu trên. Vậy, UBND phường kính phản hồi thông tin đến công dân được biết. Trân trọng cảm ơn ý kiến đóng góp của công dân!",UBND Phường Cẩm Lệ,Đã xử lý,https://gopy.danang.gov.vn/gop-y?pageid=view&ykien=96263
96260,Da Nang,14:03 07/04/2026,"Tại ngã tư Lý Thái Tông và Nguyễn Thị Thập, phường Thanh Khê khu vực này mật độ giao thông cao, thường xuyên bị ách tắc giao thông vào giờ cao điểm buổi sáng và buổi chiều. Khu vực này có nhiều trường học nên lượng học sinh, sinh viên đi học và đi về rất nhiều. Ngoài ra, khu vực này còn có rất nhiều xe chở khách du lịch đi qua. Kính đề nghị cơ quan chức năng kiểm tra và lắp đặt đèn tín hiệu giao thông tại đây để đảm bảo an toàn giao thông.","Theo nội dung góp ý của công dân, Sở Xây dựng phản hồi như sau: Qua theo dõi tình hình giao thông tại khu vực đường Lý Thái Tông, đặc biệt tại nút giao với đường Nguyễn Thị Thập, tình hình ùn tắc giao thông hiện nay chủ yếu mang tính cục bộ theo thời điểm (giờ cao điểm), chưa có hiện tượng ùn tắc kéo dài. Bên cạnh đó, hiện trạng tổ chức giao thông trên đường Lý Thái Tông hiện nay đã được bố trí đèn tín hiệu giao thông tại nút giao với đường Nguyễn Tất Thành (cách nút giao với đường Nguyễn Thị Thập khoảng hơn 400m). Việc bố trí quá nhiều đèn tín hiệu trên cùng tuyến hoặc khu vực gần nhau có thể làm tăng chiều dài dòng chờ, dẫn đến ùn tắc kéo dài. Do đó, việc lắp đặt đèn tín hiệu giao thông tại nút giao này hiện nay chưa phù hợp với hiện trạng tổ chức giao thông tại khu vực. Trong thời gian đến, Sở Xây dựng sẽ tiếp tục theo dõi tình hình giao thông tại khu vực và sẽ có biện pháp đảm bảo an toàn giao thông phù hợp nếu tồn tại bất cập. Sở Xây dựng cảm ơn ý kiến góp ý của công dân và thông tin để công dân được biết. Trân trọng./.",Sở Xây dựng,Đang xử lý,https://gopy.danang.gov.vn/gop-y?pageid=view&ykien=96260
96248,Da Nang,14:00 07/04/2026,"Hiện tại, đường dây điện chiếu sáng công cộng đi ngang qua nhà tôi tại địa chỉ 02 Phước Hòa 2, phường Cẩm Lệ. Đường dây này đã tồn tại từ thời điểm tôi được cấp đất vào năm 2010. Trước đây, do phần sân nhà tôi được chừa lùi vào bên trong nên chưa ảnh hưởng đến việc sử dụng. Tuy nhiên, hiện nay tôi có nhu cầu khai thác và xây dựng mái hiên trên phần sân, nhưng bị vướng đường dây điện nêu trên. Tôi đã liên hệ với điện lực và được hướng dẫn đây là hệ thống điện chiếu sáng công cộng thuộc đơn vị quản lý khác. Vì vậy, kính đề nghị cơ quan chức năng: - Kiểm tra hiện trạng đường dây điện tại vị trí nêu trên - Có phương án di dời, điều chỉnh phù hợp - Tạo điều kiện để tôi sử dụng phần đất hợp pháp của mình theo quy định Kính mong được quan tâm xem xét và hỗ trợ giải quyết.",Sở Xây dựng trân trọng cảm ơn ý kiến góp ý của Quý công dân và phản hồi một số thông tin như sau: Công ty cổ phần chiếu sáng công cộng đã kiểm tra hiện trường và liên hệ khảo sát với công dân và sắp xếp lên kế hoạch di dời theo kiến nghị. Sở Xây dựng thông tin để Quý công dân được biết. Trân trọng./.,Sở Xây dựng Sở Xây dựng trân trọng cảm ơn ý kiến góp ý của Quý công dân và phản hồi một số thông tin như sau: Công ty cổ phần chiếu sáng công cộng đã kiểm tra hiện trường và liên hệ khảo sát với công dân và sắp xếp lên kế hoạch di dời,Đã xử lý,https://gopy.danang.gov.vn/gop-y?pageid=view&ykien=96248
96212,Da Nang,07:47 07/04/2026,"Tại vị trí trước số nhà 93 Hoàng Đình Ái, phường Hòa Xuân có trụ đèn chiếu sáng (mã trụ: CS44T3E2) đã bị cháy từ lâu nhưng chưa được sửa chữa, khắc phục. Người dân đi lại dễ xảy ra tai nạn. Kính đề nghị cơ quan chức năng kiểm tra, sửa chữa kịp thời để đảm bảo chiếu sáng và an toàn cho người dân. Xin cảm ơn.","Sở Xây dựng trân trọng cảm ơn ý kiến góp ý của Quý công dân và phản hồi một số thông tin như sau: Công ty cổ phần chiếu sáng công cộng đã kiểm tra hiện trường và hoàn thành xử lý kiến nghị, đèn đã đỏ bình thường. Sở Xây dựng thông tin để Quý công dân được biết. Trân trọng./.","Sở Xây dựng Sở Xây dựng trân trọng cảm ơn ý kiến góp ý của Quý công dân và phản hồi một số thông tin như sau: Công ty cổ phần chiếu sáng công cộng đã kiểm tra hiện trường và hoàn thành xử lý kiến nghị, đèn đã đỏ bình thường. Sở Xây dựng thông tin để Quý công dân được biết. Trân trọng./. Ngày trả lời: 15/04/2026",Đã xử lý,https://gopy.danang.gov.vn/gop-y?pageid=view&ykien=96212
96208,Da Nang,07:45 07/04/2026,"Sau lưng khu gia đình quân nhân tại tổ 62, phường Liên Chiểu có 1 đường cống thoát nước nước nhưng vào mùa mưa việc thoát nước cũng không đảm bảo, gây ngập lụt. Hiện nay bên quân đội đang thực hiện lấp cống và thu hẹp đường cống lại (còn khoảng 1m-1m5). Việc thu hẹp đường cống thế này chắc chắn làm ảnh hưởng đến việc thoát nước trong mùa mưa sắp tới. Đề nghị cơ quan chức năng quan tâm, xử lý.","Theo nội dung góp ý của công dân, UBND phường Liên Chiểu đã giao Phòng Kinh tế, Hạ tầng và Đô thị kiểm tra, xử lý. Nay, UBND phường phản hồi như sau: Khu gia đình quân nhân nằm tiếp giáp với Đại đội trinh sát 532. Vừa qua, Đại đội trinh sát thi công xây dựng tường rào và cải tạo mặt bằng khu đất khuôn viên của đơn vị. Trong quá trình đó, người dân phản ánh kiến nghị về việc thi công của đơn vị gây ảnh hưởng đến người dân; trong đó có nội dung liên quan đến cống thoát nước và nhiều nội dung khác. Vì vậy, để thống nhất về giải pháp xử lý, Phòng KTHT&ĐT phường tổ chức cuộc họp với các cơ quan, đơn vị, tổ chức và cá nhân liên quan vào ngày 11/4/2026 (Giấy mời số 19/GM-KTHTĐT ngày 08/4/2026). Kết luận cuộc họp đi đến thống nhất như sau: Đối với mương thoát nước hở trong khuôn viên đất đại đội, đề nghị BCH Quân sự thành phố có hồ sơ thiết kế, phương án thi công đầy đủ, công khai cho bà con nhân dân được biết, thống nhất và giám sát trong quá trình thi công. Trong thời gian có phương án được thống nhất, đại đội tạm dừng thi công tại các vị trí ảnh hưởng đến người dân như đã phản ánh tại cuộc họp. Vậy, UBND phường kính phản hồi thông tin đến công dân được biết. Trân trọng cảm ơn ý kiến đóng góp của công dân!","Trung tâm Thông tin và Giám sát, điều hành thông minh",Đã xử lý,https://gopy.danang.gov.vn/gop-y?pageid=view&ykien=96208
96195,Da Nang,07:33 07/04/2026,"Hố ga thu nước trước nhà 112 Hồ Biểu Chánh không có nắp đan, gây nguy hiểm cho người tham gia giao thông. Bên cạnh đó, tấm đan cống trước nhà 18 Huy Cận cũng bị bể sụp nguy hiểm, gây mùi hôi. Kính báo các cấp, quan tâm xử lý giúp. Xin cảm ơn!","Theo nội dung góp ý của công dân, UBND phường Hòa Cường đã giao cho Phòng Kinh tế, Hạ tầng và Đô thị phường kiểm tra, xử lý. Nay, UBND phường phản hồi như sau: Phòng Kinh tế, Hạ tầng và Đô thị phường đã kiểm tra và thống kê đưa vị trí hư hỏng này vào danh mục hồ sơ duy tu sửa chữa hạ tầng bị hư hỏng trên địa bàn phường năm 2026 để lập, phê duyệt dự toán, bố trí kinh phí và sớm triển khai sửa chữa, khắc phục. Vậy, UBND phường kính phản hồi thông tin đến công dân được biết. Trân trọng cảm ơn ý kiến đóng góp của công dân!",UBND Phường Hòa Cường,Đã xử lý,https://gopy.danang.gov.vn/gop-y?pageid=view&ykien=96195
96173,Da Nang,20:25 06/04/2026,"Đoạn kiệt 65 Tô Hiến Thành, phường An Hải là tuyến đường nối đường đi từ đường Trần Bạch Đằng qua đường Hồ Nghinh. (trên Map thì hiển thị là đường Hồ Nghinh, nhưng số địa nhà lại ghi kiệt 65 Tô Hiến Thành) Tuy nhiên rất nhiều năm đoạn đường này rất xấu, ổ gà rất nhiều, hố ga đi qua đi lại cũng hư rất nhiều lần rồi. Tôi đề nghị chính quyền đổ nhựa đoạn kiệt này để nhân dân đi lại thuận tiện hơn, nhất là khách du lịch nước ngoài họ đi lại rất đông. Không thể đoạn đường Hồ Nghinh và Trần Bạch Đằng đã trải nhựa đi êm đẹp thì đến đoạn kiệt này lại là bê tông, không ăn nhập gì với tuyến đường du lịch trọng điểm của thành phố. Mong các cấp chính quyền lưu tâm xử lý sớm nhất trong năm nay. Chân thành cảm ơn","Theo nội dung góp ý của công dân, UBND phường An Hải phản hồi như sau: Nhận được thông tin phản ánh, qua kiểm tra đoạn đường phản ánh thuộc dự án Tuyến đường 10.5m đoạn từ đường Hồ Nghinh đến đường Trần Bạch Đằng đã được UBND thành phố bố trí vốn đầu tư 20 tỷ trong thời gian đến để đầu tư với quy mô đường bê tông nhựa 10,5m vỉa hè 4.0, hạ tầng đảm bảo việc kết nối hạ tầng giao thông đồng cấp 2 đầu; ngoài ra để đảm bảo đi lại cho nhân dân trước Tết tuyến đường cũng đã được sửa chữa. Vậy, UBND phường kính phản hồi thông tin đến công dân được biết. Trân trọng cảm ơn ý kiến đóng góp của công dân!",UBND Phường An Hải,Đã xử lý,https://gopy.danang.gov.vn/gop-y?pageid=view&ykien=96173
96166,Da Nang,18:31 06/04/2026,"Tôi xin phản ánh tình trạng xuống cấp nghiêm trọng của vỉa hè tại đường Nguyễn Văn Trỗi, cụ thể là đoạn nằm giữa Cháo Dinh Dưỡng Chị Ong Vàng và Nhà Thuốc An Sinh (khu vực phường Bàn Thạch tôi có kèm theo hình ảnh google map và link face book chứa hình ảnh và video). Hiện trạng cụ thể: - Vỉa hè bị sụt lún sâu, tạo thành hố hàm ếch nguy hiểm. - Lớp gạch lát đã bị bong tróc hoàn toàn, gạch đá vỡ vụn nằm ngổn ngang. Khu vực này ngay sát trường Tiểu học Phan Thanh và các cửa hàng dịch vụ trẻ em, y tế nên lưu lượng người đi bộ (đặc biệt là người già và trẻ nhỏ) rất đông. Việc vỉa hè hư hỏng buộc người dân phải đi bộ dưới lòng đường, tiềm ẩn nguy cơ tai nạn giao thông rất cao. Kính mong cơ quan chức năng sớm kiểm tra, khảo sát và có biện pháp duy tu, sửa chữa kịp thời để đảm bảo an toàn cho bà con nhân dân và mỹ quan đô thị tại khu vực này. Tôi xin chân thành cảm ơn!","Theo nội dung góp ý của công dân, UBND phường Bàn Thạch đã giao cho Phòng Kinh tế, Hạ tầng và Đô thị phường kiểm tra, xử lý. Nay, UBND phường phản hồi như sau: Phòng Kinh tế, Hạ tầng và Đô thị phối hợp Trung tâm cung ứng dịch vụ sự nghiệp công với đơn vị thi công xử lý đánh giá hiện trạng như nội dung phản ánh và báo cáo UBND phường có biện pháp triển khai thực hiện. Hiện nay các đơn vị đang khẩn trương thực hiện. Vậy, UBND phường kính phản hồi thông tin đến công dân được biết. Trân trọng cảm ơn ý kiến đóng góp của công dân!",UBND phường Bàn Thạch,Đã xử lý,https://gopy.danang.gov.vn/gop-y?pageid=view&ykien=96166
96150,Da Nang,15:06 06/04/2026,"Tại địa chỉ 44 Nguyễn Công Trứ, phường Hội An Tây đã được xử lý về vấn đề thoát nước, tuy nhiên sau khi xử lý nắp cống không trám lại để mùi hôi bốc lên mỗi chiều và tối hằng ngày. Đề nghị cơ quan chức năng quan tâm, xử lý.","Sau khi nhận được thông tin của công dân, Ủy ban nhân dân phường Hội An Tây đã chỉ đạo Phòng Kinh tế, Hạ tầng và Đô thị phường kiểm tra xử lý. Đến nay việc bốc mùi hôi thối tại vị trí này đã được khắc phục. Vậy, UBND phường kính phản hồi thông tin đến công dân được biết. Trân trọng cảm ơn ý kiến đóng góp của công dân!",UBND phường Hội An Tây,Đã xử lý,https://gopy.danang.gov.vn/gop-y?pageid=view&ykien=96150
96137,Da Nang,13:59 06/04/2026,"Tại K345 Trưng Nữ Vương (nhà thứ 2 từ ngoài kiệt đi vào) đang thi công, họ tập kết vật liệu xây dựng trước nhà 345 chắn lối đi và đổ cả ra lòng đường gây cản trở giao thông. Đề nghị cơ quan chức năng kiểm tra, xử lý.","Theo nội dung góp ý của công dân, UBND Phường Hòa Cường đã giao cho Phòng Kinh tế, Hạ tầng và Đô thị phường kiểm tra, xử lý. Nay, UBND phường phản hồi như sau: Phòng Kinh tế, Hạ tầng và Đô thị phường đã tiến hành làm việc với chủ đầu tư công trình xây dựng, nhắc nhở, yêu cầu chủ đầu tư tập kết vật liệu đúng quy định, tránh làm mất an toàn giao thông và không làm ảnh hưởng đến các hộ dân lân cận. Vậy, UBND phường kính phản hồi thông tin đến công dân được biết. Trân trọng cảm ơn ý kiến đóng góp của công dân!",UBND Phường Hòa Cường,Đã xử lý,https://gopy.danang.gov.vn/gop-y?pageid=view&ykien=96137
96105,Da Nang,09:20 06/04/2026,"Tôi xin hỏi dự án tại khu vực Khe Cạn, phường Thanh Khê khi nào sẽ tiếp tục được triển khai. Tôi cần thêm thông tin để chuẩn bị sửa chữa, nâng nhà. Hiện nay, sau khi nâng cao độ hẻm, cốt nhà tôi lệch khoảng 1m so với mặt đường. Tôi lo lắng khi mùa mưa bão đến sẽ không kịp xử lý, vì việc sửa nhà thường mất khoảng 4–5 tháng, thậm chí có thể kéo dài hơn nếu phát sinh hoặc gặp khó khăn trong việc xin giấy phép xây dựng. Kính mong cơ quan chức năng cung cấp thông tin về tiến độ dự án để người dân chủ động phương án sửa chữa, đảm bảo an toàn./.","Theo nội dung góp ý của công dân, UBND phường Thanh Khê phản hồi như sau: Dự án Tái thiết đô thị khu vực Khe Cạn đã được phê duyệt chủ trương đầu tư tại Quyết định số 1698/QĐ-UBND ngày 03/6/2025 của UBND thành phố Đà Nẵng. Trên cơ sở đó, UBND phường Thanh Khê đã ban hành Quyết định số 1082/QĐ-UBND ngày 12/3/2026 về việc phê duyệt Điều chỉnh quy hoạch chi tiết TL: 1/500 Khu vực cống thoát nước Khe Cạn và đã thực hiện việc công bố quy hoạch điều chỉnh vào ngày 09/4/2026. Hiện nay, UBND phường đã giao Trung tâm cung ứng dịch vụ sự nghiệp công phường phối hợp các đơn vị liên quan khẩn trương triển khai dự án trong năm 2026. Do vậy, đối với việc xin phép xây dựng, cải tạo, sửa chữa nhà đề nghị công dân thực hiện lập hồ sơ xin phép xây dựng và nộp hồ sơ tại Trung tâm phục vụ hành chính công phường Thanh Khê để được chuyển đến Phòng Kinh tế, Hạ tầng và Đô thị phường kiểm tra, hướng dẫn và tham mưu UBND phường cấp phép xây dựng. Vậy, UBND phường Thanh Khê kính phản hồi thông tin đến công dân được biết. Trân trọng cảm ơn ý kiến đóng góp của công dân!",UBND Phường Thanh Khê,Đang xử lý,https://gopy.danang.gov.vn/gop-y?pageid=view&ykien=96105
96104,Da Nang,08:57 06/04/2026,"Đoạn đường trước số nhà 46 đường Hàn Mặc Tử, thuộc phường Hải Châu, hiện có một hố sụt xuống cống khá rộng và sâu. Tình trạng này đã xuất hiện từ trước Tết đến nay, gây mất an toàn cho người tham gia giao thông. Đề nghị cơ quan có thẩm quyền kiểm tra, xử lý và khắc phục kịp thời để đảm bảo an toàn cho người dân khi tham gia giao thông./.","Theo nội dung góp ý của công dân, UBND phường Hải Châu đã giao Phòng Kinh tế, Hạ tầng và Đô thị kiểm tra, xử lý. Nay, UBND phường phản hồi như sau: Ghi nhận phản ánh của người dân, Phòng Kinh tế, Hạ tầng và Đô thị phường đã kiểm tra và xử lý thay thế cửa thu bị hư hỏng tại vị trí 44 Hàn Mặc Tử (có hình ảnh đính kèm) Vậy, UBND phường kính phản hồi thông tin đến công dân được biết. Trân trọng cảm ơn ý kiến đóng góp của công dân!",UBND Phường Hải Châu,Đã xử lý,https://gopy.danang.gov.vn/gop-y?pageid=view&ykien=96104
96098,Da Nang,07:45 06/04/2026,"Tại nút giao thông đường Vũ Lăng – Tôn Đản (hướng từ Đà Nẵng đi Quảng Nam cũ) có đèn giao thông bắt ngang qua đường và cột đèn giao thông (chiều dọc, sát lề đường) bị cây xanh che khuất. Người tham gia giao thông không nhìn thấy tín hiệu của đèn nên đã vi phạm. Đề nghị cơ quan chức năng kiểm tra, xử lý tình trạng này./.","Theo nội dung góp ý của công dân, UBND Phường An Khê đã giao các đơn vị liên quan kiểm tra, xử lý. Nay, UBND phường phản hồi như sau: Phòng Kinh tế, Hạ tầng và Đô thị phường đã phối hợp đơn vị cây xanh cắt tỉa (Hình ảnh kèm theo). Vậy, UBND phường kính phản hồi thông tin đến công dân được biết. Trân trọng cảm ơn ý kiến đóng góp của công dân!",UBND Phường An Khê,Đã xử lý,https://gopy.danang.gov.vn/gop-y?pageid=view&ykien=96098
96074,Da Nang,07:42 06/04/2026,"Trong khoảng 3 đêm gần đây (ngày 2,3,4/4), hệ thống đèn chiếu sáng trên đường Mẹ Suốt, phường Hòa Khánh bị tắt, không hoạt động. Tình trạng này kéo dài trên đoạn khoảng gần 1km, từ ngã ba Hoàng Văn Thái đến gần đường Phạm Như Xương, gây ảnh hưởng đến việc đi lại và nguy cơ mất an toàn giao thông vào ban đêm. Kính đề nghị cơ quan chức năng kiểm tra, khắc phục sớm để đảm bảo hệ thống chiếu sáng hoạt động bình thường./.","Sở Xây dựng trân trọng cảm ơn ý kiến góp ý của Quý công dân và phản hồi một số thông tin như sau: Công ty cổ phần chiếu sáng công cộng đã kiểm tra hiện trường và hoàn thành xử lý kiến nghị, đèn đã đỏ bình thường. Sở Xây dựng thông tin để Quý công dân được biết. Trân trọng./.","Sở Xây dựng Sở Xây dựng trân trọng cảm ơn ý kiến góp ý của Quý công dân và phản hồi một số thông tin như sau: Công ty cổ phần chiếu sáng công cộng đã kiểm tra hiện trường và hoàn thành xử lý kiến nghị, đèn đã đỏ bình thường. Sở Xây dựng thông tin để Quý công dân được biết. Trân trọng./. Ngày trả lời: 14/04/2026",Đã xử lý,https://gopy.danang.gov.vn/gop-y?pageid=view&ykien=96074
96067,Da Nang,07:41 06/04/2026,"Cống thoát nước bên hông số nhà 01 Bình Minh 1, phường Hòa Cường có tình trạng bị trào. Tại đây có nhiều nhà hàng nên vào buổi tối, giờ các nhà hàng này hoạt động, họ xả thải cùng lần thì cống thoát nước không kịp nên sẽ bị trào ra đường gây hôi thối. Nhờ cơ quan chức năng có hướng xử lý./.","Theo nội dung góp ý của công dân, UBND Phường Hòa Cường đã giao Phòng Kinh tế, Hạ tầng và Đô thị kiểm tra, xử lý. Nay, UBND phường phản hồi như sau: Phòng Kinh tế, Hạ tầng và Đô thị tiến hành kiểm tra tại tuyến cống sau lối thoát hiểm đường 2/9 và Bình Minh 1. Qua kiểm tra có ý kiến như sau: - Hiện tuyến cống sau nhà lối thoát hiểm đường 2/9 và Bình Minh 1 lâu ngày không nạo vét, tiết diện cống nhỏ 0,5x0,5m và có cos thấp hơn so với cos vỉa hè là 0,5m, võng đoạn giữa nên nước đọng tại vị trí này khi lưu lượng thoát nước lớn. - Phòng đã tổ chức xử lý sự cố, nạo vét, khơi thông cống rãnh tại khu vực bị tắc. (hình ảnh nạo vét kèm theo). Vậy, UBND phường kính phản hồi thông tin đến công dân được biết. Trân trọng cảm ơn ý kiến đóng góp của công dân!",UBND Phường Hòa Cường,Đã xử lý,https://gopy.danang.gov.vn/gop-y?pageid=view&ykien=96067
96057,Da Nang,07:22 06/04/2026,"Trước đây tôi có phản ánh mã góp ý 94501. Tại khu vực giao lộ đường Thanh Hóa và Trần Nam Trung, phường Hòa Xuân, thường xuyên xảy ra tình trạng nước cống tràn lên mặt đường, bốc mùi hôi thối, gây ô nhiễm môi trường và ảnh hưởng đến việc đi lại của người dân, đặc biệt là xe máy khi di chuyển qua khu vực này. Phía cơ quan chức năng có phản hồi: Để hạn chế tình trạng nước thải tràn ra môi trường tại các cửa xả ven sông Cẩm Lệ và các giếng thăm dọc tuyến đường Trần Nam Trung, Công ty đã tiến hành điều tiết các trạm bơm bằng cách vận hành bơm liên tục vào giờ thấp điểm, giảm mực nước trong cống, tạo chỗ chứa cho nước thải vào giờ cao điểm và bơm dần về Trạm xử lý nước thải Hòa Xuân. Tình trạng trên đã diễn ra khoảng 2–3 tháng nay nhưng đến nay vẫn chưa được xử lý dứt điểm, vẫn tiếp diễn thường xuyên. Người dân cũng chưa thấy có hoạt động cải tạo, sửa chữa nào tại vị trí này. Kính đề nghị cơ quan chức năng kiểm tra, có biện pháp xử lý triệt để (như khơi thông, cải tạo hệ thống thoát nước, đục thông miệng cống…) nhằm chấm dứt tình trạng nước tràn, đảm bảo vệ sinh môi trường và an toàn giao thông./.","Theo nội dung góp ý của công dân, Sở Xây dựng phản hồi như sau: Sau khi phát hiện tình trạng nước thải tràn lên mặt đường Trần Nam Trung, Sở Xây dựng đã chỉ đạo Công ty Thoát nước và Xử lý nước thải tiến hành khảo sát, xác định nguyên nhân và đề xuất giải pháp cụ thể (Công văn số 5165/SXD-HTKT ngày 06/4/2026). Qua khảo sát, nguyên nhân do tuyến ống chuyển tải nước thải bị sụt lún, làm hạn chế khả năng thoát nước, gây quá tải và tràn mặt đường. Hiện, Công ty Thoát nước và Xử lý nước thải đang đề xuất phương án xử lý (do tuyến ống này được lắp đặt ở chiều sâu lớn đến giải pháp tương đối khó khăn, kinh phí lớn). Ngoài ra, hiện nay thành phố đang triển khai dự án Tuyến ống tự chảy D1400 trên đường Võ Chí Công (đoạn từ Trần Nam Trung đến Mai Chí Thọ) nhằm phân chia lưu lượng của tuyến ống đường Trần Nam Trung về tuyến ống mới này. Dự án đang trong giai đoạn hoàn thiện chủ trương đầu tư, dự kiến khởi công trong năm 2026. Sau khi dự án hoàn thành sẽ giải quyết dứt điểm tình trạng nước thải tràn trên đường Trần Nam Trung. Trân trọng cảm ơn ý kiến đóng góp của công dân!",Sở Xây dựng,Đã xử lý,https://gopy.danang.gov.vn/gop-y?pageid=view&ykien=96057
96047,Da Nang,23:42 05/04/2026,"Tôi xin phản ánh tình trạng vỉa hè bị hư hỏng, xuống cấp nghiêm trọng tại khu vực trước địa chỉ số 110B - 112B Nguyễn Hữu Thọ, phường Hòa Cường. Qua quan sát, nhiều đoạn vỉa hè đã bị bong tróc toàn bộ lớp gạch lát, để lộ nền đất cát và xà bần lồi lõm, tạo thành những hố sâu nguy hiểm ngay lối đi bộ và trạm dừng xe buýt. Tôi có đính kèm file docs chứa hình ảnh cụ thể, mong cơ quan chức năng sớm khắc phục. Tôi xin chân thành cảm ơn./.","Theo nội dung góp ý của công dân, Sở Xây dựng phản hồi như sau: Công ty CP Cầu đường Đà Nẵng đã tiếp nhận thông tin và triển khai khắc phục các vị trí vỉa hè hư hỏng theo như phản ánh (đính kèm hình ảnh hiện trạng). Sở Xây dựng thông tin để Quý công dân được biết. Trân trọng./.",Sở Xây dựng,Đang xử lý,https://gopy.danang.gov.vn/gop-y?pageid=view&ykien=96047
96046,Da Nang,23:36 05/04/2026,"Kính gửi cơ quan chức năng. Tôi xin phản ánh tình trạng hư hỏng nghiêm trọng của vỉa hè tại địa chỉ 849 Ngô Quyền, phường An Hải. Hiện tại, khu vực vỉa hè phía trước địa chỉ này đã bị xuống cấp hoàn toàn; lớp gạch lát bị bong tróc, vỡ vụn và nằm ngổn ngang trên diện tích lớn. Bề mặt nền chỉ còn trơ lại đất cát và xà bần, tạo thành nhiều hố lồi lõm rất mất mỹ quan đô thị. Mong cơ quan chức năng kiểm tra, khắc phục./.","Theo nội dung góp ý của công dân, Sở Xây dựng phản hồi như sau: Công ty CP Cầu đường đã triển khai khắc phục vị trí vỉa hè hư hỏng nêu trên (đính kèm hình ảnh). Vậy kính phản hồi thông tin đến công dân được biết. Trân trọng cảm ơn ý kiến đóng góp của công dân!",Sở Xây dựng,Đã xử lý,https://gopy.danang.gov.vn/gop-y?pageid=view&ykien=96046
96045,Da Nang,22:16 05/04/2026,"Cây xanh trước 338 Ngũ Hành Sơn đoạn giao Lê Văn Hưu bật gốc ngã nghiêng hẳn ra đường ngay cột đèn tín hiệu giao thông, đường dẫn điện chiếu sáng, nơi lưu lượng người lưu thông, dừng đèn đỏ đông gây nguy hiểm, mất an toàn. Nhờ công ty cây xanh xử lý gấp./.","Sở Xây dựng trân trọng cảm ơn ý kiến góp ý của Quý công dân và phản hồi một số thông tin như sau: Công ty Công viên - Cây xanh đã kiểm tra thực tế và thực hiện chặt hạ, không trồng thay thế do sát ngay trụ đèn tín hiệu giao thông, kèm theo Biên bản kiểm tra hiện trường. Dự kiến hoàn thành ngày 09/4/2026. Sở Xây dựng thông tin để Quý công dân được biết. Trân trọng./.","Sở Xây dựng Sở Xây dựng trân trọng cảm ơn ý kiến góp ý của Quý công dân và phản hồi một số thông tin như sau: Công ty Công viên - Cây xanh đã kiểm tra thực tế và thực hiện chặt hạ, không trồng thay thế do sát ngay trụ đèn tín hiệu giao thông, kèm",Đã xử lý,https://gopy.danang.gov.vn/gop-y?pageid=view&ykien=96045
96040,Da Nang,20:46 05/04/2026,"Khu vực tổ 1 và tổ 4, Tổ dân phố Trà Kiểm, phường Hoà Xuân khoảng 2 ngày nay nguyên cả tuyến đường không có điện chiếu sáng công cộng. Kính mong cơ quan xử lý. Cảm ơn./.","Sở Xây dựng trân trọng cảm ơn ý kiến góp ý của Quý công dân và phản hồi một số thông tin như sau: Công ty cổ phần chiếu sáng công cộng đã kiểm tra hiện trường và hoàn thành xử lý kiến nghị, đèn đã đỏ bình thường. Sở Xây dựng thông tin để Quý công dân được biết. Trân trọng./.","Sở Xây dựng Sở Xây dựng trân trọng cảm ơn ý kiến góp ý của Quý công dân và phản hồi một số thông tin như sau: Công ty cổ phần chiếu sáng công cộng đã kiểm tra hiện trường và hoàn thành xử lý kiến nghị, đèn đã đỏ bình thường. Sở Xây dựng thông tin để Quý công dân được biết. Trân trọng./. Ngày trả lời: 14/04/2026",Đã xử lý,https://gopy.danang.gov.vn/gop-y?pageid=view&ykien=96040
96039,Da Nang,19:49 05/04/2026,"Đèn chiếu sáng tại 97 đường Thanh Vinh 8, phường Liên Chiểu bị hỏng không sáng. Mong cơ quan chức năng kiểm tra, xử lý./.","Sở Xây dựng trân trọng cảm ơn ý kiến góp ý của Quý công dân và phản hồi một số thông tin như sau: Công ty cổ phần chiếu sáng công cộng đã kiểm tra hiện trường và hoàn thành xử lý kiến nghị, đèn đã đỏ bình thường. Sở Xây dựng thông tin để Quý công dân được biết. Trân trọng./.","Sở Xây dựng Sở Xây dựng trân trọng cảm ơn ý kiến góp ý của Quý công dân và phản hồi một số thông tin như sau: Công ty cổ phần chiếu sáng công cộng đã kiểm tra hiện trường và hoàn thành xử lý kiến nghị, đèn đã đỏ bình thường. Sở Xây dựng thông tin để Quý công dân được biết. Trân trọng./. Ngày trả lời: 14/04/2026",Đã xử lý,https://gopy.danang.gov.vn/gop-y?pageid=view&ykien=96039
96036,Da Nang,18:49 05/04/2026,"Đèn chiếu sáng tại K72 đường Nguyễn Đình - Phường An Hải bị hỏng không sáng. Mong cơ quan chức năng kiểm tra, xử lý./.","Sở Xây dựng trân trọng cảm ơn ý kiến góp ý của Quý công dân và phản hồi một số thông tin như sau: Công ty cổ phần chiếu sáng công cộng đã kiểm tra hiện trường và hoàn thành xử lý kiến nghị, đèn đã đỏ bình thường. Sở Xây dựng thông tin để Quý công dân được biết. Trân trọng./.","Sở Xây dựng Sở Xây dựng trân trọng cảm ơn ý kiến góp ý của Quý công dân và phản hồi một số thông tin như sau: Công ty cổ phần chiếu sáng công cộng đã kiểm tra hiện trường và hoàn thành xử lý kiến nghị, đèn đã đỏ bình thường. Sở Xây dựng thông tin để Quý công dân được biết. Trân trọng./. Ngày trả lời: 14/04/2026",Đã xử lý,https://gopy.danang.gov.vn/gop-y?pageid=view&ykien=96036
96034,Da Nang,18:12 05/04/2026,"Tại địa chỉ 126 Hoàng Hoa Thám, Thanh Khê có đơn vị đến thi công nối dây camera giao thông nhưng khi thi công xong thì để lại đống đá và đất, không thu dọn. Mong cơ quan chức năng kiểm tra, xử lý./.","Theo nội dung góp ý của công dân, UBND phường Thanh Khê phản hồi như sau: Sau khi tiếp nhận thông tin công dân phản ánh, UBND phường đã chỉ đạo lực lượng chức năng của phường kiểm tra thực tế, yêu cầu đơn vị thi công dọn dẹp giá hạ, xà bần, trả lại nguyên trạng ban đầu vỉa hè tại khu vực. Vậy, UBND phường kính phản hồi thông tin đến công dân được biết. Trân trọng cảm ơn ý kiến đóng góp của công dân!",UBND Phường Thanh Khê,Đã xử lý,https://gopy.danang.gov.vn/gop-y?pageid=view&ykien=96034
96028,Da Nang,16:08 05/04/2026,Tôi là người dân sinh sống trên trục đường Yên Thế - Bắc Sơn thuộc Phường An Khê. Công viên Yên Thế - Bắc Sơn không bật điện chiếu sáng hơn 1 năm nay. Công viên này được thành phố đầu tư rất đẹp và khang trang phục vụ cho sinh hoạt cộng đồng của nhân dân tại phường. Mỗi tối người dân rất đông đi tập thể dục thể thao trên trục đường đồng thời nhân dân ra vui chơi sinh hoạt cộng đồng. Tuy nhiên hơn 1 năm qua dù là ngày lễ lớn hay tết thì điện chiếu sáng phục vụ cảnh quan không sáng. Mong cơ quan chức năng kiểm tra và mở điện chiếu sáng khu vực này./.,"Sau khi tiếp nhận thông tin, UBND phường An Khê đã giao các đơn vị liên quan, kiểm tra thực tế và xử lý kiến nghị, phản ánh của công dân như sau: Hiện nay Phòng Kinh tế, Hạ tầng và Đô thị phường đã phối hợp Điện lực Cẩm Lệ và Công ty vận hành điện chiếu sáng Công cộng Đà Nẵng để kiểm tra sớm khắc phục trong thời gian đến phục vụ cho sinh hoạt cộng đồng của nhân dân. Vậy, UBND phường kính phản hồi thông tin đến công dân được biết. Trân trọng cảm ơn ý kiến đóng góp của công dân!",UBND Phường An Khê,Đã xử lý,https://gopy.danang.gov.vn/gop-y?pageid=view&ykien=96028
96019,Da Nang,13:09 05/04/2026,"Vỉa hè hư hỏng, bong tróc tại quán Hải sản Lão Đại, lô A2-1 đường Võ Văn Kiệt, phường An Hải. Mong cơ quan chức năng sớm khắc phục để đảm bảo an toàn và mỹ quan đô thị. Tôi xin chân thành cảm ơn./.","Theo nội dung góp ý của công dân, Sở Xây dựng phản hồi như sau: Công ty CP Cầu đường đã triển khai khắc phục vị trí vỉa hè hư hỏng nêu trên (đính kèm hình ảnh). Vậy kính phản hồi thông tin đến công dân được biết. Trân trọng cảm ơn ý kiến đóng góp của công dân!",Sở Xây dựng,Đã xử lý,https://gopy.danang.gov.vn/gop-y?pageid=view&ykien=96019
96009,Da Nang,10:22 05/04/2026,"Kính đề nghị chính quyền xem xét việc phân luồng giao thông, tín hiệu đèn giao thông tại bùng binh Nguyễn Hữu Thọ, Duy Tân, Lê Đình Lý. Tín hiệu đèn rất bất hợp lý, đường Duy Tân hướng từ Trưng Nữ Vương sang Nguyễn Hũu Thọ khi đèn xanh thì đối đầu với Lê Đình Lý sang Nguyễn Hữu Thọ cũng đèn xanh. Nguyễn Hữu Thọ hướng từ BV Quân Y sang đi hết 2/3 vòng bùng binh thì đối đầu với hướng Nguyễn Hữu Thọ ngược lại. Nếu không có phương án khả thi thì kính đề nghị bỏ đèn giao thông tại đây. Xin cảm ơn./.","Sở Xây dựng trân trọng cảm ơn ý kiến góp ý của Quý công dân và phản hồi một số thông tin như sau: Nút giao Nguyễn Hữu Thọ - Duy Tân - Lê Đình Lý là nút giao có bố trí đảo giao thông trung tâm, lưu lượng phương tiện qua nút lớn, với thành phần phương tiện đa dạng gồm xe tải, xe khách cỡ lớn, xe con và xe mô tô, xe gắn máy (trong đó xe hai bánh chiếm tỷ lệ khoảng 90%). Trước khi triển khai dự án, vào các khung giờ cao điểm, lưu lượng phương tiện tham gia giao thông đã vượt quá năng lực thông hành của nút, thường xuyên xảy ra tình trạng ùn ứ, ách tắc giao thông tại khu vực. Công trình: Sửa chữa, điều chỉnh, khắc phục, tăng cường đảm bảo an toàn giao thông tại nút giao Nguyễn Hữu Thọ - Duy Tân - Lê Đình Lý đến nay đã hoàn thành thi công và được đưa vào vận hành hệ thống đèn tín hiệu giao thông (chu kỳ xanh – vàng – đỏ) kể từ 16h00 ngày 30/9/2025. Hiện nay, do đặc thù nút giao có tổ chức vòng xuyến, các phương tiện khi tham gia giao thông trong khu vực nút có xu hướng tự điều tiết. Với chu kỳ điều khiển đèn tín hiệu hiện tại, do tổ chức các hướng giao thông tại nút tương đối phức tạp nên vẫn còn xảy ra hiện tượng giao cắt nhẹ giữa các dòng xe trong phạm vi nút; tuy nhiên mức độ ảnh hưởng không đáng kể và khôngảnh hưởng lớn đến khả năng thông hành chung của nút giao; Trường hợp điều chỉnh chu kỳ đèn tín hiệu theo hướng tăng thời gian đèn đỏ cho tất cả các pha có thể góp phần giảm xung đột giữa các hướng giao thông. Tuy nhiên, giải pháp này đồng thời làm gia tăng thời gian chờ của phương tiện tại các hướng tiếp cận nút, kéo theo tăng thời gian thông hành qua nút giao Nguyễn Hữu Thọ - Duy Tân - Lê Đình Lý; Việc gia tăng thời gian thông hành qua nút có nguy cơ gây ùn ứ cục bộ trên các trục đường Nguyễn Hữu Thọ, Duy Tân và Lê Đình Lý, là các tuyến có lưu lượng phương tiện lớn, đặc biệt trong các khung giờ cao điểm. Chu kỳ đèn tín hiệu giao thông hiện đang vận hành tại nút giao Nguyễn Hữu Thọ - Duy Tân - Lê Đình Lý đã được Sở Xây dựng chỉ đạo Ban Bảo trì công trình hạ tầng Đà Nẵng phối hợp với các đơn vị liên quan nghiên cứu, điều chỉnh trên cơ sở đánh giá tình hình giao thông thực tế tại nút. Việc xây dựng phương án chu kỳ đèn được thực hiện theo hướng đảm bảo hài hòa giữa khả năng thông hành của các hướng lưu thông qua nút, đồng thời xét đến ảnh hưởng đến tình hình giao thông trên các trục đường Nguyễn Hữu Thọ, Duy Tân và Lê Đình Lý. Đến nay, tình hình giao thông tại nút cơ bản ổn định, đảm bảo an toàn, không còn xảy ra ùn tắc kéo dài. Trong thời gian đến, Sở Xây dựng sẽ tiếp tục phối hợp với địa phương, đơn vị liên quan theo dõi, đánh giá tình hình tổ chức giao thông tại nút giao; kịp thời chỉ đạo các đơn vị liên quan nghiên cứu, điều chỉnh phù hợp khi cần thiết, nhằm tạo điều kiện thuận lợi cho các phương tiện tham gia giao thông, đồng thời đảm bảo trật tự an toàn giao thông khu vực nút giao. Vậy, Sở Xây dựng thông tin để công dân được biết. Trân trọng./.","Sở Xây dựng Sở Xây dựng trân trọng cảm ơn ý kiến góp ý của Quý công dân và phản hồi một số thông tin như sau: Nút giao Nguyễn Hữu Thọ - Duy Tân - Lê Đình Lý là nút giao có bố trí đảo giao thông trung tâm, lưu lượng phương tiện qua nút lớn, với thành phần phương tiện đa dạng gồm xe tải, xe khách cỡ lớn, xe con và xe mô tô, xe gắn máy (trong đó xe hai bánh chiếm tỷ lệ khoảng 90%). Trước khi triển khai dự án, vào các khung giờ cao điểm, lưu lượng phương tiện tham gia giao thông đã vượt quá năng lực thông hành của nút, thường xuyên xảy ra tình trạng ùn ứ, ách tắc giao thông tại khu vực. Công trình: Sửa chữa, điều chỉnh, khắc phục, tăng cường đảm bảo an toàn giao thông tại nút giao Nguyễn Hữu Thọ - Duy Tân - Lê Đình Lý đến nay đã hoàn thành thi công và được đưa vào vận hành hệ thống đèn tín hiệu giao thông (chu kỳ xanh – vàng – đỏ) kể từ 16h00 ngày 30/9/2025. Hiện nay, do đặc thù nút giao có tổ chức vòng xuyến, các phương tiện khi tham gia giao thông trong khu vực nút có xu hướng tự điều tiết. Với chu kỳ điều khiển đèn tín hiệu hiện tại, do tổ chức các hướng giao thông tại nút tương đối phức tạp nên vẫn còn xảy ra hiện tượng giao cắt nhẹ giữa các dòng xe trong phạm vi nút; tuy nhiên mức độ ảnh hưởng không đáng kể và khôngảnh hưởng lớn đến khả năng thông hành chung của nút giao; Trường hợp điều chỉnh chu kỳ đèn tín hiệu",Đã xử lý,https://gopy.danang.gov.vn/gop-y?pageid=view&ykien=96009
96003,Da Nang,09:05 05/04/2026,"Ngày 2/4 Phòng Kinh tế, Hạ tầng và Đô thị phường Hội An phản hồi ý kiến công dân về đèn chiếu sáng tại kiệt bên hông nhà lao Hội An, phường Hội An đã khắc phục xong. Nhưng thực tế đèn chiếu sáng vẫn không sáng. Kính mong UBND phường cho kiểm tra và khắc phục./.","Theo nội dung góp ý của công dân, UBND phường Hội An đã giao cho Phòng Kinh tế, Hạ tầng và Đô thị phường kiểm tra, xử lý. Nay, UBND phường phản hồi như sau: Phòng Kinh tế, Hạ tầng và Đô thị phường Hội An đã kiểm tra và khắc phục xong. Hiện nay đèn chiếu sáng đã hoạt động bình thường. Vậy, UBND phường kính phản hồi thông tin đến công dân được biết. Trân trọng cảm ơn ý kiến đóng góp của công dân!",UBND phường Hội An,Đã xử lý,https://gopy.danang.gov.vn/gop-y?pageid=view&ykien=96003
96000,Da Nang,08:24 05/04/2026,"Tự ý trồng cây lên đất trống lấn chiếm vỉa hè tại 09 An Hải 22. Ngoài ra chủ nhà này còn dựng giàn leo tưới cây gây ô nhiễm môi trường. Đề nghị kiểm tra, xử lý./.","Theo nội dung góp ý của công dân, UBND phường An Hải đã giao Trung tâm cung ứng dịch vụ sự nghiệp công kiểm tra, xử lý. Nay, UBND phường phản hồi như sau: Theo phản ánh, Tổ công tác của Trung tâm Cung ứng dịch vụ sự nghiệp công đã tiến hành làm việc với chủ nhà số 09 đường An Hải 22 liên quan đến việc phản ánh của công dân, qua đó chủ nhà đã chấp hành di chuyển cây cảnh để trên vỉa hè vào sát tường nhà, nhắc nhở chấm dứt việc tưới cây gây mùi hôi ảnh hưởng đến người dân xung quanh, nếu tái phạm sẽ đề xuất cơ quan thẩm quyền xử lý theo quy định. Vậy, UBND phường kính phản hồi thông tin đến công dân được biết. Trân trọng cảm ơn ý kiến đóng góp của công dân!",UBND Phường An Hải,Đã xử lý,https://gopy.danang.gov.vn/gop-y?pageid=view&ykien=96000
95999,Da Nang,07:59 05/04/2026,"Công trình xây dựng tại 50 Bình Thái 3 đang thi công nên lấn chiếm vỉa hè để vật liệu xây dựng, để tràn ra cả lòng đường, cản trở giao thông hết 1 làn đường. Đã nhắc nhở nhưng vẫn chây ì kéo dài, gây nguy hiểm cho các phương tiện, người dân khi qua lại. Không rõ vì sao chính quyền cho phép việc chiếm dụng vỉa hè, lòng đường trong thời gian dài như vậy, trong khi thành phố đang ra quân ""trả lại vỉa hè"". Đề nghị cơ quan chức năng xử lý kịp thời!","Theo nội dung góp ý của công dân, được sự phân công của UBND phường Cẩm Lệ, Trung tâm Cung ứng dịch vụ sự nghiệp công đã tổ chức kiểm tra xử lý và báo cáo kết quả như sau: Ngày 08/4/2026, Trung tâm đã tiến hành kiểm tra và mời làm việc đại diện chủ đầu tư bà L. T. T. M. và đơn vị thi công ông N. T. H. Hiện tại công trình đang triển khai phần móng nhà, nên vật liệu chở về đổ không có người nhắc nhở kiểm tra và xe tải đổ tràn ra đường. Trung tâm yêu cầu đơn vị thi công thu dọn và chú ý, vật liệu tràn ra đường sẽ gây ra tai nạn giao thông và mỹ quan đô thị. Đề nghị chủ nhà chú ý, tránh làm ảnh hưởng đến khu dân cư và gây mất vệ sinh môi trường. Trung tâm đã yêu cầu đơn vị thi công chú ý hơn, việc thi công xây dựng không nên làm ảnh hưởng đến sinh hoạt, nghỉ ngơi của các hộ dân lân cận, đặc biệt không để máy móc, giàn giáo bên ngoài đường kiệt nhằm đảm bảo an toàn giao thông đi lại tại khu dân cư. Không tập kết đá gạch, xà bần, quét dọn sau một ngày thi công và các ngày nghỉ cuối tuần; Đơn vị thi công thống nhất các nội dung trên. Chủ nhà và đơn vị thi công rất mong các hộ dân thông cảm, tạo điều kiện để gia đình sớm hoàn thiện nhà và ổn định cuộc sống của gia đình và cũng như trả lại môi trường trong sạch và bình yên cho khu phố. Qua kiểm tra đơn vị thi công đã tạm khắc phục (có biên bản và hình ảnh kèm theo). Vậy, UBND phường kính phản hồi thông tin đến công dân được biết. Trân trọng cảm ơn ý kiến đóng góp của công dân!",UBND Phường Cẩm Lệ,Đã xử lý,https://gopy.danang.gov.vn/gop-y?pageid=view&ykien=95999
95984,Da Nang,21:10 04/04/2026,"Khu công viên phường Ngũ Hành Sơn đoạn nhà đa năng đường Võ Như Hưng không có điện đường, buổi tối nhiều trẻ em chơi rất nguy hiểm. Đề nghị mở điện chiếu sáng khu vực này để đảm bảo an toàn cho các cháu nhỏ./.","Theo nội dung phản ánh của công dân, UBND phường Ngũ Hành Sơn đã giao Phòng Kinh tế, Hạ tầng và Đô thị phường kiểm tra xử lý. Nay, UBND phường phản hồi như sau: UBND phường đã tổ chức kiểm tra các công viên vườn dạo trên địa bàn phường vào ngày 14 và ngày 15/4/2026. Theo đó UBND phường giao Phòng Kinh tế, Hạ tầng và Đô thị và Trung tâm cung ứng dịch vụ sự nghiệp công phối hợp dự toán kinh phí mua sắm, sửa chữa, lắp đặt điện chiếu sáng, thiết bị thể dục thể thao, trồng bổ sung cây xanh, cải tạo vỉa hè tại các công viên vườn dạo trình HĐND phê duyệt. Vậy, UBND phường kính phản hồi thông tin đến công dân được biết. Trân trọng cảm ơn ý kiến đóng góp của công dân!",UBND Phường Ngũ Hành Sơn,Đã xử lý,https://gopy.danang.gov.vn/gop-y?pageid=view&ykien=95984
95973,Da Nang,18:36 04/04/2026,Đề xuất lắp điện chiếu sáng và thu gom rác thải khu đô thị 1A đường Trịnh Hoài Đức - Phường Điện Bàn Đông - TP Đà Nẵng: Khu đô thị 1A dân cư ở cũng rất nhiều nhưng hiện tại đường Trịnh Hoài Đức vẫn chưa có điện chiếu sáng và bên môi trường không thu gom rác của khu đô thị gây bất tiện trong sinh hoạt của người dân. Kính đề nghị các cơ quan ban ngành và chủ đầu tư khu đô thị xem xét để nâng cao đời sống cho nhân dân khu đô thị. Xin cảm ơn!,"Theo nội dung góp ý của công dân, UBND phường Điện Bàn Đông đã giao cho Trung tâm Cung ứng dịch vụ sự nghiệp công phường kiểm tra, xử lý. Nay, UBND phường phản hồi như sau: Trung tâm cung ứng Dịch vụ sự nghiệp công làm việc cùng công ty môi trường rà soát và thu gom rác thải định kỳ tại các khu đô thị hiện tại trên địa bàn phường. Đồng thời, Trung tâm đã làm việc với ban quản lý dự án, quản lý của các khu đô thị trên địa bàn phường kiểm tra hệ thống đèn điện thắp sáng phục vụ người dân, sẽ có triển khai trong thời gian sớm nhất. Vậy, UBND phường kính phản hồi thông tin đến công dân được biết. Trân trọng cảm ơn ý kiến đóng góp của công dân!",UBND phường Điện Bàn Đông,Đã xử lý,https://gopy.danang.gov.vn/gop-y?pageid=view&ykien=95973
95968,Da Nang,16:11 04/04/2026,"Miệng cống thoát nước ngay ngã tư đường Lý Nhân Tông - Phan Đăng Lưu bị bể, sụp gây nguy cơ tai nạn cho người đi bộ, xe máy. Đề nghị cơ quan chức năng khắc phục./.","Theo nội dung góp ý của công dân, UBND phường Hòa Cường đã giao Phòng Kinh tế, Hạ tầng và Đô thị kiểm tra, xử lý. Nay, UBND phường phản hồi như sau: Phòng Kinh tế, Hạ tầng và Đô thị phường đã kiểm tra và thống kê đưa vị trí hư hỏng này vào danh mục hồ sơ duy tu sửa chữa hạ tầng bị hư hỏng trên địa bàn phường năm 2026 để lập, phê duyệt dự toán, bố trí kinh phí và sớm triển khai sửa chữa, khắc phục. Vậy, UBND phường kính phản hồi thông tin đến công dân được biết. Trân trọng cảm ơn ý kiến đóng góp của công dân!",UBND Phường Hòa Cường,Đã xử lý,https://gopy.danang.gov.vn/gop-y?pageid=view&ykien=95968
95954,Da Nang,11:06 04/04/2026,"Tôi có phản ánh Cây xanh bị chết tại 128 Trần Cao Vân, phường Thanh Khê. Không biết khi nào sẽ được giải quyết./.","Theo nội dung góp ý của công dân, Sở Xây dựng phản hồi như sau: Trường hợp cây xanh, chết khô trên vỉa hè khu vực số nhà 128 Trần Cao Vân, Ban quản lý dự án các công trình giao thông và nông nghiệp đã kiểm tra, dự kiến tổ chức chặt hạ trồng thay thế, hoàn thành trước ngày 10/4/2026. Vậy, kính phản hồi thông tin đến công dân được biết. Trân trọng cảm ơn ý kiến đóng góp của công dân!","Trung tâm Thông tin và Giám sát, điều hành thông minh",Đã xử lý,https://gopy.danang.gov.vn/gop-y?pageid=view&ykien=95954
95932,Da Nang,08:24 04/04/2026,"Tôi là người dân ở xã Hòa Tiến. Hiện nay đường liên thôn tại thôn Nam Sơn, xã Hòa Tiến đã dừng thi công từ trước Tết đến nay vẫn chưa thi công lại. Đến nay đã gần 3 năm rồi vẫn chưa hoàn thành. Công trình gây bụi bặm, đất đá nhiều khiến người dân đi dễ té. Kính mong cơ quan chức năng kiểm tra, sớm hoàn thành để an toàn cho người dân khi lưu thông./.","Theo nội dung góp ý của công dân, UBND xã Hòa Tiến phản hồi như sau: - Dự án khởi công gói thầu Xây lắp từ tháng 12/2023 và dự kiến hoàn thành vào 31/12/2025; nhà thầu thực hiện là Liên danh Công ty TNHH Trường Đức và Công ty TNHH Xây dựng và Kinh doanh tổng hợp Việt Linh. - Tiến độ thi công gói thầu Xây lắp: Đã hoàn thành mương thoát nước, nền và thảm nhựa mặt đường nhánh 2. Nhánh 1 đã thi công hoàn thành mương thoát nước, các cống thoát nước và gia cố lát mái taluy đường; Đã thi công hoàn thành nền và thảm nhựa mặt đường từ Km0+00 - Km0+426,23m và đoạn Km0+890,55m - Km0+1384,57m với chiều dài 920,25m/1.184,74; Đoạn từ Km0+426,23m đến Km0+865,14m (chiều dài 438,91) đã thi công hoàn thành nền cấp phối đá dăm. - Dự án được đầu tư từ nguồn vốn ngân sách thành phố do Ban quản lý đầu tư xây dựng khu vực Hoà Vang điều hành. Thực hiện chủ trương của UBND thành phố về việc sáp nhập các Ban Quản lý dự án và bố trí về UBND các xã, phường kể từ ngày 01/01/2026, Trung tâm Cung ứng dịch vụ sự nghiệp công xã Hòa Tiến tiếp nhận nhiệm vụ quản lý dự án. Tuy nhiên, trên thực tế đến ngày 12/01/2026, UBND xã Hòa Tiến mới tiếp nhận đầy đủ hồ sơ pháp lý và các tài liệu liên quan. Trong quá trình bàn giao hồ sơ, khối lượng và trách nhiệm quản lý giữa các đơn vị đã phát sinh nhiều khó khăn, dẫn đến gián đoạn trong công tác chỉ đạo, điều hành và tổ chức thi công. Bên cạnh đó, dự án đã hết thời gian thực hiện theo kế hoạch ban đầu. Việc điều chỉnh thời gian thực hiện và các nội dung liên quan phải tuân thủ theo quy định hiện hành, cần thời gian để rà soát, hoàn thiện hồ sơ và trình cấp có thẩm quyền phê duyệt, làm ảnh hưởng đến tiến độ chung của dự án. - Ngày 13/4/2026 UBND xã Hoà Tiến đã ban hành Quyết định về phê duyệt điều chỉnh dự án, trong đó có điều chỉnh thời gian thực hiện dự án làm cơ sở tiếp tục triển khai các hạng mục còn lại (đính kèm Quyết định). Trên cơ sở đó, Trung tâm Cung ứng dịch vụ sự nghiệp công đã yêu cầu đơn vị thi công, đơn vị giám sát khẩn trương huy động nhân lực, thiết bị, tập trung đẩy nhanh tiến độ thi công, hoàn thành trước ngày 30/4/2026 để đảm bảo đi lại cho người dân trong khu vực. Vậy, UBND xã kính phản hồi thông tin đến công dân được biết. Trân trọng cảm ơn ý kiến đóng góp của công dân!",UBND Xã Hòa Tiến,Đã xử lý,https://gopy.danang.gov.vn/gop-y?pageid=view&ykien=95932
95920,Da Nang,21:17 03/04/2026,"Đèn chiếu sáng tại ngã tư đường Hoàng Hà (Đức Tín cũ) và đường Đầm Sen 2, phường Ngũ Hành Sơn không sáng. Kính đề nghị cơ quan chức năng kiểm tra và xử lý./.","Sở Xây dựng trân trọng cảm ơn ý kiến góp ý của Quý công dân và phản hồi một số thông tin như sau: Công ty cổ phần chiếu sáng công cộng đã kiểm tra hiện trường và hoàn thành xử lý kiến nghị, đèn đã đỏ bình thường. Sở Xây dựng thông tin để Quý công dân được biết. Trân trọng./.","Sở Xây dựng Sở Xây dựng trân trọng cảm ơn ý kiến góp ý của Quý công dân và phản hồi một số thông tin như sau: Công ty cổ phần chiếu sáng công cộng đã kiểm tra hiện trường và hoàn thành xử lý kiến nghị, đèn đã đỏ bình thường. Sở Xây dựng thông tin để Quý công dân được biết. Trân trọng./. Ngày trả lời: 17/04/2026",Đã xử lý,https://gopy.danang.gov.vn/gop-y?pageid=view&ykien=95920
95888,Da Nang,13:43 03/04/2026,"Tại ngã 3 Trần Hưng Đạo và Nại Tú 2, phường Sơn Trà, hiện tại có 1 cái cống (nằm hướng chỗ cua đường Trần Hưng Đạo, ngay trước số nhà 65 Trần Hưng Đạo) bị tắc. Khoảng 10 ngày nay không rõ nước ở đâu tràn lên, không thoát được, gây hôi thối, ô nhiễm môi trường. Mong cơ quan chức năng kiểm tra xử lý tình trạng này./.",Sở Xây dựng trân trọng cảm ơn ý kiến góp ý của Quý công dân và phản hồi một số thông tin như sau: Công ty Thoát nước và Xử lý nước thải đã kiểm tra hiện trường và hoàn thành khắc phục kiến nghị vào ngày 09/4/2026. Sở Xây dựng thông tin để Quý công dân được biết. Trân trọng./.,Sở Xây dựng Sở Xây dựng trân trọng cảm ơn ý kiến góp ý của Quý công dân và phản hồi một số thông tin như sau: Công ty Thoát nước và Xử lý nước thải đã kiểm tra hiện trường và hoàn thành khắc phục kiến nghị vào ngày 09/4/2026. Sở Xây dựng thông tin để Quý công dân được biết. Trân trọng./. Ngày trả lời: 14/04/2026,Đã xử lý,https://gopy.danang.gov.vn/gop-y?pageid=view&ykien=95888
95866,Da Nang,09:05 03/04/2026,"Trụ điện trước nhà 24 - 26 Cổ Mân Mai 1, phường Hòa Xuân có quá nhiều dây điện và công tơ tầm thấp gây mất mỹ quan, an toàn điện. Dây thả xuống chỉ cách mặt đất hơn 1 mét, công tơ thấp nhất chưa tới 2m nên khá nguy hiểm và nhìn rất xấu xí. Dây tín hiệu TV (màu trắng) đã từ lâu không còn dùng tới nhưng vẫn còn treo rất nhiều trên trụ. Ngoài ra các hộp công tơ đã rất cũ, vỡ nát. Mong các bên điện lực gom công tơ điện và treo cao lên cho đảm bảo an toàn, mỹ quan đường phố./.","Theo nội dung góp ý của công dân, Điện lực Đà Nẵng đã xử lý Vậy, kính phản hồi thông tin đến công dân được biết. Trân trọng cảm ơn ý kiến đóng góp của công dân!",Điện lực Đà Nẵng,Đã xử lý,https://gopy.danang.gov.vn/gop-y?pageid=view&ykien=95866
95864,Da Nang,09:01 03/04/2026,"Hiện nay trước đầu kiệt 87 Nguyễn Du, phường Hải Châu có hố ga thu nước, miệng hố thu bị sụp hỏng, gây nguy hiểm cho người ra vào. Kính đề nghị UBND phường Hải Châu cho kiểm tra khắc phục./.","UBND phường Hải Châu phản hồi ý kiến phản ánh của công dân như sau: Sau khi nhận được phản ánh của công dân, UBND phường giao cho Phòng Kinh tế, Hạ tầng và Đô thị phường kiểm tra và xử lý. Phòng Kinh tế, Hạ tầng và Đô thị phường đã kiểm tra, và sửa chữa vị trí cửa thu bị hư hỏng tại trước 87 Nguyễn Du (có hình ảnh đính kèm). Vậy, UBND phường kính phản hồi thông tin đến công dân được biết. Trân trọng cảm ơn ý kiến đóng góp của công dân!",UBND Phường Hải Châu UBND phường Hải Châu phản hồi ý kiến phản ánh của công dân như sau:,Đã xử lý,https://gopy.danang.gov.vn/gop-y?pageid=view&ykien=95864
95861,Da Nang,08:53 03/04/2026,"Bóng điện chiếu sáng đối diện số nhà 178 Hoàng Đình Ái, phường Hòa Xuân, thành phố Đà Nẵng bị hư, gây ảnh hưởng giao thông. Đề nghị cơ quan chức năng kiểm tra, sửa chữa để đảm bảo an toàn cho người dân./.","Sở Xây dựng trân trọng cảm ơn ý kiến góp ý của Quý công dân và phản hồi một số thông tin như sau: Công ty cổ phần chiếu sáng công cộng đã kiểm tra hiện trường và hoàn thành xử lý kiến nghị, đèn đã đỏ bình thường. Sở Xây dựng thông tin để Quý công dân được biết. Trân trọng./.","Sở Xây dựng Sở Xây dựng trân trọng cảm ơn ý kiến góp ý của Quý công dân và phản hồi một số thông tin như sau: Công ty cổ phần chiếu sáng công cộng đã kiểm tra hiện trường và hoàn thành xử lý kiến nghị, đèn đã đỏ bình thường. Sở Xây dựng thông tin để Quý công dân được biết. Trân trọng./. Ngày trả lời: 15/04/2026",Đã xử lý,https://gopy.danang.gov.vn/gop-y?pageid=view&ykien=95861
95858,Da Nang,08:35 03/04/2026,"Thi công thảm nhựa tại Kiệt 43 Lê Hữu Trác, phường An Hải vào tháng 12/2025 không đảm bảo kỹ thuật nên nước không thoát vào hố ga mà đọng thành vũng lớn trên mặt đường cả ngày mưa cũng như ngày nắng. Đã kiến nghị lên tổ dân phố nhưng không thấy xử lý. Mặt nhựa ngâm nước đã có dấu hiệu hư hỏng. Kính báo cơ quan chức năng kiểm tra xử lý./.","Theo nội dung góp ý của công dân, UBND phường An Hải đã giao cho Phòng Kinh tế, Hạ tầng và Đô thị phường kiểm tra, xử lý. Nay, UBND phường phản hồi như sau: Nhận được thông tin phản ánh, Phòng Kinh tế, Hạ tầng và Đô thị phường đã tổ chức kiểm tra thực tế, qua đó đã phối hợp với đơn vị thi công xử lý kỹ thuật, đến nay đảm bảo thoát nước. Vậy, UBND phường kính phản hồi thông tin đến công dân được biết. Trân trọng cảm ơn ý kiến đóng góp của công dân!",UBND Phường An Hải,Đã xử lý,https://gopy.danang.gov.vn/gop-y?pageid=view&ykien=95858
95766,Da Nang,11:16 02/04/2026,"Đề nghị thành phố và các cơ quan chức năng quan tâm bố trí nguồn lực đầu tư hoàn thiện hạ tầng, chỉnh trang đô thị tại các khu dân cư, đặc biệt là việc xem xét thảm nhựa các tuyến đường kiệt, hẻm có quy mô lớn, lưu lượng giao thông cao tại khu vực gần trung tâm UBND phường Ngũ Hành Sơn hẻm giao như các tuyến Bà Bang Nhãn, Đặng Thái Thân... Thực tế hiện nay, các tuyến đường này trước đây được đổ bê tông, tuy nhiên trong quá trình cải tạo, nâng cấp hệ thống thoát nước thải và lắp đặt nắp cống thoát nước mưa đã nhiều lần bị cắt xẻ, dẫn đến tình trạng mặt đường xuống cấp, chắp vá, gồ ghề; nắp cống thường xuyên bị bể vỡ, tiềm ẩn nguy cơ mất an toàn giao thông. Đáng lưu ý, đây là khu vực có nhiều học sinh trường trung học phổ thông Ngũ Hành Sơn thường xuyên đi lại, việc lưu thông gặp nhiều khó khăn, dễ xảy ra tình trạng mất lái, tiềm ẩn nguy cơ tai nạn. Từ thực tế trên, cử tri đề nghị sớm xem xét triển khai thảm nhựa các tuyến đường kiệt, hẻm nêu trên nhằm bảo đảm an toàn giao thông, tạo điều kiện đi lại thuận lợi cho người dân, đồng thời góp phần chỉnh trang đô thị, nâng cao mỹ quan khu dân cư. Việc thảm nhựa các tuyến hẻm đã được nhiều địa phương trên địa bàn thành phố triển khai hiệu quả, được cử tri đồng tình, đánh giá cao như tại các phường Hải Châu, Sơn Trà, Thanh Khê..., do đó đề nghị quan tâm nhân rộng thực hiện tại địa bàn phường Ngũ Hành Sơn trong thời gian đến./.","Theo nội dung phản ánh của công dân, UBND phường Ngũ Hành Sơn đã giao Phòng Kinh tế, Hạ tầng và Đô thị phường kiểm tra xử lý. Nay, UBND phường phản hồi như sau: Phòng Kinh tế, Hạ tầng và Đô thị phường ghi nhận góp ý cử tri và sẽ tiến hành tham mưu UBND phường kiểm tra thực tế đề xuất danh mục ghi vốn đầu tư trung hạn. Vậy, UBND phường kính phản hồi thông tin đến công dân được biết. Trân trọng cảm ơn ý kiến đóng góp của công dân!",UBND Phường Ngũ Hành Sơn,Đã xử lý,https://gopy.danang.gov.vn/gop-y?pageid=view&ykien=95766
95758,Da Nang,10:24 02/04/2026,"Kính gửi cơ quan chức năng. Trước nhà tôi số nhà 356/51 và 356/44 Hoàng Diệu có trụ bê tông viễn thông không còn sử dụng được, sắp bị gãy, không an toàn cho người đi đường và nguy cơ ngã thẳng vào nhà 356/51 Hoàng Diệu. Kính đề nghị cơ quan chức năng quan tâm xử lý triệt để. Xin chân thành cảm ơn./.","Theo nội dung góp ý của công dân, UBND phường Hải Châu phản hồi như sau: Sau khi nhận được phản ánh của công dân, UBND phường Hải Châu đã gửi Viễn thông Đà Nẵng nội dung Công văn số 2700/UBND-PKTHTĐT về việc liên quan đến trụ điện, trụ viễn thông bị nghiêng, hư hỏng có nguy cơ ngã đổ trên địa bàn phường, trong đó có trụ viễn thông chữ A trước số nhà K356/44 đường Hoàng Diệu. Viễn thông Đà Nẵng đã thu gọn dây và tủ tại vị trí trên. Hiện nay, viễn thông Đà Nẵng đang phối hợp với các đơn vị nhà mạng yêu cầu thu hồi dây mạng để xử lý trụ viễn thông tại K356/44 Hoàng Diệu. Vậy, UBND phường kính phản hồi thông tin đến công dân được biết. Trân trọng cảm ơn ý kiến đóng góp của công dân!",UBND Phường Hải Châu,Đang xử lý,https://gopy.danang.gov.vn/gop-y?pageid=view&ykien=95758
95734,Da Nang,07:41 02/04/2026,"Tại khu vực bên cạnh cây xăng số 242 Phan Đăng Lưu, gần ngã tư Nguyễn Hữu Thọ - Phan Đăng Lưu, phường Hòa Cường, hiện có nắp đan hố cáp Viettel bị vỡ (có hình ảnh đính kèm). Tình trạng này gây nguy cơ mất an toàn cho người và phương tiện tham gia giao thông Kính đề nghị cơ quan chức năng sớm kiểm tra và có biện pháp xử lý, khắc phục kịp thời.","Theo nội dung góp ý của công dân, Sở Khoa học và Công nghệ đã chuyển thông tin đến các đơn vị liên quan kiểm tra, xử lý Viettel Đà Nẵng đã khắc phục nắp hố ga tại 242 Phan Đăng Lưu. Trân trọng cảm ơn ý kiến đóng góp của công dân!",Sở Khoa học và Công nghệ,Đã xử lý,https://gopy.danang.gov.vn/gop-y?pageid=view&ykien=95734
95733,Da Nang,07:41 02/04/2026,"Tôi xin phản ánh hệ thống điện chiếu sáng công cộng trước số nhà 229 Nguyễn Hiến Lê, phường Hòa Xuân hiện nay thường tắt vào khoảng 22 giờ. Khu này dân cư rất đông đúc nhưng nhiều năm nay cứ 22 giờ là tắt điện, trong khi đó các khu lân cận điện chiếu sáng vẫn sáng cả đêm. Hiện khu vực này gần đây xảy ra nhiều vụ mất cắp, việc tắt đèn sớm làm ảnh hưởng đến an ninh trật tự và gây lo ngại cho người dân. Kính đề nghị cơ quan chức năng xem xét điều chỉnh thời gian chiếu sáng công cộng xuyên đêm, nhằm đảm bảo an ninh, an toàn cho khu dân cư. Kính mong được quan tâm giải quyết. Trân trọng cảm ơn./.","Theo nội dung góp ý của công dân, Sở Xây dựng phản hồi như sau: Đèn chiếu sáng trước số nhà 229 Nguyễn Hiến Lê nằm trong vận hành chế độ 2, phân pha tiết kiệm điện, sau 22h00 (2 đèn tắt 1 đèn đỏ). Đèn chiếu sáng từ số nhà 213 đến 253 Nguyễn Hiến Lê, đoạn giữa 2 ngã tư, 2 đèn chiếu sáng đầu đường đỏ sáng đêm, 2 đèn giữa số nhà 229 và 241 tắt đúng theo phân pha 22h00. Vậy, kính phản hồi thông tin đến công dân được biết. Trân trọng cảm ơn ý kiến đóng góp của công dân!",Sở Xây dựng,Đã xử lý,https://gopy.danang.gov.vn/gop-y?pageid=view&ykien=95733
95724,Da Nang,19:47 01/04/2026,"Đèn đường số CS 24 CN-YN Thôn Yến Nê 1 - Hòa Tiến chập chờn lúc sáng lúc tắt. Đề nghị cơ quan chức năng kiểm tra, xử lý.","Sở Xây dựng trân trọng cảm ơn ý kiến góp ý của Quý công dân và phản hồi một số thông tin như sau: Công ty cổ phần chiếu sáng công cộng đã kiểm tra hiện trường và hoàn thành xử lý kiến nghị, đèn đã đỏ bình thường. Sở Xây dựng thông tin để Quý công dân được biết. Trân trọng./.","Sở Xây dựng Sở Xây dựng trân trọng cảm ơn ý kiến góp ý của Quý công dân và phản hồi một số thông tin như sau: Công ty cổ phần chiếu sáng công cộng đã kiểm tra hiện trường và hoàn thành xử lý kiến nghị, đèn đã đỏ bình thường. Sở Xây dựng thông tin để Quý công dân được biết. Trân trọng./. Ngày trả lời: 13/04/2026",Đã xử lý,https://gopy.danang.gov.vn/gop-y?pageid=view&ykien=95724
95718,Da Nang,17:15 01/04/2026,"Đề nghị kiểm tra về việc thi công vỉa hè tại địa chỉ 601 Tôn Đức Thắng, thi công từ tháng 11/2025 cho đến nay mà đơn vị thi công vẫn không chịu hoàn tất cho cửa hàng kinh doanh. Trong khi phía 2 nhà liền kề thì đã được đơn vị thi công hoàn thiện 100%, có tình trạng đơn vị thi công xin chi phí từ phía chủ nhà thì mới làm hoàn thiện.","Theo nội dung góp ý của công dân, Sở Xây dựng phản hồi như sau: Qua kiểm tra, hiện nay đơn vị thi công đã thi công hoàn thành hạng mục bó bồn hố trồng cây xanh, đang triển khai thi công hoàn thiện lát gạch tại khu vực, dự kiến hoàn thành trước ngày 06/5/2026. Vậy, kính phản hồi thông tin đến công dân được biết. Trân trọng cảm ơn ý kiến đóng góp của công dân!",Sở Xây dựng,Đã xử lý,https://gopy.danang.gov.vn/gop-y?pageid=view&ykien=95718
95694,Da Nang,14:03 01/04/2026,"Tôi xin phản ánh tình trạng lấn chiếm vỉa hè để kinh doanh quán nhậu bình dân tại địa chỉ 148 Thăng Long, phường Hòa Cường. Hằng ngày, quán bày bàn ghế chiếm toàn bộ vỉa hè, gây cản trở lối đi dành cho người đi bộ. Thời gian hoạt động từ khoảng 17 giờ đến 23 giờ vẫn còn bán, ảnh hưởng đến trật tự đô thị và sinh hoạt của người dân xung quanh. Ngoài ra, còn xảy ra tình trạng khách sử dụng rượu bia đi vệ sinh vào tường nhà dân lân cận, gây mất vệ sinh, ô nhiễm môi trường và bức xúc cho các hộ dân. Mặc dù người dân đã nhiều lần phản ánh lên phường, nhưng đến nay tình trạng vẫn chưa được xử lý dứt điểm. Kính đề nghị cơ quan chức năng kiểm tra và xử lý triệt để, yêu cầu cơ sở chấm dứt việc lấn chiếm vỉa hè, đảm bảo trật tự đô thị, vệ sinh môi trường và trả lại lối đi thông thoáng cho người dân.","Theo nội dung góp ý của công dân, UBND phường Hòa Cường đã giao cho Trung tâm Cung ứng dịch vụ sự nghiệp công phường kiểm tra, xử lý. Nay, UBND phường phản hồi như sau: Sau khi tiếp nhận ý kiến phản ánh của công dân, Trung tâm đã phối hợp với các lực lượng chức năng tiến hành kiểm tra và ghi nhận ý kiến phản ánh của công dân là đúng. Tổ công tác đã tiến hành làm việc và yêu cầu chủ hộ Kinh doanh (KD) là ông N.H.H di dời toàn bộ bàn ghế, vật dụng đặt lấn chiếm vỉa hè, trả lại vỉa hè như hiện trạng ban đầu, không gây cản trở lối đi dành cho người đi bộ đồng thời đảm bảo vệ sinh mội trường xung quanh khu vực trên, chủ hộ KD cam kết không tái diễn hành vi vi phạm. (Hình ảnh đính kèm) Vậy, UBND phường kính phản hồi thông tin đến công dân được biết. Trân trọng cảm ơn ý kiến đóng góp của công dân!",UBND Phường Hòa Cường,Đã xử lý,https://gopy.danang.gov.vn/gop-y?pageid=view&ykien=95694
95691,Da Nang,13:54 01/04/2026,"Tôi muốn phản ánh tình trạng lấn chiếm vỉa hè tại khu vực tổ 32, phường Hòa Khánh, cụ thể tại ngã ba Hà Hồi – Nguyễn Chích. Hiện nay, tại khu vực này có các hành vi: 1. Xây dựng ki-ốt cố định để buôn bán 2. Đặt chậu cây lớn cao, chiếm dụng không gian vỉa hè 3. Xây dựng kho tạm để tập kết vật liệu xây dựng, cốp pha, tôn sàn phục vụ mục đích cá nhân Những hành vi trên đã làm thu hẹp, chiếm dụng vỉa hè, ảnh hưởng đến việc đi lại của người dân và gây mất mỹ quan đô thị. Tôi đã phản ánh với Tổ trưởng tổ 32 và được biết đã báo lên phường, tuy nhiên đến nay vẫn chưa được kiểm tra, xử lý. Kính đề nghị cơ quan chức năng quan tâm kiểm tra, xử lý tình trạng lấn chiếm vỉa hè nêu trên - Yêu cầu tháo dỡ các công trình, vật dụng vi phạm - Hoàn trả lại hiện trạng vỉa hè, đảm bảo trật tự đô thị Xin cảm ơn./.","Theo nội dung góp ý của công dân, UBND phường Hòa Khánh đã giao cho Trung tâm Cung ứng dịch vụ sự nghiệp công phường kiểm tra, xử lý. Nay, UBND phường phản hồi như sau: Trung tâm Cung ứng đã chỉ đạo tổ công tác xuống kiểm tra, xác minh đúng như nội dung phản ánh. Tổ đã lập biên bản và yêu cầu chủ hộ tháo dỡ toàn bộ vật dụng cốt pha trên sàn và di dời toàn bộ đi nơi khác trả lại hiện trạng của vỉa hè theo đúng quy định. Vậy, UBND phường kính phản hồi thông tin đến công dân được biết. Trân trọng cảm ơn ý kiến đóng góp của công dân!",UBND Phường Hòa Khánh,Đã xử lý,https://gopy.danang.gov.vn/gop-y?pageid=view&ykien=95691
95690,Da Nang,13:53 01/04/2026,"Tại 85 Thanh Lương 5, phường Hòa Xuân hiện đang di dời vị trí trụ điện nhưng tôi thấy khi lắp trụ điện mới thì được thay thế bằng trụ sắt. Tôi thấy việc này không đảm bảo về an toàn điện. Mong cơ quan chức năng kiểm tra và đề nghị thay trụ điện sắt thành trụ bê tông./.","Theo nội dung góp ý của công dân, Điện lực Đà Nẵng đã kiểm tra và xử lý (Hình ảnh đính kèm) Vậy, kính phản hồi thông tin đến công dân được biết. Trân trọng cảm ơn ý kiến đóng góp của công dân!",Điện lực Đà Nẵng,Đã xử lý,https://gopy.danang.gov.vn/gop-y?pageid=view&ykien=95690
95686,Da Nang,13:49 01/04/2026,"Hiện nay, dự án đang triển khai thi công làm đường nhiều tuyến đường trong khu vực, trong đó có đường Hoàng Văn Thái. Tuy nhiên, đường Hoàng Văn Thái đã xong nhưng còn một đoạn đường gom cao tốc đi lên Túy Loan còn khoảng 100m chưa được thi công, gây tình trạng bụi bặm nghiêm trọng, ảnh hưởng đến môi trường và sinh hoạt của người dân xung quanh. Vì vậy, kính đề nghị cơ quan chức năng kiểm tra, yêu cầu đơn vị thi công hoàn thiện đồng bộ tuyến đường hoặc có biện pháp giảm bụi, đảm bảo vệ sinh môi trường trong thời gian thi công.","Theo nội dung góp ý của công dân, Ban quản lý dự án đường Hồ Chí Minh phản hồi như sau: Liên quan đến đoạn đường gom trái tại lý trình Km75+910 – Km76+400, qua địa phận thôn Hòa Khương Đông, xã Bà Nà, các hộ dân kiến nghị chỉ triển khai thi công sau khi hoàn tất công tác bồi thường, xử lý lu rung do ảnh hưởng của thi công Dự án xây dựng đường cao tốc đoạn Hòa Liên – Túy Loan (Dự án). Về nội dung này, Ban ĐHCM thông tin như sau: Công tác bồi thường, hỗ trợ liên quan đến ảnh hưởng rung lắc (lu rung) đối với các hộ dân trong khu vực đã được giải quyết dứt điểm từ ngày 06/4/2026. Đồng thời, Nhà thầu đã tổ chức thi công tưới nhựa thấm bám vào sáng ngày 10/4/2026; hiện nay, tình trạng bụi phát sinh trong quá trình thi công cơ bản đã được khắc phục. Đối với kế hoạch thảm bê tông nhựa tại đoạn tuyến nêu trên, hiện Ban ĐHCM đang phối hợp với chính quyền địa phương để tiếp tục xử lý các tồn tại liên quan đến mặt bằng, cụ thể là kiến nghị của hộ ông Đặng Công Lân về việc hỗ trợ chi phí thuê nhà, nhằm đảm bảo đủ điều kiện triển khai thi công thảm bê tông nhựa dứt điểm qua đoạn tuyến nêu trên. Trân trọng cảm ơn ý kiến đóng góp của công dân!","Trung tâm Thông tin và Giám sát, điều hành thông minh",Đang xử lý,https://gopy.danang.gov.vn/gop-y?pageid=view&ykien=95686
95683,Da Nang,13:48 01/04/2026,"Điện chiếu sáng tại kiệt 875/17 Nguyễn Lương Bằng bị hỏng từ trước Tết đến nay. Người dân đã báo tổ trưởng nhưng chưa được xử lý. Mong cơ quan chức năng kiểm tra, xử lý./.","Sở Xây dựng trân trọng cảm ơn ý kiến góp ý của Quý công dân và phản hồi một số thông tin như sau: Công ty cổ phần chiếu sáng công cộng đã kiểm tra hiện trường và hoàn thành xử lý kiến nghị, đèn đã đỏ bình thường. Sở Xây dựng thông tin để Quý công dân được biết. Trân trọng./.","Sở Xây dựng Sở Xây dựng trân trọng cảm ơn ý kiến góp ý của Quý công dân và phản hồi một số thông tin như sau: Công ty cổ phần chiếu sáng công cộng đã kiểm tra hiện trường và hoàn thành xử lý kiến nghị, đèn đã đỏ bình thường. Sở Xây dựng thông tin để Quý công dân được biết. Trân trọng./. Ngày trả lời: 06/04/2026",Đã xử lý,https://gopy.danang.gov.vn/gop-y?pageid=view&ykien=95683
95681,Da Nang,13:42 01/04/2026,"Tổ 64, kiệt 151 Âu Cơ khu gia đình bộ đội trinh sát 532, phường Liên Chiểu trước đây mỗi khi có mưa thì lượng nước mưa rất lớn vẫn gây ngập nhưng không đáng kể. Khoảng 2 năm trở lại đây khu bộ đội đã lấp, thu hẹp lại cống thoát nước chính tại khu vực (chỉ còn 1-1,5m) để làm sân banh nên mỗi khi mưa lớn, nước từ trên núi đổ xuống gây ngập sâu. Nhờ chính quyền can thiệp về đường cống thoát nước để tránh ngập sâu cho người dân, tôi là người dân sống ở đây nhưng nếu cống bị thu hẹp lại như vậy thì chắc chắn nước không thoát được./.","Theo nội dung góp ý của công dân, UBND phường Liên Chiểu đã giao Phòng Kinh tế, Hạ tầng và Đô thị kiểm tra, xử lý. Nay, UBND phường phản hồi như sau: Khu gia đình quân nhân nằm tiếp giáp với Đại đội trinh sát 532. Vừa qua, Đại đội trinh sát thi công xây dựng tường rào và cải tạo mặt bằng khu đất khuôn viên của đơn vị. Trong quá trình đó, người dân phản ánh kiến nghị về việc thi công của đơn vị gây ảnh hưởng đến người dân; trong đó có nội dung liên quan đến cống thoát nước và nhiều nội dung khác. Vì vậy, để thống nhất về giải pháp xử lý, Phòng KTHT&ĐT phường tổ chức cuộc họp với các cơ quan, đơn vị, tổ chức và cá nhân liên quan vào ngày 11/4/2026 (Giấy mời số 19/GM-KTHTĐT ngày 08/4/2026). Kết luận cuộc họp đi đến thống nhất như sau: Đối với mương thoát nước hở trong khuôn viên đất đại đội, đề nghị BCH Quân sự thành phố có hồ sơ thiết kế, phương án thi công đầy đủ, công khai cho bà con nhân dân được biết, thống nhất và giám sát trong quá trình thi công. Trong thời gian có phương án được thống nhất, đại đội tạm dừng thi công tại các vị trí ảnh hưởng đến người dân như đã phản ánh tại cuộc họp. Vậy, UBND phường kính phản hồi thông tin đến công dân được biết. Trân trọng cảm ơn ý kiến đóng góp của công dân!",UBND Phường Liên Chiểu,Đã xử lý,https://gopy.danang.gov.vn/gop-y?pageid=view&ykien=95681
95675,Da Nang,11:58 01/04/2026,"Kính gửi cơ quan chức năng, Tôi xin phản ánh tình trạng bóng đèn chiếu sáng công cộng tại địa chỉ hẻm 382/20/11 Tôn Đản, phường An Khê đã bị hỏng (không sáng) hơn một tuần nay. Khu vực này có mật độ dân cư đi lại đông, việc đèn hỏng gây tối tăm, tiềm ẩn nguy cơ mất an toàn giao thông và an ninh trật tự vào ban đêm. Kính mong đơn vị quản lý vận hành điện chiếu sáng sớm kiểm tra và thay thế bóng mới để bà con đi lại thuận tiện. Xin cảm ơn!","Sau khi tiếp nhận thông tin, UBND phường An Khê đã giao các đơn vị liên quan, kiểm tra thực tế và xử lý kiến nghị, phản ánh của công dân như sau: Phòng Kinh tế, Hạ tầng và Đô thị đã phối hợp Điện chiếu sáng cộng cộng thành phố Đà Nẵng xử lý (Hình ảnh kèm theo). Vậy, UBND phường kính phản hồi thông tin đến công dân được biết. Trân trọng cảm ơn ý kiến đóng góp của công dân!",UBND Phường An Khê,Đã xử lý,https://gopy.danang.gov.vn/gop-y?pageid=view&ykien=95675
95670,Da Nang,11:40 01/04/2026,"Tại vỉa hè ngay đường Đỗ Quang và Nguyễn Văn Linh có 2 cây xanh bị chết, trong đó có 1 cây trồng năm 2024 trồng xuống là chết. Đến cuối 2025 họ không thay cây mới và họ đem đến 1 cây nữa trồng xuống bên cạnh và chèn chống cẩn thận giống như mới trồng mới 2 cây. Hai cây này kể từ khi trồng xuống không sống được ngày nào trông mất mỹ quan đô thị mong chính quyền xem xét.","Theo nội dung góp ý của công dân, UBND phường Thanh Khê kiểm tra, xử lý. Nay, UBND phường phản hồi như sau: Sau khi tiếp nhận thông tin công dân phản ánh, UBND phường Thanh Khê đã chỉ đạo Phòng Kinh tế, Hạ tầng và Đô thị phường phối hợp với đơn vị chăm sóc cây xanh trên địa bàn phường trồng mới thay thế cây chết tại vị trí trên. Vậy, UBND phường kính phản hồi thông tin đến công dân được biết. Trân trọng cảm ơn ý kiến đóng góp của công dân!",UBND Phường Thanh Khê,Đã xử lý,https://gopy.danang.gov.vn/gop-y?pageid=view&ykien=95670
95661,Da Nang,10:37 01/04/2026,"Tôi xin phản ánh về tình trạng đèn tín hiệu giao thông tại ngã tư Hoàng Hoa Thám – Lý Thái Tổ (trụ đèn gần cửa hàng xe điện Yadea Như Yên). Hiện tại, đèn tín hiệu có dấu hiệu hoạt động không ổn định như sau: Ở lượt đèn xanh thứ nhất, đèn có hiển thị đếm giây bình thường. Tuy nhiên, sang lượt đèn xanh thứ hai thì đèn không hiển thị đếm giây. Sau đó, các lượt tiếp theo lại có thể hoạt động bình thường hoặc lặp lại lỗi như trên. Điều này gây khó khăn cho người tham gia giao thông trong việc quan sát và chủ động di chuyển. Đặc biệt, khi lực lượng chức năng kiểm tra, đèn có thể hoạt động bình thường, nên khó phát hiện lỗi ngay. Vì vậy, kính mong cơ quan chức năng theo dõi trong nhiều chu kỳ đèn (2–3 lượt đèn xanh liên tiếp) để xác định chính xác sự cố và có hướng khắc phục. Xin chân thành cảm ơn!","Theo nội dung góp ý của công dân, Sở Xây dựng phản hồi như sau: Trung tâm Điều hành giao thông thông minh Đà Nẵng tiếp nhận thông tin và xử lý khắc phục trong ngày 03/04/2026 (đính kèm hình ảnh). Vậy, kính phản hồi thông tin đến công dân được biết. Trân trọng cảm ơn ý kiến đóng góp của công dân!",Sở Xây dựng,Đã xử lý,https://gopy.danang.gov.vn/gop-y?pageid=view&ykien=95661
95659,Da Nang,10:12 01/04/2026,"Hố ga cáp quang trên vỉa hè trước số nhà 56 Núi Thành, phường Hòa Cường bị hư hỏng. Đề nghị cơ quan chức năng khắc phục để đảm bảo an toàn lối đi bộ vì trẻm em dễ bị lọt chân.","Theo nội dung góp ý của công dân, Sở Khoa học và Công nghệ đã chuyển thông tin đến các đơn vị liên quan kiểm tra, xử lý Viettel Đà Nẵng đã khắc phục hố ga tại 56 Núi Thành Trân trọng cảm ơn ý kiến đóng góp của công dân!",Sở Khoa học và Công nghệ,Đã xử lý,https://gopy.danang.gov.vn/gop-y?pageid=view&ykien=95659
95640,Da Nang,07:44 01/04/2026,"Tôi đã nhiều lần phản ánh về tình trạng cơ sở hạ tầng tại kiệt 76 Hòa Mỹ 9, phường Hòa Khánh. Trong thời gian qua, tôi đã nhận được nhiều phản hồi từ các đơn vị liên quan với các nội dung như: tuyến kiệt đã được phê duyệt chủ trương đầu tư, dự kiến triển khai từ giữa năm 2025; sau đó tiếp tục được thông tin sẽ khảo sát, đưa vào danh mục đầu tư năm 2026; và gần đây là thuộc dự án nâng cấp, cải tạo hạ tầng khu vực, dự kiến triển khai trong năm 2026. Tuy nhiên, đến nay đã hết quý I/2026, thực tế tại khu vực vẫn chưa có bất kỳ chuyển biến nào. Hạ tầng còn rất nhiều bất cập như: Đường chưa được bê tông hóa, đi lại khó khăn, chưa có hệ thống thoát nước, không có điện chiếu sáng, nhà chưa được đánh số, cỏ mọc um tùm, gây mất mỹ quan và tiềm ẩn nguy cơ mất an toàn Việc phản hồi qua nhiều giai đoạn nhưng không có tiến triển cụ thể đã gây bức xúc cho người dân. Tình trạng này tôi đã phản ánh kéo dài hơn 3 năm, tuy nhiên đến nay vẫn chưa được giải quyết dứt điểm. Nay, một lần nữa tôi kính đề nghị cơ quan chức năng: - Có thông tin cụ thể, rõ ràng về tiến độ thực hiện dự án - Trường hợp chưa thể triển khai, đề nghị trả lời chính thức để người dân được biết - Sớm thực hiện đầu tư, nâng cấp cơ sở hạ tầng, đảm bảo điều kiện sinh hoạt cho người dân Kính mong được quan tâm xem xét và giải quyết dứt điểm. Xin cảm ơn./.","Theo nội dung góp ý của công dân, UBND phường Hòa Khánh đã giao cho Trung tâm Cung ứng dịch vụ sự nghiệp công phường kiểm tra, xử lý. Nay, UBND phường phản hồi như sau: Trung tâm đã chỉ đạo bộ phận quản lý dự án kiểm tra, xử lý báo cáo. Qua công tác kiểm tra sửa chữa hạ tầng kỹ thuật kiệt 76 Hòa Mỹ 9 nằm trong dự án nâng cấp cải tạo mặt đường mương thoát nước các tuyến đường, kiệt, hẻm trên địa bàn phường Hòa Minh (giai đoạn 1) đã được các cấp có thẩm quyền phê duyệt dự án tại Quyết định 4699/QĐ-UBND ngày 25/6/2025 của UBND quận Liên Chiểu (cũ). Dự án đang trong giai đoạn lựa chọn nhà thầu, xây lắp công trình và dự kiến triển khai thi công trong quý 2/2026. Vậy, UBND phường kính phản hồi thông tin đến công dân được biết. Trân trọng cảm ơn ý kiến đóng góp của công dân!",UBND Phường Hòa Khánh,Đã xử lý,https://gopy.danang.gov.vn/gop-y?pageid=view&ykien=95640
95633,Da Nang,07:24 01/04/2026,"Hiện tại đèn chiếu sáng tại kiệt 382/20/9A Tôn Đản, An khê đã bị hỏng rất nhiều ngày, tôi báo tổ trưởng và tổ trưởng cũng đã báo với phường nhưng hiện tại đèn vẫn không hoạt động. Nhờ các cấp lãnh đạo quan tâm sửa chữa để bà con có đèn đường trong kiệt tránh tai nạn không mong muốn xảy ra. Cảm ơn các cấp lãnh đạo.","Sau khi tiếp nhận thông tin, UBND phường An Khê đã giao các đơn vị liên quan, kiểm tra thực tế và xử lý kiến nghị, phản ánh của công dân như sau: Phòng Kinh tế, Hạ tầng và Đô thị đã phối hợp Điện chiếu sáng cộng cộng thành phố Đà Nẵng xử lý (Hình ảnh kèm theo). Vậy, UBND phường kính phản hồi thông tin đến công dân được biết. Trân trọng cảm ơn ý kiến đóng góp của công dân!",UBND Phường An Khê,Đã xử lý,https://gopy.danang.gov.vn/gop-y?pageid=view&ykien=95633
95598,Da Nang,14:52 31/03/2026,"Tôi xin phản ánh việc đơn vị thi công sửa chữa đường ống nước bị hư hỏng, tràn ra đường tại khu vực trước nhà số 4 đường An Hải 3, phường An Hải. Đơn vị đã tiến hành đào toàn bộ phần hiên trước nhà để xử lý sự cố. Tuy nhiên, sau khi sửa chữa xong, đến nay vẫn chưa hoàn trả lại mặt bằng, phần đất bị đào vẫn để ngổn ngang nhiều mét, sát ngay cửa ra vào, gây bất tiện trong sinh hoạt. Công trình được đào từ ngày Chủ nhật ngày 29/3, nhưng đến nay 31/3 vẫn chưa được lấp lại, ảnh hưởng trực tiếp đến gia đình tôi. Kính đề nghị công ty cấp nước Đà Nẵng kiểm tra, yêu cầu đơn vị thi công khẩn trương hoàn trả mặt bằng, đảm bảo an toàn và sinh hoạt cho người dân. Có hình ảnh đính kèm.","Theo nội dung góp ý của công dân, Công ty Cổ phần Cấp nước Đà Nẵng đã tiếp nhận và xử lý xong ngày 1/4/2026. Trân trọng cảm ơn ý kiến đóng góp của công dân!",Công ty Cổ phần Cấp nước Đà Nẵng (ngoài hệ thống),Đang xử lý,https://gopy.danang.gov.vn/gop-y?pageid=view&ykien=95598
95596,Da Nang,14:50 31/03/2026,"Tôi xin phản ánh tình trạng thi công hố ga tại khu vực trước nhà số 470 đường Nguyễn Lương Bằng, phường Hải Vân, ngay khu vực ngã ba. Hố ga đã được đào xới từ trước Tết đến nay nhưng chưa hoàn thiện, hiện đang để ngổn ngang, không được lấp lại. Người dân che chắn tạm bợ bằng áo mưa và cành cây nhưng không đảm bảo an toàn. Người dân đi ngang mà không để ý có thể bị sụp xuống hố, đặc biệt vào ban đêm gây mất an toàn giao thông. Kính mong cơ quan chức năng kiểm tra, yêu cầu đơn vị thi công khẩn trương hoàn thiện hoặc có biện pháp che chắn an toàn đúng quy định. Xin cảm ơn.","Theo nội dung góp ý của công dân, Sở Xây dựng phản hồi như sau: Qua kiểm tra, Ban bảo trì công trình hạ tầng đang triển khai xử lý tại vị trí hố ga nêu trên và dự kiến thi công hoàn thành trước ngày 14/4/2026. Vậy, kính phản hồi thông tin đến công dân được biết. Trân trọng cảm ơn ý kiến đóng góp của công dân!",Sở Xây dựng,Đã xử lý,https://gopy.danang.gov.vn/gop-y?pageid=view&ykien=95596
95549,Da Nang,10:05 31/03/2026,"Tại 338 Thăng Long, phường Cẩm Lệ có 1 bóng đèn nhấp nháy nửa tháng nay. Kính đề nghị cơ quan chức năng kiểm tra và xử lý./.","Sở Xây dựng trân trọng cảm ơn ý kiến góp ý của Quý công dân và phản hồi một số thông tin như sau: Công ty cổ phần chiếu sáng công cộng đã kiểm tra hiện trường và hoàn thành xử lý kiến nghị, đèn đã đỏ bình thường. Sở Xây dựng thông tin để Quý công dân được biết. Trân trọng./.","Sở Xây dựng Sở Xây dựng trân trọng cảm ơn ý kiến góp ý của Quý công dân và phản hồi một số thông tin như sau: Công ty cổ phần chiếu sáng công cộng đã kiểm tra hiện trường và hoàn thành xử lý kiến nghị, đèn đã đỏ bình thường. Sở Xây dựng thông tin để Quý công dân được biết. Trân trọng./. Ngày trả lời: 06/04/2026",Đã xử lý,https://gopy.danang.gov.vn/gop-y?pageid=view&ykien=95549
95529,Da Nang,08:34 31/03/2026,"Tiệm cơm đối diện 42 Loseby, phường An Hải để bảng hiệu dưới lòng đường, gây cản trở và ảnh hưởng đến an toàn giao thông. Đề nghị cơ quan chức năng kiểm tra, xử lý./.","Theo nội dung góp ý của công dân, UBND phường An Hải đã giao Trung tâm Cung ứng dịch vụ sự nghiệp công kiểm tra, xử lý. Nay, UBND phường phản hồi như sau: Theo nội dung phản ánh, ngày 07/4/2026 Tổ công tác của Trung tâm Cung ứng dịch vụ sự nghiệp công đã tiến hành kiểm tra và nhắc nhở người đặt bảng hiệu dưới lòng đường, yêu cầu người đặt bảng hiệu chấm dứt hành vi nêu trên, nếu tái phạm sẽ xử phạt vi phạm hành chính theo quy định. Vậy, UBND phường An Hải kính phản hồi thông tin đến công dân được biết. Trân trọng cảm ơn ý kiến đóng góp của công dân!",UBND Phường An Hải,Đã xử lý,https://gopy.danang.gov.vn/gop-y?pageid=view&ykien=95529
95512,Da Nang,20:02 30/03/2026,"Đèn chiếu sáng tại đường Hoàng Phê, thôn An Ngãi Tây 1, phường Hòa Khánh không sáng. Mong cơ quan chức năng kiểm tra, xử lý./.","Sở Xây dựng trân trọng cảm ơn ý kiến góp ý của Quý công dân và phản hồi một số thông tin như sau: Công ty cổ phần chiếu sáng công cộng đã kiểm tra hiện trường và hoàn thành xử lý kiến nghị, đèn đã đỏ bình thường. Sở Xây dựng thông tin để Quý công dân được biết. Trân trọng./.","Sở Xây dựng Sở Xây dựng trân trọng cảm ơn ý kiến góp ý của Quý công dân và phản hồi một số thông tin như sau: Công ty cổ phần chiếu sáng công cộng đã kiểm tra hiện trường và hoàn thành xử lý kiến nghị, đèn đã đỏ bình thường. Sở Xây dựng thông tin để Quý công dân được biết. Trân trọng./. Ngày trả lời: 06/04/2026",Đã xử lý,https://gopy.danang.gov.vn/gop-y?pageid=view&ykien=95512
95460,Da Nang,13:50 30/03/2026,"Điện chiếu sáng tại đường Võ Tự đoạn Trung Lập 12 giao Võ Tự, phường Hải Vân hiện không sáng. Khu vực này đã lắp trụ đèn nhưng không hiểu sao lại không được mở điện. Mong cơ quan chức năng kiểm tra, xử lý giúp./.","Theo nội dung góp ý của công dân, UBND phường Hải Vân phản hồi như sau: Dự án Khu dân cư Bàu Tràm Lakeside, phường Hòa Hiệp Nam cũ nay là phường Hải Vân do công ty Cổ phần Đầu tư Sài Gòn – Đà Nẵng làm chủ đầu tư, hiện nay, hạ tầng kỹ thuật, cây xanh, thoát nước chưa bàn giao về UBND phường quản lý. Qua phản ánh của hộ dân liên quan điện chiếu sáng đường Võ Tự, UBND phường đã liên hệ trực tiếp với chủ đầu tư và tiến hành sửa chữa, khắc phục. Tình hình đơn vị Chủ đầu tư đã tiến hành kiểm tra và đang khắc phục, thời gian hoàn thiện trước ngày 16/4/2026. (hình ảnh đính kèm). Vậy, UBND phường kính phản hồi thông tin đến công dân được biết. Trân trọng cảm ơn ý kiến đóng góp của công dân!",UBND Phường Hải Vân,Đã xử lý,https://gopy.danang.gov.vn/gop-y?pageid=view&ykien=95460
95459,Da Nang,13:50 30/03/2026,"Trước số nhà 17 đường Nguyễn Đức Cảnh, phường Hải Châu, có cây xanh bị mục rỗng, tiềm ẩn nguy cơ gãy đổ, mất an toàn cho người dân và phương tiện lưu thông. Đề nghị cơ quan chức năng kiểm tra, xử lý kịp thời, nhằm đảm bảo an toàn trong khu vực. Xin cảm ơn./.","Theo nội dung góp ý của công dân, UBND phường Hải Châu phản hồi như sau: UBND phường đã kiểm tra thực tế và sẽ thực hiện chặt hạ trồng thay thế cây xanh tại 17 Nguyễn Đức Cảnh. Dự kiến thời gian hoàn thành trước ngày 8/4/2025. Vậy, UBND phường kính phản hồi thông tin đến công dân được biết. Trân trọng cảm ơn ý kiến đóng góp của công dân!",UBND Phường Hải Châu,Đã xử lý,https://gopy.danang.gov.vn/gop-y?pageid=view&ykien=95459
95457,Da Nang,13:49 30/03/2026,"Tại khu vực K325 đường Trường Sơn, Tổ 3 HTT, phường Cẩm Lệ (đi vào), hệ thống điện chiếu sáng đã được thi công khoảng 4 năm nhưng đến nay vẫn chưa đưa vào hoạt động phục vụ người dân. Tôi quan sát thấy có khoảng 10 bóng đèn, tuy nhiên vừa qua chỉ sáng vào dịp Tết, còn hiện nay đã tắt. Việc không có đèn chiếu sáng gây khó khăn cho việc đi lại vào ban đêm và tiềm ẩn nguy cơ mất an toàn. Kính đề nghị cơ quan chức năng kiểm tra, sớm đưa hệ thống vào vận hành ổn định, đảm bảo chiếu sáng cho người dân trong khu vực.","Theo nội dung góp ý của công dân, UBND phường Cẩm Lệ đã giao Trung tâm cung ứng dịch vụ sự nghiệp công kiểm tra và xử lý. Nay, UBND phường phản hồi như sau: Trung tâm cung ứng dịch vụ sự nghiệp công phường Cẩm Lệ sẽ chỉ đạo đơn vị thi công tiến hành lập dự toán và thi công phù hợp với công năng sử dụng đèn chiếu sáng tại khu vực này. Nhằm thuận lợi cho người dân lưu thông đi qua tuyến đường này, đặc biệt phải đảm bảo an toàn giao thông. Dự kiến thời gian xử lý dự kiến trước ngày 05/5/2026. Vậy, UBND phường kính phản hồi thông tin đến công dân được biết. Trân trọng cảm ơn ý kiến đóng góp của công dân!",UBND Phường Cẩm Lệ,Đã xử lý,https://gopy.danang.gov.vn/gop-y?pageid=view&ykien=95457
95455,Da Nang,13:47 30/03/2026,"Trước đây, tôi đã phản ánh tình trạng cống thoát nước phía sau nhà số 05 Đa Mặn 1 và khu vực phía sau đường Lê Văn Hiến (cống nằm phía sau hai tuyến đường), phường Ngũ Hành Sơn bị tắc nghẽn, khiến nước thải không thoát được và tràn lên mặt đường. Đặc biệt, ngay cả trong những ngày nắng, nước thải vẫn dâng lên miệng cống, bốc mùi hôi thối, gây ô nhiễm môi trường và ảnh hưởng đến sinh hoạt của người dân. Người dân đã chủ động khơi thông nhưng không hiệu quả. Sau khi phản ánh, cơ quan chức năng đã tiến hành kiểm tra và khơi thông cống. Tuy nhiên, sau khi thi công không thu dọn vệ sinh, người dân phải tự dọn dẹp. Đáng nói, chỉ sau vài ngày, tình trạng tắc nghẽn tiếp tục tái diễn, nước thải lại tràn ra đường, gây mất vệ sinh và bốc mùi hôi nghiêm trọng. Kính đề nghị cơ quan chức năng kiểm tra, xử lý triệt để nguyên nhân gây tắc nghẽn, có giải pháp khắc phục lâu dài, tránh tái diễn, đảm bảo vệ sinh môi trường sau khi xử lý. Xin cảm ơn./.","Theo nội dung phản ánh của công dân, UBND phường Ngũ Hành Sơn đã giao Phòng Kinh tế, Hạ tầng và Đô thị phường kiểm tra xử lý. Nay, UBND phường phản hồi như sau: Tiếp nhận thông tin,Phòng Kinh tế, Hạ tầng và Đô thị phường đã tổ chức kiểm tra. Qua kiểm tra tại tuyến cống thoát sau nhà số 05 Đa Mặn 1 và khu vực phía sau đường Lê Văn Hiến bị tắc nghẽn, nước thải không thoát được và tràn lên mặt đường và tuyến cống này thuộc bên Ban Quản lý các Dự án Đầu tư cơ sở hạ tầng ưu tiên TP Đà Nẵng đang quản lý. Phòng Kinh tế, Hạ tầng và đô thị đã liên hệ Ban để xử lý. Hiện tại, đã xử lý xong, hệ thống đã được thông thoáng. Vậy, UBND phường kính phản hồi thông tin đến công dân được biết. Trân trọng cảm ơn ý kiến đóng góp của công dân!",UBND Phường Ngũ Hành Sơn,Đã xử lý,https://gopy.danang.gov.vn/gop-y?pageid=view&ykien=95455
95441,Da Nang,10:12 30/03/2026,"Hiện nay đường Phạm Đình Bân tại khu TĐC Bình Kỳ, phường Ngũ Hành Sơn chỉ mới được đơn vị chủ quản cày dọn mặt bằng nhưng vẫn chưa được tiến hành thảm nhựa, gây bụi bặm ô nhiễm không khí rất nhiều, làm ảnh hưởng đến sinh hoạt của bà con nhân dân. Kính đề nghị các cấp lãnh đạo phường Ngũ Hành Sơn quan tâm đôn đốc đơn vị chủ quản thi công sớm triển khai để bà con nhân dân đỡ khổ, nhất là trong mùa nắng nóng này. Xin chân thành cảm ơn./.","Theo nội dung phản ánh của công dân, UBND phường Ngũ Hành Sơn đã giao Phòng Kinh tế, Hạ tầng và Đô thị phường kiểm tra xử lý. Nay, UBND phường phản hồi như sau: Dự án Khu TĐC Bình kỳ do Ban Quản lý dự án đầu tư xây dựng các công trình dân dụng, công nghiệp và hạ tầng kỹ thuật Đà Nẵng làm chủ đầu tư. Do vướng công tác giải phóng mặt bằng dẫn tới tiến độ thực hiện dự án bị trễ. Hiện nay Ban đang tiến hành thủ tục điều chỉnh chủ trương đầu tư. Sau khi tiếp nhận thông tin, UBND đã có văn bản đôn đốc chủ đầu tư sớm thi công hoàn thành dự án, đảm bảo đời sống sinh hoạt của bà con nhân dân. Vậy, UBND phường kính phản hồi thông tin đến công dân được biết. Trân trọng cảm ơn ý kiến đóng góp của công dân!",UBND Phường Ngũ Hành Sơn,Đã xử lý,https://gopy.danang.gov.vn/gop-y?pageid=view&ykien=95441
95437,Da Nang,09:44 30/03/2026,"Đường Võ Tự giao đường Trung Lập 12 đèn chiếu sáng không đỏ, buổi tối rất tối gây nguy hiểm giao thông và tình hình an ninh trật tự. Rất mong thành phố quan tâm và giải quyết gấp./.","Theo nội dung góp ý của công dân, UBND phường Hải Vân phản hồi như sau: Dự án Khu dân cư Bàu Tràm Lakeside, phường Hòa Hiệp Nam cũ nay là phường Hải Vân do công ty Cổ phần Đầu tư Sài Gòn – Đà Nẵng làm chủ đầu tư, hiện nay, hạ tầng kỹ thuật, cây xanh, thoát nước chưa bàn giao về UBND phường quản lý. Qua phản ánh của hộ dân liên quan điện chiếu sáng đường Võ Tự, UBND phường đã liên hệ trực tiếp với chủ đầu tư và tiến hành sửa chữa, khắc phục. Tình hình đơn vị Chủ đầu tư đã tiến hành kiểm tra và đang khắc phục, thời gian hoàn thiện trước ngày 16/4/2026. (hình ảnh đính kèm). Vậy, UBND phường kính phản hồi thông tin đến công dân được biết. Trân trọng cảm ơn ý kiến đóng góp của công dân!","Trung tâm Thông tin và Giám sát, điều hành thông minh",Đã xử lý,https://gopy.danang.gov.vn/gop-y?pageid=view&ykien=95437
95400,Da Nang,21:35 29/03/2026,"Đèn đường chiếu sáng trước số nhà 51 Đồng Cửa 2, khu tái định cư Hoà Hiệp 3, phường Hải Vân hỏng hơn 2 tháng nay, đèn nằm giữa 2 ngã tư nên bị hạn chế tầm nhìn, ảnh hưởng đến sinh hoạt của khu vực. Kính mong ban ngành có trách nhiệm sớm khắc phục./.","Theo nội dung góp ý của công dân, Sở Xây dựng phản hồi như sau: Công ty cổ phần chiếu sáng công cộng đã kiểm tra hiện trường và hoàn thành xử lý kiến nghị, đèn đã đỏ bình thường. Vậy, Sở Xây dựng kính phản hồi thông tin đến công dân được biết. Trân trọng cảm ơn ý kiến đóng góp của công dân!",Sở Xây dựng,Đã xử lý,https://gopy.danang.gov.vn/gop-y?pageid=view&ykien=95400
95380,Da Nang,12:13 29/03/2026,"Tuyến cao tốc Bắc Nam khi giải tỏa mở rộng xong, thi công đường gom hai bên lượng giao thông quá lớn. Nhưng thi công đường dẫn dưới khu dân cư lên quá nhỏ chỉ có 3m. Khiến cho lượng giao thông lên xuống dễ gây tai nạn. Lúc trước đường này đã có sẵn là 5m, nhưng nay thi công đường bê tông chỉ có 3m. Kính mong quý lãnh đạo xem xét mở rộng lối đi để người dân lên xuống khúc cua được đảm bảo an toàn giao thông. Vị trí tại TDP Phú Thượng, phường Hòa Khánh.","Theo nội dung góp ý của công dân, Ban quản lý dự án đường Hồ Chí Minh phản hồi như sau: Tại bước khảo sát, thiết kế kỹ thuật, đoạn đường địa phương tại Km70+954,73 có bề rộng mặt đường 3,5m, cắt qua tuyến tránh Hải Vân – Túy Loan bằng hầm chui có bề rộng 4,2m; phía bên trái hầm bố trí đường kết nối lên tuyến tránh Hải Vân – Túy Loan. Trên cơ sở hiện trạng và phù hợp với hồ sơ thiết kế được phê duyệt tại thời điểm lập dự án, Dự án cao tốc đã lựa chọn phương án vuốt nối đường địa phương với đường gom song hành theo quy mô mặt đường rộng 3,5m, nền đường rộng 5,0m. Tuy nhiên, hiện nay theo quy hoạch cập nhật của địa phương, tuyến đường nêu trên đã được mở rộng với bề rộng mặt đường 6,5m. Để đảm bảo đồng bộ hạ tầng giao thông và đáp ứng nhu cầu đi lại của người dân, Ban ĐHCM đang tổ chức rà soát, điều chỉnh thiết kế, nâng bề rộng mặt đường hoàn trả lên 6,5m. Dự kiến công tác thi công hoàn trả phần mở rộng sẽ được triển khai và hoàn thành trong tháng 5/2026. Trân trọng cảm ơn ý kiến đóng góp của công dân!","Trung tâm Thông tin và Giám sát, điều hành thông minh",Đã xử lý,https://gopy.danang.gov.vn/gop-y?pageid=view&ykien=95380
95350,Da Nang,18:40 28/03/2026,"Đèn đường tại 51 Đồng Cửa 2, Phường Hải Vân, Thành phố Đà Nẵng không sáng đã 2 tháng nay. Chúng tôi đã báo điện lực nhưng vẫn chưa được giải quyết. Mong Thành phố sắp xếp sửa sớm giúp.","Theo nội dung góp ý của công dân, Sở Xây dựng phản hồi như sau: Công ty cổ phần chiếu sáng công cộng đã kiểm tra hiện trường và hoàn thành xử lý kiến nghị, đèn đã đỏ bình thường. Vậy, kính phản hồi thông tin đến công dân được biết. Trân trọng cảm ơn ý kiến đóng góp của công dân!",Sở Xây dựng,Đã xử lý,https://gopy.danang.gov.vn/gop-y?pageid=view&ykien=95350
95311,Da Nang,12:34 28/03/2026,"Kính gửi cơ quan chức năng. Tôi xin phản ánh tình trạng bóng đèn chiếu sáng công cộng tại địa chỉ hẻm 382/20 Tôn Đản, phường An Khê đã bị hỏng (không sáng) hơn một tuần nay. Khu vực này có mật độ dân cư đi lại đông, việc đèn hỏng gây tối tăm, tiềm ẩn nguy cơ mất an toàn giao thông và an ninh trật tự vào ban đêm. Kính mong đơn vị Quản lý vận hành điện chiếu sáng sớm kiểm tra và thay thế bóng mới để bà con đi lại thuận tiện. Xin cảm ơn!","Theo nội dung góp ý của công dân, Sở Xây dựng phản hồi như sau: Công ty cổ phần chiếu sáng công cộng đã kiểm tra hiện trường và hoàn thành xử lý kiến nghị, đèn đã đỏ bình thường. Vậy, kính phản hồi thông tin đến công dân được biết. Trân trọng cảm ơn ý kiến đóng góp của công dân!",Sở Xây dựng,Đã xử lý,https://gopy.danang.gov.vn/gop-y?pageid=view&ykien=95311
95303,Da Nang,10:12 28/03/2026,"Khu dân cư trong dự án làng đại học, trước khi thi công thì đường giao thông đã được bê tông hóa 100%, rất thuận tiện cho việc di chuyển của người dân. Từ khi chặn đường Lưu Quang Vũ để thi công dự án, làm đường tạm cho dân nhưng không đảm bảo chất lượng. 1. Mặt đường gồ ghề, nhiều đá và không bằng phẳng gây nguy hiểm khi di chuyển. 2. Đường đất, nắng thì bụi, mưa thì bùn gây khó khăn cho việc di chuyển của người dân. 3. Không có đèn đường gây nguy hiểm khi di chuyển vào buổi tối. Đề nghị cơ quan chức năng kiểm tra, khắc phục: 1. Tình trạng chất lượng đường tạm không đảm bảo như trên. 2. Trải bê tông trên mặt đường tạm để thuận tiện cho việc di chuyển của người dân (trả lại tình trạng đường như trước khi thi công dự án)./.","Theo nội dung phản ánh của công dân, UBND phường Ngũ Hành Sơn đã giao Phòng Kinh tế, Hạ tầng và Đô thị phường kiểm tra xử lý. Nay, UBND phường phản hồi như sau: Nội dung này UBND phường đã có công văn số 1613 ngày 13/4/2026 về việc liên quan đến tổ chức thi công phục vụ công trình Hạ tầng kỹ thuật dự án Đại học Đà Nẵng. Theo đó, UBND phường yêu cầu Ban Quản lý dự án ODA - Đại học Đà Nẵng có trách nhiệm: - Phối hợp với Tổ trưởng tổ dân phố số 255 và 256 thông báo thời gian rào chắn, phá dỡ 02 đoạn đường bê tông tại vị trí trên cho nhân dân khu vực được biết trước khi triển khai thực hiện. - Tổ chức thi công 02 đoạn đường tạm (về hướng Bắc của 02 đoạn đường bê tông) đảm bảo kết nối, an toàn giao thông từ khu dân cư hiện trạng ra vào đường nội bộ dự án và đường Nam Kỳ Khởi Nghĩa hoàn thành trước ngày 16/4/2026. - Lắp đặt các biển báo giao thông và cử người hướng dẫn giao thông tại hai vị trí trên. - Sau khi hoàn thành đoạn tuyến giao thông số 7 có trách nhiệm đấu nối tại 02 vị trí nút giao với đường bê tông hiện trạng nhằm đảm bảo việc tham gia giao thông tại khu vực được thuận lợi, an toàn. Vậy, UBND phường kính phản hồi thông tin đến công dân được biết. Trân trọng cảm ơn ý kiến đóng góp của công dân!",UBND Phường Ngũ Hành Sơn,Đã xử lý,https://gopy.danang.gov.vn/gop-y?pageid=view&ykien=95303
95288,Da Nang,07:29 28/03/2026,"Trước 106 Trần Nguyên Đán, phường Hòa Khánh bị cháy 1 bóng đèn chiếu sáng (cột TS08.T4H12), mới bị ngày hôm nay gây khó khăn cho việc lưu thông của người dân. Kính mong cơ quan chức năng kiểm tra và xử lý.","Theo nội dung góp ý của công dân, Sở Xây dựng phản hồi như sau: Công ty cổ phần chiếu sáng công cộng đã kiểm tra hiện trường và hoàn thành xử lý kiến nghị, đèn đã đỏ bình thường. Vậy, kính phản hồi thông tin đến công dân được biết. Trân trọng cảm ơn ý kiến đóng góp của công dân!",Sở Xây dựng,Đã xử lý,https://gopy.danang.gov.vn/gop-y?pageid=view&ykien=95288
95273,Da Nang,18:32 27/03/2026,Đèn điện đường tại 1120/103 Trường Chinh bị hỏng hơn 1 tháng chưa được xử lý. Kính mong cơ quan chức năng kiểm tra và xử lý sớm giúp người dân. Xin cám ơn.,"Theo nội dung góp ý của công dân, Sở Xây dựng phản hồi như sau: Công ty cổ phần chiếu sáng công cộng đã kiểm tra hiện trường và hoàn thành xử lý kiến nghị, đèn đã đỏ bình thường. Vậy, kính phản hồi thông tin đến công dân được biết. Trân trọng cảm ơn ý kiến đóng góp của công dân!",Sở Xây dựng,Đã xử lý,https://gopy.danang.gov.vn/gop-y?pageid=view&ykien=95273
95232,Da Nang,11:25 27/03/2026,"Trước địa chỉ 77 Đặng Vũ Hỷ, phường An Hải bị tình trạng cống xì gây mùi hôi thối, ảnh hưởng đến những người dân. Kính mong cơ quan chức năng kiểm tra và xử lý./.","Theo nội dung góp ý của công dân, UBND phường An Hải đã giao Phòng Kinh tế, Hạ tầng và Đô thị kiểm tra, xử lý. Nay, UBND phường phản hồi như sau: Phòng Kinh tế, Hạ tầng và đô thị phường An Hải nhận thấy kiến nghị của công dân liên quan đến hố ga trên vỉa hè thuộc Dự án hệ thống thu gom nước thải riêng khu vực Mỹ An - Mỹ Khê do Ban quản lý các Dự án Đầu tư cơ sở hạ tầng ưu tiên thành phố quản lý, đang bàn giao cho Công ty Thoát nước và xử lý nước thải. Do vậy, phòng KTHTĐT phường An Hải đã ban hành Công văn số 486/KTHTĐT ngày 06/4/2026, gửi Ban quản lý các Dự án Đầu tư cơ sở hạ tầng ưu tiên thành phố, Công ty Thoát nước và xử lý nước thải đề nghị 02 đơn vị sớm kiểm tra, xử lý khắc phục và có Công văn phản hồi về UBND phường An Hải trước ngày 10/4/2026 Vậy, UBND phường kính phản hồi thông tin đến công dân được biết. Trân trọng cảm ơn ý kiến đóng góp của công dân!","Trung tâm Thông tin và Giám sát, điều hành thông minh",Đã xử lý,https://gopy.danang.gov.vn/gop-y?pageid=view&ykien=95232
95231,Da Nang,11:16 27/03/2026,"Tại kiệt đường Lưu Quang Vũ (gần nhà văn hóa tổ 83 Hải An cũ), tổ dân phố 252, phường Ngũ Hành Sơn. Bóng đèn chiếu sáng vào các nhà hộ dân đã bị cháy bóng nhưng chưa được thay thế. Do đó, kính mong cơ quan quan tâm, xem xét thay bóng mới giúp. Xin cám ơn./. Tôi gửi thêm vị trí: https://maps.app.goo.gl/boAjBuLjBdimTvco8","Theo nội dung góp ý của công dân, Sở Xây dựng phản hồi như sau: Công ty cổ phần chiếu sáng công cộng đã kiểm tra hiện trường và hoàn thành xử lý kiến nghị, đèn đã đỏ bình thường. Vậy, kính phản hồi thông tin đến công dân được biết. Trân trọng cảm ơn ý kiến đóng góp của công dân!",Sở Xây dựng,Đã xử lý,https://gopy.danang.gov.vn/gop-y?pageid=view&ykien=95231
95230,Da Nang,11:14 27/03/2026,"Trước địa chỉ 77 Đặng Vũ Hỷ, phường An Hải nước cống tràn lên đường hôi thối cả khu dân cư, khu dân cư nhiều khách du lịch sinh sống Kính mong cơ quan chức năng kiểm tra và xử lý./.","Theo nội dung góp ý của công dân, UBND phường An Hải đã giao Phòng Kinh tế, Hạ tầng và Đô thị kiểm tra, xử lý. Nay, UBND phường phản hồi như sau: Phòng Kinh tế, Hạ tầng và đô thị phường An Hải nhận thấy kiến nghị của công dân liên quan đến hố ga trên vỉa hè thuộc Dự án hệ thống thu gom nước thải riêng khu vực Mỹ An - Mỹ Khê do Ban quản lý các Dự án Đầu tư cơ sở hạ tầng ưu tiên thành phố quản lý, đang bàn giao cho Công ty Thoát nước và xử lý nước thải. Do vậy, phòng KTHTĐT phường An Hải đã ban hành Công văn số 486/KTHTĐT ngày 06/4/2026, gửi Ban quản lý các Dự án Đầu tư cơ sở hạ tầng ưu tiên thành phố, Công ty Thoát nước và xử lý nước thải đề nghị 02 đơn vị sớm kiểm tra, xử lý khắc phục và có Công văn phản hồi về UBND phường An Hải trước ngày 10/4/2026 Vậy, UBND phường kính phản hồi thông tin đến công dân được biết. Trân trọng cảm ơn ý kiến đóng góp của công dân!","Trung tâm Thông tin và Giám sát, điều hành thông minh",Đã xử lý,https://gopy.danang.gov.vn/gop-y?pageid=view&ykien=95230
95207,Da Nang,07:39 27/03/2026,"Kiệt 80 Huyền Trân Công Chúa, phường Ngũ Hành Sơn có 1 bóng đèn bị cháy đã 2-3 ngày nay. Vị trí đèn chiếu sáng cuối đường kiệt 80, vì kiệt này chưa có số nhà. Kính đề nghị cơ quan chức năng kiểm tra và xử lý./.","Theo nội dung góp ý của công dân, Sở Xây dựng phản hồi như sau: Công ty cổ phần chiếu sáng công cộng đã kiểm tra hiện trường và hoàn thành xử lý kiến nghị, đèn đã đỏ bình thường. Vậy, Sở Xây dựng kính phản hồi thông tin đến công dân được biết. Trân trọng cảm ơn ý kiến đóng góp của công dân!",Sở Xây dựng,Đã xử lý,https://gopy.danang.gov.vn/gop-y?pageid=view&ykien=95207
95176,Da Nang,19:21 26/03/2026,"Trước tết tới giờ dân cư tại Khu đô thị số 9 Ngân Câu, Điện Bàn Đông không có đèn điện chiếu sáng, trẻ em đi qua lại bị vấp té . Mong cơ quan có thẩm quyền hỗ trợ xử lý giúp./.","Theo nội dung góp ý của công dân, UBND phường Điện Bàn Đông phản hồi như sau: Về vấn đề thuộc khu đô thị do thuộc quản lý của Công ty CP cấp thoát nước Quảng Nam, UBND phường đã chỉ đạo Phòng kinh tế Hạ tầng đô thị liên hệ với Công ty CP cấp thoát nước Quảng Nam để xử lý khắc phục các tình trạng trên. Vậy, UBND phường kính phản hồi thông tin đến công dân được biết. Trân trọng cảm ơn ý kiến đóng góp của công dân!",UBND phường Điện Bàn Đông,Đã xử lý,https://gopy.danang.gov.vn/gop-y?pageid=view&ykien=95176
95151,Da Nang,13:32 26/03/2026,"Trước đây tôi có phản ánh nắp cống bị kênh gây tiếng ồn tại 105 Trần Nhân Tông, phường Sơn Trà, phía cơ quan chức năng đã có xử lý. Tuy nhiên hiện nay nắp cống bị kênh lại và gây tiếng ồn rất lớn làm ảnh hưởng đến người dân xung quanh, có hai nắp. Nhất là xe ô tô đi ngang qua. Kính mong cơ quan chức năng kiểm tra và xử lý./.","Sở Xây dựng trân trọng cảm ơn ý kiến góp ý của Quý công dân và phản hồi một số thông tin như sau: Công ty Thoát nước và Xử lý nước thải đã kiểm tra hiện trường và phối hợp với đơn vị thi công triển khai sửa chữa, khắc phục kiến nghị. Sở Xây dựng thông tin để Quý công dân được biết. Trân trọng./.","Sở Xây dựng Sở Xây dựng trân trọng cảm ơn ý kiến góp ý của Quý công dân và phản hồi một số thông tin như sau: Công ty Thoát nước và Xử lý nước thải đã kiểm tra hiện trường và phối hợp với đơn vị thi công triển khai sửa chữa, khắc phục kiến nghị. Sở Xây dựng thông tin để Quý công dân được biết. Trân trọng./. Ngày trả lời: 06/04/2026",Đã xử lý,https://gopy.danang.gov.vn/gop-y?pageid=view&ykien=95151
95113,Da Nang,20:05 25/03/2026,"Bóng đèn chiếu sáng tại K155/71 Trần Đình Nam, phường An Khê khá tối để đảm bảo độ chiếu sáng vào ban đêm. Kính đề nghị cơ quan chức năng kiểm tra và hỗ trợ xử lý.","Sau khi tiếp nhận thông tin, UBND phường An Khê đã giao các đơn vị liên quan, kiểm tra thực tế và xử lý kiến nghị, phản ánh của công dân như sau: Trước đây phòng Kinh tế, Hạ tầng và Đô thị đã thay đèn búp để đảm bảo cho nhân dân đi lại; tuy nhiên theo phản ánh của công dân, Phòng Kinh tế, Hạ tầng và Đô thị sẽ tiếp tục phối hợp Điện chiếu sáng công cộng thành phố rà soát, kiểm tra để có hướng xử lý phù hợp trong thời gian đến (Hình ảnh kèm theo). Vậy, UBND phường kính phản hồi thông tin đến công dân được biết. Trân trọng cảm ơn ý kiến đóng góp của công dân!",UBND Phường An Khê,Đã xử lý,https://gopy.danang.gov.vn/gop-y?pageid=view&ykien=95113
95092,Da Nang,13:47 25/03/2026,"Trước số nhà 105 Tiểu La, phường Hòa Cường có 1 bó dây cáp viễn thông bị sà xuống đường gây nguy hiểm cho người tham gia giao thông. Trước đây đã phản ánh và có cơ quan xuống khắc phục tạm nhưng nay bị sà lại. Đề nghị cơ quan chức năng kiểm tra, xử lý.","Theo nội dung góp ý của công dân, Sở Khoa học và Công nghệ đã chuyển thông tin đến các đơn vị, đến nay VNPT đã thu hồi đoạn cáp bị sà trước 105 Tiểu La, Điện lực Hải Châu đang lên kế hoạch để nâng cao đoạn cáp này trong tháng 5/2026. Trân trọng cảm ơn ý kiến đóng góp của công dân!",Sở Khoa học và Công nghệ,Đã xử lý,https://gopy.danang.gov.vn/gop-y?pageid=view&ykien=95092
95004,Da Nang,13:44 24/03/2026,"Kính gửi UBND phường Ngũ Hành Sơn Tại tổ 123 phường Ngũ Hành Sơn có công trình thi công thoát nước đã lâu mà không hoàn thiện nắp cống để mùi hôi thối bốc lên, chuột cống tha thức ăn chui vào rồi không lên được, chết trong đấy mùi hôi thốc bốc lên gây ô nhiễm môi trường. Kính mong các cấp quan tâm giúp đỡ. Xin trân trọng./.","Theo nội dung phản ánh của công dân, UBND phường Ngũ Hành Sơn đã giao Phòng Kinh tế, Hạ tầng và Đô thị phường kiểm tra xử lý. Nay, UBND phường phản hồi như sau: Nội dung này phòng Kinh tế, Hạ tầng và Đô thị phường đã làm việc đơn vị thi công (công ty Danico) yêu cầu hoàn thiện hạng mục lắp cống và đơn vị thi công đã xử lý xong. Qua trao đổi với tổ trưởng dân phố 123 phường đã xác nhận đơn vị thi công đã hoàn thành hạng mục trên. Vậy, UBND phường kính phản hồi thông tin đến công dân được biết. Trân trọng cảm ơn ý kiến đóng góp của công dân!",UBND Phường Ngũ Hành Sơn,Đã xử lý,https://gopy.danang.gov.vn/gop-y?pageid=view&ykien=95004
94991,Da Nang,13:42 24/03/2026,"Tại khu vực 446–448 đường Trưng Nữ Vương, Hòa Cường trước đây xảy ra sụp cống và đã được đơn vị chức năng xử lý, đổ đanh vào ngày 16/3. Tuy nhiên, đến nay đã 8 ngày vỉa hè vẫn chưa được lát lại gạch, gây cản trở việc đi lại, kinh doanh và buôn bán của người dân. Tình trạng này kéo dài gây bất tiện và mất mỹ quan đô thị. Trong trường hợp Nhà nước chưa thể thực hiện ngay, đề nghị có thông tin rõ ràng để người dân biết và chủ động phương án. Kính đề nghị cơ quan chức năng kiểm tra, sớm hoàn trả lại hiện trạng vỉa hè, đảm bảo thuận tiện cho người dân. Xin cảm ơn./.","Theo nội dung phản ánh của công dân, UBND Phường Hòa Cường đã giao Phòng Kinh tế, Hạ tầng và Đô thị phường kiểm tra xử lý. Nay, UBND phường phản hồi như sau: Phòng Kinh tế, Hạ tầng và Đô thị đã liên hệ đơn vị thi công để xử lý khắc phục. Hiện đã xử lý xong. Vậy, UBND phường kính phản hồi thông tin đến công dân được biết. Trân trọng cảm ơn ý kiến đóng góp của công dân!",UBND Phường Hòa Cường,Đã xử lý,https://gopy.danang.gov.vn/gop-y?pageid=view&ykien=94991
94988,Da Nang,12:49 24/03/2026,"Tôi xin phản ánh tình trạng hạ tầng xuống cấp nghiêm trọng tại 86 Vân Đài Nữ Sĩ, phường Ngũ Hành Sơn. Cụ thể, nắp hố ga/cống thoát nước đã bị vỡ nát hoàn toàn, tạo thành một hố sâu hở miệng ngay trên bề mặt đường/vỉa hè. Phần khung sắt bảo vệ bên dưới đã rỉ sét, đứt gãy và lộ ra nhiều đầu sắt nhọn rất nguy hiểm. Kính đề nghị các cơ quan chức năng sớm kiểm tra, cho thay mới nắp cống và gia cố lại khung sắt để đảm bảo an toàn tính mạng cho người dân và giữ gìn mỹ quan đô thị tại khu vực này. Tôi xin chân thành cảm ơn!","Theo nội dung phản ánh của công dân, UBND phường Ngũ Hành Sơn đã giao Phòng Kinh tế, Hạ tầng và Đô thị phường kiểm tra xử lý. Nay, UBND phường phản hồi như sau: Phòng KTHTĐT phường đã kiểm tra (hình ảnh) và cho đơn vị thi công xử lý vào ngày 20/4/2026. Vậy, UBND phường kính phản hồi thông tin đến công dân được biết. Trân trọng cảm ơn ý kiến đóng góp của công dân!",UBND Phường Ngũ Hành Sơn,Đã xử lý,https://gopy.danang.gov.vn/gop-y?pageid=view&ykien=94988
94922,Da Nang,16:59 23/03/2026,"Trước Tết tôi có phản ánh cống bể tại công viên đường Ngô Thế Vinh và Nguyễn Trác (đối diện số nhà 124 Ngô Thế Vinh), tuy nhiên đến nay chưa thấy động tĩnh gì, rất nguy hiểm cho trẻ em. Kính mong cơ quan chức năng kiểm tra và xử lý triệt để.","Theo nội dung góp ý của công dân, UBND phường Hòa Cường đã giao cho Phòng Kinh tế, Hạ tầng và Đô thị phường kiểm tra, xử lý. Nay, UBND phường phản hồi như sau: Phòng Kinh tế, Hạ tầng và Đô thị phường đã kiểm tra và thống kê đưa vị trí hư hỏng này vào danh mục hồ sơ duy tu sửa chữa hạ tầng bị hư hỏng trên địa bàn phường năm 2026 để lập, phê duyệt dự toán, bố trí kinh phí và sớm triển khai sửa chữa, khắc phục. Vậy, UBND phường kính phản hồi thông tin đến công dân được biết. Trân trọng cảm ơn ý kiến đóng góp của công dân!",UBND Phường Hòa Cường,Đã xử lý,https://gopy.danang.gov.vn/gop-y?pageid=view&ykien=94922
94900,Da Nang,14:08 23/03/2026,"Tôi là tổ trưởng tổ 83 phường Hòa Khánh. Hiện nay trong khu chung cư thu nhập thấp Hòa Minh đường Hồ Tùng Mậu có 1 bóng điện chiếu sáng bị tắt. Tôi đã liên hệ nhiều nơi như Công ty điện chiếu sáng, Trung tâm quản lý nhà để yêu cầu thay thế nhưng các bên đều nói không quản lý. Đề nghị cơ quan chức năng kiểm tra và cho thay thế. Tránh để tình trạng không có điện chiếu sáng gây khó khăn trong việc đi lại và sinh hoạt của người dân. Xin cảm ơn.","Sở Xây dựng trân trọng cảm ơn ý kiến góp ý của Quý công dân và phản hồi một số thông tin như sau: Công ty cổ phần chiếu sáng công cộng đã kiểm tra hiện trường và hoàn thành xử lý kiến nghị, đèn đã đỏ bình thường. Sở Xây dựng thông tin để Quý công dân được biết. Trân trọng./.","Sở Xây dựng Sở Xây dựng trân trọng cảm ơn ý kiến góp ý của Quý công dân và phản hồi một số thông tin như sau: Công ty cổ phần chiếu sáng công cộng đã kiểm tra hiện trường và hoàn thành xử lý kiến nghị, đèn đã đỏ bình thường. Sở Xây dựng thông tin để Quý công dân được biết. Trân trọng./. Ngày trả lời: 13/04/2026",Đã xử lý,https://gopy.danang.gov.vn/gop-y?pageid=view&ykien=94900
94888,Da Nang,10:50 23/03/2026,"Kính gửi cơ quan chức năng, tôi xin phản ánh tình trạng vạch kẻ đường (vạch dừng, vạch đi bộ, vạch phân làn) tại nút giao Nguyễn Văn Linh - 2 Tháng 9 hiện đã bị mờ nặng, gần như không còn nhìn thấy (như ảnh đính kèm). Mong cơ quan chức năng cho sơn lại để đảm bảo an toàn giao thông và mỹ quan đô thị. Xin cảm ơn.","Theo nội dung góp ý của công dân, Sở Xây dựng phản hồi như sau: Công ty CP Cầu đường đã triển khai khắc phục, sơn lại các vạch sơn bị mờ tại nút giao nêu trên (đính kèm một số hình ảnh hiện trạng). Vậy kính phản hồi thông tin đến công dân được biết. Trân trọng cảm ơn ý kiến đóng góp của công dân!",Sở Xây dựng,Đã xử lý,https://gopy.danang.gov.vn/gop-y?pageid=view&ykien=94888
94886,Da Nang,10:36 23/03/2026,"Vỉa hè bị hư hỏng, nền gạch lát nứt vỡ tại Nhà khách 206 (số 38A Nguyễn Hữu Thọ, phường Hòa Cường, Đà Nẵng). Mong cơ quan chức năng sớm khắc phục. Tôi xin chân thành cảm ơn./.","Theo nội dung góp ý của công dân, Sở Xây dựng đã chỉ đạo Công ty CP Cầu đường Đà Nẵng tiếp nhận thông tin và triển khai khắc phục vị trí vỉa hè hư hỏng nêu trên (đính kèm hình ảnh hiện trạng). Cảm ơn ý kiến góp ý của công dân. Trân trọng./.",Sở Xây dựng,Đang xử lý,https://gopy.danang.gov.vn/gop-y?pageid=view&ykien=94886
94884,Da Nang,10:23 23/03/2026,"Kính gửi cơ quan chức năng, tôi xin phản ánh tình trạng hạ tầng xuống cấp tại khu vực vỉa hè trước Khách sạn 4 Mùa (194 Nguyễn Hữu Thọ, Hòa Cường): - Bó vỉa quanh gốc cây bị vỡ nát hoàn toàn, bê tông nằm ngổn ngang gây nguy hiểm cho người đi bộ. - Đất cát và rác thải tràn ra vỉa hè gây mất mỹ quan đô thị nghiêm trọng trên tuyến đường chính. Kính đề nghị cơ quan chức năng sớm kiểm tra, thu dọn phế thải và sửa chữa lại phần bó vỉa này.","Theo nội dung góp ý của công dân, Sở Xây dựng đã chỉ đạo Công ty CP Cầu đường tiếp nhận thông tin và tiến hành sửa chữa khắc phục vị trí vỉa hè bị hư hỏng nêu trên (đính kèm hình ảnh). Cảm ơn ý kiến góp ý của công dân. Trân trọng./.",Sở Xây dựng,Đang xử lý,https://gopy.danang.gov.vn/gop-y?pageid=view&ykien=94884
94883,Da Nang,10:17 23/03/2026,"Kính gửi cơ quan chức năng, tôi xin phản ánh tình trạng lòng đường Nguyễn Tri Phương (đoạn đối diện ngân hàng BIDV, gần ngã tư Nguyễn Văn Linh) xuất hiện một điểm hư hỏng: - Mảng nhựa đường được vá trước đây hiện đã bị bong tróc, sụt lún và vỡ vụn các cạnh, tạo thành hố lõm ngay giữa làn đường xe chạy. - Vị trí này nằm gần nút giao có mật độ giao thông rất cao, gây mất an toàn cho người đi đường, đặc biệt là xe máy. Kính đề nghị đơn vị quản lý sớm kiểm tra và có biện pháp xử lý triệt để (thay vì vá tạm) để đảm bảo an toàn giao thông tại khu vực này.","Theo nội dung góp ý của công dân, Sở Xây dựng đã chỉ đạo Công ty CP Cầu đường Đà Nẵng tiếp nhận thông tin và triển khai khắc phục vị trí vỉa hè hư hỏng nêu trên (đính kèm hình ảnh hiện trạng). Cảm ơn ý kiến góp ý của công dân. Trân trọng./.",Sở Xây dựng,Đang xử lý,https://gopy.danang.gov.vn/gop-y?pageid=view&ykien=94883
94882,Da Nang,10:09 23/03/2026,"Kính gửi cơ quan chức năng, tôi xin phản ánh tình trạng hạ tầng giao thông xuống cấp tại khu vực trước Agribank Chi nhánh Chi Lăng, địa chỉ 05-09 Nguyễn Tri Phương, Thanh Khê (Tôi có đính kèm hình ảnh và rất nhiều hình ảnh khác ở trong file docs): - Dưới lòng đường: Mặt đường nhựa bị bong tróc, tạo thành các mảng lồi lõm kéo dài, gây nguy hiểm cho phương tiện lưu thông. - Trên vỉa hè: Phần bó vỉa bê tông bị vỡ nát hoàn toàn, nhếch nhác. Kính đề nghị các đơn vị liên quan sớm kiểm tra và vá lại mặt đường, sửa chữa bó vỉa để đảm bảo an toàn giao thông và mỹ quan thành phố. Tôi xin chân thành cảm ơn./.","Theo nội dung góp ý của công dân, Sở Xây dựng phản hồi như sau: Công ty Cổ phẩn Cầu đường đã tiếp nhận thông tin và đã triển khai công tác khắc phục các vị trí hư hỏng trên các tuyến đường Nguyễn Hữu Thọ và Nguyễn Tri Phương. Theo kế hoạch, mặt đường trước số nhà 05-09 Nguyễn Tri Phương dự kiến hoàn thành khắc phục trước ngày 15/4/2026. Công ty thông tin để công dân được biết. Vậy, kính phản hồi thông tin đến công dân được biết. Trân trọng cảm ơn ý kiến đóng góp của công dân!",Sở Xây dựng,Đã xử lý,https://gopy.danang.gov.vn/gop-y?pageid=view&ykien=94882
94881,Da Nang,09:59 23/03/2026,"Kính gửi cơ quan chức năng, tôi xin phản ánh tình trạng vỉa hè tại khu vực trước số nhà 113 Nguyễn Hữu Thọ, phường Hòa Cường đang bị hư hỏng nghiêm trọng (Tôi có đính kèm file docs chứa kèm hình ảnh): - Gạch lát vỉa hè bị vỡ nát, bong tróc diện rộng, trơ lớp nền đất đá nhấp nhô. - Phần bó vỉa giáp mặt đường bị vỡ vụn, xô lệch vị trí. - Nhiều vị trí sụt lún quanh nắp cống gây nguy hiểm cho người đi bộ và phương tiện lên xuống. Tình trạng này đã kéo dài, gây mất mỹ quan đô thị và tiềm ẩn nguy cơ tai nạn. Kính mong đơn vị quản lý sớm kiểm tra và có biện pháp duy tu, sửa chữa để đảm bảo an toàn cho người dân./.","Theo nội dung góp ý của công dân, Sở Xây dựng đã chỉ đạo Công ty CP Cầu đường Đà Nẵng tiếp nhận thông tin và triển khai khắc phục vị trí vỉa hè hư hỏng nêu trên (đính kèm hình ảnh hiện trạng). Cảm ơn ý kiến góp ý của công dân. Trân trọng./.",Sở Xây dựng,Đang xử lý,https://gopy.danang.gov.vn/gop-y?pageid=view&ykien=94881
94880,Da Nang,09:59 23/03/2026,"Biển báo tại 458 Nguyễn Hữu Thọ, Phường Cẩm Lệ, bị gãy có dấu hiệu sắp ngã. Nhờ chính quyền sắp xếp bộ phận liên quan để xử lý để đảm bảo an toàn./.","Theo nội dung góp ý của công dân, Sở Xây dựng đã chỉ đạo Công ty CP Cầu đường Đà Nẵng tiếp nhận thông tin và triển khai thay mới trụ biển báo nêu trên (đính kèm hình ảnh hiện trạng). Cảm ơn ý kiến góp ý của công dân. Trân trọng./.",Sở Xây dựng,Đang xử lý,https://gopy.danang.gov.vn/gop-y?pageid=view&ykien=94880
94878,Da Nang,09:47 23/03/2026,"Tại địa chỉ 183 Nguyễn Hữu Thọ tiệm gà rán KFC, đoạn bó vỉa bê tông và gạch lát vỉa hè đã bị hư hỏng, vỡ nát và sụt lún nghiêm trọng, tạo thành các hố sâu lồi lõm ngay mép đường. Tình trạng này gây nguy hiểm cho người đi bộ và làm mất mỹ quan đường phố. Kính đề nghị cơ quan chức năng kiểm tra và sớm khắc phục để đảm bảo an toàn. Tôi xin chân thành cảm ơn./.","Sở Xây dựng trân trọng cảm ơn ý kiến góp ý của Quý công dân và phản hồi một số thông tin như sau: Công ty Thoát nước và Xử lý nước thải đã kiểm tra hiện trường và hoàn thành khắc phục kiến nghị vào ngày 16/4/2026, hình ảnh kèm theo. Sở Xây dựng thông tin để Quý công dân được biết. Trân trọng./.","Sở Xây dựng Sở Xây dựng trân trọng cảm ơn ý kiến góp ý của Quý công dân và phản hồi một số thông tin như sau: Công ty Thoát nước và Xử lý nước thải đã kiểm tra hiện trường và hoàn thành khắc phục kiến nghị vào ngày 16/4/2026, hình ảnh kèm",Đã xử lý,https://gopy.danang.gov.vn/gop-y?pageid=view&ykien=94878
94876,Da Nang,09:40 23/03/2026,"Tại khu vực số 761 - 771 Nguyễn Hữu Thọ, bó vỉa bê tông hiện đã bị gãy vỡ hoàn toàn, sụt lún nghiêm trọng tạo thành các hố sâu và khe hở lớn giữa vỉa hè và lòng đường. Tôi có đính kèm file docs chứa hình ảnh. Tình trạng này gây nguy hiểm cho người dân khi lên xuống vỉa hè và ảnh hưởng đến an toàn của phương tiện lưu thông qua đây. Kính đề nghị đơn vị quản lý đô thị kiểm tra và sớm có biện pháp thay thế, sửa chữa đoạn bó vỉa này. Tôi xin chân thành cảm ơn./.","Theo nội dung góp ý của công dân, Sở Xây dựng đã chỉ đạo Công ty CP Cầu đường Đà Nẵng tiếp nhận thông tin và triển khai khắc phục vị trí vỉa hè hư hỏng nêu trên (đính kèm hình ảnh hiện trạng). Cảm ơn ý kiến góp ý của công dân. Trân trọng./.",Sở Xây dựng,Đang xử lý,https://gopy.danang.gov.vn/gop-y?pageid=view&ykien=94876
94875,Da Nang,09:27 23/03/2026,"Kính gửi cơ quan chức năng, Tôi xin phản ánh tình trạng vỉa hè (ngay trước số 216 Nguyễn Hữu Thọ, cửa hàng Vua Nệm) đang bị hư hỏng rất nghiêm trọng. Gạch lát loại vân tròn bị vỡ vụn, bong tróc trên diện rộng, tạo thành nhiều hố sâu lồi lõm ngay lối đi bộ. Tình trạng này đã kéo dài, gây nguy hiểm cao độ cho người đi đường (Tôi có đính kèm file docs chứa hình ảnh cụ thể). Kính đề nghị các cơ quan có thẩm quyền sớm kiểm tra và cho duy tu, sửa chữa lại đoạn vỉa hè này để đảm bảo an toàn giao thông và mỹ quan đô thị. Xin cảm ơn./.","Theo nội dung góp ý của công dân, Sở Xây dựng đã chỉ đạo Công ty CP Cầu đường Đà Nẵng tiếp nhận thông tin và triển khai khắc phục vị trí vỉa hè hư hỏng nêu trên (đính kèm hình ảnh hiện trạng). Cảm ơn ý kiến góp ý của công dân. Trân trọng./.",Sở Xây dựng,Đang xử lý,https://gopy.danang.gov.vn/gop-y?pageid=view&ykien=94875
94820,Da Nang,10:08 22/03/2026,"Đoạn đường Cao Sơn Pháo từ ngã 4 Nguyễn Văn Tạo đến cổng bến xe Trung tâm Đà Nẵng mặc dù rất rộng (6 làn đường) nhưng cắm biển Cấm đỗ, cấm dừng rất khó khăn cho việc lưu thông, buôn bán, sinh hoạt của người dân cũng như doanh nghiệp. Thiết nghĩ chỉ cần cấm đỗ sẽ phù hợp hơn. Kính đề nghị cơ quan ban ngành liên quan xem xét, kiểm thảo thay đổi. Xin cảm ơn./.","Sở Xây dựng trân trọng cảm ơn ý kiến góp ý của công dân và thông tin như sau: Nhằm mục đích đảm bảo ATGT khu vực cửa ngõ Bến xe Trung tâm thành phố và đặc biệt là trật tự vận tải (trước đây các phương tiện thường xuyên tập trung dừng xe, đỗ xe để đón, trả khách; phát sinh tình trạng xe dù, bến cóc gây mất trật tự, an ninh của khu vực), Sở Xây dựng đã phối hợp Công an thành phố, địa phương và các ngành liên quan báo cáo đề xuất cấp thẩm quyền thống nhất chủ trương cấm dừng, đỗ xe trên đường Cao Sơn Pháo. Vậy, Sở Xây dựng phản hồi thông tin để công dân được biết. Trân trọng./.","Sở Xây dựng Sở Xây dựng trân trọng cảm ơn ý kiến góp ý của công dân và thông tin như sau: Nhằm mục đích đảm bảo ATGT khu vực cửa ngõ Bến xe Trung tâm thành phố và đặc biệt là trật tự vận tải (trước đây các phương tiện thường xuyên tập trung dừng xe, đỗ xe để đón, trả khách; phát sinh tình trạng xe dù, bến cóc gây mất trật tự, an ninh của khu vực), Sở Xây dựng đã phối hợp Công an thành phố, địa phương và các ngành liên quan báo cáo đề xuất cấp thẩm quyền thống nhất chủ trương cấm dừng, đỗ xe trên đường Cao Sơn Pháo. Vậy, Sở Xây dựng phản hồi thông tin để công dân được biết. Trân trọng./. Ngày trả lời: 03/04/2026",Đã xử lý,https://gopy.danang.gov.vn/gop-y?pageid=view&ykien=94820
94804,Da Nang,07:48 22/03/2026,"Hiện nay tại Tổ 114, 115 đường Đa Mặn 16 (chưa có số nhà), phường Ngũ Hành Sơn đã có 4 trụ điện nhưng không có điện chiếu sáng. Tôi có liên hệ phường thì phường trả lời cái này thuộc dự án gì đó tôi cũng không rõ, nhưng hiện tại không có điện đường gây khó khăn sinh hoạt của người dân, nguy hiểm cho người đi đường và đặc biệt là nạn trộm cắp rất nhiều. Kính mong cơ quan chức năng kiểm tra và sớm có điện đường để đảm bảo an toàn cho người dân. Xin cám ơn./.","Theo nội dung phản ánh của công dân, UBND phường Ngũ Hành Sơn đã giao Phòng Kinh tế, Hạ tầng và Đô thị phường kiểm tra xử lý. Nay, UBND phường phản hồi như sau: UBND phường đã bố trí vốn chuẩn bị đầu tư Công trình điện chiếu sáng trên địa bàn phường Khuê Mỹ cũ, theo đó sẽ thực hiện thi công, lắp đặt hệ thống điện chiếu sáng cho những đường, kiệt, hẻm chưa có hệ thống điện hoặc có mà đã hư hỏng. UBND phường giao Trung Tâm cung ứng dịch vụ sự nghiệp công làm chủ đầu tư công trình này (Quyết định số 714/QĐ-UBND ngày 13 tháng 02 năm 2026 của UBND phường Ngũ Hành Sơn về việc điều chỉnh và bổ sung kế hoạch đầu tư công ngân sách nhà nước năm 2026). Vậy, UBND phường kính phản hồi thông tin đến công dân được biết. Trân trọng cảm ơn ý kiến đóng góp của công dân!",UBND Phường Ngũ Hành Sơn,Đã xử lý,https://gopy.danang.gov.vn/gop-y?pageid=view&ykien=94804
94768,Da Nang,14:16 21/03/2026,Đường Yết Kiêu phường Sơn Trà đoạn từ ngã tư Lê Đức Thọ đi đến Cảng Tiên Sa (đặc biệt trước Cảng Dầu Khí) có rất nhiều ổ gà to. Đã có tai nạn xảy ra trên đoạn đường này. Kính đề nghị cơ quan chức năng kiểm tra và xử lý. Tránh để ổ gà gây tai nạn giao thông xin cảm ơn./.,"Theo nội dung góp ý của công dân, Sở Xây dựng phản hồi như sau: Nhằm đảm bảo an toàn giao thông trên đoạn tuyến nêu trên, ngay sau khi nhận được thông tin phản ánh, Sở Xây dựng đã chỉ đạo Ban bảo trì công trình hạ tầng Đà Nẵng khẩn trương phối hợp với các đơn vị liên quan, tổ chức kiểm tra hiện trường và có phương án sửa chữa. Đến nay công tác sửa chữa hoàn trả mặt đường bê tông nhựa tại vị trí hư hỏng cục bộ nêu trên theo phản ánh của công dân đã hoàn thành. (Đính kèm hình ảnh thi công hoàn thành công tác sửa chữa mặt đường). Vậy, Sở Xây dựng kính phản hồi thông tin đến công dân được biết. Trân trọng cảm ơn ý kiến đóng góp của công dân!","Trung tâm Thông tin và Giám sát, điều hành thông minh",Đã xử lý,https://gopy.danang.gov.vn/gop-y?pageid=view&ykien=94768
94750,Da Nang,10:48 21/03/2026,Tại vị trí từ Đài Tưởng niệm Liệt sĩ huyện Hòa Vang xuống đường giao với QL14B (gần cầu vượt Hòa Cầm) chưa có đèn đường. Đèn bên trong công viên bị hỏng không sáng nên buổi tối khi tham gia giao thông ở khu vực này khá nguy hiểm. Đề nghị cơ quan chức năng kiểm tra xử lý. Trân trọng cảm ơn./. https://maps.app.goo.gl/LrFSZwf34zKVZ5AE9,"Theo nội dung góp ý của công dân, UBND phường Cẩm Lệ phản hồi như sau: Trong thời gian đến UBND phường chỉ đạo các đơn vị liên quan rà soát khắc phục sửa chữa, đảm bảo chiếu sáng cho khu vực trong thời gian sớm nhất. Vậy, UBND phường kính phản hồi thông tin đến công dân được biết. Trân trọng cảm ơn ý kiến đóng góp của công dân!",UBND Phường Cẩm Lệ,Đã xử lý,https://gopy.danang.gov.vn/gop-y?pageid=view&ykien=94750
94701,Da Nang,13:40 20/03/2026,"Tôi xin phản ánh tình trạng tắc nghẽn cống, nước cống tràn lên đường tại khu vực trục đường DT602, thuộc thôn An Ngãi Tây 2, phường Hòa Khánh). Nước tràn lên mấy ngày nay gây hôi thối. Đề nghị cơ quan chức năng có hướng xử lý. Địa chỉ: Nhà lô 401, đường DT602, thôn An Ngãi Tây 2","Theo nội dung góp ý của công dân, UBND phường Hòa Khánh đã giao Trung tâm cung ứng dịch vụ sự nghiệp công kiểm tra, xử lý. Nay, UBND phường phản hồi như sau: Trung tâm Cung ứng dịch vụ sự nghiệp công đã chỉ đạo tổ công tác xuống kiểm tra, xử lý và đã lập biên bản yêu cầu chủ hộ khắc phục hiện tại cả 4 hộ dân đã khắc phục móc khơi thông cống (có biên bản và hình ảnh kèm theo). Tuy nhiên hiện nay vẫn còn đoạn cống chung dài bị tắc chưa được xử lý, hiện Trung tâm Cung ứng đang phối hợp với công ty môi trường xuống đo đạc và có kế hoạch xử lý nạo vét cống. Vậy, UBND phường kính phản hồi thông tin đến công dân được biết. Trân trọng cảm ơn ý kiến đóng góp của công dân!",UBND Phường Hòa Khánh,Đang xử lý,https://gopy.danang.gov.vn/gop-y?pageid=view&ykien=94701
94662,Da Nang,07:38 20/03/2026,"Trước nhà ông L.M.D tại Tổ 2 thôn Vân Dương 1, phường Liên Chiểu đã được lắp đặt trụ điện chiếu sáng và bóng đèn từ trước Tết Nguyên đán nhưng hiện tại vẫn chưa được đóng điện. Mong cơ quan chức năng kiểm tra và đóng điện để đảm bảo ánh sáng cho khu vực này./.","Theo nội dung góp ý của công dân, UBND phường Liên Chiểu đã chỉ đạo Phòng Kinh tế, Hạ tầng và Đô thị kiểm tra, xử lý. Nay, UBND phường phản hồi như sau: Các tuyến điện chiếu sáng được đầu tư, triển khai thi công hoàn thiện, nghiệm thu đưa vào sử dụng phải thực hiện đảm bảo quy trình và được sự chấp thuận đấu nối của Sở Xây dựng và Công ty quản lý điện chiếu sáng công cộng. Trong thời gian đó, các đơn vị chủ đầu tư, đơn vị thi công phải hoàn tất thủ tục. Do vậy, đề nghị người dân chia sẻ và phối hợp. Tại thời điểm hiện tại, tuyến điện chiếu sáng nêu trên đã được đóng điện chiếu sáng. Vậy, UBND phường kính phản hồi thông tin đến công dân được biết. Trân trọng cảm ơn ý kiến đóng góp của công dân!",UBND Phường Liên Chiểu,Đã xử lý,https://gopy.danang.gov.vn/gop-y?pageid=view&ykien=94662
94658,Da Nang,07:37 20/03/2026,"Trước nhà tôi tại 128 Trần Cao Vân, phường Thanh Khê có một cây bằng lăng do nhà nước trồng đã chết 7 năm, phía dưới là đường dây điện chằng chịt nhưng không có ai xử lý. Tại đây còn có hộ thu gom ve chai thường chất giấy, thùng carton gần cây chết và đường dây điện nên tôi lo sợ cháy nổ. Kiến nghị cơ quan chức năng xử lý dứt điểm để đảm bảo an toàn cho gia đình tôi./.","Sở Xây dựng trân trọng cảm ơn ý kiến góp ý của Quý công dân và phản hồi một số thông tin như sau: Trường hợp cây xanh, chết khô trên vỉa hè khu vực số nhà 128 Trần Cao Vân, Ban quản lý dự án các công trình giao thông và nông nghiệp đã kiểm tra, dự kiến tổ chức chặt hạ trồng thay thế, hoàn thành trước ngày 10/4/2026. Sở Xây dựng thông tin để Quý công dân được biết. Trân trọng./.","Sở Xây dựng Sở Xây dựng trân trọng cảm ơn ý kiến góp ý của Quý công dân và phản hồi một số thông tin như sau: Trường hợp cây xanh, chết khô trên vỉa hè khu vực số nhà 128 Trần Cao Vân, Ban quản lý dự án các công trình giao thông và nông nghiệp đã kiểm tra, dự kiến tổ chức chặt hạ trồng thay thế, hoàn thành trước ngày 10/4/2026. Sở Xây dựng thông tin để Quý công dân được biết. Trân trọng./. Ngày trả lời: 03/04/2026",Đã xử lý,https://gopy.danang.gov.vn/gop-y?pageid=view&ykien=94658
94632,Da Nang,16:33 19/03/2026,"Hiện tại đèn chiếu sáng tại địa chỉ K12 Trường Sơn, hẻm 71/05, phường Cẩm Lệ đã bị mất điện hơn 1 tháng nay từ ngày mồng 4 tết. Xin các ban ngành có trách nhiệm khắc phục sự cố gấp để người dân có thể sinh hoạt. Xin cảm ơn.","Theo nội dung góp ý của công dân, UBND phường Cẩm Lệ phản hồi như sau: UBND Phường đã liên hệ với tổ dân phố, để phối hợp xử lý trước ngày 10/4/2026. Vậy, UBND phường kính phản hồi thông tin đến công dân được biết. Trân trọng cảm ơn ý kiến đóng góp của công dân!",UBND Phường Cẩm Lệ,Đã xử lý,https://gopy.danang.gov.vn/gop-y?pageid=view&ykien=94632
94428,Da Nang,10:18 17/03/2026,"Hiện nay ở trước số nhà 29 đường Võ Duy Ninh, phường Sơn Trà có 1 trụ điện chiếu sáng nhưng mà đã bị che khuất bởi cây bàng. Khu vực này đường tối và xe cộ qua lại nhiều, ô tô đậu bên đường nhiều, có nhiều trẻ em mong bên chiếu sáng khắc phục, để khu phố được sáng và tạo điều kiện cho người dân đi lại. Trân trọng cảm ơn!","Theo nội dung góp ý của công dân, UBND phường Sơn Trà đã kiểm tra và xử lý. Nay, UBND phường phản hồi như sau: Qua kiểm tra, đối diện số nhà 29 Võ Duy Ninh có một cây bàng to, tán rộng, cách xa cột điện chiếu sáng, không ảnh hưởng nhiều. Tuy nhiên UBND phường sẽ tiến hành cho cắt tỉa bớt tán để đảm bảo an toàn trong mùa mưa bão và hạn chế che khuất ánh sáng. Vậy, UBND phường kính phản hồi thông tin đến công dân được biết. Trân trọng cảm ơn ý kiến đóng góp của công dân!","Trung tâm Thông tin và Giám sát, điều hành thông minh",Đã xử lý,https://gopy.danang.gov.vn/gop-y?pageid=view&ykien=94428
94419,Da Nang,07:41 17/03/2026,"Tuyến đường Hòa Liên 8 thuộc Khu tái định cư Hòa Liên 5, thôn Quan Nam, phường Liên Chiểu. Hiện hệ thống điện chiếu sáng công cộng tại khu vực Tổ 4 và Tổ 7 đã không hoạt động trong khoảng 03 ngày nay. Việc đèn đường không hoạt động khiến khu vực vào ban đêm rất tối, tiềm ẩn nguy hiểm cho người dân khi đi lại. Kính mong cơ quan chức năng quan tâm kiểm tra, sớm khắc phục để đảm bảo an toàn cho người dân. Xin cảm ơn./.","Theo nội dung góp ý của công dân, UBND phường Liên Chiểu đã giao cho Phòng Kinh tế, Hạ tầng và Đô thị phường kiểm tra, xử lý. Nay, UBND phường phản hồi như sau: Hiện nay, dự án Khu tái định cư Hòa Liên 5 chưa được bàn giao cho phường quản lý. Vì vậy, UBND phường đã có công văn số 738/UBND-KTHTĐT ngày 06/4/2026 gửi Công ty Cổ phần Đầu tư Xây dựng Đà Nẵng Miền Trung (đơn vị chủ đầu tư) đề nghị kiểm tra, khắc phục thay thế. Trong thời gian đơn vị chủ đầu tư thực hiện, UBND phường theo dõi, đôn đốc. Đồng thời đề nghị người dân tiếp tục theo dõi, kịp thời phản ánh những nội dung phát sinh để phường chỉ đạo, xử lý. Vậy, UBND phường kính phản hồi thông tin đến công dân được biết. Trân trọng cảm ơn ý kiến đóng góp của công dân!",UBND Phường Liên Chiểu,Đã xử lý,https://gopy.danang.gov.vn/gop-y?pageid=view&ykien=94419
94396,Da Nang,19:09 16/03/2026,"Hiện tại đường Đa Phước 9, Ngũ Hành Sơn có mấy xe ô tô khách loại 45-50 chỗ thường xuyên đậu đỗ, vận hành trong khu dân sinh gây mất an toàn giao thông và vệ sinh môi trường. Đã có trường hợp chạy ẩu gây đứt hệ thống dây điện trong khu dân cư. Kính đề nghị cơ quan chức năng kiểm tra, xử lý. Trân trọng!","Theo nội dung phản ánh của công dân, UBND phường Ngũ Hành Sơn đã giao Công an phường kiểm tra xử lý. Nay, UBND phường phản hồi như sau: Tổ tuần tra Công an phường đã tiến hành xác minh nội dung được phản ánh. Đoạn đường Đa Phước 9 không có biển cấm đậu đỗ vì vậy không xử lý vi phạm về hành vi đậu đỗ. Về thông tin đứt dây điện thì qua xác minh, đây là dây điện người dân tự ý kéo để trang trí Tết, không phải lưới dân sinh. Vậy, UBND phường kính phản hồi thông tin đến công dân được biết. Trân trọng cảm ơn ý kiến đóng góp của công dân!",UBND Phường Ngũ Hành Sơn,Đang xử lý,https://gopy.danang.gov.vn/gop-y?pageid=view&ykien=94396
94357,Da Nang,11:07 16/03/2026,"Hố cáp bị bể nắp đậy tại 137 Ông Ích Đường, phường Cẩm Lệ và phản ánh rất lâu rồi nhưng chưa xử lý. Ngay ngã 4 khu dân cư đông đúc người qua lại rất nguy hiểm. Kính đề nghị cơ quan chức năng kiểm tra và xử lý.","Theo nội dung góp ý của công dân, Khoa học và Công nghệ đã kiểm tra và xử lý. Nay, Sở phản hồi phản hồi như sau: Sau khi nhận được ý kiến, Sở Khoa học và Công nghệ đã yêu cầu VNPT Đà Nẵng xử lý và hoàn thành ngày 6/4/2026. Vậy, Sở Khoa học và Công nghệ kính phản hồi thông tin đến công dân được biết. Trân trọng cảm ơn ý kiến đóng góp của công dân!",Sở Khoa học và Công nghệ,Đã xử lý,https://gopy.danang.gov.vn/gop-y?pageid=view&ykien=94357
94247,Da Nang,16:16 14/03/2026,"Ngã tư tái định cư Hòa Liên 4, tổ dân phố Hòa Liên, phường Liên Chiểu là ngã tư đông đúc khu dân cư, đường 7,5m, hai đường thông trục chính của tái định cư Hòa Liên 4, lại gần trường mầm non Hòa Liên. Tại đây thường xuyên xảy ra tai nạn, vụ gần nhất đã bị tông chết người giữa xe tải và xe máy. Nhà tôi ở ngay ngã tư, rất lo lắng mỗi khi bị tai nạn. Tôi mong chính quyền các cấp giải quyết lắp đèn xanh đèn đỏ cho yên tâm. Nhiều người chạy xe qua đây rất ẩu, không quan sát cứ phóng qua, rất nguy hiểm.","Theo nội dung góp ý của công dân, UBND phường Liên Chiểu đã giao phòng Kinh tế, Hạ tầng và Đô thị phường kiểm tra, xử lý. Nay, UBND phường phản hồi như sau: Vừa qua, thực hiện Công văn số 213/SXD-HTGT ngày 08/01/2026 của Sở Xây dựng thành phố Đà Nẵng về việc rà soát các điểm hay xảy ra TNGT, điểm tiềm ẩn TNGT, hệ thống báo hiệu và tổ chức giao thông trên đường bộ. UBND phường Liên Chiểu đã thực hiện rà soát và có báo cáo số 180/UBND-KTHTĐT ngày 21/01/2026 về các điểm hay xảy ra TNGT, điểm tiềm ẩn TNGT, hệ thống báo hiệu và tổ chức giao thông trên đường bộ gửi Sở Xây dựng khảo sát, đề xuất nếu đảm bảo điều kiện. Qua đó, đã có đề xuất vị trí nêu trên. Vậy, UBND phường kính phản hồi thông tin đến công dân được biết. Trân trọng cảm ơn ý kiến đóng góp của công dân!",UBND Phường Liên Chiểu,Đã xử lý,https://gopy.danang.gov.vn/gop-y?pageid=view&ykien=94247
94139,Da Nang,13:36 12/03/2026,"Cống thoát nước trước số nhà 131-133 Hoài Thanh, phường Ngũ Hành Sơn chưa đấu nối hệ thống thoát nước với đường Hàm Tử (vị trí này ngay ngã ba Hàm Tử và Hoài Thanh) dẫn đến nước không thoát được, nước ứ đọng trên mặt đường. Đề nghị cơ quan chức năng kiểm tra và xử lý./.","Theo nội dung góp ý của công dân, Ban Quản lý các dự án cơ sở hạ tầng ưu tiên thành phố Đà Nẵng phản hồi như sau: Dự án này Ban quản lý chỉ nâng cấp, cải tạo vỉa hè. Hiện trạng trước đây tại số nhà này có đặt 02 ống D100 tại mặt đường để thu nước về mương dọc. Vừa qua, qua làm việc với Phường cùng với hộ dân thống nhất sẽ bổ sung cửa thu nước tại vị trí trên và đặt 02 ống D100 cho nước chảy về mương dọc để đảm bảo không đọng nước tại mặt đường. Ban sẽ chỉ đạo nhà thầu bổ sung cửa thu tại vị trí này. Vậy kính phản hồi thông tin đến công dân được biết. Trân trọng cảm ơn ý kiến đóng góp của công dân!","Trung tâm Thông tin và Giám sát, điều hành thông minh",Đã xử lý,https://gopy.danang.gov.vn/gop-y?pageid=view&ykien=94139
94079,Da Nang,13:47 11/03/2026,"""Phía sau nhà tại số 110 đường Thái Phiên, phường Hương Trà, hiện có tình trạng lấn chiếm lối thoát hiểm là lối đi chung của khu vực. Cụ thể, hộ bà L bên hông nhà 110 Thái Phiên đã lợp tôn cố định, chiếm dụng phần không gian chung, làm thu hẹp và cản trở lối thoát hiểm, gây ảnh hưởng đến việc đi lại của các hộ dân xung quanh và tiềm ẩn nguy cơ mất an toàn khi có sự cố xảy ra. Đề nghị cơ quan chức năng kiểm tra, yêu cầu hộ vi phạm tháo dỡ phần lấn chiếm, trả lại lối đi chung và lối thoát hiểm cho khu vực. Xin cảm ơn.""","Theo nội dung góp ý của công dân, UBND Phường Hương Trà đã giao Trung tâm cung ứng dịch vụ sự nghiệp công phường kiểm tra, xử lý. Nay, UBND phường phản hồi như sau: Trung tâm cung ứng đã xử lý tình trạng lấn chiếm lối thoát hiểm. Vậy, UBND phường kính phản hồi thông tin đến công dân được biết. Trân trọng cảm ơn ý kiến đóng góp của công dân!",UBND phường Hương Trà,Đã xử lý,https://gopy.danang.gov.vn/gop-y?pageid=view&ykien=94079
93999,Da Nang,13:43 10/03/2026,"Tại Tổ 17 HTT, phường Cẩm Lệ, đoạn đường 5,5m là đường gom đường sắt từ Hòa Cầm vào Cầu Đỏ vừa được thi công và đã lắp đặt hệ thống điện chiếu sáng, hiện đã cho người dân lưu thông. Tuy nhiên, từ sau Tết đến nay hệ thống đèn chiếu sáng vẫn chưa được đóng điện và đưa vào hoạt động, khiến khu vực này rất tối vào ban đêm, gây nguy hiểm cho người tham gia giao thông. Ngoài ra, đơn vị thi công còn để một số trụ điện thừa nằm trong đất của người dân, gần khu vực góc barie đường sắt đầu đường Nguyễn Như Đỗ, nhưng chưa tiến hành di dời, gây ảnh hưởng đến việc sử dụng đất và mỹ quan khu vực. Đề nghị cơ quan chức năng kiểm tra, sớm đóng điện hệ thống chiếu sáng và yêu cầu đơn vị thi công di dời các trụ điện thừa, đảm bảo an toàn giao thông.","Theo nội dung góp ý của công dân, Ban Quản lý dự án đầu tư xây dựng các công trình giao thông và nông nghiệp Đà Nẵng phản hồi như sau: 1. Nội dung điện chiếu sáng: Đã đóng điện, đỏ đèn từ ngày 10/3/2026. 2. Nội dung trụ điện cũ nằm trên đất: Đây là các trụ điện thông tin tín hiệu đường sắt, hiện không còn sử dụng (hệ thống tín hiệu đường sắt mới đã lắp dựng trên đường gom), Ban QLDA đang liên hệ với đơn vị quản lý đường sắt để bàn bạc, thống nhất phương án tháo dỡ. Trân trọng cảm ơn ý kiến đóng góp của công dân!",Ban Quản lý dự án đầu tư xây dựng các công trình giao thông và nông nghiệp Đà Nẵng,Đã xử lý,https://gopy.danang.gov.vn/gop-y?pageid=view&ykien=93999
93704,Da Nang,07:44 06/03/2026,"Tại K515 Hoàng Diệu, phường Hòa Cường, kiệt nhỏ nhưng nhà đầu kiệt làm bục lấn chiếm lòng đường rất dễ gây tai nạn. Xin đề nghị xử lý giúp cho các hộ dân để được an toàn./.","Theo nội dung góp ý của công dân, UBND phường Hòa Cường đã giao phòng Kinh tế, Hạ tầng và Đô thị phường kiểm tra, xử lý. Nay, UBND phường phản hồi như sau: Hiện trạng các tuyến kiệt trên địa bàn phường nói chung và tại K515 Hoàng Diệu nói riêng thì đa số các hộ dân làm bậc cấp, đường dẫn vào nhà trên đường kiệt. UBND phường sẽ phối hợp với đơn vị liên quan và KDC để khảo sát, lập kế hoạch tuyên truyền, xử lý nhằm đảm bảo mỹ quan đô thị. Vậy, UBND phường kính phản hồi thông tin đến công dân được biết. Trân trọng cảm ơn ý kiến đóng góp của công dân!",UBND Phường Hòa Cường,Đã xử lý,https://gopy.danang.gov.vn/gop-y?pageid=view&ykien=93704
92351,Da Nang,13:38 06/02/2026,"Tại địa chỉ H84/K62 Nguyễn Phan Vinh, phường Sơn Trà đang thi công làm cống (tại đây là ngã ba), họ đang thực hiện kết nối ống cống hẻm H84 với ống cống chính đầu K61 Nguyễn Phan Vinh. Nhưng họ đấu nối không đảm bảo, ngay đầu nối ống cống chính nhỏ hơn nhiều so với đường cống thoát nước trong đường hẻm H84. Đơn vị thi công đổ bê tông cao hơn đế cống bên trong hẻm H84 Nguyễn Phan Vinh là 15 phân. Tuyến đường này thường xuyên bị ngập nước, việc nối ống cống không đảm bảo như vậy khiến việc thoát nước sẽ không thoát được, gây ngập sau này. Kính mong cơ quan chức năng kiểm tra và xử lý.","Theo nội dung góp ý của công dân, UBND phường Sơn Trà phản hồi như sau: UBND phường đã đề nghị đơn vị chủ đầu tư và đơn vị thi công mời các hộ dân tại khu vực để làm việc, ghi nhận, cam kết khắc phục các bất cập trong quá trình thi công. Vậy, UBND phường kính phản hồi thông tin đến công dân được biết. Trân trọng cảm ơn ý kiến đóng góp của công dân!",UBND Phường Sơn Trà,Đang xử lý,https://gopy.danang.gov.vn/gop-y?pageid=view&ykien=92351
