id,city,time,content,clean_content,compound_content,ml_text,handler,status,url,label,priority
98801,Da Nang,4/5/2026 19:12,"Từ trước Tết đến nay, tại trụ điện trước nhà số 02 đường Nguyễn Hàng, tổ dân phố 61, Phường Cẩm Lệ, có 1 bóng đèn đường không sáng. Ở vị trí này là ngã 3 giao nhau giữa kiệt 298 và đường Nguyễn Hàng nơi có lưu lượng xe qua lại đông. Đề nghị cơ quan chức năng kiểm tra, xử lý.","Từ trước Tết đến nay, tại trụ điện trước nhà số 02 đường Nguyễn Hàng, tổ dân phố 61, Phường Cẩm Lệ, có 1 bóng đèn đường không sáng. Ở vị trí này là ngã 3 giao nhau giữa kiệt 298 và đường Nguyễn Hàng nơi có lưu lượng xe qua lại đông. Đề nghị cơ quan chức năng kiểm tra, xử lý.","Từ trước Tết_đến nay , tại trụ điện trước nhà số 02 đường Nguyễn_Hàng , tổ dân_phố 61 , Phường_Cẩm_Lệ , có 1 bóng đèn_đường không sáng . Ở vị_trí này là ngã 3 giao nhau giữa kiệt 298 và đường Nguyễn_Hàng nơi có lưu_lượng xe qua_lại đông . Đề_nghị cơ_quan_chức_năng kiểm_tra , xử_lý .","từ trước tết_đến nay , tại trụ điện trước nhà số 02 đường nguyễn_hàng , tổ dân_phố 61 , phường_cẩm_lệ , có 1 bóng đèn_đường không sáng . ở vị_trí này là ngã 3 giao nhau giữa kiệt 298 và đường nguyễn_hàng nơi có lưu_lượng xe qua_lại đông . đề_nghị cơ_quan_chức_năng kiểm_tra , xử_lý .",,Đang xử lý,https://gopy.danang.gov.vn/gop-y?pageid=view&ykien=98801,dien_luc_chieu_sang,thap
98795,Da Nang,4/5/2026 17:50,Tại góc đường Nguyễn Văn Thoại và Mỹ Khê 4 biển cấm đỗ xe bị gãy. Đề nghị cơ quan quản lý khắc phục sửa chữa.,Tại góc đường Nguyễn Văn Thoại và Mỹ Khê 4 biển cấm đỗ xe bị gãy. Đề nghị cơ quan quản lý khắc phục sửa chữa.,Tại góc đường Nguyễn_Văn_Thoại và Mỹ_Khê 4 biển cấm đỗ xe bị gãy . Đề_nghị cơ_quan quản_lý khắc_phục sửa_chữa .,tại góc đường nguyễn_văn_thoại và mỹ_khê 4 biển cấm đỗ xe bị gãy . đề_nghị cơ_quan quản_lý khắc_phục sửa_chữa .,,Đang xử lý,https://gopy.danang.gov.vn/gop-y?pageid=view&ykien=98795,bien_bao,thap
98356,Da Nang,14:05 28/04/2026,"Hiên nay, tại khu vực gia đình quân nhân của Ban chỉ huy quân sự thành phố Đà Nẵng, kiệt 245 Âu Cơ đi vào. Tuyến đường 5,5 mét và 7,5 mét vẫn chưa có đèn đường, gây khó khăn trong việc đi lại, không đảm bảo an ninh vào buổi tối. Kính đề nghị thành phố quan tâm./.","Hiên nay, tại khu vực gia đình quân nhân của Ban chỉ huy quân sự thành phố Đà Nẵng, kiệt 245 Âu Cơ đi vào. Tuyến đường 5, 5 mét và 7, 5 mét vẫn chưa có đèn đường, gây khó khăn trong việc đi lại, không đảm bảo an ninh vào buổi tối. Kính đề nghị thành phố quan tâm. /.","Hiên nay , tại khu_vực gia_đình quân_nhân của Ban chỉ_huy quân_sự thành_phố Đà_Nẵng , kiệt 245 Âu_Cơ_đi vào . Tuyến_đường 5 , 5 mét và 7 , 5 mét vẫn chưa có đèn_đường , gây khó_khăn trong việc đi_lại , không đảm_bảo_an_ninh vào buổi tối . Kính_đề nghị thành_phố quan_tâm . / .","hiên nay , tại khu_vực gia_đình quân_nhân của ban chỉ_huy quân_sự thành_phố đà_nẵng , kiệt 245 âu_cơ_đi vào . tuyến_đường 5 , 5 mét và 7 , 5 mét vẫn chưa có đèn_đường , gây khó_khăn trong việc đi_lại , không đảm_bảo_an_ninh vào buổi tối . kính_đề nghị thành_phố quan_tâm . / .",UBND Phường Liên Chiểu,Đã xử lý,https://gopy.danang.gov.vn/gop-y?pageid=view&ykien=98356,dien_luc_chieu_sang,thap
98160,Da Nang,19:07 26/04/2026,"Trước nhà thuốc 386 tại địa chỉ 386 Nguyễn Lương Bằng, phường Liên Chiểu để các cục đá trên vỉa hè gây mất mỹ quan và dễ gây tai nạn cho người đi bộ, cản trở người đi bộ. Kính đề nghị cơ quan chức năng kiểm tra và xử lý./.","Trước nhà thuốc 386 tại địa chỉ 386 Nguyễn Lương Bằng, phường Liên Chiểu để các cục đá trên vỉa hè gây mất mỹ quan và dễ gây tai nạn cho người đi bộ, cản trở người đi bộ. Kính đề nghị cơ quan chức năng kiểm tra và xử lý. /.","Trước nhà_thuốc 386 tại địa_chỉ 386 Nguyễn_Lương_Bằng , phường Liên_Chiểu_để các cục đá trên vỉa_hè gây mất mỹ_quan và dễ gây tai_nạn cho người đi bộ , cản_trở người đi bộ . Kính_đề nghị cơ_quan_chức_năng kiểm_tra và xử_lý . / .","trước nhà_thuốc 386 tại địa_chỉ 386 nguyễn_lương_bằng , phường liên_chiểu_để các cục đá trên vỉa_hè gây mất mỹ_quan và dễ gây tai_nạn cho người đi bộ , cản_trở người đi bộ . kính_đề nghị cơ_quan_chức_năng kiểm_tra và xử_lý . / .",UBND Phường Liên Chiểu,Đã xử lý,https://gopy.danang.gov.vn/gop-y?pageid=view&ykien=98160,via_he_long_duong,cao
98133,Da Nang,14:40 26/04/2026,"Tại ngã ba Cẩm Lý giao giữa đường ĐT609 và ĐT605, xã Điện Bàn Tây tình trạng kẹt xe thường xuyên xảy ra tại đây, do đèn đếm giây hướng từ Đà Nẵng - Quảng Nam (cũ) chỉ có 25 giây nhưng lưu lượng xe lưu thông tại đây rất đông, tôi thấy như vậy là không phù hợp. Kính đề nghị cơ quan chức năng điều chỉnh lại số đếm giây để phù hợp, đảm bảo lưu thông không xảy ra tình trạng kẹt xe tại đây. Xin cảm ơn.","Tại ngã ba Cẩm Lý giao giữa đường ĐT609 và ĐT605, xã Điện Bàn Tây tình trạng kẹt xe thường xuyên xảy ra tại đây, do đèn đếm giây hướng từ Đà Nẵng - Quảng Nam (cũ) chỉ có 25 giây nhưng lưu lượng xe lưu thông tại đây rất đông, tôi thấy như vậy là không phù hợp. Kính đề nghị cơ quan chức năng điều chỉnh lại số đếm giây để phù hợp, đảm bảo lưu thông không xảy ra tình trạng kẹt xe tại đây. Xin cảm ơn.","Tại ngã ba Cẩm_Lý giao giữa đường ĐT609 và ĐT605 , xã Điện_Bàn_Tây tình_trạng kẹt xe thường_xuyên xảy ra tại đây , do đèn_đếm giây hướng từ Đà_Nẵng - Quảng_Nam ( cũ ) chỉ có 25 giây nhưng lưu_lượng xe lưu_thông tại đây rất đông , tôi thấy như_vậy là không phù_hợp . Kính_đề nghị cơ_quan_chức_năng điều_chỉnh lại số đếm giây để phù_hợp , đảm_bảo_lưu_thông không xảy ra tình_trạng kẹt xe tại đây . Xin cảm_ơn .","tại ngã ba cẩm_lý giao giữa đường đt609 và đt605 , xã điện_bàn_tây tình_trạng kẹt xe thường_xuyên xảy ra tại đây , do đèn_đếm giây hướng từ đà_nẵng - quảng_nam ( cũ ) chỉ có 25 giây nhưng lưu_lượng xe lưu_thông tại đây rất đông , tôi thấy như_vậy là không phù_hợp . kính_đề nghị cơ_quan_chức_năng điều_chỉnh lại số đếm giây để phù_hợp , đảm_bảo_lưu_thông không xảy ra tình_trạng kẹt xe tại đây . xin cảm_ơn .",Công an Thành phố,Đã xử lý,https://gopy.danang.gov.vn/gop-y?pageid=view&ykien=98133,to_chuc_giao_thong,thap
98106,Da Nang,20:12 25/04/2026,"Đèn đường tại cột số 38 LVH, đường An Bắc 4, phường Ngũ Hành Sơn bị cháy bóng mấy tháng nay. Kính đề nghị cơ quan chức năng kiểm tra và xử lý.","Đèn đường tại cột số 38 LVH, đường An Bắc 4, phường Ngũ Hành Sơn bị cháy bóng mấy tháng nay. Kính đề nghị cơ quan chức năng kiểm tra và xử lý.","Đèn_đường tại cột_số 38 LVH , đường An_Bắc 4 , phường Ngũ_Hành_Sơn bị cháy bóng mấy tháng nay . Kính_đề nghị cơ_quan_chức_năng kiểm_tra và xử_lý .","đèn_đường tại cột_số 38 lvh , đường an_bắc 4 , phường ngũ_hành_sơn bị cháy bóng mấy tháng nay . kính_đề nghị cơ_quan_chức_năng kiểm_tra và xử_lý .",,Đang xử lý,https://gopy.danang.gov.vn/gop-y?pageid=view&ykien=98106,dien_luc_chieu_sang,thap
98091,Da Nang,14:21 25/04/2026,"Tại cơ sở Bánh mì Ba Duy, số 437 Núi Thành, phường Hòa Cường, có tình trạng khoan, đóng bục xuống lòng vỉa hè. Việc này làm ảnh hưởng mỹ quan đô thị và cản trở lối đi của người dân. Đặc biệt quy định hiện tại đã không cho sử dụng vỉa hè để kinh doanh buôn bán. Kính đề nghị cơ quan chức năng kiểm tra, xử lý và yêu cầu khôi phục lại hiện trạng vỉa hè, đảm bảo đúng quy định./.","Tại cơ sở Bánh mì Ba Duy, số 437 Núi Thành, phường Hòa Cường, có tình trạng khoan, đóng bục xuống lòng vỉa hè. Việc này làm ảnh hưởng mỹ quan đô thị và cản trở lối đi của người dân. Đặc biệt quy định hiện tại đã không cho sử dụng vỉa hè để kinh doanh buôn bán. Kính đề nghị cơ quan chức năng kiểm tra, xử lý và yêu cầu khôi phục lại hiện trạng vỉa hè, đảm bảo đúng quy định. /.","Tại cơ_sở Bánh_mì Ba_Duy , số 437 Núi_Thành , phường Hòa_Cường , có tình_trạng khoan , đóng bục xuống lòng vỉa_hè . Việc này làm ảnh_hưởng mỹ_quan đô_thị và cản_trở_lối đi của người dân . Đặc_biệt quy_định hiện_tại đã không cho sử_dụng vỉa_hè để kinh_doanh buôn_bán . Kính_đề nghị cơ_quan_chức_năng kiểm_tra , xử_lý và yêu_cầu khôi_phục lại hiện_trạng vỉa_hè , đảm_bảo đúng quy_định . / .","tại cơ_sở bánh_mì ba_duy , số 437 núi_thành , phường hòa_cường , có tình_trạng khoan , đóng bục xuống lòng vỉa_hè . việc này làm ảnh_hưởng mỹ_quan đô_thị và cản_trở_lối đi của người dân . đặc_biệt quy_định hiện_tại đã không cho sử_dụng vỉa_hè để kinh_doanh buôn_bán . kính_đề nghị cơ_quan_chức_năng kiểm_tra , xử_lý và yêu_cầu khôi_phục lại hiện_trạng vỉa_hè , đảm_bảo đúng quy_định . / .",UBND Phường Hòa Cường,Đã xử lý,https://gopy.danang.gov.vn/gop-y?pageid=view&ykien=98091,via_he_long_duong,trung_binh
98026,Da Nang,21:09 24/04/2026,"Cống thoát nước thải phía sau An Thương 30 và Đỗ Bá không thoát được gây hôi thối không chịu được, đã phản ánh nhiều lần vẫn chưa giải quyết. Mong thành phố sớm giải quyết sớm cho người dân được nhờ.","Cống thoát nước thải phía sau An Thương 30 và Đỗ Bá không thoát được gây hôi thối không chịu được, đã phản ánh nhiều lần vẫn chưa giải quyết. Mong thành phố sớm giải quyết sớm cho người dân được nhờ.","Cống thoát nước_thải phía sau An_Thương 30 và Đỗ_Bá không thoát được gây hôi_thối không chịu được , đã phản_ánh nhiều lần vẫn chưa giải_quyết . Mong thành_phố sớm giải_quyết sớm cho người dân được nhờ .","cống thoát nước_thải phía sau an_thương 30 và đỗ_bá không thoát được gây hôi_thối không chịu được , đã phản_ánh nhiều lần vẫn chưa giải_quyết . mong thành_phố sớm giải_quyết sớm cho người dân được nhờ .","Trung tâm Thông tin và Giám sát, điều hành thông minh",Đã xử lý,https://gopy.danang.gov.vn/gop-y?pageid=view&ykien=98026,cong_ho_ga_thoat_nuoc,thap
98010,Da Nang,17:14 24/04/2026,Khu vực dưới đầu cầu Rồng có một cọc sắt nhô lên khoảng 20cm (hình ảnh kèm theo). Tuy đây không thuộc khu vực đi bộ nhưng vào các đêm trình diễn phun lửa và nước cũng có nhiều du khách tập trung cũng khá nguy hiểm nếu vấp té ngã. Đề nghị Ban quản lý cầu có thể xử lý loại bỏ hoặc có biện pháp che chắn cho an toàn.,Khu vực dưới đầu cầu Rồng có một cọc sắt nhô lên khoảng 20cm (hình ảnh kèm theo). Tuy đây không thuộc khu vực đi bộ nhưng vào các đêm trình diễn phun lửa và nước cũng có nhiều du khách tập trung cũng khá nguy hiểm nếu vấp té ngã. Đề nghị Ban quản lý cầu có thể xử lý loại bỏ hoặc có biện pháp che chắn cho an toàn.,Khu_vực dưới đầu cầu Rồng có một cọc sắt nhô lên khoảng 20cm ( hình_ảnh kèm theo ) . Tuy_đây không thuộc khu_vực đi bộ nhưng vào các đêm trình_diễn phun lửa và nước cũng có nhiều du_khách tập_trung cũng khá nguy_hiểm nếu vấp té ngã . Đề_nghị Ban quản_lý cầu có_thể xử_lý loại_bỏ hoặc có biện_pháp che_chắn cho an_toàn .,khu_vực dưới đầu cầu rồng có một cọc sắt nhô lên khoảng 20cm ( hình_ảnh kèm theo ) . tuy_đây không thuộc khu_vực đi bộ nhưng vào các đêm trình_diễn phun lửa và nước cũng có nhiều du_khách tập_trung cũng khá nguy_hiểm nếu vấp té ngã . đề_nghị ban quản_lý cầu có_thể xử_lý loại_bỏ hoặc có biện_pháp che_chắn cho an_toàn .,Sở Xây dựng Sở Xây dựng cảm ơn ý kiến góp ý của công dân và thông tin như sau:,Đang xử lý,https://gopy.danang.gov.vn/gop-y?pageid=view&ykien=98010,duong_cau_ha_tang_hu_hong,cao
97975,Da Nang,11:43 24/04/2026,"Vỉa hè hư hỏng tại 14 Trần Đại Nghĩa, phường Ngũ Hành Sơn. Mong cơ quan chức năng kiểm tra và sữa chửa. Tôi xin chân thành cảm ơn./.","Vỉa hè hư hỏng tại 14 Trần Đại Nghĩa, phường Ngũ Hành Sơn. Mong cơ quan chức năng kiểm tra và sữa chửa. Tôi xin chân thành cảm ơn. /.","Vỉa_hè hư_hỏng tại 14 Trần_Đại_Nghĩa , phường Ngũ_Hành_Sơn . Mong cơ_quan_chức_năng kiểm_tra và sữa chửa . Tôi xin chân_thành cảm_ơn . / .","vỉa_hè hư_hỏng tại 14 trần_đại_nghĩa , phường ngũ_hành_sơn . mong cơ_quan_chức_năng kiểm_tra và sữa chửa . tôi xin chân_thành cảm_ơn . / .",Sở Xây dựng,Đang xử lý,https://gopy.danang.gov.vn/gop-y?pageid=view&ykien=97975,via_he_long_duong,trung_binh
97956,Da Nang,08:24 24/04/2026,"Qua quá trình thay trụ điện mới tại 12/7D vs 12/9 Nguyễn Hữu Thọ, Hoà Cường, các bên chức năng không trả lại hiện trạng ban đầu mà để dây điện và cáp mạng lòng thòng rối ren sà xuống trước khu vực nhà dân gây nguy hiểm và mất mỹ quan đô thị. Đề nghị xử lý trả lại hiện trạng an toàn và mỹ quan như ban đầu./.","Qua quá trình thay trụ điện mới tại 12/7D vs 12/9 Nguyễn Hữu Thọ, Hoà Cường, các bên chức năng không trả lại hiện trạng ban đầu mà để dây điện và cáp mạng lòng thòng rối ren sà xuống trước khu vực nhà dân gây nguy hiểm và mất mỹ quan đô thị. Đề nghị xử lý trả lại hiện trạng an toàn và mỹ quan như ban đầu. /.","Qua quá_trình thay trụ điện mới tại 12 / 7D vs 12 / 9 Nguyễn_Hữu_Thọ , Hoà_Cường , các bên chức_năng không trả lại hiện_trạng ban_đầu mà để dây_điện và cáp mạng lòng_thòng rối_ren sà xuống trước khu_vực nhà dân gây nguy_hiểm và mất mỹ_quan đô_thị . Đề_nghị xử_lý trả lại hiện_trạng an_toàn và mỹ_quan như ban_đầu . / .","qua quá_trình thay trụ điện mới tại 12 / 7d vs 12 / 9 nguyễn_hữu_thọ , hoà_cường , các bên chức_năng không trả lại hiện_trạng ban_đầu mà để dây_điện và cáp mạng lòng_thòng rối_ren sà xuống trước khu_vực nhà dân gây nguy_hiểm và mất mỹ_quan đô_thị . đề_nghị xử_lý trả lại hiện_trạng an_toàn và mỹ_quan như ban_đầu . / .","Điện lực Đà Nẵng Cảm ơn ý kiến góp ý, phản ánh của Anh/Chị.",Đã xử lý,https://gopy.danang.gov.vn/gop-y?pageid=view&ykien=97956,dien_luc_chieu_sang,cao
97942,Da Nang,07:45 24/04/2026,"Nắp hố ga trên vỉa hè 05 Lê Đức Thọ, phường Sơn Trà bị gãy, để lộ hố sâu và rộng 50cm ngay đường giành cho người đi bộ. Mặc dù người dân đã dùng cây che để cảnh báo, nhưng đã có người bị sụp hố. Kính báo cơ quan chức năng kiểm tra xử lý sớm./.","Nắp hố ga trên vỉa hè 05 Lê Đức Thọ, phường Sơn Trà bị gãy, để lộ hố sâu và rộng 50cm ngay đường giành cho người đi bộ. Mặc dù người dân đã dùng cây che để cảnh báo, nhưng đã có người bị sụp hố. Kính báo cơ quan chức năng kiểm tra xử lý sớm. /.","Nắp hố_ga trên vỉa_hè 05 Lê_Đức_Thọ , phường Sơn_Trà bị gãy , để lộ hố sâu và rộng 50cm ngay đường giành cho người đi bộ . Mặc_dù người dân đã dùng cây che để cảnh_báo , nhưng đã có người bị sụp hố . Kính báo cơ_quan_chức_năng kiểm_tra xử_lý sớm . / .","nắp hố_ga trên vỉa_hè 05 lê_đức_thọ , phường sơn_trà bị gãy , để lộ hố sâu và rộng 50cm ngay đường giành cho người đi bộ . mặc_dù người dân đã dùng cây che để cảnh_báo , nhưng đã có người bị sụp hố . kính báo cơ_quan_chức_năng kiểm_tra xử_lý sớm . / .",Sở Xây dựng,Đã xử lý,https://gopy.danang.gov.vn/gop-y?pageid=view&ykien=97942,cong_ho_ga_thoat_nuoc,cao
97928,Da Nang,22:31 23/04/2026,"Đoạn đường ngã tư Nguyễn Dục - Nguyễn Duy Cung, phường Ngũ Hành Sơn vào ban đêm sau 22h00 không có điện đường rất nguy hiểm. Đã xảy ra tai nạn vào đây vào ban đêm. Kính mong cơ quan chức năng xem xét mở một bóng đèn đường vào giờ khuya tại khu vực này.","Đoạn đường ngã tư Nguyễn Dục - Nguyễn Duy Cung, phường Ngũ Hành Sơn vào ban đêm sau 22h00 không có điện đường rất nguy hiểm. Đã xảy ra tai nạn vào đây vào ban đêm. Kính mong cơ quan chức năng xem xét mở một bóng đèn đường vào giờ khuya tại khu vực này.","Đoạn_đường ngã tư Nguyễn_Dục - Nguyễn_Duy_Cung , phường Ngũ_Hành_Sơn vào ban_đêm sau 22h00 không có điện_đường rất nguy_hiểm . Đã xảy ra tai_nạn vào đây vào ban_đêm . Kính mong cơ_quan_chức_năng xem_xét mở một bóng đèn_đường vào giờ khuya tại khu_vực này .","đoạn_đường ngã tư nguyễn_dục - nguyễn_duy_cung , phường ngũ_hành_sơn vào ban_đêm sau 22h00 không có điện_đường rất nguy_hiểm . đã xảy ra tai_nạn vào đây vào ban_đêm . kính mong cơ_quan_chức_năng xem_xét mở một bóng đèn_đường vào giờ khuya tại khu_vực này .",,Đang xử lý,https://gopy.danang.gov.vn/gop-y?pageid=view&ykien=97928,dien_luc_chieu_sang,cao
97885,Da Nang,11:22 23/04/2026,"Đề nghị chính quyền địa phương xử lý việc ngập nước khi trời mưa quá to tại khu vực cuối hẻm 725 đường Phan Châu Trinh, phường Hương Trà (hình ảnh đính kèm). Nguyên cuối xóm chúng tôi hồi nào đến giờ không có con mương, nước chảy tự nhiên qua vườn của ông Năm Mua. Đợt mưa năm nay nước không thoát kịp nên tràn vào nhà người dân vì lý do bên kia vườn làm nhà ngăn chặn dòng nước chảy. Kính mong cơ quan chức năng có hướng giải quyết khắc phục tình trạng ngập nước tại đây. Xin cám ơn./.","Đề nghị chính quyền địa phương xử lý việc ngập nước khi trời mưa quá to tại khu vực cuối hẻm 725 đường Phan Châu Trinh, phường Hương Trà (hình ảnh đính kèm). Nguyên cuối xóm chúng tôi hồi nào đến giờ không có con mương, nước chảy tự nhiên qua vườn của ông Năm Mua. Đợt mưa năm nay nước không thoát kịp nên tràn vào nhà người dân vì lý do bên kia vườn làm nhà ngăn chặn dòng nước chảy. Kính mong cơ quan chức năng có hướng giải quyết khắc phục tình trạng ngập nước tại đây. Xin cám ơn. /.","Đề_nghị chính_quyền địa_phương xử_lý việc ngập nước khi trời mưa quá to tại khu_vực cuối hẻm 725 đường_Phan_Châu_Trinh , phường Hương_Trà ( hình ảnh_đính kèm ) . Nguyên cuối xóm chúng_tôi hồi nào đến giờ không có con mương , nước chảy tự_nhiên qua vườn của ông_Năm_Mua . Đợt mưa năm nay nước không thoát kịp nên tràn vào nhà người dân vì lý_do bên kia vườn làm nhà ngăn_chặn dòng nước chảy . Kính mong cơ_quan_chức_năng có hướng giải_quyết khắc_phục tình_trạng ngập nước tại đây . Xin cám_ơn . / .","đề_nghị chính_quyền địa_phương xử_lý việc ngập nước khi trời mưa quá to tại khu_vực cuối hẻm 725 đường_phan_châu_trinh , phường hương_trà ( hình ảnh_đính kèm ) . nguyên cuối xóm chúng_tôi hồi nào đến giờ không có con mương , nước chảy tự_nhiên qua vườn của ông_năm_mua . đợt mưa năm nay nước không thoát kịp nên tràn vào nhà người dân vì lý_do bên kia vườn làm nhà ngăn_chặn dòng nước chảy . kính mong cơ_quan_chức_năng có hướng giải_quyết khắc_phục tình_trạng ngập nước tại đây . xin cám_ơn . / .",UBND phường Hương Trà Về,Đã xử lý,https://gopy.danang.gov.vn/gop-y?pageid=view&ykien=97885,cong_ho_ga_thoat_nuoc,thap
97863,Da Nang,07:45 23/04/2026,"Từ trước Tết đến nay, tại khu truyền tải điện, tổ dân phố 01, thôn Thạnh Mỹ 2, xã Thạnh Mỹ, có 2 bóng đèn không sáng. Ở khu này chưa có tên đường, vị trí ở tại ngã 4 gần thuốc tây Hiền đi vào 1 đoạn có 1 nhà có dàn hoa giấy, trước nhà này có 2 bóng đèn bị hỏng. Đề nghị cơ quan chức năng kiểm tra, xử lý.","Từ trước Tết đến nay, tại khu truyền tải điện, tổ dân phố 01, thôn Thạnh Mỹ 2, xã Thạnh Mỹ, có 2 bóng đèn không sáng. Ở khu này chưa có tên đường, vị trí ở tại ngã 4 gần thuốc tây Hiền đi vào 1 đoạn có 1 nhà có dàn hoa giấy, trước nhà này có 2 bóng đèn bị hỏng. Đề nghị cơ quan chức năng kiểm tra, xử lý.","Từ trước Tết_đến nay , tại khu truyền_tải_điện , tổ dân_phố 01 , thôn Thạnh_Mỹ 2 , xã Thạnh_Mỹ , có 2 bóng đèn không sáng . Ở khu này chưa có tên đường , vị_trí ở tại ngã 4 gần thuốc_tây Hiền_đi vào 1 đoạn có 1 nhà có dàn hoa_giấy , trước nhà này có 2 bóng đèn bị hỏng . Đề_nghị cơ_quan_chức_năng kiểm_tra , xử_lý .","từ trước tết_đến nay , tại khu truyền_tải_điện , tổ dân_phố 01 , thôn thạnh_mỹ 2 , xã thạnh_mỹ , có 2 bóng đèn không sáng . ở khu này chưa có tên đường , vị_trí ở tại ngã 4 gần thuốc_tây hiền_đi vào 1 đoạn có 1 nhà có dàn hoa_giấy , trước nhà này có 2 bóng đèn bị hỏng . đề_nghị cơ_quan_chức_năng kiểm_tra , xử_lý .",UBND xã Thạnh Mỹ,Đã xử lý,https://gopy.danang.gov.vn/gop-y?pageid=view&ykien=97863,dien_luc_chieu_sang,thap
97828,Da Nang,17:28 22/04/2026,"Kính đề nghị cơ quan chức năng xem xét, xử lý: Tại khu vực ngã tư Ỷ Lan Nguyên Phi giao Nguyễn Hữu Dật, phường Hòa Cường, Đà Nẵng, nắp hố ga bị vỡ, vỉa hè sụt lún, gây nguy hiểm cho người tham gia giao thông. Hình ảnh đính kèm. Kính mong cơ quan chức năng sớm kiểm tra và khắc phục. Xin trân trọng cảm ơn!","Kính đề nghị cơ quan chức năng xem xét, xử lý: Tại khu vực ngã tư Ỷ Lan Nguyên Phi giao Nguyễn Hữu Dật, phường Hòa Cường, Đà Nẵng, nắp hố ga bị vỡ, vỉa hè sụt lún, gây nguy hiểm cho người tham gia giao thông. Hình ảnh đính kèm. Kính mong cơ quan chức năng sớm kiểm tra và khắc phục. Xin trân trọng cảm ơn","Kính_đề nghị cơ_quan_chức_năng xem_xét , xử_lý : Tại khu_vực ngã tư Ỷ Lan_Nguyên_Phi giao Nguyễn_Hữu_Dật , phường Hòa_Cường , Đà_Nẵng , nắp hố_ga bị vỡ , vỉa_hè sụt lún , gây nguy_hiểm cho người tham_gia giao_thông . Hình_ảnh_đính kèm . Kính mong cơ_quan_chức_năng sớm kiểm_tra và khắc_phục . Xin trân_trọng cảm_ơn","kính_đề nghị cơ_quan_chức_năng xem_xét , xử_lý : tại khu_vực ngã tư ỷ lan_nguyên_phi giao nguyễn_hữu_dật , phường hòa_cường , đà_nẵng , nắp hố_ga bị vỡ , vỉa_hè sụt lún , gây nguy_hiểm cho người tham_gia giao_thông . hình_ảnh_đính kèm . kính mong cơ_quan_chức_năng sớm kiểm_tra và khắc_phục . xin trân_trọng cảm_ơn",UBND Phường Hòa Cường,Đã xử lý,https://gopy.danang.gov.vn/gop-y?pageid=view&ykien=97828,cong_ho_ga_thoat_nuoc,cao
97818,Da Nang,14:32 22/04/2026,"Hiện nay, mặt đường Tiên Sơn 19, phường Hòa Cường, có một số vị trí bị hư hỏng, xuất hiện ổ gà. Mặc dù người dân đã tự sửa chữa nhiều lần, nhưng hiện trạng mặt đường đã bong tróc nặng, gây khó khăn và nguy hiểm cho việc đi lại. Kính mong cơ quan chức năng kiểm tra và có biện pháp khắc phục, đảm bảo an toàn giao thông cho người dân. Xin trân trọng cảm ơn!","Hiện nay, mặt đường Tiên Sơn 19, phường Hòa Cường, có một số vị trí bị hư hỏng, xuất hiện ổ gà. Mặc dù người dân đã tự sửa chữa nhiều lần, nhưng hiện trạng mặt đường đã bong tróc nặng, gây khó khăn và nguy hiểm cho việc đi lại. Kính mong cơ quan chức năng kiểm tra và có biện pháp khắc phục, đảm bảo an toàn giao thông cho người dân. Xin trân trọng cảm ơn","Hiện_nay , mặt_đường Tiên_Sơn 19 , phường Hòa_Cường , có một_số vị_trí bị hư_hỏng , xuất_hiện ổ_gà . Mặc_dù người dân đã tự sửa_chữa nhiều lần , nhưng hiện_trạng mặt đường_đã bong tróc nặng , gây khó_khăn và nguy_hiểm cho việc đi_lại . Kính mong cơ_quan_chức_năng kiểm_tra và có biện_pháp khắc_phục , đảm_bảo_an_toàn giao_thông cho người dân . Xin trân_trọng cảm_ơn","hiện_nay , mặt_đường tiên_sơn 19 , phường hòa_cường , có một_số vị_trí bị hư_hỏng , xuất_hiện ổ_gà . mặc_dù người dân đã tự sửa_chữa nhiều lần , nhưng hiện_trạng mặt đường_đã bong tróc nặng , gây khó_khăn và nguy_hiểm cho việc đi_lại . kính mong cơ_quan_chức_năng kiểm_tra và có biện_pháp khắc_phục , đảm_bảo_an_toàn giao_thông cho người dân . xin trân_trọng cảm_ơn",UBND Phường Hòa Cường,Đã xử lý,https://gopy.danang.gov.vn/gop-y?pageid=view&ykien=97818,duong_cau_ha_tang_hu_hong,cao
97722,Da Nang,14:53 21/04/2026,"Vỉa hè địa chỉ 278 - 280 Xô Viết Nghệ Tĩnh, phường Cẩm Lệ bị hư hỏng, gạch vỉa hè bị lật lên. Mong cơ quan chức năng sớm kiểm tra và sửa chữa. Tôi xin chân thành cảm ơn!","Vỉa hè địa chỉ 278 - 280 Xô Viết Nghệ Tĩnh, phường Cẩm Lệ bị hư hỏng, gạch vỉa hè bị lật lên. Mong cơ quan chức năng sớm kiểm tra và sửa chữa. Tôi xin chân thành cảm ơn","Vỉa_hè địa_chỉ 278 - 280 Xô_Viết_Nghệ_Tĩnh , phường Cẩm_Lệ bị hư_hỏng , gạch vỉa_hè bị lật lên . Mong cơ_quan_chức_năng sớm kiểm_tra và sửa_chữa . Tôi xin chân_thành cảm_ơn","vỉa_hè địa_chỉ 278 - 280 xô_viết_nghệ_tĩnh , phường cẩm_lệ bị hư_hỏng , gạch vỉa_hè bị lật lên . mong cơ_quan_chức_năng sớm kiểm_tra và sửa_chữa . tôi xin chân_thành cảm_ơn",Ban Quản lý dự án đầu tư xây dựng các công trình giao thông và nông nghiệp Đà Nẵng,Đã xử lý,https://gopy.danang.gov.vn/gop-y?pageid=view&ykien=97722,via_he_long_duong,trung_binh
97719,Da Nang,14:30 21/04/2026,"Nắp cống tại 781 Nguyễn Hữu Thọ, phường Cẩm Lệ bị hư hỏng nặng. Tôi đã liên hệ hơn một tháng nhưng chưa có xử lý. Kính báo cơ quan chức năng kiểm tra xử lý.","Nắp cống tại 781 Nguyễn Hữu Thọ, phường Cẩm Lệ bị hư hỏng nặng. Tôi đã liên hệ hơn một tháng nhưng chưa có xử lý. Kính báo cơ quan chức năng kiểm tra xử lý.","Nắp cống tại 781 Nguyễn_Hữu_Thọ , phường Cẩm_Lệ bị hư_hỏng nặng . Tôi_đã liên_hệ hơn một tháng nhưng chưa có xử_lý . Kính báo cơ_quan_chức_năng kiểm_tra xử_lý .","nắp cống tại 781 nguyễn_hữu_thọ , phường cẩm_lệ bị hư_hỏng nặng . tôi_đã liên_hệ hơn một tháng nhưng chưa có xử_lý . kính báo cơ_quan_chức_năng kiểm_tra xử_lý .","Sở Xây dựng Sở Xây dựng trân trọng cảm ơn ý kiến góp ý của Quý công dân và phản hồi một số thông tin như sau: Công ty Thoát nước và Xử lý nước thải đã kiểm tra hiện trường và hoàn thành thay nắp cống mới, hình ảnh kèm",Đã xử lý,https://gopy.danang.gov.vn/gop-y?pageid=view&ykien=97719,cong_ho_ga_thoat_nuoc,trung_binh
97718,Da Nang,14:20 21/04/2026,"Đèn đường chiếu sáng tại kiệt sau lưng Nhà Văn hóa cộng đồng dân cư số 13 - khu công viên X2 Hòa An (cũ), tại địa chỉ: đường Hòa An 25, Tổ 45HA, phường An Khê đã bị hư, hiện nay đang không sáng, làm ảnh hưởng đến sinh hoạt người dân và đường tối dễ gây nên trộm cắp. Nhờ các cấp xem xét, cho đơn vị phụ trách đến xử lý sớm cho bà con. Tôi xin cảm ơn./.","Đèn đường chiếu sáng tại kiệt sau lưng Nhà Văn hóa cộng đồng dân cư số 13 - khu công viên X2 Hòa An (cũ), tại địa chỉ: đường Hòa An 25, Tổ 45HA, phường An Khê đã bị hư, hiện nay đang không sáng, làm ảnh hưởng đến sinh hoạt người dân và đường tối dễ gây nên trộm cắp. Nhờ các cấp xem xét, cho đơn vị phụ trách đến xử lý sớm cho bà con. Tôi xin cảm ơn. /.","Đèn_đường chiếu sáng tại kiệt sau lưng Nhà_Văn_hóa cộng_đồng dân_cư số 13 - khu công_viên X2_Hòa_An ( cũ ) , tại địa_chỉ : đường Hòa_An 25 , Tổ 45HA , phường An_Khê_đã bị hư , hiện_nay đang không sáng , làm ảnh_hưởng đến sinh_hoạt người dân và đường tối dễ gây nên trộm_cắp . Nhờ các cấp xem_xét , cho đơn_vị phụ_trách đến xử_lý sớm cho bà_con . Tôi xin cảm_ơn . / .","đèn_đường chiếu sáng tại kiệt sau lưng nhà_văn_hóa cộng_đồng dân_cư số 13 - khu công_viên x2_hòa_an ( cũ ) , tại địa_chỉ : đường hòa_an 25 , tổ 45ha , phường an_khê_đã bị hư , hiện_nay đang không sáng , làm ảnh_hưởng đến sinh_hoạt người dân và đường tối dễ gây nên trộm_cắp . nhờ các cấp xem_xét , cho đơn_vị phụ_trách đến xử_lý sớm cho bà_con . tôi xin cảm_ơn . / .","Sở Xây dựng Sở Xây dựng trân trọng cảm ơn ý kiến góp ý của Quý công dân và phản hồi một số thông tin như sau: Công ty cổ phần chiếu sáng công cộng đã kiểm tra hiện trường và hoàn thành xử lý kiến nghị, đèn đã đỏ bình thường. Sở Xây dựng thông tin để Quý công dân được biết. Trân trọng./. Ngày trả lời: 01/05/2026",Đã xử lý,https://gopy.danang.gov.vn/gop-y?pageid=view&ykien=97718,dien_luc_chieu_sang,thap
97691,Da Nang,12:27 21/04/2026,"Từ ngày 15/4/2026, việc thu gom rác tại Chi nhánh MTĐT Thanh Khê, cụ thể là đường Ngô Nhân Tịnh không còn diễn ra hàng ngày như trước mà kéo dài 2–3 ngày/lần. Rác sinh hoạt vì thế tồn đọng trước nhà dân, dưới thời tiết nắng nóng gây mùi hôi nồng nặc, tiềm ẩn nguy cơ dịch bệnh và ô nhiễm môi trường. Người dân đã đóng phí vệ sinh đầy đủ nhưng phải sống chung với rác thải nhiều ngày, ảnh hưởng nghiêm trọng đến đời sống và mỹ quan đô thị. Đề nghị cơ quan chức năng sớm kiểm tra, chấn chỉnh và khôi phục lịch thu gom rác hàng ngày.","Từ ngày 15/4/2026, việc thu gom rác tại Chi nhánh MTĐT Thanh Khê, cụ thể là đường Ngô Nhân Tịnh không còn diễn ra hàng ngày như trước mà kéo dài 2 3 ngày/lần. Rác sinh hoạt vì thế tồn đọng trước nhà dân, dưới thời tiết nắng nóng gây mùi hôi nồng nặc, tiềm ẩn nguy cơ dịch bệnh và ô nhiễm môi trường. Người dân đã đóng phí vệ sinh đầy đủ nhưng phải sống chung với rác thải nhiều ngày, ảnh hưởng nghiêm trọng đến đời sống và mỹ quan đô thị. Đề nghị cơ quan chức năng sớm kiểm tra, chấn chỉnh và khôi phục lịch thu gom rác hàng ngày.","Từ ngày 15 / 4 / 2026 , việc thu_gom rác tại Chi_nhánh MTĐT Thanh_Khê , cụ_thể là đường Ngô_Nhân_Tịnh không còn diễn ra hàng ngày như trước mà kéo_dài 2 3 ngày / lần . Rác sinh_hoạt vì_thế tồn_đọng trước nhà dân , dưới thời_tiết nắng_nóng gây mùi hôi nồng_nặc , tiềm_ẩn nguy_cơ dịch_bệnh và ô_nhiễm môi_trường . Người dân đã_đóng phí vệ_sinh đầy_đủ nhưng phải sống chung với rác_thải nhiều ngày , ảnh_hưởng nghiêm_trọng đến_đời sống và mỹ_quan đô_thị . Đề_nghị cơ_quan_chức_năng sớm kiểm_tra , chấn_chỉnh và khôi_phục lịch thu_gom rác hàng ngày .","từ ngày 15 / 4 / 2026 , việc thu_gom rác tại chi_nhánh mtđt thanh_khê , cụ_thể là đường ngô_nhân_tịnh không còn diễn ra hàng ngày như trước mà kéo_dài 2 3 ngày / lần . rác sinh_hoạt vì_thế tồn_đọng trước nhà dân , dưới thời_tiết nắng_nóng gây mùi hôi nồng_nặc , tiềm_ẩn nguy_cơ dịch_bệnh và ô_nhiễm môi_trường . người dân đã_đóng phí vệ_sinh đầy_đủ nhưng phải sống chung với rác_thải nhiều ngày , ảnh_hưởng nghiêm_trọng đến_đời sống và mỹ_quan đô_thị . đề_nghị cơ_quan_chức_năng sớm kiểm_tra , chấn_chỉnh và khôi_phục lịch thu_gom rác hàng ngày .",UBND Phường An Khê,Đã xử lý,https://gopy.danang.gov.vn/gop-y?pageid=view&ykien=97691,rac_thai_ve_sinh_moi_truong,thap
97684,Da Nang,11:04 21/04/2026,"Trước địa chỉ số 582 Nguyễn Hữu Thọ , phường Cẩm Lệ có tình trạng vỉa hè bị hư hỏng. Mong cơ quan chức năng kiểm tra, sửa chữa./.","Trước địa chỉ số 582 Nguyễn Hữu Thọ, phường Cẩm Lệ có tình trạng vỉa hè bị hư hỏng. Mong cơ quan chức năng kiểm tra, sửa chữa. /.","Trước_địa chỉ_số 582 Nguyễn_Hữu_Thọ , phường Cẩm_Lệ có tình_trạng vỉa_hè bị hư_hỏng . Mong cơ_quan_chức_năng kiểm_tra , sửa_chữa . / .","trước_địa chỉ_số 582 nguyễn_hữu_thọ , phường cẩm_lệ có tình_trạng vỉa_hè bị hư_hỏng . mong cơ_quan_chức_năng kiểm_tra , sửa_chữa . / .",Sở Xây dựng,Đã xử lý,https://gopy.danang.gov.vn/gop-y?pageid=view&ykien=97684,via_he_long_duong,trung_binh
97680,Da Nang,09:50 21/04/2026,"Ngã ba Tăng Bạt Hổ - Nguyễn Trãi và lân cận. Khi công an và quy tắc ra quân xử lý thì họ nép vào, khi không có lực lượng họ tái chiếm, thách thức xem thường luật pháp. Mong chính quyền giải quyết triệt để tránh trường hợp xem thường luật pháp,và tình trạng đánh trống bỏ dùi.","Ngã ba Tăng Bạt Hổ - Nguyễn Trãi và lân cận. Khi công an và quy tắc ra quân xử lý thì họ nép vào, khi không có lực lượng họ tái chiếm, thách thức xem thường luật pháp. Mong chính quyền giải quyết triệt để tránh trường hợp xem thường luật pháp, và tình trạng đánh trống bỏ dùi.","Ngã ba Tăng_Bạt_Hổ - Nguyễn_Trãi và lân_cận . Khi công_an và quy_tắc ra_quân xử_lý thì họ nép vào , khi không có lực_lượng họ tái_chiếm , thách_thức xem_thường luật_pháp . Mong chính_quyền giải_quyết triệt_để tránh trường_hợp xem_thường luật_pháp , và tình_trạng đánh trống bỏ dùi .","ngã ba tăng_bạt_hổ - nguyễn_trãi và lân_cận . khi công_an và quy_tắc ra_quân xử_lý thì họ nép vào , khi không có lực_lượng họ tái_chiếm , thách_thức xem_thường luật_pháp . mong chính_quyền giải_quyết triệt_để tránh trường_hợp xem_thường luật_pháp , và tình_trạng đánh trống bỏ dùi .",UBND Phường Hải Châu,Đã xử lý,https://gopy.danang.gov.vn/gop-y?pageid=view&ykien=97680,to_chuc_giao_thong,thap
97665,Da Nang,08:01 21/04/2026,"Hệ thống điện chiếu sáng trên tuyến đường Lê Quảng Chí, phường Hòa Xuân hiện có nhiều bóng không hoạt động trong thời gian dài, đặc biệt khu vực trước số nhà 151 Lê Quảng Chí. Không rõ nguyên nhân do chưa được đấu nối hay chưa hoàn tất bàn giao vận hành. Tình trạng này khiến khu vực ban đêm thiếu ánh sáng, tiềm ẩn nguy cơ mất an toàn. Kính đề nghị cơ quan chức năng kiểm tra, khắc phục và sớm đưa hệ thống điện chiếu sáng vào hoạt động ổn định, đảm bảo an toàn cho người dân. Xin cảm ơn.","Hệ thống điện chiếu sáng trên tuyến đường Lê Quảng Chí, phường Hòa Xuân hiện có nhiều bóng không hoạt động trong thời gian dài, đặc biệt khu vực trước số nhà 151 Lê Quảng Chí. Không rõ nguyên nhân do chưa được đấu nối hay chưa hoàn tất bàn giao vận hành. Tình trạng này khiến khu vực ban đêm thiếu ánh sáng, tiềm ẩn nguy cơ mất an toàn. Kính đề nghị cơ quan chức năng kiểm tra, khắc phục và sớm đưa hệ thống điện chiếu sáng vào hoạt động ổn định, đảm bảo an toàn cho người dân. Xin cảm ơn.","Hệ_thống điện chiếu sáng trên tuyến đường Lê_Quảng_Chí , phường Hòa_Xuân hiện có nhiều bóng không hoạt_động trong thời_gian dài , đặc_biệt khu_vực trước số nhà 151 Lê_Quảng_Chí . Không rõ nguyên_nhân do chưa được_đấu nối hay chưa hoàn_tất bàn_giao vận_hành . Tình_trạng này khiến khu_vực ban_đêm thiếu ánh_sáng , tiềm_ẩn nguy_cơ mất an_toàn . Kính_đề nghị cơ_quan_chức_năng kiểm_tra , khắc_phục và sớm đưa hệ_thống điện chiếu sáng vào hoạt động_ổn_định , đảm_bảo_an_toàn cho người dân . Xin cảm_ơn .","hệ_thống điện chiếu sáng trên tuyến đường lê_quảng_chí , phường hòa_xuân hiện có nhiều bóng không hoạt_động trong thời_gian dài , đặc_biệt khu_vực trước số nhà 151 lê_quảng_chí . không rõ nguyên_nhân do chưa được_đấu nối hay chưa hoàn_tất bàn_giao vận_hành . tình_trạng này khiến khu_vực ban_đêm thiếu ánh_sáng , tiềm_ẩn nguy_cơ mất an_toàn . kính_đề nghị cơ_quan_chức_năng kiểm_tra , khắc_phục và sớm đưa hệ_thống điện chiếu sáng vào hoạt động_ổn_định , đảm_bảo_an_toàn cho người dân . xin cảm_ơn .","Sở Xây dựng Sở Xây dựng trân trọng cảm ơn ý kiến góp ý của Quý công dân và phản hồi một số thông tin như sau: Công ty cổ phần chiếu sáng công cộng đã kiểm tra hiện trường và hoàn thành xử lý kiến nghị, đèn đã đỏ bình thường. Sở Xây dựng thông tin để Quý công dân được biết. Trân trọng./. Ngày trả lời: 01/05/2026",Đã xử lý,https://gopy.danang.gov.vn/gop-y?pageid=view&ykien=97665,dien_luc_chieu_sang,cao
97658,Da Nang,07:56 21/04/2026,"Quán chay An Lạc Tâm tại 808 Tôn Đức Thắng, phường Hòa Khánh buôn bán thường xuyên để xe lấn chiếm vỉa hè và đường kiệt 808 Tôn Đức Thắng. Quán thường xuyên buôn bán từ 6h-22h hàng ngày. Đặc biệt vào ngày rằm, mồng 1 lấn chiếm hết hầu như không có lối đi, nhưng quán không hề có biện pháp sắp xếp để đảm bảo. Kính mong cơ quan chức năng kiểm tra và xử lý./.","Quán chay An Lạc Tâm tại 808 Tôn Đức Thắng, phường Hòa Khánh buôn bán thường xuyên để xe lấn chiếm vỉa hè và đường kiệt 808 Tôn Đức Thắng. Quán thường xuyên buôn bán từ 6h-22h hàng ngày. Đặc biệt vào ngày rằm, mồng 1 lấn chiếm hết hầu như không có lối đi, nhưng quán không hề có biện pháp sắp xếp để đảm bảo. Kính mong cơ quan chức năng kiểm tra và xử lý. /.","Quán chay An_Lạc_Tâm tại 808 Tôn_Đức_Thắng , phường Hòa_Khánh buôn_bán thường_xuyên để xe lấn_chiếm vỉa_hè và đường kiệt 808 Tôn_Đức_Thắng . Quán thường_xuyên buôn_bán từ 6h - 22h hàng ngày . Đặc_biệt vào ngày rằm , mồng 1 lấn_chiếm hết hầu_như không có lối đi , nhưng quán không hề có biện_pháp sắp_xếp để_đảm bảo . Kính mong cơ_quan_chức_năng kiểm_tra và xử_lý . / .","quán chay an_lạc_tâm tại 808 tôn_đức_thắng , phường hòa_khánh buôn_bán thường_xuyên để xe lấn_chiếm vỉa_hè và đường kiệt 808 tôn_đức_thắng . quán thường_xuyên buôn_bán từ 6h - 22h hàng ngày . đặc_biệt vào ngày rằm , mồng 1 lấn_chiếm hết hầu_như không có lối đi , nhưng quán không hề có biện_pháp sắp_xếp để_đảm bảo . kính mong cơ_quan_chức_năng kiểm_tra và xử_lý . / .",UBND Phường Hòa Khánh,Đã xử lý,https://gopy.danang.gov.vn/gop-y?pageid=view&ykien=97658,via_he_long_duong,trung_binh
97653,Da Nang,07:55 21/04/2026,"Kiệt 246 Trần Nhân Tông, phường Điện Bàn (kiệt mỳ Nhị) cả tuần nay không có điện đường chiếu sáng, gây khó khăn cho người đi đường. Kiệt này trước đây đã có điện chiếu sáng nhưng do nhân dân đóng góp, tuy nhiên, bây giờ có 1 số hộ không đồng ý đóng tiền nữa vì họ nói những tuyến đường khác được nhà nước cấp điện chiếu sáng, tại sao họ phải nộp tiền để có điện đường chiếu sáng. Kính đề nghị cơ quan chức năng kiểm tra và có phương án bố trí điện đường chiếu sáng để đảm bảo an toàn của người dân./.","Kiệt 246 Trần Nhân Tông, phường Điện Bàn (kiệt mỳ Nhị) cả tuần nay không có điện đường chiếu sáng, gây khó khăn cho người đi đường. Kiệt này trước đây đã có điện chiếu sáng nhưng do nhân dân đóng góp, tuy nhiên, bây giờ có 1 số hộ không đồng ý đóng tiền nữa vì họ nói những tuyến đường khác được nhà nước cấp điện chiếu sáng, tại sao họ phải nộp tiền để có điện đường chiếu sáng. Kính đề nghị cơ quan chức năng kiểm tra và có phương án bố trí điện đường chiếu sáng để đảm bảo an toàn của người dân. /.","Kiệt 246 Trần_Nhân_Tông , phường Điện_Bàn ( kiệt mỳ Nhị ) cả tuần nay không có điện_đường chiếu sáng , gây khó_khăn cho người đi_đường . Kiệt này trước đây_đã có điện chiếu sáng nhưng do nhân_dân đóng_góp , tuy_nhiên , bây_giờ có 1 số hộ không đồng_ý đóng tiền nữa vì họ nói những tuyến đường khác được nhà_nước cấp điện chiếu sáng , tại_sao họ phải nộp tiền để có điện_đường chiếu sáng . Kính_đề nghị cơ_quan_chức_năng kiểm_tra và có phương_án bố_trí điện_đường chiếu sáng để_đảm bảo_an_toàn của người dân . / .","kiệt 246 trần_nhân_tông , phường điện_bàn ( kiệt mỳ nhị ) cả tuần nay không có điện_đường chiếu sáng , gây khó_khăn cho người đi_đường . kiệt này trước đây_đã có điện chiếu sáng nhưng do nhân_dân đóng_góp , tuy_nhiên , bây_giờ có 1 số hộ không đồng_ý đóng tiền nữa vì họ nói những tuyến đường khác được nhà_nước cấp điện chiếu sáng , tại_sao họ phải nộp tiền để có điện_đường chiếu sáng . kính_đề nghị cơ_quan_chức_năng kiểm_tra và có phương_án bố_trí điện_đường chiếu sáng để_đảm bảo_an_toàn của người dân . / .",UBND phường Điện Bàn,Đã xử lý,https://gopy.danang.gov.vn/gop-y?pageid=view&ykien=97653,dien_luc_chieu_sang,thap
97645,Da Nang,07:48 21/04/2026,"Cống thu thoát nước trước 08 An Trung Đông 7, An Hải bị bể đanh cống từ trước Tết 2026 đến nay nhưng chưa ai xử lý. Tôi đã nhiều lần liên hệ trực tiếp quy tắc phường cũng như gọi điện thoại báo nhưng cũng không thấy cơ quan nào xuống kiếm tra. Hiện tại đanh bể nhiều lỗ rất nguy hiểm. Kính mong cơ quan chức năng kiểm tra xử lý. Xin cảm ơn./.","Cống thu thoát nước trước 08 An Trung Đông 7, An Hải bị bể đanh cống từ trước Tết 2026 đến nay nhưng chưa ai xử lý. Tôi đã nhiều lần liên hệ trực tiếp quy tắc phường cũng như gọi điện thoại báo nhưng cũng không thấy cơ quan nào xuống kiếm tra. Hiện tại đanh bể nhiều lỗ rất nguy hiểm. Kính mong cơ quan chức năng kiểm tra xử lý. Xin cảm ơn. /.","Cống thu thoát nước trước 08 An_Trung_Đông 7 , An_Hải bị bể đanh cống từ trước Tết 2026 đến nay nhưng chưa ai xử_lý . Tôi_đã nhiều lần liên_hệ trực_tiếp quy_tắc phường cũng như gọi điện_thoại báo nhưng cũng không thấy cơ_quan nào xuống kiếm tra . Hiện_tại đanh bể nhiều lỗ rất nguy_hiểm . Kính mong cơ_quan_chức_năng kiểm_tra xử_lý . Xin cảm_ơn . / .","cống thu thoát nước trước 08 an_trung_đông 7 , an_hải bị bể đanh cống từ trước tết 2026 đến nay nhưng chưa ai xử_lý . tôi_đã nhiều lần liên_hệ trực_tiếp quy_tắc phường cũng như gọi điện_thoại báo nhưng cũng không thấy cơ_quan nào xuống kiếm tra . hiện_tại đanh bể nhiều lỗ rất nguy_hiểm . kính mong cơ_quan_chức_năng kiểm_tra xử_lý . xin cảm_ơn . / .",UBND Phường An Hải,Đã xử lý,https://gopy.danang.gov.vn/gop-y?pageid=view&ykien=97645,cong_ho_ga_thoat_nuoc,cao
97625,Da Nang,19:54 20/04/2026,"Bóng đèn đường ngã ba Thanh Lương 15 và Mạc Đăng Dung, phường Hòa Xuân bị hỏng đã lâu. Vị trí ngã ba nên ban đêm rất nguy hiểm. Kính mong đơn vị chuyên trách kiểm tra và thay bóng đèn tại vị trí trên. Xin cảm ơn","Bóng đèn đường ngã ba Thanh Lương 15 và Mạc Đăng Dung, phường Hòa Xuân bị hỏng đã lâu. Vị trí ngã ba nên ban đêm rất nguy hiểm. Kính mong đơn vị chuyên trách kiểm tra và thay bóng đèn tại vị trí trên. Xin cảm ơn","Bóng_đèn_đường ngã ba Thanh_Lương 15 và Mạc_Đăng_Dung , phường Hòa_Xuân bị hỏng đã lâu . Vị_trí ngã ba nên ban_đêm rất nguy_hiểm . Kính mong đơn_vị chuyên_trách kiểm_tra và thay bóng đèn tại vị_trí trên . Xin cảm_ơn","bóng_đèn_đường ngã ba thanh_lương 15 và mạc_đăng_dung , phường hòa_xuân bị hỏng đã lâu . vị_trí ngã ba nên ban_đêm rất nguy_hiểm . kính mong đơn_vị chuyên_trách kiểm_tra và thay bóng đèn tại vị_trí trên . xin cảm_ơn","Sở Xây dựng Sở Xây dựng trân trọng cảm ơn ý kiến góp ý của Quý công dân và phản hồi một số thông tin như sau: Công ty cổ phần chiếu sáng công cộng đã kiểm tra hiện trường và hoàn thành xử lý kiến nghị, đèn đã đỏ bình thường. Sở Xây dựng thông tin để Quý công dân được biết. Trân trọng./. Ngày trả lời: 01/05/2026",Đã xử lý,https://gopy.danang.gov.vn/gop-y?pageid=view&ykien=97625,dien_luc_chieu_sang,cao
97618,Da Nang,17:21 20/04/2026,"Vỉa hè hư hỏng tại số 540A Nguyễn Hữu Thọ, phường Cẩm Lệ. (Hình ảnh đính kèm). Mong cơ quan chức năng kiểm tra và sửa chữa. Tôi xin chân thành cảm ơn./.","Vỉa hè hư hỏng tại số 540A Nguyễn Hữu Thọ, phường Cẩm Lệ. (Hình ảnh đính kèm). Mong cơ quan chức năng kiểm tra và sửa chữa. Tôi xin chân thành cảm ơn. /.","Vỉa_hè hư_hỏng tại số 540A Nguyễn_Hữu_Thọ , phường Cẩm_Lệ . ( Hình_ảnh_đính kèm ) . Mong cơ_quan_chức_năng kiểm_tra và sửa_chữa . Tôi xin chân_thành cảm_ơn . / .","vỉa_hè hư_hỏng tại số 540a nguyễn_hữu_thọ , phường cẩm_lệ . ( hình_ảnh_đính kèm ) . mong cơ_quan_chức_năng kiểm_tra và sửa_chữa . tôi xin chân_thành cảm_ơn . / .",Sở Xây dựng,Đã xử lý,https://gopy.danang.gov.vn/gop-y?pageid=view&ykien=97618,via_he_long_duong,trung_binh
97598,Da Nang,14:18 20/04/2026,"Hiện nay bóng đèn đường tại K57 Lê Hữu Trác kế bên số nhà 57/3 Lê Hữu Trác đã bị hỏng nhiều tháng nay nhưng chưa có đơn vị nào tới khắc phục. Việc thiếu thiết bị chiếu sáng ở địa điểm này khiến việc đi lại của người dân gặp nhiều khó khăn, tiềm ẩn nhiều nguy cơ về an ninh, trật tự xã hội. Kính đề nghị cơ quan chức năng sớm tới thay thế, sửa chữa. Xin cảm ơn!","Hiện nay bóng đèn đường tại K57 Lê Hữu Trác kế bên số nhà 57/3 Lê Hữu Trác đã bị hỏng nhiều tháng nay nhưng chưa có đơn vị nào tới khắc phục. Việc thiếu thiết bị chiếu sáng ở địa điểm này khiến việc đi lại của người dân gặp nhiều khó khăn, tiềm ẩn nhiều nguy cơ về an ninh, trật tự xã hội. Kính đề nghị cơ quan chức năng sớm tới thay thế, sửa chữa. Xin cảm ơn","Hiện_nay bóng đèn_đường tại K57 Lê_Hữu_Trác kế bên số nhà 57 / 3 Lê_Hữu_Trác_đã bị hỏng nhiều tháng nay nhưng chưa có đơn_vị nào tới khắc_phục . Việc thiếu thiết_bị chiếu sáng ở địa_điểm này khiến việc đi_lại của người dân gặp nhiều khó_khăn , tiềm_ẩn nhiều nguy_cơ về an_ninh , trật_tự xã_hội . Kính_đề nghị cơ_quan_chức_năng sớm tới thay_thế , sửa_chữa . Xin cảm_ơn","hiện_nay bóng đèn_đường tại k57 lê_hữu_trác kế bên số nhà 57 / 3 lê_hữu_trác_đã bị hỏng nhiều tháng nay nhưng chưa có đơn_vị nào tới khắc_phục . việc thiếu thiết_bị chiếu sáng ở địa_điểm này khiến việc đi_lại của người dân gặp nhiều khó_khăn , tiềm_ẩn nhiều nguy_cơ về an_ninh , trật_tự xã_hội . kính_đề nghị cơ_quan_chức_năng sớm tới thay_thế , sửa_chữa . xin cảm_ơn","Sở Xây dựng Sở Xây dựng trân trọng cảm ơn ý kiến góp ý của Quý công dân và phản hồi một số thông tin như sau: Công ty cổ phần chiếu sáng công cộng đã kiểm tra hiện trường và hoàn thành xử lý kiến nghị, đèn đã đỏ bình thường. Sở Xây dựng thông tin để Quý công dân được biết. Trân trọng./. Ngày trả lời: 01/05/2026",Đã xử lý,https://gopy.danang.gov.vn/gop-y?pageid=view&ykien=97598,dien_luc_chieu_sang,thap
97576,Da Nang,11:48 20/04/2026,"Chào quý cơ quan, Hiện tại cột đèn chiếu sáng trước số nhà 384 Lê Văn Hiến, phường Ngũ Hành Sơn, đoạn gần bệnh viện sản nhi cơ sở 1 ở Lê Văn Hiến đã bị hỏng, không sáng cũng đã hơn 1 tháng nay. Đây là đoạn đường buổi tối rất đông xe container và các loại xe tải lớn đi qua, gần khu vực qua lại của bệnh viện 600 giường nên tiềm ẩn nguy cơ tai nạn cao. Kính mong quý cơ quan xem xét và sớm khắc phục.","Chào quý cơ quan, Hiện tại cột đèn chiếu sáng trước số nhà 384 Lê Văn Hiến, phường Ngũ Hành Sơn, đoạn gần bệnh viện sản nhi cơ sở 1 ở Lê Văn Hiến đã bị hỏng, không sáng cũng đã hơn 1 tháng nay. Đây là đoạn đường buổi tối rất đông xe container và các loại xe tải lớn đi qua, gần khu vực qua lại của bệnh viện 600 giường nên tiềm ẩn nguy cơ tai nạn cao. Kính mong quý cơ quan xem xét và sớm khắc phục.","Chào quý cơ_quan , Hiện_tại cột đèn_chiếu sáng trước số nhà 384 Lê_Văn_Hiến , phường Ngũ_Hành_Sơn , đoạn gần bệnh_viện sản nhi cơ_sở 1 ở Lê_Văn_Hiến_đã bị hỏng , không sáng cũng đã hơn 1 tháng nay . Đây là đoạn_đường buổi tối rất đông xe container và các loại xe_tải lớn đi qua , gần khu_vực qua_lại của bệnh_viện 600 giường nên tiềm_ẩn nguy_cơ tai_nạn cao . Kính_mong quý cơ_quan xem_xét và sớm khắc_phục .","chào quý cơ_quan , hiện_tại cột đèn_chiếu sáng trước số nhà 384 lê_văn_hiến , phường ngũ_hành_sơn , đoạn gần bệnh_viện sản nhi cơ_sở 1 ở lê_văn_hiến_đã bị hỏng , không sáng cũng đã hơn 1 tháng nay . đây là đoạn_đường buổi tối rất đông xe container và các loại xe_tải lớn đi qua , gần khu_vực qua_lại của bệnh_viện 600 giường nên tiềm_ẩn nguy_cơ tai_nạn cao . kính_mong quý cơ_quan xem_xét và sớm khắc_phục .","Sở Xây dựng Sở Xây dựng trân trọng cảm ơn ý kiến góp ý của Quý công dân và phản hồi một số thông tin như sau: Công ty cổ phần chiếu sáng công cộng đã kiểm tra hiện trường và hoàn thành xử lý kiến nghị, đèn đã đỏ bình thường. Sở Xây dựng thông tin để Quý công dân được biết. Trân trọng./. Ngày trả lời: 01/05/2026",Đã xử lý,https://gopy.danang.gov.vn/gop-y?pageid=view&ykien=97576,dien_luc_chieu_sang,cao
97531,Da Nang,18:25 19/04/2026,Bóng đèn chiếu sáng trước số nhà 102 Trần Quý Khoách phường Hòa Khánh bị hỏng. Kính đề nghị cơ quan chức năng kiểm tra xử lý thay thế. Xin chân thành cảm ơn./.,Bóng đèn chiếu sáng trước số nhà 102 Trần Quý Khoách phường Hòa Khánh bị hỏng. Kính đề nghị cơ quan chức năng kiểm tra xử lý thay thế. Xin chân thành cảm ơn. /.,Bóng_đèn chiếu sáng trước số nhà 102 Trần_Quý_Khoách phường Hòa_Khánh bị hỏng . Kính_đề nghị cơ_quan_chức_năng kiểm_tra xử_lý thay_thế . Xin chân_thành cảm_ơn . / .,bóng_đèn chiếu sáng trước số nhà 102 trần_quý_khoách phường hòa_khánh bị hỏng . kính_đề nghị cơ_quan_chức_năng kiểm_tra xử_lý thay_thế . xin chân_thành cảm_ơn . / .,"Sở Xây dựng Sở Xây dựng trân trọng cảm ơn ý kiến góp ý của Quý công dân và phản hồi một số thông tin như sau: Công ty cổ phần chiếu sáng công cộng đã kiểm tra hiện trường và hoàn thành xử lý kiến nghị, đèn đã đỏ bình thường. Sở Xây dựng thông tin để Quý công dân được biết. Trân trọng./. Ngày trả lời: 04/05/2026",Đã xử lý,https://gopy.danang.gov.vn/gop-y?pageid=view&ykien=97531,dien_luc_chieu_sang,thap
97460,Da Nang,09:13 19/04/2026,"Kính gửi UBND thành phố Đà Nẵng. Tôi xin hỏi một số vấn đề về góp ý số 59238 ngày 16 tháng 7 năm 2024. theo đó Ban QLDA ĐTXD các công trình giao thông đã trả lời theo Số: 873/BCTGT-ĐHGS Đà Nẵng, ngày 22 tháng 7 năm 2024, V/v phương án thiết kế khớp nối đường dân sinh thuộc công trình Tuyến đường vành đai phía Tây đoạn từ QL14B đến đường Hồ Chí Minh - giai đoạn 1. Nhưng đến hiện tại thì hiện trạng phản ánh giữa 2 khớp nối giao thông này vẫn như vậy, chưa có kế hoạch giao thông tạm, cũng chưa tiến hành thi công khớp nối chính thức như trong văn bản đã trả lời. Vậy đề nghị quý cơ quan xem xét giải quyết vấn đề này để việc giao thông của người dân được an toàn hơn. Cảm ơn quý cơ quan đã lắng nghe./.","Kính gửi UBND thành phố Đà Nẵng. Tôi xin hỏi một số vấn đề về góp ý số 59238 ngày 16 tháng 7 năm 2024. theo đó Ban QLDA ĐTXD các công trình giao thông đã trả lời theo Số: 873/BCTGT-ĐHGS Đà Nẵng, ngày 22 tháng 7 năm 2024, V/v phương án thiết kế khớp nối đường dân sinh thuộc công trình Tuyến đường vành đai phía Tây đoạn từ QL14B đến đường Hồ Chí Minh - giai đoạn 1. Nhưng đến hiện tại thì hiện trạng phản ánh giữa 2 khớp nối giao thông này vẫn như vậy, chưa có kế hoạch giao thông tạm, cũng chưa tiến hành thi công khớp nối chính thức như trong văn bản đã trả lời. Vậy đề nghị quý cơ quan xem xét giải quyết vấn đề này để việc giao thông của người dân được an toàn hơn. Cảm ơn quý cơ quan đã lắng nghe. /.","Kính gửi UBND thành_phố Đà_Nẵng . Tôi xin hỏi một_số vấn_đề về góp_ý số 59238 ngày 16 tháng 7 năm 2024 . theo đó_Ban QLDA ĐTXD các công_trình giao_thông đã trả_lời theo Số : 873 / BCTGT - ĐHGS Đà_Nẵng , ngày 22 tháng 7 năm 2024 , V / v phương_án thiết_kế khớp nối đường dân_sinh thuộc công_trình Tuyến_đường vành_đai phía Tây_đoạn từ QL14B đến_đường Hồ_Chí_Minh - giai_đoạn 1 . Nhưng_đến hiện_tại thì hiện_trạng phản_ánh giữa 2 khớp nối giao_thông này vẫn như_vậy , chưa có kế_hoạch giao_thông tạm , cũng chưa tiến_hành thi_công khớp nối chính_thức như trong văn_bản đã trả_lời . Vậy_đề nghị quý cơ_quan xem_xét giải_quyết vấn_đề này để việc giao_thông của người dân được an_toàn hơn . Cảm_ơn quý cơ_quan đã lắng_nghe . / .","kính gửi ubnd thành_phố đà_nẵng . tôi xin hỏi một_số vấn_đề về góp_ý số 59238 ngày 16 tháng 7 năm 2024 . theo đó_ban qlda đtxd các công_trình giao_thông đã trả_lời theo số : 873 / bctgt - đhgs đà_nẵng , ngày 22 tháng 7 năm 2024 , v / v phương_án thiết_kế khớp nối đường dân_sinh thuộc công_trình tuyến_đường vành_đai phía tây_đoạn từ ql14b đến_đường hồ_chí_minh - giai_đoạn 1 . nhưng_đến hiện_tại thì hiện_trạng phản_ánh giữa 2 khớp nối giao_thông này vẫn như_vậy , chưa có kế_hoạch giao_thông tạm , cũng chưa tiến_hành thi_công khớp nối chính_thức như trong văn_bản đã trả_lời . vậy_đề nghị quý cơ_quan xem_xét giải_quyết vấn_đề này để việc giao_thông của người dân được an_toàn hơn . cảm_ơn quý cơ_quan đã lắng_nghe . / .",Ban Quản lý dự án đầu tư xây dựng các công trình giao thông và nông nghiệp Đà Nẵng Ban Quản lý dự án đầu tư xây dựng các công trình giao thông và nông nghiệp Đà Nẵng chân thành cảm ơn sự đóng góp ý kiến và kiến nghị thiết thực của công dân về vấn đề thiết thực liên quan đến an toan giao thông trên địa bàn. Ban QLDA xin phản hồi lại để công dân được rõ các,Đã xử lý,https://gopy.danang.gov.vn/gop-y?pageid=view&ykien=97460,duong_cau_ha_tang_hu_hong,thap
97451,Da Nang,21:44 18/04/2026,"Nút giao Nguyễn Hữu Thọ – Phan Đăng Lưu, phường Hòa Cường có đèn giao thông hiển thị số giây đếm không rõ ràng (hình ảnh đính kèm). Kính mong cơ quan chức năng kiểm tra và sửa chữa. Tôi xin chân thành cảm ơn.","Nút giao Nguyễn Hữu Thọ Phan Đăng Lưu, phường Hòa Cường có đèn giao thông hiển thị số giây đếm không rõ ràng (hình ảnh đính kèm). Kính mong cơ quan chức năng kiểm tra và sửa chữa. Tôi xin chân thành cảm ơn.","Nút giao Nguyễn_Hữu_Thọ_Phan_Đăng_Lưu , phường Hòa_Cường có đèn giao_thông hiển_thị số giây đếm không rõ_ràng ( hình ảnh_đính kèm ) . Kính mong cơ_quan_chức_năng kiểm_tra và sửa_chữa . Tôi xin chân_thành cảm_ơn .","nút giao nguyễn_hữu_thọ_phan_đăng_lưu , phường hòa_cường có đèn giao_thông hiển_thị số giây đếm không rõ_ràng ( hình ảnh_đính kèm ) . kính mong cơ_quan_chức_năng kiểm_tra và sửa_chữa . tôi xin chân_thành cảm_ơn .",Sở Xây dựng,Đang xử lý,https://gopy.danang.gov.vn/gop-y?pageid=view&ykien=97451,den_tin_hieu,thap
97399,Da Nang,08:13 18/04/2026,"Tại địa chỉ 35 Nguyễn Chánh, phường Liên Chiểu, tại đây triển khai thi công cống thoát nước đã 1 tháng rưỡi nhưng vẫn chưa xong, trước nhà tôi có thi công dang dở khiến cho việc ra vào rất khó khăn. Đề nghị cơ quan chức năng kiểm tra, xử lý.","Tại địa chỉ 35 Nguyễn Chánh, phường Liên Chiểu, tại đây triển khai thi công cống thoát nước đã 1 tháng rưỡi nhưng vẫn chưa xong, trước nhà tôi có thi công dang dở khiến cho việc ra vào rất khó khăn. Đề nghị cơ quan chức năng kiểm tra, xử lý.","Tại_địa chỉ 35 Nguyễn_Chánh , phường Liên_Chiểu , tại đây triển_khai thi_công cống thoát nước đã 1 tháng rưỡi nhưng vẫn chưa xong , trước nhà tôi có thi_công dang_dở khiến cho việc ra vào rất khó_khăn . Đề_nghị cơ_quan_chức_năng kiểm_tra , xử_lý .","tại_địa chỉ 35 nguyễn_chánh , phường liên_chiểu , tại đây triển_khai thi_công cống thoát nước đã 1 tháng rưỡi nhưng vẫn chưa xong , trước nhà tôi có thi_công dang_dở khiến cho việc ra vào rất khó_khăn . đề_nghị cơ_quan_chức_năng kiểm_tra , xử_lý .",Ban Quản lý dự án đầu tư xây dựng các công trình giao thông và nông nghiệp Đà Nẵng,Đã xử lý,https://gopy.danang.gov.vn/gop-y?pageid=view&ykien=97399,cong_ho_ga_thoat_nuoc,thap
97376,Da Nang,07:12 18/04/2026,"Tại địa chỉ 126-128 Triệu Nữ Vương, phường Hải Châu có tình trạng 1 cục bê tông bó vỉa hè bị hư hỏng, che lấp cống thoát nước. Tiềm ẩn nguy cơ tai nạn giao thông cho xe lưu thông và người đi bộ. Đồng thời giảm khả năng thoát nước khu vực này khi trời mưa to. Kính mong cơ quan chức năng có phương án xử lý sớm, cám ơn!","Tại địa chỉ 126-128 Triệu Nữ Vương, phường Hải Châu có tình trạng 1 cục bê tông bó vỉa hè bị hư hỏng, che lấp cống thoát nước. Tiềm ẩn nguy cơ tai nạn giao thông cho xe lưu thông và người đi bộ. Đồng thời giảm khả năng thoát nước khu vực này khi trời mưa to. Kính mong cơ quan chức năng có phương án xử lý sớm, cám ơn","Tại_địa chỉ 126 - 128 Triệu_Nữ_Vương , phường Hải_Châu có tình_trạng 1 cục bê_tông bó vỉa_hè bị hư_hỏng , che_lấp cống thoát nước . Tiềm_ẩn nguy_cơ tai_nạn giao_thông cho xe lưu_thông và người đi bộ . Đồng_thời giảm khả_năng thoát nước khu_vực này khi trời mưa to . Kính mong cơ_quan_chức_năng có phương_án xử_lý sớm , cám_ơn","tại_địa chỉ 126 - 128 triệu_nữ_vương , phường hải_châu có tình_trạng 1 cục bê_tông bó vỉa_hè bị hư_hỏng , che_lấp cống thoát nước . tiềm_ẩn nguy_cơ tai_nạn giao_thông cho xe lưu_thông và người đi bộ . đồng_thời giảm khả_năng thoát nước khu_vực này khi trời mưa to . kính mong cơ_quan_chức_năng có phương_án xử_lý sớm , cám_ơn",UBND Phường Hải Châu UBND phường Hải Châu phản hồi ý kiến phản ánh của công dân như sau:,Đã xử lý,https://gopy.danang.gov.vn/gop-y?pageid=view&ykien=97376,cong_ho_ga_thoat_nuoc,cao
97374,Da Nang,06:26 18/04/2026,"Hiện nay trên các trụ điện dọc vỉa hè công viên Yên Thế - Bắc Sơn, phường An Khê có rất nhiều bảng quảng cáo treo thấp từ khoảng 1m3 đến 1m7. Việc này rất nguy hiểm cho người đi bộ. Khu vưc này có rất nhiều người tập thể dục, đi bộ, chạy bộ, trẻ em vui chơi. (Hình ảnh đính kèm) Mong cơ quan chức năng kiểm tra và xử lý sớm.","Hiện nay trên các trụ điện dọc vỉa hè công viên Yên Thế - Bắc Sơn, phường An Khê có rất nhiều bảng quảng cáo treo thấp từ khoảng 1m3 đến 1m7. Việc này rất nguy hiểm cho người đi bộ. Khu vưc này có rất nhiều người tập thể dục, đi bộ, chạy bộ, trẻ em vui chơi. (Hình ảnh đính kèm) Mong cơ quan chức năng kiểm tra và xử lý sớm.","Hiện_nay trên các trụ điện dọc vỉa_hè công_viên Yên_Thế - Bắc_Sơn , phường An_Khê có rất nhiều bảng quảng_cáo treo thấp từ khoảng 1m3 đến 1m7 . Việc này rất nguy_hiểm cho người đi bộ . Khu vưc này có rất nhiều người tập_thể_dục , đi bộ , chạy bộ , trẻ_em vui_chơi . ( Hình_ảnh_đính kèm ) Mong cơ_quan_chức_năng kiểm_tra và xử_lý sớm .","hiện_nay trên các trụ điện dọc vỉa_hè công_viên yên_thế - bắc_sơn , phường an_khê có rất nhiều bảng quảng_cáo treo thấp từ khoảng 1m3 đến 1m7 . việc này rất nguy_hiểm cho người đi bộ . khu vưc này có rất nhiều người tập_thể_dục , đi bộ , chạy bộ , trẻ_em vui_chơi . ( hình_ảnh_đính kèm ) mong cơ_quan_chức_năng kiểm_tra và xử_lý sớm .","Sở Văn hóa, Thể thao và Du lịch Sở Văn hóa, Thể thao và Du lịch trân trọng cảm ơn ý kiến góp ý của công dân và xin phản hồi như sau:",Đang xử lý,https://gopy.danang.gov.vn/gop-y?pageid=view&ykien=97374,cay_xanh_vat_can,cao
97336,Da Nang,13:44 17/04/2026,"Tại K62/68/43 Nguyễn Phan Vinh, phường Sơn Trà có bóng đèn chiếu sáng bị cháy 2-3 ngày nay gây khó khăn cho việc lưu thông của người dân. Kính mong cơ quan chức năng kiểm tra và xử lý./.","Tại K62/68/43 Nguyễn Phan Vinh, phường Sơn Trà có bóng đèn chiếu sáng bị cháy 2-3 ngày nay gây khó khăn cho việc lưu thông của người dân. Kính mong cơ quan chức năng kiểm tra và xử lý. /.","Tại K62 / 68 / 43 Nguyễn_Phan_Vinh , phường Sơn_Trà có bóng đèn_chiếu sáng bị cháy 2 - 3 ngày_nay gây khó_khăn cho việc lưu_thông của người dân . Kính mong cơ_quan_chức_năng kiểm_tra và xử_lý . / .","tại k62 / 68 / 43 nguyễn_phan_vinh , phường sơn_trà có bóng đèn_chiếu sáng bị cháy 2 - 3 ngày_nay gây khó_khăn cho việc lưu_thông của người dân . kính mong cơ_quan_chức_năng kiểm_tra và xử_lý . / .",UBND Phường Sơn Trà,Đã xử lý,https://gopy.danang.gov.vn/gop-y?pageid=view&ykien=97336,dien_luc_chieu_sang,thap
97329,Da Nang,13:43 17/04/2026,"Hiện tại ở TDP Đồng Nà, Hội An Tây (gần khu nghỉ dưỡng Allamanda) có 1 đoạn đường đang sửa chữa, đã bắt đầu thực hiện từ 2 tháng trước và chỉ có 1 đoạn nhỏ nhưng đến nay vẫn chưa hoàn thành, tuyến đường này có nhiều học sinh qua lại, gây bất tiện và nguy hiểm. Đề nghị cơ quan chức năng kiểm tra, xử lý./.","Hiện tại ở TDP Đồng Nà, Hội An Tây (gần khu nghỉ dưỡng Allamanda) có 1 đoạn đường đang sửa chữa, đã bắt đầu thực hiện từ 2 tháng trước và chỉ có 1 đoạn nhỏ nhưng đến nay vẫn chưa hoàn thành, tuyến đường này có nhiều học sinh qua lại, gây bất tiện và nguy hiểm. Đề nghị cơ quan chức năng kiểm tra, xử lý. /.","Hiện_tại ở TDP Đồng_Nà , Hội_An_Tây ( gần khu nghỉ_dưỡng Allamanda ) có 1 đoạn_đường_đang sửa_chữa , đã bắt_đầu thực_hiện từ 2 tháng trước và chỉ có 1 đoạn nhỏ nhưng đến nay vẫn chưa hoàn_thành , tuyến đường này có nhiều học_sinh qua_lại , gây bất_tiện và nguy_hiểm . Đề_nghị cơ_quan_chức_năng kiểm_tra , xử_lý . / .","hiện_tại ở tdp đồng_nà , hội_an_tây ( gần khu nghỉ_dưỡng allamanda ) có 1 đoạn_đường_đang sửa_chữa , đã bắt_đầu thực_hiện từ 2 tháng trước và chỉ có 1 đoạn nhỏ nhưng đến nay vẫn chưa hoàn_thành , tuyến đường này có nhiều học_sinh qua_lại , gây bất_tiện và nguy_hiểm . đề_nghị cơ_quan_chức_năng kiểm_tra , xử_lý . / .",UBND phường Hội An Tây,Đã xử lý,https://gopy.danang.gov.vn/gop-y?pageid=view&ykien=97329,duong_cau_ha_tang_hu_hong,cao
97323,Da Nang,13:42 17/04/2026,"Tại đường kiệt 40 Lê Cơ có đến tầm 5 cái nắp cống bị kênh gây ồn ào, đã báo tổ trưởng nhưng vẫn chưa được xử lý. Đề nghị cơ quan chức năng kiểm tra, xử lý./.","Tại đường kiệt 40 Lê Cơ có đến tầm 5 cái nắp cống bị kênh gây ồn ào, đã báo tổ trưởng nhưng vẫn chưa được xử lý. Đề nghị cơ quan chức năng kiểm tra, xử lý. /.","Tại_đường kiệt 40 Lê_Cơ có đến tầm 5 cái nắp cống bị kênh gây ồn_ào , đã báo tổ_trưởng nhưng vẫn chưa được xử_lý . Đề_nghị cơ_quan_chức_năng kiểm_tra , xử_lý . / .","tại_đường kiệt 40 lê_cơ có đến tầm 5 cái nắp cống bị kênh gây ồn_ào , đã báo tổ_trưởng nhưng vẫn chưa được xử_lý . đề_nghị cơ_quan_chức_năng kiểm_tra , xử_lý . / .",UBND Phường Hòa Cường,Đã xử lý,https://gopy.danang.gov.vn/gop-y?pageid=view&ykien=97323,cong_ho_ga_thoat_nuoc,trung_binh
97271,Da Nang,07:45 17/04/2026,"Trên vỉa hè từ số nhà 33 đến 38 Nguyên Phi Ỷ Lan, phường Tam Kỳ có tập kết dây mạng viettel không còn sử dụng gây mất mỹ quan đô thị và cản trở lối đi. Tôi quan sát thì ngoài dây mạng tập kết trên vỉa hè ở đây, còn một số dây mạng bị cháy được cột lòng thòng ngay tầm người đi bộ rất nguy hiểm. Kính báo cơ quan chức năng kiểm tra xử lý./.","Trên vỉa hè từ số nhà 33 đến 38 Nguyên Phi Ỷ Lan, phường Tam Kỳ có tập kết dây mạng viettel không còn sử dụng gây mất mỹ quan đô thị và cản trở lối đi. Tôi quan sát thì ngoài dây mạng tập kết trên vỉa hè ở đây, còn một số dây mạng bị cháy được cột lòng thòng ngay tầm người đi bộ rất nguy hiểm. Kính báo cơ quan chức năng kiểm tra xử lý. /.","Trên vỉa_hè từ số nhà 33 đến 38 Nguyên_Phi Ỷ_Lan , phường Tam_Kỳ có tập_kết dây mạng viettel không còn sử_dụng gây mất mỹ_quan đô_thị và cản_trở_lối đi . Tôi quan_sát thì ngoài dây mạng tập_kết trên vỉa_hè ở đây , còn một_số dây mạng bị cháy được cột lòng_thòng ngay tầm người đi bộ rất nguy_hiểm . Kính báo cơ_quan_chức_năng kiểm_tra xử_lý . / .","trên vỉa_hè từ số nhà 33 đến 38 nguyên_phi ỷ_lan , phường tam_kỳ có tập_kết dây mạng viettel không còn sử_dụng gây mất mỹ_quan đô_thị và cản_trở_lối đi . tôi quan_sát thì ngoài dây mạng tập_kết trên vỉa_hè ở đây , còn một_số dây mạng bị cháy được cột lòng_thòng ngay tầm người đi bộ rất nguy_hiểm . kính báo cơ_quan_chức_năng kiểm_tra xử_lý . / .",UBND phường Tam Kỳ,Đã xử lý,https://gopy.danang.gov.vn/gop-y?pageid=view&ykien=97271,dien_luc_chieu_sang,cao
97268,Da Nang,23:33 16/04/2026,"Khu vực giao giữa Hoàng Sĩ Khải và kiệt 675 Ngô Quyền, đèn đường bị hỏng khiến gây mất an toàn giao thông. Kính đề nghị cơ quan chức năng kiểm tra và xử lý.","Khu vực giao giữa Hoàng Sĩ Khải và kiệt 675 Ngô Quyền, đèn đường bị hỏng khiến gây mất an toàn giao thông. Kính đề nghị cơ quan chức năng kiểm tra và xử lý.","Khu_vực giao giữa Hoàng_Sĩ_Khải và kiệt 675 Ngô_Quyền , đèn_đường bị hỏng khiến gây mất an_toàn giao_thông . Kính_đề nghị cơ_quan_chức_năng kiểm_tra và xử_lý .","khu_vực giao giữa hoàng_sĩ_khải và kiệt 675 ngô_quyền , đèn_đường bị hỏng khiến gây mất an_toàn giao_thông . kính_đề nghị cơ_quan_chức_năng kiểm_tra và xử_lý .","Sở Xây dựng Sở Xây dựng trân trọng cảm ơn ý kiến góp ý của Quý công dân và phản hồi một số thông tin như sau: Công ty cổ phần chiếu sáng công cộng đã kiểm tra hiện trường và hoàn thành xử lý kiến nghị, đèn đã đỏ bình thường. Sở Xây dựng thông tin để Quý công dân được biết. Trân trọng./. Ngày trả lời: 23/04/2026",Đã xử lý,https://gopy.danang.gov.vn/gop-y?pageid=view&ykien=97268,dien_luc_chieu_sang,cao
97264,Da Nang,21:42 16/04/2026,"Tôi xin phản ánh tình trạng giao thông tại đoạn đường Nguyễn Đình Tứ, khu vực Yên Thế – Bắc Sơn. Hiện nay phần gờ cầu tại đây có độ chênh lệch khá cao so với mặt đường, khiến việc đi lại của người dân rất khó khăn, đặc biệt đối với xe máy và người lớn tuổi. Khi lưu thông qua khu vực này rất dễ xảy ra va chạm, té ngã hoặc mất an toàn giao thông, nhất là vào ban đêm và khi trời mưa. Vị trị theo hình ảnh đính kèm. Kính đề nghị cơ quan chức năng sớm kiểm tra và có biện pháp khắc phục để đảm bảo an toàn cho người dân.","Tôi xin phản ánh tình trạng giao thông tại đoạn đường Nguyễn Đình Tứ, khu vực Yên Thế Bắc Sơn. Hiện nay phần gờ cầu tại đây có độ chênh lệch khá cao so với mặt đường, khiến việc đi lại của người dân rất khó khăn, đặc biệt đối với xe máy và người lớn tuổi. Khi lưu thông qua khu vực này rất dễ xảy ra va chạm, té ngã hoặc mất an toàn giao thông, nhất là vào ban đêm và khi trời mưa. Vị trị theo hình ảnh đính kèm. Kính đề nghị cơ quan chức năng sớm kiểm tra và có biện pháp khắc phục để đảm bảo an toàn cho người dân.","Tôi xin phản_ánh tình_trạng giao_thông tại đoạn_đường Nguyễn_Đình_Tứ , khu_vực Yên_Thế_Bắc_Sơn . Hiện_nay phần gờ cầu tại đây có độ chênh_lệch khá cao so với mặt_đường , khiến việc đi_lại của người dân rất khó_khăn , đặc_biệt đối_với xe_máy và người lớn_tuổi . Khi lưu_thông_qua khu_vực này rất dễ xảy ra va_chạm , té ngã hoặc mất an_toàn giao_thông , nhất là vào ban_đêm và khi trời mưa . Vị_trị theo hình ảnh_đính kèm . Kính_đề nghị cơ_quan_chức_năng sớm kiểm_tra và có biện_pháp khắc_phục để_đảm bảo_an_toàn cho người dân .","tôi xin phản_ánh tình_trạng giao_thông tại đoạn_đường nguyễn_đình_tứ , khu_vực yên_thế_bắc_sơn . hiện_nay phần gờ cầu tại đây có độ chênh_lệch khá cao so với mặt_đường , khiến việc đi_lại của người dân rất khó_khăn , đặc_biệt đối_với xe_máy và người lớn_tuổi . khi lưu_thông_qua khu_vực này rất dễ xảy ra va_chạm , té ngã hoặc mất an_toàn giao_thông , nhất là vào ban_đêm và khi trời mưa . vị_trị theo hình ảnh_đính kèm . kính_đề nghị cơ_quan_chức_năng sớm kiểm_tra và có biện_pháp khắc_phục để_đảm bảo_an_toàn cho người dân .",UBND Phường An Khê,Đã xử lý,https://gopy.danang.gov.vn/gop-y?pageid=view&ykien=97264,duong_cau_ha_tang_hu_hong,cao
97252,Da Nang,16:11 16/04/2026,"Kính gửi Các cơ quan có thẩm quyền. Hiện nay tại Trung tâm Văn hóa Thể thao và Học tập cộng đồng, số 352 Điện Biên Phủ có 2 cây sake rất lớn, phía tay trái theo hướng nhìn vào. Cây này đã vươn ra các hộ xung quanh, lá cây rụng gây tắc đường ống thoát nước mái nhà, rễ cây làm hỏng nền các hộ xung quanh. Tiềm ẩn nguy cơ ngã đổ vào nhà dân. Kính xin các cơ quan có thẩm quyền có phương án chặt cây hoặc tỉa cành để khắc phục tình trạng trên. Xin chân thành cảm ơn.","Kính gửi Các cơ quan có thẩm quyền. Hiện nay tại Trung tâm Văn hóa Thể thao và Học tập cộng đồng, số 352 Điện Biên Phủ có 2 cây sake rất lớn, phía tay trái theo hướng nhìn vào. Cây này đã vươn ra các hộ xung quanh, lá cây rụng gây tắc đường ống thoát nước mái nhà, rễ cây làm hỏng nền các hộ xung quanh. Tiềm ẩn nguy cơ ngã đổ vào nhà dân. Kính xin các cơ quan có thẩm quyền có phương án chặt cây hoặc tỉa cành để khắc phục tình trạng trên. Xin chân thành cảm ơn.","Kính gửi Các cơ_quan có thẩm_quyền . Hiện_nay tại Trung_tâm Văn_hóa Thể_thao và Học_tập cộng_đồng , số 352 Điện_Biên_Phủ có 2 cây sake rất lớn , phía tay_trái theo hướng nhìn vào . Cây này đã vươn ra các hộ xung_quanh , lá cây rụng gây tắc đường_ống thoát nước mái nhà , rễ cây làm hỏng nền các hộ xung_quanh . Tiềm_ẩn nguy_cơ ngã đổ vào nhà dân . Kính xin các cơ_quan có thẩm_quyền có phương_án chặt cây hoặc tỉa cành để khắc_phục tình_trạng trên . Xin chân_thành cảm_ơn .","kính gửi các cơ_quan có thẩm_quyền . hiện_nay tại trung_tâm văn_hóa thể_thao và học_tập cộng_đồng , số 352 điện_biên_phủ có 2 cây sake rất lớn , phía tay_trái theo hướng nhìn vào . cây này đã vươn ra các hộ xung_quanh , lá cây rụng gây tắc đường_ống thoát nước mái nhà , rễ cây làm hỏng nền các hộ xung_quanh . tiềm_ẩn nguy_cơ ngã đổ vào nhà dân . kính xin các cơ_quan có thẩm_quyền có phương_án chặt cây hoặc tỉa cành để khắc_phục tình_trạng trên . xin chân_thành cảm_ơn .",UBND Phường Thanh Khê,Đã xử lý,https://gopy.danang.gov.vn/gop-y?pageid=view&ykien=97252,cay_xanh_vat_can,thap
97207,Da Nang,09:50 16/04/2026,"Hiện nay cuối đường Cao Bá Quát, phường An Hải có 01 biển cấm tất cả các loại xe từ 17h30 đến 24h00. Được biết biển này đặt ở đây do trước đây chợ đêm Sơn Trà (cũ) còn ở khu vực này, nhưng hiện nay chợ đêm Sơn Trà đã dời qua vị trí mới, việc đặt biển này tại đây là không còn phù hợp. Kính đề nghị đơn vị chủ quản thu hồi./.","Hiện nay cuối đường Cao Bá Quát, phường An Hải có 01 biển cấm tất cả các loại xe từ 17h30 đến 24h00. Được biết biển này đặt ở đây do trước đây chợ đêm Sơn Trà (cũ) còn ở khu vực này, nhưng hiện nay chợ đêm Sơn Trà đã dời qua vị trí mới, việc đặt biển này tại đây là không còn phù hợp. Kính đề nghị đơn vị chủ quản thu hồi. /.","Hiện_nay cuối đường Cao_Bá_Quát , phường An_Hải có 01 biển cấm tất_cả các loại xe từ 17h30 đến 24h00 . Được biết biển này đặt ở đây do trước đây chợ đêm_Sơn_Trà ( cũ ) còn ở khu_vực này , nhưng hiện_nay chợ đêm_Sơn_Trà_đã dời qua vị_trí mới , việc đặt biển này tại đây là không còn phù_hợp . Kính_đề nghị đơn_vị chủ_quản thu_hồi . / .","hiện_nay cuối đường cao_bá_quát , phường an_hải có 01 biển cấm tất_cả các loại xe từ 17h30 đến 24h00 . được biết biển này đặt ở đây do trước đây chợ đêm_sơn_trà ( cũ ) còn ở khu_vực này , nhưng hiện_nay chợ đêm_sơn_trà_đã dời qua vị_trí mới , việc đặt biển này tại đây là không còn phù_hợp . kính_đề nghị đơn_vị chủ_quản thu_hồi . / .",UBND Phường An Hải,Đang xử lý,https://gopy.danang.gov.vn/gop-y?pageid=view&ykien=97207,bien_bao,thap
97202,Da Nang,08:56 16/04/2026,"Tôi hài lòng về việc đã xử lý thay bóng đèn chiếu sáng tại số 4 Khánh An 1, phường Hoà Khánh","Tôi hài lòng về việc đã xử lý thay bóng đèn chiếu sáng tại số 4 Khánh An 1, phường Hoà Khánh","Tôi hài_lòng về việc đã xử_lý thay bóng đèn_chiếu sáng tại số 4 Khánh_An 1 , phường Hoà_Khánh","tôi hài_lòng về việc đã xử_lý thay bóng đèn_chiếu sáng tại số 4 khánh_an 1 , phường hoà_khánh","Trung tâm Thông tin và Giám sát, điều hành thông minh Bộ phận tiếp nhận phản ánh, góp ý của Cổng góp ý TP Đà Nẵng trân trọng cảm ơn ý kiến phản hồi của Anh/Chị. Ngày trả lời: 16/04/2026",Đã xử lý,https://gopy.danang.gov.vn/gop-y?pageid=view&ykien=97202,dien_luc_chieu_sang,thap
97196,Da Nang,07:38 16/04/2026,"Trụ điện CS2/3T2HL4 tại ngã ba đường dân sinh trong khu tái định Hòa Liên 4, phường Liên Chiểu có 1 bóng điện bị tắt hơn một nửa tháng nay. Trước đây, bóng đèn chiếu sáng tại trụ điện này chỉ sáng tới 23h, tuy nhiên khu vực này công nhân đi làm về rất khuya nên khá nguy hiểm mà ngay ngã ba đường. Kính mong cơ quan chức năng kiểm tra và bật điện sáng cả đêm, có thể tắt những bóng điện khu vực gần đó./.","Trụ điện CS2/3T2HL4 tại ngã ba đường dân sinh trong khu tái định Hòa Liên 4, phường Liên Chiểu có 1 bóng điện bị tắt hơn một nửa tháng nay. Trước đây, bóng đèn chiếu sáng tại trụ điện này chỉ sáng tới 23h, tuy nhiên khu vực này công nhân đi làm về rất khuya nên khá nguy hiểm mà ngay ngã ba đường. Kính mong cơ quan chức năng kiểm tra và bật điện sáng cả đêm, có thể tắt những bóng điện khu vực gần đó. /.","Trụ_điện CS2 / 3T2HL4 tại ngã ba đường dân_sinh trong khu tái_định_Hòa_Liên 4 , phường Liên_Chiểu có 1 bóng_điện bị tắt hơn một nửa tháng nay . Trước_đây , bóng đèn_chiếu sáng tại trụ điện này chỉ sáng tới 23h , tuy_nhiên khu_vực này công_nhân đi làm về rất khuya nên khá nguy_hiểm mà ngay ngã ba đường . Kính mong cơ_quan_chức_năng kiểm_tra và bật điện sáng cả đêm , có_thể tắt những bóng_điện khu_vực gần đó . / .","trụ_điện cs2 / 3t2hl4 tại ngã ba đường dân_sinh trong khu tái_định_hòa_liên 4 , phường liên_chiểu có 1 bóng_điện bị tắt hơn một nửa tháng nay . trước_đây , bóng đèn_chiếu sáng tại trụ điện này chỉ sáng tới 23h , tuy_nhiên khu_vực này công_nhân đi làm về rất khuya nên khá nguy_hiểm mà ngay ngã ba đường . kính mong cơ_quan_chức_năng kiểm_tra và bật điện sáng cả đêm , có_thể tắt những bóng_điện khu_vực gần đó . / .","Sở Xây dựng Sở Xây dựng trân trọng cảm ơn ý kiến góp ý của Quý công dân và phản hồi một số thông tin như sau: Công ty cổ phần chiếu sáng công cộng đã kiểm tra hiện trường và hoàn thành xử lý kiến nghị, đèn đã đỏ bình thường. Sở Xây dựng thông tin để Quý công dân được biết. Trân trọng./. Ngày trả lời: 23/04/2026",Đã xử lý,https://gopy.danang.gov.vn/gop-y?pageid=view&ykien=97196,dien_luc_chieu_sang,cao
97195,Da Nang,07:38 16/04/2026,"Hệ thống điện chiếu sáng công cộng tại kiệt 139 Ngô Quyền, phường Sơn Trà đã không hoạt động trong khoảng 2–3 ngày qua, không rõ nguyên nhân. Toàn bộ tuyến kiệt từ đầu đến cuối đều không có đèn chiếu sáng, khiến khu vực tối hoàn toàn. Tình trạng này tiềm ẩn nguy cơ mất an toàn giao thông và an ninh trật tự; thực tế đã xảy ra một số vụ tai nạn tại khu vực. Kính mong cơ quan chức năng kiểm tra, xác định nguyên nhân và sớm khắc phục hệ thống chiếu sáng công cộng, đảm bảo an toàn cho người dân khi lưu thông. Xin cảm ơn./.","Hệ thống điện chiếu sáng công cộng tại kiệt 139 Ngô Quyền, phường Sơn Trà đã không hoạt động trong khoảng 2 3 ngày qua, không rõ nguyên nhân. Toàn bộ tuyến kiệt từ đầu đến cuối đều không có đèn chiếu sáng, khiến khu vực tối hoàn toàn. Tình trạng này tiềm ẩn nguy cơ mất an toàn giao thông và an ninh trật tự; thực tế đã xảy ra một số vụ tai nạn tại khu vực. Kính mong cơ quan chức năng kiểm tra, xác định nguyên nhân và sớm khắc phục hệ thống chiếu sáng công cộng, đảm bảo an toàn cho người dân khi lưu thông. Xin cảm ơn. /.","Hệ_thống điện chiếu sáng công_cộng tại kiệt 139 Ngô_Quyền , phường Sơn_Trà_đã không hoạt_động trong khoảng 2 3 ngày qua , không rõ nguyên_nhân . Toàn_bộ tuyến kiệt từ đầu_đến cuối đều không có đèn_chiếu sáng , khiến khu_vực tối hoàn_toàn . Tình_trạng này tiềm_ẩn nguy_cơ mất an_toàn giao_thông và an_ninh trật_tự ; thực_tế đã xảy ra một_số vụ tai_nạn tại khu_vực . Kính mong cơ_quan_chức_năng kiểm_tra , xác_định nguyên_nhân và sớm khắc_phục hệ_thống chiếu sáng công_cộng , đảm_bảo_an_toàn cho người dân khi lưu_thông . Xin cảm_ơn . / .","hệ_thống điện chiếu sáng công_cộng tại kiệt 139 ngô_quyền , phường sơn_trà_đã không hoạt_động trong khoảng 2 3 ngày qua , không rõ nguyên_nhân . toàn_bộ tuyến kiệt từ đầu_đến cuối đều không có đèn_chiếu sáng , khiến khu_vực tối hoàn_toàn . tình_trạng này tiềm_ẩn nguy_cơ mất an_toàn giao_thông và an_ninh trật_tự ; thực_tế đã xảy ra một_số vụ tai_nạn tại khu_vực . kính mong cơ_quan_chức_năng kiểm_tra , xác_định nguyên_nhân và sớm khắc_phục hệ_thống chiếu sáng công_cộng , đảm_bảo_an_toàn cho người dân khi lưu_thông . xin cảm_ơn . / .","Sở Xây dựng Sở Xây dựng trân trọng cảm ơn ý kiến góp ý của Quý công dân và phản hồi một số thông tin như sau: Công ty cổ phần chiếu sáng công cộng đã kiểm tra hiện trường và hoàn thành xử lý kiến nghị, đèn đã đỏ bình thường. Sở Xây dựng thông tin để Quý công dân được biết. Trân trọng./. Ngày trả lời: 23/04/2026",Đã xử lý,https://gopy.danang.gov.vn/gop-y?pageid=view&ykien=97195,dien_luc_chieu_sang,cao
97190,Da Nang,07:37 16/04/2026,"Trước khu vực Chợ Nam Ô, phường Hải Vân thường xuyên xảy ra tình trạng đốt rác, cứ 2 – 3 ngày đốt 1 lần gây ô nhiễm môi trường, hiện lửa đã làm cháy biển “Giao thông an toàn – Đảm bảo tính mạng”. Đề nghị cơ quan chức năng kiểm tra, xử lý./.","Trước khu vực Chợ Nam Ô, phường Hải Vân thường xuyên xảy ra tình trạng đốt rác, cứ 2 3 ngày đốt 1 lần gây ô nhiễm môi trường, hiện lửa đã làm cháy biển Giao thông an toàn Đảm bảo tính mạng. Đề nghị cơ quan chức năng kiểm tra, xử lý. /.","Trước khu_vực Chợ_Nam_Ô , phường Hải_Vân thường_xuyên xảy ra tình_trạng đốt rác , cứ 2 3 ngày đốt 1 lần gây ô_nhiễm môi_trường , hiện lửa đã làm cháy biển Giao_thông an_toàn Đảm_bảo tính_mạng . Đề_nghị cơ_quan_chức_năng kiểm_tra , xử_lý . / .","trước khu_vực chợ_nam_ô , phường hải_vân thường_xuyên xảy ra tình_trạng đốt rác , cứ 2 3 ngày đốt 1 lần gây ô_nhiễm môi_trường , hiện lửa đã làm cháy biển giao_thông an_toàn đảm_bảo tính_mạng . đề_nghị cơ_quan_chức_năng kiểm_tra , xử_lý . / .",UBND Phường Hải Vân,Đã xử lý,https://gopy.danang.gov.vn/gop-y?pageid=view&ykien=97190,rac_thai_ve_sinh_moi_truong,thap
97096,Da Nang,08:47 15/04/2026,"Cổng góp ý nhận được phản ánh, góp ý của người dân qua Facebook Góp ý Đà Nẵng 1022 có nội dung như sau: Tôi phản ánh sự việc như sau: Số nhà 82 Lâm Quang Thự, phường Thanh Khê. Trước Tết họ có làm nhà và đã lấp miệng cống thoát nước (Hình ảnh đính kèm). Cống không thoát nước được dẫn đến mất vệ sinh, nước chảy trên mặt đường, mưa thì ngập úng. Tuyến đường này chỉ có 1 bên cống, bên kia là chung cư. Vậy mà mấy hộ này, hộ nào cũng lấp miệng cống gần hết nửa tuyến đường. Mong cơ quan chức năng kiểm tra và xử lý.","Cổng góp ý nhận được phản ánh, góp ý của người dân qua Facebook Góp ý Đà Nẵng 1022 có nội dung như sau: Tôi phản ánh sự việc như sau: Số nhà 82 Lâm Quang Thự, phường Thanh Khê. Trước Tết họ có làm nhà và đã lấp miệng cống thoát nước (Hình ảnh đính kèm). Cống không thoát nước được dẫn đến mất vệ sinh, nước chảy trên mặt đường, mưa thì ngập úng. Tuyến đường này chỉ có 1 bên cống, bên kia là chung cư. Vậy mà mấy hộ này, hộ nào cũng lấp miệng cống gần hết nửa tuyến đường. Mong cơ quan chức năng kiểm tra và xử lý.","Cổng góp_ý nhận được phản_ánh , góp_ý của người dân qua Facebook_Góp ý Đà_Nẵng 1022 có nội_dung như sau : Tôi phản_ánh sự_việc như sau : Số nhà 82 Lâm_Quang_Thự , phường Thanh_Khê . Trước_Tết họ có làm nhà và đã lấp miệng cống thoát nước ( Hình_ảnh_đính kèm ) . Cống không thoát nước được dẫn đến mất vệ_sinh , nước chảy trên mặt_đường , mưa thì ngập_úng . Tuyến_đường này chỉ có 1 bên cống , bên kia là chung_cư . Vậy_mà mấy hộ này , hộ nào cũng lấp miệng cống gần hết nửa tuyến đường . Mong cơ_quan_chức_năng kiểm_tra và xử_lý .","cổng góp_ý nhận được phản_ánh , góp_ý của người dân qua facebook_góp ý đà_nẵng 1022 có nội_dung như sau : tôi phản_ánh sự_việc như sau : số nhà 82 lâm_quang_thự , phường thanh_khê . trước_tết họ có làm nhà và đã lấp miệng cống thoát nước ( hình_ảnh_đính kèm ) . cống không thoát nước được dẫn đến mất vệ_sinh , nước chảy trên mặt_đường , mưa thì ngập_úng . tuyến_đường này chỉ có 1 bên cống , bên kia là chung_cư . vậy_mà mấy hộ này , hộ nào cũng lấp miệng cống gần hết nửa tuyến đường . mong cơ_quan_chức_năng kiểm_tra và xử_lý .",UBND Phường Thanh Khê,Đã xử lý,https://gopy.danang.gov.vn/gop-y?pageid=view&ykien=97096,cong_ho_ga_thoat_nuoc,thap
97081,Da Nang,07:56 15/04/2026,"Đèn đường trước số nhà 47 Vũ Lập, phường Hòa Khánh đã hỏng 4 ngày (không sáng). Đề nghị cơ quan chức năng kiểm tra sửa chữa.","Đèn đường trước số nhà 47 Vũ Lập, phường Hòa Khánh đã hỏng 4 ngày (không sáng). Đề nghị cơ quan chức năng kiểm tra sửa chữa.","Đèn_đường trước số nhà 47 Vũ_Lập , phường Hòa_Khánh_đã hỏng 4 ngày ( không sáng ) . Đề_nghị cơ_quan_chức_năng kiểm_tra sửa_chữa .","đèn_đường trước số nhà 47 vũ_lập , phường hòa_khánh_đã hỏng 4 ngày ( không sáng ) . đề_nghị cơ_quan_chức_năng kiểm_tra sửa_chữa .","Sở Xây dựng Sở Xây dựng trân trọng cảm ơn ý kiến góp ý của Quý công dân và phản hồi một số thông tin như sau: Công ty cổ phần chiếu sáng công cộng đã kiểm tra hiện trường và hoàn thành xử lý kiến nghị, đèn đã đỏ bình thường. Sở Xây dựng thông tin để Quý công dân được biết. Trân trọng./. Ngày trả lời: 23/04/2026",Đã xử lý,https://gopy.danang.gov.vn/gop-y?pageid=view&ykien=97081,dien_luc_chieu_sang,thap
97073,Da Nang,07:53 15/04/2026,"Đèn đường trước số nhà 109 Mai Anh Tuấn, phường Hòa Xuân cả năm nay không sáng, đã phản ánh lên tổ dân phố nhưng không thấy ai đến xử lý. Đây là khu vực xe thường xuyên qua lại, do đó đề nghị cơ quan chức năng kiểm tra tránh gây nguy hiểm.","Đèn đường trước số nhà 109 Mai Anh Tuấn, phường Hòa Xuân cả năm nay không sáng, đã phản ánh lên tổ dân phố nhưng không thấy ai đến xử lý. Đây là khu vực xe thường xuyên qua lại, do đó đề nghị cơ quan chức năng kiểm tra tránh gây nguy hiểm.","Đèn_đường trước số nhà 109 Mai_Anh_Tuấn , phường Hòa_Xuân cả năm nay không sáng , đã phản_ánh lên tổ dân_phố nhưng không thấy ai đến xử_lý . Đây là khu_vực xe thường_xuyên qua_lại , do đó_đề nghị cơ_quan_chức_năng kiểm_tra tránh gây nguy_hiểm .","đèn_đường trước số nhà 109 mai_anh_tuấn , phường hòa_xuân cả năm nay không sáng , đã phản_ánh lên tổ dân_phố nhưng không thấy ai đến xử_lý . đây là khu_vực xe thường_xuyên qua_lại , do đó_đề nghị cơ_quan_chức_năng kiểm_tra tránh gây nguy_hiểm .","Sở Xây dựng Sở Xây dựng trân trọng cảm ơn ý kiến góp ý của Quý công dân và phản hồi một số thông tin như sau: Công ty cổ phần chiếu sáng công cộng đã kiểm tra hiện trường và hoàn thành xử lý kiến nghị, đèn đã đỏ bình thường. Sở Xây dựng thông tin để Quý công dân được biết. Trân trọng./. Ngày trả lời: 23/04/2026",Đã xử lý,https://gopy.danang.gov.vn/gop-y?pageid=view&ykien=97073,dien_luc_chieu_sang,cao
97035,Da Nang,17:02 14/04/2026,Đèn giao thông không hiển thị giây đếm ở khu vực ngã tư Lê Duẩn-Lê Lợi phường Hải Châu. Mong cơ quan chức năng kiểm tra. Tôi xin chân thành cảm ơn.,Đèn giao thông không hiển thị giây đếm ở khu vực ngã tư Lê Duẩn-Lê Lợi phường Hải Châu. Mong cơ quan chức năng kiểm tra. Tôi xin chân thành cảm ơn.,Đèn giao_thông không hiển_thị giây đếm ở khu_vực ngã tư Lê_Duẩn - Lê_Lợi phường Hải_Châu . Mong cơ_quan_chức_năng kiểm_tra . Tôi xin chân_thành cảm_ơn .,đèn giao_thông không hiển_thị giây đếm ở khu_vực ngã tư lê_duẩn - lê_lợi phường hải_châu . mong cơ_quan_chức_năng kiểm_tra . tôi xin chân_thành cảm_ơn .,Sở Xây dựng,Đang xử lý,https://gopy.danang.gov.vn/gop-y?pageid=view&ykien=97035,den_tin_hieu,cao
97011,Da Nang,14:08 14/04/2026,"Tại 207-221 Trần Nguyên Đáng, phường Hòa Khánh đã triển khai thi công vỉa hè đã 2 tháng nay vẫn chưa lát lại vỉa hè trong khi các vị trí khác đã xong. Bên ban ưu tiên nói hết tuần trước sẽ xong nhưng đến hôm nay 14/4 vẫn chưa thi công trước nhà tôi. Đề nghị cơ quan chức năng kiểm tra và xử lý, không thể hứa hẹn mãi với người dân như vậy được.","Tại 207-221 Trần Nguyên Đáng, phường Hòa Khánh đã triển khai thi công vỉa hè đã 2 tháng nay vẫn chưa lát lại vỉa hè trong khi các vị trí khác đã xong. Bên ban ưu tiên nói hết tuần trước sẽ xong nhưng đến hôm nay 14/4 vẫn chưa thi công trước nhà tôi. Đề nghị cơ quan chức năng kiểm tra và xử lý, không thể hứa hẹn mãi với người dân như vậy được.","Tại 207 - 221 Trần_Nguyên_Đáng , phường Hòa_Khánh_đã triển_khai thi_công vỉa_hè đã 2 tháng nay vẫn chưa lát lại vỉa_hè trong khi các vị_trí khác đã xong . Bên ban ưu_tiên nói hết tuần trước sẽ xong nhưng đến hôm_nay 14 / 4 vẫn chưa thi_công trước nhà tôi . Đề_nghị cơ_quan_chức_năng kiểm_tra và xử_lý , không_thể hứa_hẹn mãi với người dân như_vậy được .","tại 207 - 221 trần_nguyên_đáng , phường hòa_khánh_đã triển_khai thi_công vỉa_hè đã 2 tháng nay vẫn chưa lát lại vỉa_hè trong khi các vị_trí khác đã xong . bên ban ưu_tiên nói hết tuần trước sẽ xong nhưng đến hôm_nay 14 / 4 vẫn chưa thi_công trước nhà tôi . đề_nghị cơ_quan_chức_năng kiểm_tra và xử_lý , không_thể hứa_hẹn mãi với người dân như_vậy được .","Trung tâm Thông tin và Giám sát, điều hành thông minh Cảm ơn ý kiến góp ý, phản ánh của Anh/Chị.",Đã xử lý,https://gopy.danang.gov.vn/gop-y?pageid=view&ykien=97011,via_he_long_duong,trung_binh
96994,Da Nang,14:02 14/04/2026,"Trước đây tôi đã phản ánh nhiều lần tình trạng nắp cống bị kênh gây tiếng ồn tại khu vực trước nhà số 105 đường Trần Nhân Tông, phường Sơn Trà và đã được cơ quan chức năng phản hồi là đã xử lý. Tuy nhiên hiện nay, nắp cống tiếp tục bị kênh trở lại mỗi khi xe ô tô đi qua phát ra tiếng động rất lớn, gây ảnh hưởng đến sinh hoạt của người dân xung quanh. Kính đề nghị cơ quan chức năng kiểm tra, xử lý dứt điểm, thay thế nắp cống mới phù hợp để tránh tái diễn tình trạng gây tiếng ồn. Xin cảm ơn.","Trước đây tôi đã phản ánh nhiều lần tình trạng nắp cống bị kênh gây tiếng ồn tại khu vực trước nhà số 105 đường Trần Nhân Tông, phường Sơn Trà và đã được cơ quan chức năng phản hồi là đã xử lý. Tuy nhiên hiện nay, nắp cống tiếp tục bị kênh trở lại mỗi khi xe ô tô đi qua phát ra tiếng động rất lớn, gây ảnh hưởng đến sinh hoạt của người dân xung quanh. Kính đề nghị cơ quan chức năng kiểm tra, xử lý dứt điểm, thay thế nắp cống mới phù hợp để tránh tái diễn tình trạng gây tiếng ồn. Xin cảm ơn.","Trước_đây tôi đã phản_ánh nhiều lần tình_trạng nắp cống bị kênh gây tiếng ồn tại khu_vực trước nhà số 105 đường Trần_Nhân_Tông , phường Sơn_Trà và đã_được cơ_quan_chức_năng phản_hồi là đã xử_lý . Tuy_nhiên hiện_nay , nắp cống tiếp_tục bị kênh trở_lại mỗi khi xe ô_tô đi qua phát ra tiếng_động rất lớn , gây ảnh_hưởng đến sinh_hoạt của người dân xung_quanh . Kính_đề nghị cơ_quan_chức_năng kiểm_tra , xử_lý dứt_điểm , thay_thế nắp cống mới phù_hợp để tránh tái_diễn tình_trạng gây tiếng ồn . Xin cảm_ơn .","trước_đây tôi đã phản_ánh nhiều lần tình_trạng nắp cống bị kênh gây tiếng ồn tại khu_vực trước nhà số 105 đường trần_nhân_tông , phường sơn_trà và đã_được cơ_quan_chức_năng phản_hồi là đã xử_lý . tuy_nhiên hiện_nay , nắp cống tiếp_tục bị kênh trở_lại mỗi khi xe ô_tô đi qua phát ra tiếng_động rất lớn , gây ảnh_hưởng đến sinh_hoạt của người dân xung_quanh . kính_đề nghị cơ_quan_chức_năng kiểm_tra , xử_lý dứt_điểm , thay_thế nắp cống mới phù_hợp để tránh tái_diễn tình_trạng gây tiếng ồn . xin cảm_ơn .",Sở Xây dựng,Đã xử lý,https://gopy.danang.gov.vn/gop-y?pageid=view&ykien=96994,cong_ho_ga_thoat_nuoc,trung_binh
96964,Da Nang,07:56 14/04/2026,"Tại khu vực cống thoát nước phía sau các nhà từ số 33 đến 39 đường Phùng Khắc Khoan, phường An Hải, hiện đang xảy ra tình trạng tắc nghẽn, khiến nước không thoát được và tràn ngược vào nhà dân. Tình trạng này đã kéo dài khoảng 3 tháng nay. Mỗi khi các hộ dân xả nước sinh hoạt, nước trong cống bị dâng lên và trào ngược vào trong nhà. Sau khoảng 30 phút nước mới rút xuống, nhưng hiện tượng này liên tục lặp lại, gây ảnh hưởng nghiêm trọng đến sinh hoạt và vệ sinh môi trường. Người dân trong khu vực chưa biết phản ánh đến đơn vị nào để được xử lý. Kính đề nghị cơ quan chức năng kiểm tra, nạo vét hệ thống cống thoát nước tại khu vực nêu trên. Do cống đã lâu chưa được nạo vét, có dấu hiệu bị bùn đất, rác thải tích tụ gây tắc nghẽn, cần sớm xử lý để đảm bảo thoát nước bình thường, tránh tình trạng nước tràn ngược vào nhà dân. Kính mong được quan tâm, giải quyết. Xin cảm ơn./.","Tại khu vực cống thoát nước phía sau các nhà từ số 33 đến 39 đường Phùng Khắc Khoan, phường An Hải, hiện đang xảy ra tình trạng tắc nghẽn, khiến nước không thoát được và tràn ngược vào nhà dân. Tình trạng này đã kéo dài khoảng 3 tháng nay. Mỗi khi các hộ dân xả nước sinh hoạt, nước trong cống bị dâng lên và trào ngược vào trong nhà. Sau khoảng 30 phút nước mới rút xuống, nhưng hiện tượng này liên tục lặp lại, gây ảnh hưởng nghiêm trọng đến sinh hoạt và vệ sinh môi trường. Người dân trong khu vực chưa biết phản ánh đến đơn vị nào để được xử lý. Kính đề nghị cơ quan chức năng kiểm tra, nạo vét hệ thống cống thoát nước tại khu vực nêu trên. Do cống đã lâu chưa được nạo vét, có dấu hiệu bị bùn đất, rác thải tích tụ gây tắc nghẽn, cần sớm xử lý để đảm bảo thoát nước bình thường, tránh tình trạng nước tràn ngược vào nhà dân. Kính mong được quan tâm, giải quyết. Xin cảm ơn. /.","Tại khu_vực cống thoát nước phía sau các nhà từ số 33 đến 39 đường Phùng_Khắc_Khoan , phường An_Hải , hiện đang xảy ra tình_trạng tắc_nghẽn , khiến nước không thoát được và tràn ngược vào nhà dân . Tình_trạng này đã kéo_dài khoảng 3 tháng nay . Mỗi khi các hộ dân xả nước sinh_hoạt , nước trong cống bị dâng lên và trào ngược vào trong nhà . Sau khoảng 30 phút nước mới rút xuống , nhưng hiện_tượng này liên_tục lặp_lại , gây ảnh_hưởng nghiêm_trọng đến sinh_hoạt và vệ_sinh môi_trường . Người dân trong khu_vực chưa biết phản ánh_đến_đơn vị nào để_được xử_lý . Kính_đề nghị cơ_quan_chức_năng kiểm_tra , nạo_vét hệ_thống cống thoát nước tại khu_vực nêu trên . Do cống đã lâu chưa được nạo_vét , có dấu_hiệu bị bùn đất , rác_thải tích_tụ gây tắc_nghẽn , cần sớm xử_lý để_đảm bảo thoát nước bình_thường , tránh tình_trạng nước tràn ngược vào nhà dân . Kính_mong được quan_tâm , giải_quyết . Xin cảm_ơn . / .","tại khu_vực cống thoát nước phía sau các nhà từ số 33 đến 39 đường phùng_khắc_khoan , phường an_hải , hiện đang xảy ra tình_trạng tắc_nghẽn , khiến nước không thoát được và tràn ngược vào nhà dân . tình_trạng này đã kéo_dài khoảng 3 tháng nay . mỗi khi các hộ dân xả nước sinh_hoạt , nước trong cống bị dâng lên và trào ngược vào trong nhà . sau khoảng 30 phút nước mới rút xuống , nhưng hiện_tượng này liên_tục lặp_lại , gây ảnh_hưởng nghiêm_trọng đến sinh_hoạt và vệ_sinh môi_trường . người dân trong khu_vực chưa biết phản ánh_đến_đơn vị nào để_được xử_lý . kính_đề nghị cơ_quan_chức_năng kiểm_tra , nạo_vét hệ_thống cống thoát nước tại khu_vực nêu trên . do cống đã lâu chưa được nạo_vét , có dấu_hiệu bị bùn đất , rác_thải tích_tụ gây tắc_nghẽn , cần sớm xử_lý để_đảm bảo thoát nước bình_thường , tránh tình_trạng nước tràn ngược vào nhà dân . kính_mong được quan_tâm , giải_quyết . xin cảm_ơn . / .","UBND Phường An Hải Nhận được thông tin phản ánh, UBND phường An Hải giao Phòng Kinh tế, Hạ tầng và Đô thị kiểm tra và phối hợp đơn vị thi công xử lý sơ bộ. Đơn vị thi công sẽ triển khai thực hiện việc nạo vét, khơi thông trong thời gian sớm nhất",Đã xử lý,https://gopy.danang.gov.vn/gop-y?pageid=view&ykien=96964,cong_ho_ga_thoat_nuoc,thap
96936,Da Nang,21:55 13/04/2026,"Trước đây tôi có phản ánh về tiến độ thi công dự án tại khu vực Khe Cạn phường Thanh Khê (mã 96105) sau đó có nhận được câu trả lời từ cơ quan chức năng. Đối với thửa đất 8x, số tờ bản đồ xx (theo CTT QHKT TPDN) do ông P.N.T làm chủ hộ, theo khu vực được quy hoạch thì hiện tại chưa có giấy chứng nhận quyền sử dụng đất, thì làm sao để xin cấp phép xây dựng? Hiện tại cần đến phòng ban nào, địa chỉ cụ thể ở đâu để được hướng dẫn đăng kí giấy chứng nhận quyền sử dụng đất (Hiện tại thửa đất chỉ có giấy chứng nhận mua bán đất, biên lai thu thuế sử dụng đất theo các năm, giấy xác nhận nhà ở). Đối với việc quy hoạch Khe Cạn thì khi nào sẽ làm đến khu vực thửa đất 8x như 2 hình ảnh đính kèm. Tôi rất lo lắng cho tình hình thời tiết thất thường, nếu không được hỗ trợ hướng dẫn quy hoạch thì sẽ không thể chuẩn bị sửa chữa cải tạo nhà. Kính mong được phòng ban liên quan trả lời, hướng dẫn chi tiết để tôi chuẩn bị được hồ sơ sớm nhất.","Trước đây tôi có phản ánh về tiến độ thi công dự án tại khu vực Khe Cạn phường Thanh Khê (mã 96105) sau đó có nhận được câu trả lời từ cơ quan chức năng. Đối với thửa đất 8x, số tờ bản đồ xx (theo CTT QHKT TPDN) do ông P. N. T làm chủ hộ, theo khu vực được quy hoạch thì hiện tại chưa có giấy chứng nhận quyền sử dụng đất, thì làm sao để xin cấp phép xây dựng Hiện tại cần đến phòng ban nào, địa chỉ cụ thể ở đâu để được hướng dẫn đăng kí giấy chứng nhận quyền sử dụng đất (Hiện tại thửa đất chỉ có giấy chứng nhận mua bán đất, biên lai thu thuế sử dụng đất theo các năm, giấy xác nhận nhà ở). Đối với việc quy hoạch Khe Cạn thì khi nào sẽ làm đến khu vực thửa đất 8x như 2 hình ảnh đính kèm. Tôi rất lo lắng cho tình hình thời tiết thất thường, nếu không được hỗ trợ hướng dẫn quy hoạch thì sẽ không thể chuẩn bị sửa chữa cải tạo nhà. Kính mong được phòng ban liên quan trả lời, hướng dẫn chi tiết để tôi chuẩn bị được hồ sơ sớm nhất.","Trước_đây tôi có phản_ánh về tiến_độ thi_công dự_án tại khu_vực Khe_Cạn phường Thanh_Khê ( mã 96105 ) sau đó có nhận được câu trả_lời từ cơ_quan_chức_năng . Đối_với thửa đất 8x , số tờ bản_đồ xx ( theo CTT QHKT TPDN ) do ông P. N. T làm_chủ_hộ , theo khu_vực được quy_hoạch thì hiện_tại chưa có giấy chứng_nhận quyền sử_dụng đất , thì làm_sao để xin cấp phép xây_dựng Hiện_tại cần đến phòng_ban nào , địa_chỉ cụ_thể ở đâu_để_được hướng_dẫn đăng_kí giấy chứng_nhận quyền sử_dụng đất ( Hiện_tại thửa đất chỉ có giấy chứng_nhận mua_bán đất , biên_lai thu thuế sử_dụng đất theo các năm , giấy xác_nhận nhà ở ) . Đối_với việc quy_hoạch Khe_Cạn thì khi nào sẽ làm đến khu_vực thửa đất 8x như 2 hình ảnh_đính kèm . Tôi rất lo_lắng cho tình_hình thời_tiết thất_thường , nếu không được hỗ_trợ hướng_dẫn quy_hoạch thì sẽ không_thể chuẩn_bị sửa_chữa cải_tạo nhà . Kính_mong được phòng_ban liên_quan trả_lời , hướng_dẫn chi_tiết để tôi chuẩn_bị được hồ_sơ sớm nhất .","trước_đây tôi có phản_ánh về tiến_độ thi_công dự_án tại khu_vực khe_cạn phường thanh_khê ( mã 96105 ) sau đó có nhận được câu trả_lời từ cơ_quan_chức_năng . đối_với thửa đất 8x , số tờ bản_đồ xx ( theo ctt qhkt tpdn ) do ông p. n. t làm_chủ_hộ , theo khu_vực được quy_hoạch thì hiện_tại chưa có giấy chứng_nhận quyền sử_dụng đất , thì làm_sao để xin cấp phép xây_dựng hiện_tại cần đến phòng_ban nào , địa_chỉ cụ_thể ở đâu_để_được hướng_dẫn đăng_kí giấy chứng_nhận quyền sử_dụng đất ( hiện_tại thửa đất chỉ có giấy chứng_nhận mua_bán đất , biên_lai thu thuế sử_dụng đất theo các năm , giấy xác_nhận nhà ở ) . đối_với việc quy_hoạch khe_cạn thì khi nào sẽ làm đến khu_vực thửa đất 8x như 2 hình ảnh_đính kèm . tôi rất lo_lắng cho tình_hình thời_tiết thất_thường , nếu không được hỗ_trợ hướng_dẫn quy_hoạch thì sẽ không_thể chuẩn_bị sửa_chữa cải_tạo nhà . kính_mong được phòng_ban liên_quan trả_lời , hướng_dẫn chi_tiết để tôi chuẩn_bị được hồ_sơ sớm nhất .",UBND Phường Thanh Khê,Đã xử lý,https://gopy.danang.gov.vn/gop-y?pageid=view&ykien=96936,khac,thap
96921,Da Nang,19:46 13/04/2026,"Hiện tại có nắp hố ga bị sụt lún dần (càng ngày vỡ càng to), gây nguy hiểm và mùi hôi thối bốc lên buổi tối tại số 05 Nguyễn Văn Cừ, Hội An Tây, Đà Nẵng. Các em nhỏ đã từng đi bộ vấp chân nơi nắp hố ga sạt lở nguy hiểm vào ban đêm. Rất mong chính quyền địa phương quan tâm và hỗ trợ sửa chữa. Trân trọng.","Hiện tại có nắp hố ga bị sụt lún dần (càng ngày vỡ càng to), gây nguy hiểm và mùi hôi thối bốc lên buổi tối tại số 05 Nguyễn Văn Cừ, Hội An Tây, Đà Nẵng. Các em nhỏ đã từng đi bộ vấp chân nơi nắp hố ga sạt lở nguy hiểm vào ban đêm. Rất mong chính quyền địa phương quan tâm và hỗ trợ sửa chữa. Trân trọng.","Hiện_tại có nắp hố_ga bị sụt lún dần ( càng ngày vỡ càng to ) , gây nguy_hiểm và mùi hôi_thối bốc lên buổi tối tại số 05 Nguyễn_Văn_Cừ , Hội_An_Tây , Đà_Nẵng . Các em nhỏ đã từng đi bộ vấp chân nơi nắp hố_ga sạt_lở nguy_hiểm vào ban_đêm . Rất mong chính_quyền địa_phương quan_tâm và hỗ_trợ sửa_chữa . Trân_trọng .","hiện_tại có nắp hố_ga bị sụt lún dần ( càng ngày vỡ càng to ) , gây nguy_hiểm và mùi hôi_thối bốc lên buổi tối tại số 05 nguyễn_văn_cừ , hội_an_tây , đà_nẵng . các em nhỏ đã từng đi bộ vấp chân nơi nắp hố_ga sạt_lở nguy_hiểm vào ban_đêm . rất mong chính_quyền địa_phương quan_tâm và hỗ_trợ sửa_chữa . trân_trọng .",UBND phường Hội An Tây,Đã xử lý,https://gopy.danang.gov.vn/gop-y?pageid=view&ykien=96921,cong_ho_ga_thoat_nuoc,cao
96919,Da Nang,19:39 13/04/2026,"Công viên đường Trần Văn Trà - Hoàng Sâm tổ 41 phường Hoà Xuân bị cắt điện chiếu sáng cả tuần nay, làm ảnh hưởng vui chơi trẻ em cũng như người dân lâu nay đã quen ánh sáng. Nay bị cắt đi ánh điện chiếu sáng làm người dân chúng tôi mất đi cho sinh hoạt thể dục và khu vui chơi trẻ em. Rất mong thành phố quan tâm mở lại điện chiếu sáng cho công viên này.","Công viên đường Trần Văn Trà - Hoàng Sâm tổ 41 phường Hoà Xuân bị cắt điện chiếu sáng cả tuần nay, làm ảnh hưởng vui chơi trẻ em cũng như người dân lâu nay đã quen ánh sáng. Nay bị cắt đi ánh điện chiếu sáng làm người dân chúng tôi mất đi cho sinh hoạt thể dục và khu vui chơi trẻ em. Rất mong thành phố quan tâm mở lại điện chiếu sáng cho công viên này.","Công_viên đường Trần_Văn_Trà - Hoàng_Sâm tổ 41 phường Hoà_Xuân bị cắt điện chiếu sáng cả tuần nay , làm ảnh_hưởng vui_chơi trẻ_em cũng như người dân lâu_nay đã quen ánh_sáng . Nay bị cắt đi_ánh_điện chiếu sáng làm người dân_chúng_tôi mất đi cho sinh_hoạt thể_dục và khu vui_chơi trẻ_em . Rất mong thành_phố quan_tâm mở lại điện chiếu sáng cho công_viên này .","công_viên đường trần_văn_trà - hoàng_sâm tổ 41 phường hoà_xuân bị cắt điện chiếu sáng cả tuần nay , làm ảnh_hưởng vui_chơi trẻ_em cũng như người dân lâu_nay đã quen ánh_sáng . nay bị cắt đi_ánh_điện chiếu sáng làm người dân_chúng_tôi mất đi cho sinh_hoạt thể_dục và khu vui_chơi trẻ_em . rất mong thành_phố quan_tâm mở lại điện chiếu sáng cho công_viên này .","Trung tâm Thông tin và Giám sát, điều hành thông minh Tiếp nhận thông tin, UBND phường Hòa Xuân chỉ đạo Phòng Kinh tế, Hạ tầng và Đô thị phường kiểm tra, xử lý: Hệ thống tủ điện điện chiếu sáng thông minh các công viên đã được Ban Quản lý các dự án đầu tư cơ sở hạ tầng ưu tiên thành phố đầu tư hoàn thành vào cuối năm 2025, hiện nay đang thực hiện thủ tục bàn giao để đấu nối vào hệ thống điện chiếu sáng công cộng, dự kiến hoàn thành trong quý II năm 2026. Vậy, UBND phường phản hồi để công dân được biết. Trân trọng cảm ơn sự góp ý của công dân./. Ngày trả lời: 25/04/2026",Đã xử lý,https://gopy.danang.gov.vn/gop-y?pageid=view&ykien=96919,dien_luc_chieu_sang,cao
96861,Da Nang,13:43 13/04/2026,"Điện chiếu sáng cả đường Kiệt 97 Trần Cao Vân bị hỏng cả mấy tháng nay nhưng chưa được thay thế. Mong cơ quan chức năng kiểm tra, xử lý./.","Điện chiếu sáng cả đường Kiệt 97 Trần Cao Vân bị hỏng cả mấy tháng nay nhưng chưa được thay thế. Mong cơ quan chức năng kiểm tra, xử lý. /.","Điện chiếu sáng cả đường_Kiệt 97 Trần_Cao_Vân bị hỏng cả mấy tháng nay nhưng chưa được thay_thế . Mong cơ_quan_chức_năng kiểm_tra , xử_lý . / .","điện chiếu sáng cả đường_kiệt 97 trần_cao_vân bị hỏng cả mấy tháng nay nhưng chưa được thay_thế . mong cơ_quan_chức_năng kiểm_tra , xử_lý . / .","Sở Xây dựng Sở Xây dựng trân trọng cảm ơn ý kiến góp ý của Quý công dân và phản hồi một số thông tin như sau: Công ty cổ phần chiếu sáng công cộng đã kiểm tra hiện trường và hoàn thành xử lý kiến nghị, đèn đã đỏ bình thường. Sở Xây dựng thông tin để Quý công dân được biết. Trân trọng./. Ngày trả lời: 20/04/2026",Đã xử lý,https://gopy.danang.gov.vn/gop-y?pageid=view&ykien=96861,dien_luc_chieu_sang,thap
96837,Da Nang,13:38 13/04/2026,"Cây xanh trước nhà 95 Phạm Văn Bạch, phường Hòa Cường tôi mới phát bị mối ăn mục, tôi sợ gãy đổ ra đường nguy hiểm cho người đi đường, hiện đường rộng 5,5m. Kính mong cơ quan chức năng kiểm tra tình trạng của cây và có hướng xử lý. Tránh nguy hiểm cho người đi đường và người dân quanh đây. Xin cảm ơn./.","Cây xanh trước nhà 95 Phạm Văn Bạch, phường Hòa Cường tôi mới phát bị mối ăn mục, tôi sợ gãy đổ ra đường nguy hiểm cho người đi đường, hiện đường rộng 5, 5m. Kính mong cơ quan chức năng kiểm tra tình trạng của cây và có hướng xử lý. Tránh nguy hiểm cho người đi đường và người dân quanh đây. Xin cảm ơn. /.","Cây_xanh trước nhà 95 Phạm_Văn_Bạch , phường Hòa_Cường tôi mới phát bị mối ăn mục , tôi sợ gãy đổ ra đường nguy_hiểm cho người đi_đường , hiện đường rộng 5 , 5m . Kính mong cơ_quan_chức_năng kiểm_tra tình_trạng của cây và có hướng xử_lý . Tránh nguy_hiểm cho người đi_đường và người dân quanh đây . Xin cảm_ơn . / .","cây_xanh trước nhà 95 phạm_văn_bạch , phường hòa_cường tôi mới phát bị mối ăn mục , tôi sợ gãy đổ ra đường nguy_hiểm cho người đi_đường , hiện đường rộng 5 , 5m . kính mong cơ_quan_chức_năng kiểm_tra tình_trạng của cây và có hướng xử_lý . tránh nguy_hiểm cho người đi_đường và người dân quanh đây . xin cảm_ơn . / .",UBND Phường Hòa Cường,Đã xử lý,https://gopy.danang.gov.vn/gop-y?pageid=view&ykien=96837,cay_xanh_vat_can,cao
96833,Da Nang,13:37 13/04/2026,"Trước số nhà 54 Lê Thị Xuyến, phường Thanh Khê đang có 1 cành cây gãy đè lên đường dây điện gây nguy hiểm. Kính đề nghị cơ quan chức năng kiểm tra xử lý. Xin cảm ơn./.","Trước số nhà 54 Lê Thị Xuyến, phường Thanh Khê đang có 1 cành cây gãy đè lên đường dây điện gây nguy hiểm. Kính đề nghị cơ quan chức năng kiểm tra xử lý. Xin cảm ơn. /.","Trước_số nhà 54 Lê_Thị_Xuyến , phường Thanh_Khê_đang có 1 cành cây gãy đè lên đường_dây_điện gây nguy_hiểm . Kính_đề nghị cơ_quan_chức_năng kiểm_tra xử_lý . Xin cảm_ơn . / .","trước_số nhà 54 lê_thị_xuyến , phường thanh_khê_đang có 1 cành cây gãy đè lên đường_dây_điện gây nguy_hiểm . kính_đề nghị cơ_quan_chức_năng kiểm_tra xử_lý . xin cảm_ơn . / .",UBND Phường Thanh Khê,Đã xử lý,https://gopy.danang.gov.vn/gop-y?pageid=view&ykien=96833,cay_xanh_vat_can,cao
96831,Da Nang,13:22 13/04/2026,"Đèn chiếu sáng giữa nhà 245/2 và 245/4 Nguyễn Công Hoan, phường An Khê, Đà Nẵng bị hỏng. Mong cơ quan chức năng kiểm tra, xử lý./.","Đèn chiếu sáng giữa nhà 245/2 và 245/4 Nguyễn Công Hoan, phường An Khê, Đà Nẵng bị hỏng. Mong cơ quan chức năng kiểm tra, xử lý. /.","Đèn_chiếu sáng giữa nhà 245 / 2 và 245 / 4 Nguyễn_Công_Hoan , phường An_Khê , Đà_Nẵng bị hỏng . Mong cơ_quan_chức_năng kiểm_tra , xử_lý . / .","đèn_chiếu sáng giữa nhà 245 / 2 và 245 / 4 nguyễn_công_hoan , phường an_khê , đà_nẵng bị hỏng . mong cơ_quan_chức_năng kiểm_tra , xử_lý . / .","Sở Xây dựng Sở Xây dựng trân trọng cảm ơn ý kiến góp ý của Quý công dân và phản hồi một số thông tin như sau: Công ty cổ phần chiếu sáng công cộng đã kiểm tra hiện trường và hoàn thành xử lý kiến nghị, đèn đã đỏ bình thường. Sở Xây dựng thông tin để Quý công dân được biết. Trân trọng./. Ngày trả lời: 20/04/2026",Đã xử lý,https://gopy.danang.gov.vn/gop-y?pageid=view&ykien=96831,dien_luc_chieu_sang,thap
96814,Da Nang,09:40 13/04/2026,"Tôi đang sống tại Hòa Xuân (gần chợ Miếu Bông). Đoạn này vẫn chưa có tên đường. Khu vực này vẫn còn 2 con đường chưa có tên, nên khá bất tiện trong cuộc sống hằng ngày, ví dụ: gọi xe cấp cứu thì cũng khó diễn đạt vị trí để xe có thể định vị và đến, hoặc gọi công an trong tình huống khẩn cấp. chưa nói đến các giao dịch dân sinh hằng ngày như đặt đồ ăn và các dịch vụ khác. Rất bất tiện Hiện trạng tuyến đường đã ổn định về quy hoạch, đã xác định được điểm đầu của đường, có nhà dân sinh sống và hạ tầng đường bộ đã được thi công cơ bản hoàn thành, có hạ tầng đường bộ đã được thi công cơ bản (có vỉa hè, hệ thống cấp thoát nước ...), đủ điều kiện đặt tên. Vì vậy đề nghị UBND Phường Tham mưu sớm cho UBND thành phố trình HĐND để sớm thực hiện việc đặt tên đường. Tôi xin cảm ơn./.","Tôi đang sống tại Hòa Xuân (gần chợ Miếu Bông). Đoạn này vẫn chưa có tên đường. Khu vực này vẫn còn 2 con đường chưa có tên, nên khá bất tiện trong cuộc sống hằng ngày, ví dụ: gọi xe cấp cứu thì cũng khó diễn đạt vị trí để xe có thể định vị và đến, hoặc gọi công an trong tình huống khẩn cấp. chưa nói đến các giao dịch dân sinh hằng ngày như đặt đồ ăn và các dịch vụ khác. Rất bất tiện Hiện trạng tuyến đường đã ổn định về quy hoạch, đã xác định được điểm đầu của đường, có nhà dân sinh sống và hạ tầng đường bộ đã được thi công cơ bản hoàn thành, có hạ tầng đường bộ đã được thi công cơ bản (có vỉa hè, hệ thống cấp thoát nước. . . ), đủ điều kiện đặt tên. Vì vậy đề nghị UBND Phường Tham mưu sớm cho UBND thành phố trình HĐND để sớm thực hiện việc đặt tên đường. Tôi xin cảm ơn. /.","Tôi_đang sống tại Hòa_Xuân ( gần chợ Miếu_Bông ) . Đoạn này vẫn chưa có tên đường . Khu_vực này vẫn còn 2 con đường chưa có tên , nên khá bất_tiện trong cuộc_sống hằng ngày , ví_dụ : gọi xe cấp_cứu thì cũng khó diễn_đạt vị_trí để xe có_thể định_vị và đến , hoặc gọi công_an trong tình_huống khẩn_cấp . chưa nói đến các giao_dịch dân_sinh hằng ngày như đặt_đồ_ăn và các dịch_vụ khác . Rất bất_tiện Hiện_trạng tuyến đường đã_ổn_định về quy_hoạch , đã xác định_được_điểm_đầu của đường , có nhà dân_sinh_sống và hạ_tầng đường_bộ đã_được thi_công cơ_bản hoàn_thành , có hạ_tầng đường_bộ đã_được thi_công cơ_bản ( có vỉa_hè , hệ_thống cấp thoát nước . . . ) , đủ_điều kiện đặt tên . Vì_vậy đề_nghị UBND Phường_Tham mưu sớm cho UBND thành_phố trình HĐND để sớm thực_hiện việc đặt tên đường . Tôi xin cảm_ơn . / .","tôi_đang sống tại hòa_xuân ( gần chợ miếu_bông ) . đoạn này vẫn chưa có tên đường . khu_vực này vẫn còn 2 con đường chưa có tên , nên khá bất_tiện trong cuộc_sống hằng ngày , ví_dụ : gọi xe cấp_cứu thì cũng khó diễn_đạt vị_trí để xe có_thể định_vị và đến , hoặc gọi công_an trong tình_huống khẩn_cấp . chưa nói đến các giao_dịch dân_sinh hằng ngày như đặt_đồ_ăn và các dịch_vụ khác . rất bất_tiện hiện_trạng tuyến đường đã_ổn_định về quy_hoạch , đã xác định_được_điểm_đầu của đường , có nhà dân_sinh_sống và hạ_tầng đường_bộ đã_được thi_công cơ_bản hoàn_thành , có hạ_tầng đường_bộ đã_được thi_công cơ_bản ( có vỉa_hè , hệ_thống cấp thoát nước . . . ) , đủ_điều kiện đặt tên . vì_vậy đề_nghị ubnd phường_tham mưu sớm cho ubnd thành_phố trình hđnd để sớm thực_hiện việc đặt tên đường . tôi xin cảm_ơn . / .","UBND Phường Hòa Xuân Tiếp nhận thông tin, UBND phường Hòa Xuân chỉ đạo Phòng Kinh tế, Hạ tầng và Đô thị phường kiểm tra, xử lý: Phòng Kinh tế Hạ tầng và Đô thị phường hiện đang tiến hành rà soát các tuyến đường đủ điều kiện đặt tên",Đã xử lý,https://gopy.danang.gov.vn/gop-y?pageid=view&ykien=96814,bien_bao,trung_binh
96778,Da Nang,07:36 13/04/2026,"Tại ngã 3 Phạm Công Trứ và Kiều Sơn Đen, phường Hòa Xuân có 1 cây phượng bị nứt có dấu hiệu gãy, ngã. Kính đề nghị cơ quan chức năng kiểm tra để tránh gây nguy hiểm cho người đi đường./.","Tại ngã 3 Phạm Công Trứ và Kiều Sơn Đen, phường Hòa Xuân có 1 cây phượng bị nứt có dấu hiệu gãy, ngã. Kính đề nghị cơ quan chức năng kiểm tra để tránh gây nguy hiểm cho người đi đường. /.","Tại ngã 3 Phạm_Công_Trứ và Kiều_Sơn_Đen , phường Hòa_Xuân có 1 cây phượng bị nứt có dấu_hiệu gãy , ngã . Kính_đề nghị cơ_quan_chức_năng kiểm_tra để tránh gây nguy_hiểm cho người đi_đường . / .","tại ngã 3 phạm_công_trứ và kiều_sơn_đen , phường hòa_xuân có 1 cây phượng bị nứt có dấu_hiệu gãy , ngã . kính_đề nghị cơ_quan_chức_năng kiểm_tra để tránh gây nguy_hiểm cho người đi_đường . / .",UBND Phường Hòa Xuân,Đã xử lý,https://gopy.danang.gov.vn/gop-y?pageid=view&ykien=96778,cay_xanh_vat_can,cao
96770,Da Nang,06:22 13/04/2026,"Hiện nay tại khu vực đường dẫn lên cầu Nguyễn Văn Trỗi, phường Hòa Cường, tình trạng cỏ cây mọc um tùm, lấn chiếm lối đi của người dân. Cỏ cây phát triển rậm rạp che khuất tầm nhìn, làm thu hẹp mặt đường, gây khó khăn cho việc đi lại và tiềm ẩn nguy cơ mất an toàn giao thông. Đề nghị xử lý. Cảm ơn.","Hiện nay tại khu vực đường dẫn lên cầu Nguyễn Văn Trỗi, phường Hòa Cường, tình trạng cỏ cây mọc um tùm, lấn chiếm lối đi của người dân. Cỏ cây phát triển rậm rạp che khuất tầm nhìn, làm thu hẹp mặt đường, gây khó khăn cho việc đi lại và tiềm ẩn nguy cơ mất an toàn giao thông. Đề nghị xử lý. Cảm ơn.","Hiện_nay tại khu_vực đường_dẫn lên cầu Nguyễn_Văn_Trỗi , phường Hòa_Cường , tình_trạng cỏ_cây mọc um_tùm , lấn_chiếm lối đi của người dân . Cỏ_cây phát_triển rậm_rạp che_khuất tầm nhìn , làm thu_hẹp mặt_đường , gây khó_khăn cho việc đi_lại và tiềm_ẩn nguy_cơ mất an_toàn giao_thông . Đề_nghị xử_lý . Cảm_ơn .","hiện_nay tại khu_vực đường_dẫn lên cầu nguyễn_văn_trỗi , phường hòa_cường , tình_trạng cỏ_cây mọc um_tùm , lấn_chiếm lối đi của người dân . cỏ_cây phát_triển rậm_rạp che_khuất tầm nhìn , làm thu_hẹp mặt_đường , gây khó_khăn cho việc đi_lại và tiềm_ẩn nguy_cơ mất an_toàn giao_thông . đề_nghị xử_lý . cảm_ơn .",UBND Phường Hòa Cường,Đã xử lý,https://gopy.danang.gov.vn/gop-y?pageid=view&ykien=96770,cay_xanh_vat_can,cao
96757,Da Nang,12/4/2026 20:15,"Đã bao năm nay đoạn đường Nguyễn Phan Chánh từ Song Hào đến Vùng Trung 11 phường Ngũ Hành Sơn không có đèn đường chiếu sáng, mất an ninh an toàn vào ban đêm. Kính đề nghị cơ quan chức năng quan tâm cho lắp điện chiếu sáng, đặc biệt tại 2 ngã ba. Xin cảm ơn.","Đã bao năm nay đoạn đường Nguyễn Phan Chánh từ Song Hào đến Vùng Trung 11 phường Ngũ Hành Sơn không có đèn đường chiếu sáng, mất an ninh an toàn vào ban đêm. Kính đề nghị cơ quan chức năng quan tâm cho lắp điện chiếu sáng, đặc biệt tại 2 ngã ba. Xin cảm ơn.","Đã bao năm nay đoạn_đường Nguyễn_Phan_Chánh từ Song_Hào_đến_Vùng_Trung 11 phường Ngũ_Hành_Sơn không có đèn_đường chiếu sáng , mất an_ninh an_toàn vào ban_đêm . Kính_đề nghị cơ_quan_chức_năng quan_tâm cho lắp điện chiếu sáng , đặc_biệt tại 2 ngã ba . Xin cảm_ơn .","đã bao năm nay đoạn_đường nguyễn_phan_chánh từ song_hào_đến_vùng_trung 11 phường ngũ_hành_sơn không có đèn_đường chiếu sáng , mất an_ninh an_toàn vào ban_đêm . kính_đề nghị cơ_quan_chức_năng quan_tâm cho lắp điện chiếu sáng , đặc_biệt tại 2 ngã ba . xin cảm_ơn .",UBND Phường Ngũ Hành Sơn,Đã xử lý,https://gopy.danang.gov.vn/gop-y?pageid=view&ykien=96757,dien_luc_chieu_sang,thap
96753,Da Nang,12/4/2026 19:29,"Công trình sửa chữa khách sạn Nữ Hoàng tại 41 Nguyễn Hữu Thọ phường Hòa Cường không che chắn phía mặt sau (giáp kiệt 360 Nguyễn Tri Phương) trong quá trình thi công. Công trình không có biện pháp che chắn bụi bằng lưới theo quy định, gây phát sinh bụi mịn ảnh hưởng đến khu dân cư xung quanh. Đề nghị cơ quan chức năng kiểm tra xử lý. Xin cảm ơn.","Công trình sửa chữa khách sạn Nữ Hoàng tại 41 Nguyễn Hữu Thọ phường Hòa Cường không che chắn phía mặt sau (giáp kiệt 360 Nguyễn Tri Phương) trong quá trình thi công. Công trình không có biện pháp che chắn bụi bằng lưới theo quy định, gây phát sinh bụi mịn ảnh hưởng đến khu dân cư xung quanh. Đề nghị cơ quan chức năng kiểm tra xử lý. Xin cảm ơn.","Công_trình sửa_chữa khách_sạn Nữ_Hoàng tại 41 Nguyễn_Hữu_Thọ phường Hòa_Cường không che_chắn phía mặt sau ( giáp kiệt 360 Nguyễn_Tri_Phương ) trong quá_trình thi_công . Công_trình không có biện_pháp che_chắn bụi bằng lưới theo quy_định , gây phát_sinh bụi mịn ảnh_hưởng đến khu dân_cư xung_quanh . Đề_nghị cơ_quan_chức_năng kiểm_tra xử_lý . Xin cảm_ơn .","công_trình sửa_chữa khách_sạn nữ_hoàng tại 41 nguyễn_hữu_thọ phường hòa_cường không che_chắn phía mặt sau ( giáp kiệt 360 nguyễn_tri_phương ) trong quá_trình thi_công . công_trình không có biện_pháp che_chắn bụi bằng lưới theo quy_định , gây phát_sinh bụi mịn ảnh_hưởng đến khu dân_cư xung_quanh . đề_nghị cơ_quan_chức_năng kiểm_tra xử_lý . xin cảm_ơn .",UBND Phường Hòa Cường,Đã xử lý,https://gopy.danang.gov.vn/gop-y?pageid=view&ykien=96753,rac_thai_ve_sinh_moi_truong,thap
96743,Da Nang,12/4/2026 15:36,"Tại kiệt 328 Tôn Đản hiện có một số tấm đan bị vỡ, gây ảnh hưởng đến việc đi lại của người dân và tiềm ẩn nguy hiểm cho các cháu nhỏ trong khu vực. Kính đề nghị cơ quan chức năng kiểm tra và sớm xử lý để đảm bảo an toàn cho người dân.","Tại kiệt 328 Tôn Đản hiện có một số tấm đan bị vỡ, gây ảnh hưởng đến việc đi lại của người dân và tiềm ẩn nguy hiểm cho các cháu nhỏ trong khu vực. Kính đề nghị cơ quan chức năng kiểm tra và sớm xử lý để đảm bảo an toàn cho người dân.","Tại kiệt 328 Tôn_Đản hiện có một_số tấm đan bị vỡ , gây ảnh_hưởng đến việc đi_lại của người dân và tiềm_ẩn nguy_hiểm cho các cháu nhỏ trong khu_vực . Kính_đề nghị cơ_quan_chức_năng kiểm_tra và sớm xử_lý để_đảm bảo_an_toàn cho người dân .","tại kiệt 328 tôn_đản hiện có một_số tấm đan bị vỡ , gây ảnh_hưởng đến việc đi_lại của người dân và tiềm_ẩn nguy_hiểm cho các cháu nhỏ trong khu_vực . kính_đề nghị cơ_quan_chức_năng kiểm_tra và sớm xử_lý để_đảm bảo_an_toàn cho người dân .",UBND Phường An Khê,Đang xử lý,https://gopy.danang.gov.vn/gop-y?pageid=view&ykien=96743,duong_cau_ha_tang_hu_hong,cao
96732,Da Nang,12/4/2026 9:29,"Tình trạng lấn chiếm vỉa hè tại khu vực ngã ba đường Trưng Nữ Vương và Giang Văn Minh phường Hòa Cường đang diễn ra nghiêm trọng (hình ảnh đính kèm). Vỉa hè tại đây vốn nhỏ nhưng bị chiếm dụng hoàn toàn để bày bàn ghế và đồ đạc kinh doanh, khiến người đi bộ không còn lối đi và phải di chuyển xuống lòng đường rất nguy hiểm. Kính đề nghị cơ quan chức năng kiểm tra và xử lý dứt điểm để trả lại vỉa hè cho người dân. Xin cảm ơn!","Tình trạng lấn chiếm vỉa hè tại khu vực ngã ba đường Trưng Nữ Vương và Giang Văn Minh phường Hòa Cường đang diễn ra nghiêm trọng (hình ảnh đính kèm). Vỉa hè tại đây vốn nhỏ nhưng bị chiếm dụng hoàn toàn để bày bàn ghế và đồ đạc kinh doanh, khiến người đi bộ không còn lối đi và phải di chuyển xuống lòng đường rất nguy hiểm. Kính đề nghị cơ quan chức năng kiểm tra và xử lý dứt điểm để trả lại vỉa hè cho người dân. Xin cảm ơn","Tình_trạng lấn_chiếm vỉa_hè tại khu_vực ngã ba đường Trưng_Nữ_Vương và Giang_Văn_Minh phường Hòa_Cường_đang diễn ra nghiêm_trọng ( hình ảnh_đính kèm ) . Vỉa_hè tại đây vốn nhỏ nhưng bị chiếm_dụng hoàn_toàn để bày bàn ghế và đồ_đạc kinh_doanh , khiến người đi bộ không còn lối đi và phải di_chuyển xuống lòng_đường rất nguy_hiểm . Kính_đề nghị cơ_quan_chức_năng kiểm_tra và xử_lý dứt điểm_để trả lại vỉa_hè cho người dân . Xin cảm_ơn","tình_trạng lấn_chiếm vỉa_hè tại khu_vực ngã ba đường trưng_nữ_vương và giang_văn_minh phường hòa_cường_đang diễn ra nghiêm_trọng ( hình ảnh_đính kèm ) . vỉa_hè tại đây vốn nhỏ nhưng bị chiếm_dụng hoàn_toàn để bày bàn ghế và đồ_đạc kinh_doanh , khiến người đi bộ không còn lối đi và phải di_chuyển xuống lòng_đường rất nguy_hiểm . kính_đề nghị cơ_quan_chức_năng kiểm_tra và xử_lý dứt điểm_để trả lại vỉa_hè cho người dân . xin cảm_ơn",UBND Phường Hòa Cường,Đã xử lý,https://gopy.danang.gov.vn/gop-y?pageid=view&ykien=96732,via_he_long_duong,cao
96715,Da Nang,11/4/2026 22:22,"Trước đây tôi đã phản ánh Trạm biến áp sát nhà dân gây nguy hiểm tại 1079 Trần Thủ Độ, Điện Bàn Đông gây nguy hiểm. Tôi có nhận được phản hồi từ UBND phường Điện Bàn Đông đã chỉ đạo Phòng kinh tế, hạ tầng và đô thị kiểm tra xử lý. Tuy nhiên, đến nay, tôi chưa thấy cơ quan chức năng kiểm tra và di dời, trạm biến áp vẫn như cũ gây nguy hiểm cho người dân và trẻ nhỏ chơi qua lại khu vực này. Đặc biệt, trời mưa rất nguy hiểm. Kính mong cơ quan chức năng tới kiểm tra và di dời trạm biến áp đến nơi an toàn và hợp lý hơn. Xin chân thành cảm ơn!","Trước đây tôi đã phản ánh Trạm biến áp sát nhà dân gây nguy hiểm tại 1079 Trần Thủ Độ, Điện Bàn Đông gây nguy hiểm. Tôi có nhận được phản hồi từ UBND phường Điện Bàn Đông đã chỉ đạo Phòng kinh tế, hạ tầng và đô thị kiểm tra xử lý. Tuy nhiên, đến nay, tôi chưa thấy cơ quan chức năng kiểm tra và di dời, trạm biến áp vẫn như cũ gây nguy hiểm cho người dân và trẻ nhỏ chơi qua lại khu vực này. Đặc biệt, trời mưa rất nguy hiểm. Kính mong cơ quan chức năng tới kiểm tra và di dời trạm biến áp đến nơi an toàn và hợp lý hơn. Xin chân thành cảm ơn","Trước_đây tôi đã phản_ánh_Trạm biến_áp sát nhà dân gây nguy_hiểm tại 1079 Trần_Thủ_Độ , Điện_Bàn_Đông gây nguy_hiểm . Tôi có nhận được phản_hồi từ UBND phường Điện_Bàn_Đông_đã chỉ đạo_Phòng kinh_tế , hạ_tầng và đô_thị kiểm_tra xử_lý . Tuy_nhiên , đến nay , tôi chưa thấy cơ_quan_chức_năng kiểm_tra và di_dời , trạm biến_áp vẫn như cũ gây nguy_hiểm cho người dân và trẻ nhỏ chơi qua_lại khu_vực này . Đặc_biệt , trời mưa rất nguy_hiểm . Kính mong cơ_quan_chức_năng tới kiểm_tra và di_dời trạm biến áp_đến nơi an_toàn và hợp_lý hơn . Xin chân_thành cảm_ơn","trước_đây tôi đã phản_ánh_trạm biến_áp sát nhà dân gây nguy_hiểm tại 1079 trần_thủ_độ , điện_bàn_đông gây nguy_hiểm . tôi có nhận được phản_hồi từ ubnd phường điện_bàn_đông_đã chỉ đạo_phòng kinh_tế , hạ_tầng và đô_thị kiểm_tra xử_lý . tuy_nhiên , đến nay , tôi chưa thấy cơ_quan_chức_năng kiểm_tra và di_dời , trạm biến_áp vẫn như cũ gây nguy_hiểm cho người dân và trẻ nhỏ chơi qua_lại khu_vực này . đặc_biệt , trời mưa rất nguy_hiểm . kính mong cơ_quan_chức_năng tới kiểm_tra và di_dời trạm biến áp_đến nơi an_toàn và hợp_lý hơn . xin chân_thành cảm_ơn",UBND phường Điện Bàn Đông,Đã xử lý,https://gopy.danang.gov.vn/gop-y?pageid=view&ykien=96715,dien_luc_chieu_sang,cao
96702,Da Nang,11/4/2026 17:53,"Tại đường Chương Dương (đoạn Doãn Kế Thiện giao Chương Dương rẽ trái tầm 30–50m) có một lỗ hổng dưới lòng đường, phía dưới trống đất (phía bờ sông Hàn), như hình dưới, nguy cơ gây sụt lún rất lớn và nguy cơ gây tai nạn giao thông. Rất mong các cấp đến xử lý./.","Tại đường Chương Dương (đoạn Doãn Kế Thiện giao Chương Dương rẽ trái tầm 30 50m) có một lỗ hổng dưới lòng đường, phía dưới trống đất (phía bờ sông Hàn), như hình dưới, nguy cơ gây sụt lún rất lớn và nguy cơ gây tai nạn giao thông. Rất mong các cấp đến xử lý. /.","Tại_đường Chương_Dương ( đoạn_Doãn_Kế_Thiện giao Chương_Dương rẽ trái tầm 30 50m ) có một lỗ_hổng dưới lòng_đường , phía dưới trống đất ( phía bờ sông Hàn ) , như hình dưới , nguy_cơ gây sụt lún rất lớn và nguy_cơ gây tai_nạn giao_thông . Rất mong các cấp đến xử_lý . / .","tại_đường chương_dương ( đoạn_doãn_kế_thiện giao chương_dương rẽ trái tầm 30 50m ) có một lỗ_hổng dưới lòng_đường , phía dưới trống đất ( phía bờ sông hàn ) , như hình dưới , nguy_cơ gây sụt lún rất lớn và nguy_cơ gây tai_nạn giao_thông . rất mong các cấp đến xử_lý . / .","Sở Xây dựng Sở Xây dựng trân trọng cảm ơn ý kiến góp ý của công dân và thông tin như sau: Vị trí hư hỏng tại lòng đường sát bó vỉa hè phía Tây đường Chương Dương thuộc dự án công trình: Đường Trần Hưng Đạo nối dài, đoạn từ khu số 4 – Khu đô thị mới Nam cầu Tiên Sơn đến giáp phân khu X4- Khu Tái định cư Hoà Hải 2 do Công ty Cổ phần Xây dựng Công trình giao thông Đà Nẵng – Miền Trung làm Chủ đầu tư, được bàn giao đưa vào vận hành khai thác vào tháng 11/2025, đến nay vẫn còn thời hạn bảo hành công trình. Sở Xây dựng đã thông báo đến Chủ đầu tư công trình triển khai công tác khắc phục sửa chữa",Đã xử lý,https://gopy.danang.gov.vn/gop-y?pageid=view&ykien=96702,duong_cau_ha_tang_hu_hong,cao
96691,Da Nang,11/4/2026 16:02,"Tình trạng làm đường kéo dài tại đường Đàm Thanh 10, phường Hải Vân, TP Đà Nẵng (số 522B Nguyễn Lương Bằng cũ). Hiện tại, một con đường mà triển khai cả một năm trời mà không hoàn thành. Nắng thì bụi, mưa thì lầy. Người dân chịu đến bao giờ. Đội làm đường thì có 3 người làm. Người dân rất bức xúc vì đường rất bụi. Mong cơ quan chức năng kiểm tra, xử lý./.","Tình trạng làm đường kéo dài tại đường Đàm Thanh 10, phường Hải Vân, TP Đà Nẵng (số 522B Nguyễn Lương Bằng cũ). Hiện tại, một con đường mà triển khai cả một năm trời mà không hoàn thành. Nắng thì bụi, mưa thì lầy. Người dân chịu đến bao giờ. Đội làm đường thì có 3 người làm. Người dân rất bức xúc vì đường rất bụi. Mong cơ quan chức năng kiểm tra, xử lý. /.","Tình_trạng làm đường kéo_dài tại đường Đàm_Thanh 10 , phường Hải_Vân , TP Đà_Nẵng ( số 522B Nguyễn_Lương_Bằng cũ ) . Hiện_tại , một con đường mà triển_khai cả một năm trời mà không hoàn_thành . Nắng thì bụi , mưa thì lầy . Người dân chịu đến bao_giờ . Đội làm đường thì có 3 người_làm . Người dân rất bức_xúc vì đường rất bụi . Mong cơ_quan_chức_năng kiểm_tra , xử_lý . / .","tình_trạng làm đường kéo_dài tại đường đàm_thanh 10 , phường hải_vân , tp đà_nẵng ( số 522b nguyễn_lương_bằng cũ ) . hiện_tại , một con đường mà triển_khai cả một năm trời mà không hoàn_thành . nắng thì bụi , mưa thì lầy . người dân chịu đến bao_giờ . đội làm đường thì có 3 người_làm . người dân rất bức_xúc vì đường rất bụi . mong cơ_quan_chức_năng kiểm_tra , xử_lý . / .","Ban Quản lý dự án đầu tư xây dựng các công trình dân dụng, công nghiệp và hạ tầng kỹ thuật Đà Nẵng",Đang xử lý,https://gopy.danang.gov.vn/gop-y?pageid=view&ykien=96691,rac_thai_ve_sinh_moi_truong,thap
96652,Da Nang,11/4/2026 7:45,"Trụ đèn tại 140 Kỳ Đồng, phường Thanh Khê không sáng 1 tuần nay. Kính báo cơ quan chức năng kiểm tra xử lý","Trụ đèn tại 140 Kỳ Đồng, phường Thanh Khê không sáng 1 tuần nay. Kính báo cơ quan chức năng kiểm tra xử lý","Trụ_đèn tại 140 Kỳ_Đồng , phường Thanh_Khê không sáng 1 tuần nay . Kính báo cơ_quan_chức_năng kiểm_tra xử_lý","trụ_đèn tại 140 kỳ_đồng , phường thanh_khê không sáng 1 tuần nay . kính báo cơ_quan_chức_năng kiểm_tra xử_lý","Sở Xây dựng Sở Xây dựng trân trọng cảm ơn ý kiến góp ý của Quý công dân và phản hồi một số thông tin như sau: Công ty cổ phần chiếu sáng công cộng đã kiểm tra hiện trường và hoàn thành xử lý kiến nghị, đèn đã đỏ bình thường. Sở Xây dựng thông tin để Quý công dân được biết. Trân trọng./. Ngày trả lời: 20/04/2026",Đã xử lý,https://gopy.danang.gov.vn/gop-y?pageid=view&ykien=96652,dien_luc_chieu_sang,thap
96598,Da Nang,10/4/2026 14:04,"Phía trước số 90 đường Võ Chí Công, cửa hàng Con Cưng, phường Hòa Xuân, có vỉa hè bị hư. Tôi có đính kèm hình ảnh, mong cơ quan chức năng sớm khắc phục. Tôi xin chân thành cảm ơn.","Phía trước số 90 đường Võ Chí Công, cửa hàng Con Cưng, phường Hòa Xuân, có vỉa hè bị hư. Tôi có đính kèm hình ảnh, mong cơ quan chức năng sớm khắc phục. Tôi xin chân thành cảm ơn.","Phía trước số 90 đường Võ_Chí_Công , cửa_hàng Con_Cưng , phường Hòa_Xuân , có vỉa_hè bị hư . Tôi có đính kèm hình_ảnh , mong cơ_quan_chức_năng sớm khắc_phục . Tôi xin chân_thành cảm_ơn .","phía trước số 90 đường võ_chí_công , cửa_hàng con_cưng , phường hòa_xuân , có vỉa_hè bị hư . tôi có đính kèm hình_ảnh , mong cơ_quan_chức_năng sớm khắc_phục . tôi xin chân_thành cảm_ơn .",Sở Xây dựng,Đang xử lý,https://gopy.danang.gov.vn/gop-y?pageid=view&ykien=96598,via_he_long_duong,trung_binh
96592,Da Nang,10/4/2026 13:45,"Tại ngã 4 Lê Lợi và Hải Phòng, phường Hải Châu có 1 tấm đan bưu điện thấp hơn mặt đường tầm 5-10cm gây ảnh hưởng giao thông. Đề nghị cơ quan chức năng kiểm tra xử lý./.","Tại ngã 4 Lê Lợi và Hải Phòng, phường Hải Châu có 1 tấm đan bưu điện thấp hơn mặt đường tầm 5-10cm gây ảnh hưởng giao thông. Đề nghị cơ quan chức năng kiểm tra xử lý. /.","Tại ngã 4 Lê_Lợi và Hải_Phòng , phường Hải_Châu có 1 tấm đan bưu_điện thấp hơn mặt_đường tầm 5 - 10cm gây ảnh_hưởng giao_thông . Đề_nghị cơ_quan_chức_năng kiểm_tra xử_lý . / .","tại ngã 4 lê_lợi và hải_phòng , phường hải_châu có 1 tấm đan bưu_điện thấp hơn mặt_đường tầm 5 - 10cm gây ảnh_hưởng giao_thông . đề_nghị cơ_quan_chức_năng kiểm_tra xử_lý . / .",UBND Phường Hải Châu,Đã xử lý,https://gopy.danang.gov.vn/gop-y?pageid=view&ykien=96592,duong_cau_ha_tang_hu_hong,thap
96548,Da Nang,10/4/2026 7:53,"Công viên đường Trần Văn Trà - Hoàng Sâm, Phường Hòa Xuân, 2 đêm nay đã cắt điện ảnh hưởng đến vui chơi và sinh hoạt của trẻ em và người dân trên địa bàn. Rất mong thành phố xem xét mở điện trở lại có ánh sáng phòng chống kẻ xấu lợi dụng bóng tối trộm cắp khu vực dân cư xung quanh công viên./.","Công viên đường Trần Văn Trà - Hoàng Sâm, Phường Hòa Xuân, 2 đêm nay đã cắt điện ảnh hưởng đến vui chơi và sinh hoạt của trẻ em và người dân trên địa bàn. Rất mong thành phố xem xét mở điện trở lại có ánh sáng phòng chống kẻ xấu lợi dụng bóng tối trộm cắp khu vực dân cư xung quanh công viên. /.","Công_viên đường Trần_Văn_Trà - Hoàng_Sâm , Phường_Hòa_Xuân , 2 đêm nay đã cắt điện_ảnh hưởng đến vui_chơi và sinh_hoạt của trẻ_em và người dân trên địa_bàn . Rất mong thành_phố xem_xét mở điện_trở_lại có ánh_sáng phòng_chống kẻ xấu lợi_dụng bóng_tối trộm_cắp khu_vực dân_cư xung_quanh công_viên . / .","công_viên đường trần_văn_trà - hoàng_sâm , phường_hòa_xuân , 2 đêm nay đã cắt điện_ảnh hưởng đến vui_chơi và sinh_hoạt của trẻ_em và người dân trên địa_bàn . rất mong thành_phố xem_xét mở điện_trở_lại có ánh_sáng phòng_chống kẻ xấu lợi_dụng bóng_tối trộm_cắp khu_vực dân_cư xung_quanh công_viên . / .","UBND Phường Hòa Xuân Tiếp nhận thông tin, UBND phường Hòa Xuân chỉ đạo Phòng Kinh tế, Hạ tầng và Đô thị phường kiểm tra, xử lý: Hệ thống tủ điện điện chiếu sáng thông minh các công viên đã được Ban Quản lý các dự án đầu tư cơ sở hạ tầng ưu tiên thành phố đầu tư hoàn thành vào cuối năm 2025, hiện nay đang thực hiện thủ tục bàn giao để đấu nối vào hệ thống điện chiếu sáng công cộng, dự kiến hoàn thành trong quý II năm 2026. Vậy, UBND phường phản hồi để công dân được biết. Trân trọng cảm ơn sự góp ý của công dân./. Ngày trả lời: 21/04/2026",Đã xử lý,https://gopy.danang.gov.vn/gop-y?pageid=view&ykien=96548,dien_luc_chieu_sang,cao
96543,Da Nang,10/4/2026 7:47,"Hiện nay, tại khu vực phía sau nhà số 05 Mỹ Đa Đông 2, phường Ngũ Hành Sơn, đang xảy ra tình trạng nước thải từ bể phốt (nhà vệ sinh) tràn ra hệ thống cống thoát nước. Tình trạng này đã kéo dài hơn 1 tháng, gây mùi hôi thối nồng nặc, ảnh hưởng nghiêm trọng đến môi trường sống và sinh hoạt của người dân xung quanh. Kính đề nghị cơ quan chức năng kiểm tra, xác định nguyên nhân tình trạng tràn nước thải, có biện pháp xử lý kịp thời, tránh ô nhiễm kéo dài. Đảm bảo vệ sinh môi trường và sức khỏe cho người dân khu vực Rất mong cơ quan quan tâm giải quyết sớm vì đã sang mùa nắng nóng, ở dưới cống nước sình lên rất hôi thối. Xin trân trọng cảm ơn./.","Hiện nay, tại khu vực phía sau nhà số 05 Mỹ Đa Đông 2, phường Ngũ Hành Sơn, đang xảy ra tình trạng nước thải từ bể phốt (nhà vệ sinh) tràn ra hệ thống cống thoát nước. Tình trạng này đã kéo dài hơn 1 tháng, gây mùi hôi thối nồng nặc, ảnh hưởng nghiêm trọng đến môi trường sống và sinh hoạt của người dân xung quanh. Kính đề nghị cơ quan chức năng kiểm tra, xác định nguyên nhân tình trạng tràn nước thải, có biện pháp xử lý kịp thời, tránh ô nhiễm kéo dài. Đảm bảo vệ sinh môi trường và sức khỏe cho người dân khu vực Rất mong cơ quan quan tâm giải quyết sớm vì đã sang mùa nắng nóng, ở dưới cống nước sình lên rất hôi thối. Xin trân trọng cảm ơn. /.","Hiện_nay , tại khu_vực phía sau nhà số 05 Mỹ_Đa_Đông 2 , phường Ngũ_Hành_Sơn , đang xảy ra tình_trạng nước_thải từ bể_phốt ( nhà vệ_sinh ) tràn ra hệ_thống cống thoát nước . Tình_trạng này đã kéo_dài hơn 1 tháng , gây mùi hôi_thối nồng_nặc , ảnh_hưởng nghiêm_trọng đến môi_trường sống và sinh_hoạt của người dân xung_quanh . Kính_đề nghị cơ_quan_chức_năng kiểm_tra , xác_định nguyên_nhân tình_trạng tràn nước_thải , có biện_pháp xử_lý kịp_thời , tránh ô_nhiễm kéo_dài . Đảm_bảo_vệ_sinh môi_trường và sức_khỏe cho người dân khu_vực Rất mong cơ_quan quan_tâm giải_quyết sớm vì đã sang mùa nắng_nóng , ở dưới cống nước sình lên rất hôi_thối . Xin trân_trọng cảm_ơn . / .","hiện_nay , tại khu_vực phía sau nhà số 05 mỹ_đa_đông 2 , phường ngũ_hành_sơn , đang xảy ra tình_trạng nước_thải từ bể_phốt ( nhà vệ_sinh ) tràn ra hệ_thống cống thoát nước . tình_trạng này đã kéo_dài hơn 1 tháng , gây mùi hôi_thối nồng_nặc , ảnh_hưởng nghiêm_trọng đến môi_trường sống và sinh_hoạt của người dân xung_quanh . kính_đề nghị cơ_quan_chức_năng kiểm_tra , xác_định nguyên_nhân tình_trạng tràn nước_thải , có biện_pháp xử_lý kịp_thời , tránh ô_nhiễm kéo_dài . đảm_bảo_vệ_sinh môi_trường và sức_khỏe cho người dân khu_vực rất mong cơ_quan quan_tâm giải_quyết sớm vì đã sang mùa nắng_nóng , ở dưới cống nước sình lên rất hôi_thối . xin trân_trọng cảm_ơn . / .",UBND Phường Ngũ Hành Sơn,Đã xử lý,https://gopy.danang.gov.vn/gop-y?pageid=view&ykien=96543,rac_thai_ve_sinh_moi_truong,thap
96540,Da Nang,10/4/2026 7:46,"Đèn chiếu sáng trước số 9 và số 35 Tùng Thị Vương, phường Ngũ Hành Sơn đã hỏng 3,4 ngày nay (không sáng). Kính báo cơ quan chức năng kiểm tra xử lý.","Đèn chiếu sáng trước số 9 và số 35 Tùng Thị Vương, phường Ngũ Hành Sơn đã hỏng 3, 4 ngày nay (không sáng). Kính báo cơ quan chức năng kiểm tra xử lý.","Đèn_chiếu sáng trước số 9 và số 35 Tùng_Thị_Vương , phường Ngũ_Hành_Sơn_đã hỏng 3 , 4 ngày_nay ( không sáng ) . Kính báo cơ_quan_chức_năng kiểm_tra xử_lý .","đèn_chiếu sáng trước số 9 và số 35 tùng_thị_vương , phường ngũ_hành_sơn_đã hỏng 3 , 4 ngày_nay ( không sáng ) . kính báo cơ_quan_chức_năng kiểm_tra xử_lý .","Sở Xây dựng Sở Xây dựng trân trọng cảm ơn ý kiến góp ý của Quý công dân và phản hồi một số thông tin như sau: Công ty cổ phần chiếu sáng công cộng đã kiểm tra hiện trường và hoàn thành xử lý kiến nghị, đèn đã đỏ bình thường. Sở Xây dựng thông tin để Quý công dân được biết. Trân trọng./. Ngày trả lời: 20/04/2026",Đã xử lý,https://gopy.danang.gov.vn/gop-y?pageid=view&ykien=96540,dien_luc_chieu_sang,thap
96520,Da Nang,9/4/2026 21:21,"Kính chào cơ quan chức năng, tôi muốn phản ánh về 01 cây xanh đô thị trước số nhà 186 đường Nguyễn Văn Linh, phường Thanh Khê. Cây đã chết khô hơn 4 tháng nay (từ tháng 12/2025). Đây là tuyến đường trung tâm. Kính mong đơn vị quản lý sớm xuống kiểm tra, thay thế cây mới để đảm bảo mỹ quan cho tuyến đường trung tâm thành phố. Xin cảm ơn.","Kính chào cơ quan chức năng, tôi muốn phản ánh về 01 cây xanh đô thị trước số nhà 186 đường Nguyễn Văn Linh, phường Thanh Khê. Cây đã chết khô hơn 4 tháng nay (từ tháng 12/2025). Đây là tuyến đường trung tâm. Kính mong đơn vị quản lý sớm xuống kiểm tra, thay thế cây mới để đảm bảo mỹ quan cho tuyến đường trung tâm thành phố. Xin cảm ơn.","Kính chào cơ_quan_chức_năng , tôi muốn phản_ánh về 01 cây_xanh đô_thị trước số nhà 186 đường Nguyễn_Văn_Linh , phường Thanh_Khê . Cây_đã chết khô hơn 4 tháng nay ( từ tháng 12 / 2025 ) . Đây là tuyến đường trung_tâm . Kính mong đơn_vị quản_lý sớm xuống kiểm_tra , thay_thế cây mới để_đảm bảo mỹ_quan cho tuyến đường trung_tâm thành_phố . Xin cảm_ơn .","kính chào cơ_quan_chức_năng , tôi muốn phản_ánh về 01 cây_xanh đô_thị trước số nhà 186 đường nguyễn_văn_linh , phường thanh_khê . cây_đã chết khô hơn 4 tháng nay ( từ tháng 12 / 2025 ) . đây là tuyến đường trung_tâm . kính mong đơn_vị quản_lý sớm xuống kiểm_tra , thay_thế cây mới để_đảm bảo mỹ_quan cho tuyến đường trung_tâm thành_phố . xin cảm_ơn .","Sở Xây dựng Sở Xây dựng trân trọng cảm ơn ý kiến góp ý của Quý công dân và phản hồi một số thông tin như sau: Công ty Công viên - Cây xanh đã kiểm tra hiện trường và hoàn thành khắc phục kiến nghị, đã nhổ bỏ cây khô và trồng mới cây Giáng hương thay thế. Sở Xây dựng thông tin để Quý công dân được biết. Trân trọng./. Ngày trả lời: 15/04/2026",Đã xử lý,https://gopy.danang.gov.vn/gop-y?pageid=view&ykien=96520,cay_xanh_vat_can,thap
96515,Da Nang,9/4/2026 20:35,"Kính đề nghị sở Xây dựng quan tâm xử lý đanh hố thoát nước trên vỉa hè bị vỡ. Vị trí ngay bên cạnh bệnh viện đa khoa Hòa Vang, thuộc tổ 7, thôn Thạch Nham Tây, trước công ty xe Nâng Việt, đường Trường Sơn, Đà Nẵng. Rất nguy hiểm cho người đi lại trên vỉa hè. Đã gửi trên trang quản lý đô thị nhưng đến nay chưa được giải quyết.","Kính đề nghị sở Xây dựng quan tâm xử lý đanh hố thoát nước trên vỉa hè bị vỡ. Vị trí ngay bên cạnh bệnh viện đa khoa Hòa Vang, thuộc tổ 7, thôn Thạch Nham Tây, trước công ty xe Nâng Việt, đường Trường Sơn, Đà Nẵng. Rất nguy hiểm cho người đi lại trên vỉa hè. Đã gửi trên trang quản lý đô thị nhưng đến nay chưa được giải quyết.","Kính_đề nghị sở Xây_dựng quan_tâm xử_lý đanh hố thoát nước trên vỉa_hè bị vỡ . Vị_trí ngay bên cạnh bệnh_viện đa_khoa Hòa_Vang , thuộc tổ 7 , thôn Thạch_Nham_Tây , trước công_ty xe Nâng_Việt , đường Trường_Sơn , Đà_Nẵng . Rất nguy_hiểm cho người đi_lại trên vỉa_hè . Đã gửi trên trang quản_lý đô_thị nhưng đến nay chưa được giải_quyết .","kính_đề nghị sở xây_dựng quan_tâm xử_lý đanh hố thoát nước trên vỉa_hè bị vỡ . vị_trí ngay bên cạnh bệnh_viện đa_khoa hòa_vang , thuộc tổ 7 , thôn thạch_nham_tây , trước công_ty xe nâng_việt , đường trường_sơn , đà_nẵng . rất nguy_hiểm cho người đi_lại trên vỉa_hè . đã gửi trên trang quản_lý đô_thị nhưng đến nay chưa được giải_quyết .","Sở Xây dựng Sở Xây dựng trân trọng cảm ơn ý kiến góp ý của Quý công dân và phản hồi một số thông tin như sau: Công ty cổ phần chiếu sáng công cộng đã kiểm tra hiện trường và hoàn thành, khắc phục kiến nghị vào ngày 14/4/2026. Lắp mới đanh hố ga, hình ảnh kèm",Đã xử lý,https://gopy.danang.gov.vn/gop-y?pageid=view&ykien=96515,cong_ho_ga_thoat_nuoc,cao
96504,Da Nang,9/4/2026 17:46,Về lát gạch vỉa hè tại đường Võ Như Hưng Đề nghị đơn vị thi công khẩn trương thi công để trả mặt bằng vỉa hè lại cho dân để ổn định cuộc sống Đã 10 ngày kể từ ngày tháo dỡ và đập phá vỉa hè mà vẫn không thấy làm gì để đất đá ngổn ngang và bụi mịn mịt mù ảnh hưởng rất lớn đến môi trường và cuộc sống của người dân tại đường Võ Như Hưng.,Về lát gạch vỉa hè tại đường Võ Như Hưng Đề nghị đơn vị thi công khẩn trương thi công để trả mặt bằng vỉa hè lại cho dân để ổn định cuộc sống Đã 10 ngày kể từ ngày tháo dỡ và đập phá vỉa hè mà vẫn không thấy làm gì để đất đá ngổn ngang và bụi mịn mịt mù ảnh hưởng rất lớn đến môi trường và cuộc sống của người dân tại đường Võ Như Hưng.,Về lát gạch vỉa_hè tại đường Võ_Như_Hưng_Đề nghị đơn_vị thi_công khẩn_trương thi_công để trả mặt_bằng vỉa_hè lại cho dân để_ổn_định cuộc_sống Đã 10 ngày kể từ ngày tháo_dỡ và đập phá vỉa_hè mà vẫn không thấy làm gì để_đất_đá ngổn_ngang và bụi mịn mịt_mù ảnh_hưởng rất lớn đến môi_trường và cuộc_sống của người dân tại đường Võ_Như_Hưng .,về lát gạch vỉa_hè tại đường võ_như_hưng_đề nghị đơn_vị thi_công khẩn_trương thi_công để trả mặt_bằng vỉa_hè lại cho dân để_ổn_định cuộc_sống đã 10 ngày kể từ ngày tháo_dỡ và đập phá vỉa_hè mà vẫn không thấy làm gì để_đất_đá ngổn_ngang và bụi mịn mịt_mù ảnh_hưởng rất lớn đến môi_trường và cuộc_sống của người dân tại đường võ_như_hưng .,"Trung tâm Thông tin và Giám sát, điều hành thông minh",Đang xử lý,https://gopy.danang.gov.vn/gop-y?pageid=view&ykien=96504,via_he_long_duong,trung_binh
96460,Da Nang,9/4/2026 11:22,"Đèn chiếu sáng tại Lô 96 Khánh An 6, Hoà Khánh bị hỏng, lúc sáng lúc tắt không ổn định. Kính báo cơ quan chức năng kiểm tra xử lý./.","Đèn chiếu sáng tại Lô 96 Khánh An 6, Hoà Khánh bị hỏng, lúc sáng lúc tắt không ổn định. Kính báo cơ quan chức năng kiểm tra xử lý. /.","Đèn_chiếu sáng tại Lô 96 Khánh_An 6 , Hoà_Khánh bị hỏng , lúc sáng lúc tắt không ổn_định . Kính báo cơ_quan_chức_năng kiểm_tra xử_lý . / .","đèn_chiếu sáng tại lô 96 khánh_an 6 , hoà_khánh bị hỏng , lúc sáng lúc tắt không ổn_định . kính báo cơ_quan_chức_năng kiểm_tra xử_lý . / .","Sở Xây dựng Sở Xây dựng trân trọng cảm ơn ý kiến góp ý của Quý công dân và phản hồi một số thông tin như sau: Công ty cổ phần chiếu sáng công cộng đã kiểm tra hiện trường và hoàn thành xử lý kiến nghị, đèn đã đỏ bình thường. Sở Xây dựng thông tin để Quý công dân được biết. Trân trọng./. Ngày trả lời: 20/04/2026",Đã xử lý,https://gopy.danang.gov.vn/gop-y?pageid=view&ykien=96460,dien_luc_chieu_sang,thap
96440,Da Nang,9/4/2026 7:43,"Trước đây tôi có phản ánh tình trạng ""Cây xanh mục rỗng tại 17 Nguyễn Đức Cảnh. Tôi nhận được phản hồi từ cơ quan chức năng: ""UBND phường đã kiểm tra thực tế và sẽ thực hiện chặt hạ trồng thay thế cây xanh tại 17 Nguyễn Đức Cảnh. Dự kiến thời gian hoàn thành trước ngày 8/4/2025"". Nhưng hiện tại tình trạng vẫn chưa được xử lý, tiềm ẩn nguy cơ gãy đổ, mất an toàn cho người dân và phương tiện lưu thông. Đề nghị kiểm tra xử lý đúng thời gian đã phản hồi. Cảm ơn./.","Trước đây tôi có phản ánh tình trạng Cây xanh mục rỗng tại 17 Nguyễn Đức Cảnh. Tôi nhận được phản hồi từ cơ quan chức năng: UBND phường đã kiểm tra thực tế và sẽ thực hiện chặt hạ trồng thay thế cây xanh tại 17 Nguyễn Đức Cảnh. Dự kiến thời gian hoàn thành trước ngày 8/4/2025. Nhưng hiện tại tình trạng vẫn chưa được xử lý, tiềm ẩn nguy cơ gãy đổ, mất an toàn cho người dân và phương tiện lưu thông. Đề nghị kiểm tra xử lý đúng thời gian đã phản hồi. Cảm ơn. /.","Trước_đây tôi có phản_ánh tình_trạng Cây_xanh mục rỗng tại 17 Nguyễn_Đức_Cảnh . Tôi nhận được phản_hồi từ cơ_quan_chức_năng : UBND phường đã kiểm_tra thực_tế và sẽ thực_hiện chặt hạ trồng thay_thế cây_xanh tại 17 Nguyễn_Đức_Cảnh . Dự_kiến thời_gian hoàn_thành trước ngày 8 / 4 / 2025 . Nhưng hiện_tại tình_trạng vẫn chưa được xử_lý , tiềm_ẩn nguy_cơ gãy đổ , mất an_toàn cho người dân và phương_tiện lưu_thông . Đề_nghị kiểm_tra xử_lý đúng thời_gian đã phản_hồi . Cảm_ơn . / .","trước_đây tôi có phản_ánh tình_trạng cây_xanh mục rỗng tại 17 nguyễn_đức_cảnh . tôi nhận được phản_hồi từ cơ_quan_chức_năng : ubnd phường đã kiểm_tra thực_tế và sẽ thực_hiện chặt hạ trồng thay_thế cây_xanh tại 17 nguyễn_đức_cảnh . dự_kiến thời_gian hoàn_thành trước ngày 8 / 4 / 2025 . nhưng hiện_tại tình_trạng vẫn chưa được xử_lý , tiềm_ẩn nguy_cơ gãy đổ , mất an_toàn cho người dân và phương_tiện lưu_thông . đề_nghị kiểm_tra xử_lý đúng thời_gian đã phản_hồi . cảm_ơn . / .",UBND Phường Hải Châu,Đã xử lý,https://gopy.danang.gov.vn/gop-y?pageid=view&ykien=96440,cay_xanh_vat_can,cao
96429,Da Nang,9/4/2026 7:42,"Trụ điện chiếu sáng CS47-T1 nằm trên đường ĐT605 gần ngã ba đường ĐT 605 giao với Dương Sơn 1, xã Hòa Châu cũ (nay là phường Hòa Xuân) có một bóng đèn bị tắt hơn tuần này. Khu vực này dân cư đi lại nhiều. Kính báo cơ quan chức năng kiểm tra xử lý./.","Trụ điện chiếu sáng CS47-T1 nằm trên đường ĐT605 gần ngã ba đường ĐT 605 giao với Dương Sơn 1, xã Hòa Châu cũ (nay là phường Hòa Xuân) có một bóng đèn bị tắt hơn tuần này. Khu vực này dân cư đi lại nhiều. Kính báo cơ quan chức năng kiểm tra xử lý. /.","Trụ_điện chiếu sáng CS47 - T1 nằm trên đường ĐT605 gần ngã ba đường ĐT 605 giao với Dương_Sơn 1 , xã Hòa_Châu cũ ( nay là phường Hòa_Xuân ) có một bóng đèn bị tắt hơn tuần này . Khu_vực này dân_cư đi_lại nhiều . Kính báo cơ_quan_chức_năng kiểm_tra xử_lý . / .","trụ_điện chiếu sáng cs47 - t1 nằm trên đường đt605 gần ngã ba đường đt 605 giao với dương_sơn 1 , xã hòa_châu cũ ( nay là phường hòa_xuân ) có một bóng đèn bị tắt hơn tuần này . khu_vực này dân_cư đi_lại nhiều . kính báo cơ_quan_chức_năng kiểm_tra xử_lý . / .","Sở Xây dựng Sở Xây dựng trân trọng cảm ơn ý kiến góp ý của Quý công dân và phản hồi một số thông tin như sau: Công ty cổ phần chiếu sáng công cộng đã kiểm tra hiện trường và hoàn thành xử lý kiến nghị, đèn đã đỏ bình thường. Sở Xây dựng thông tin để Quý công dân được biết. Trân trọng./. Ngày trả lời: 15/04/2026",Đã xử lý,https://gopy.danang.gov.vn/gop-y?pageid=view&ykien=96429,dien_luc_chieu_sang,thap
96428,Da Nang,9/4/2026 7:42,"Tại kiệt 71/1 Tôn Đản, phường An Khê hiện đang có khoảng mười mấy ngôi mộ đã lâu. Tôi được biết thành phố đã có kế hoạch di dời các ngôi mộ này ra khỏi khu dân cư cách đây mấy năm. Tuy nhiên tới nay, vẫn chưa có thông tin di dời. Một số hộ dân xung quanh tận dụng để nuôi gà gây ô nhiễm, đồng thời ngay giữa khu dân cư đông đúc mà có một số ngôi mộ cũ như vậy mất mỹ quan đô thị. Kính đề nghị cơ quan chức năng kiểm tra xem xét sớm có kế hoạch di dời các ngôi mộ cổ này./.","Tại kiệt 71/1 Tôn Đản, phường An Khê hiện đang có khoảng mười mấy ngôi mộ đã lâu. Tôi được biết thành phố đã có kế hoạch di dời các ngôi mộ này ra khỏi khu dân cư cách đây mấy năm. Tuy nhiên tới nay, vẫn chưa có thông tin di dời. Một số hộ dân xung quanh tận dụng để nuôi gà gây ô nhiễm, đồng thời ngay giữa khu dân cư đông đúc mà có một số ngôi mộ cũ như vậy mất mỹ quan đô thị. Kính đề nghị cơ quan chức năng kiểm tra xem xét sớm có kế hoạch di dời các ngôi mộ cổ này. /.","Tại kiệt 71 / 1 Tôn_Đản , phường An_Khê hiện đang có khoảng mười mấy ngôi mộ đã lâu . Tôi_được biết thành_phố đã có kế_hoạch di_dời các ngôi mộ này ra khỏi khu dân_cư cách đây mấy năm . Tuy_nhiên tới nay , vẫn chưa có thông_tin di_dời . Một_số hộ dân xung_quanh tận_dụng để nuôi gà gây ô_nhiễm , đồng_thời ngay giữa khu dân_cư đông_đúc mà có một_số ngôi mộ cũ như vậy mất mỹ_quan đô_thị . Kính_đề nghị cơ_quan_chức_năng kiểm_tra xem_xét sớm có kế_hoạch di_dời các ngôi mộ cổ này . / .","tại kiệt 71 / 1 tôn_đản , phường an_khê hiện đang có khoảng mười mấy ngôi mộ đã lâu . tôi_được biết thành_phố đã có kế_hoạch di_dời các ngôi mộ này ra khỏi khu dân_cư cách đây mấy năm . tuy_nhiên tới nay , vẫn chưa có thông_tin di_dời . một_số hộ dân xung_quanh tận_dụng để nuôi gà gây ô_nhiễm , đồng_thời ngay giữa khu dân_cư đông_đúc mà có một_số ngôi mộ cũ như vậy mất mỹ_quan đô_thị . kính_đề nghị cơ_quan_chức_năng kiểm_tra xem_xét sớm có kế_hoạch di_dời các ngôi mộ cổ này . / .",UBND Phường An Khê,Đã xử lý,https://gopy.danang.gov.vn/gop-y?pageid=view&ykien=96428,rac_thai_ve_sinh_moi_truong,thap
96427,Da Nang,9/4/2026 7:41,"Tôi là người dân ở tuyến đường Dương Sơn 2 (hiện chưa có số nhà), phường Hòa Xuân. Hiện tại cống thoát nước thải đường thoát hiểm sau lưng nhà tôi đang bị nghẹt và mùi hôi bốc lên ô nhiễm. Kính đề nghị cơ quan chức năng kiểm tra xử lý. Xin cảm ơn./.","Tôi là người dân ở tuyến đường Dương Sơn 2 (hiện chưa có số nhà), phường Hòa Xuân. Hiện tại cống thoát nước thải đường thoát hiểm sau lưng nhà tôi đang bị nghẹt và mùi hôi bốc lên ô nhiễm. Kính đề nghị cơ quan chức năng kiểm tra xử lý. Xin cảm ơn. /.","Tôi là người dân ở tuyến đường Dương_Sơn 2 ( hiện chưa có số nhà ) , phường Hòa_Xuân . Hiện_tại cống thoát nước_thải đường thoát hiểm sau lưng nhà tôi đang bị nghẹt và mùi hôi bốc lên ô_nhiễm . Kính_đề nghị cơ_quan_chức_năng kiểm_tra xử_lý . Xin cảm_ơn . / .","tôi là người dân ở tuyến đường dương_sơn 2 ( hiện chưa có số nhà ) , phường hòa_xuân . hiện_tại cống thoát nước_thải đường thoát hiểm sau lưng nhà tôi đang bị nghẹt và mùi hôi bốc lên ô_nhiễm . kính_đề nghị cơ_quan_chức_năng kiểm_tra xử_lý . xin cảm_ơn . / .","UBND Phường Hòa Xuân Tiếp nhận thông tin, UBND phường Hòa Xuân chỉ đạo Phòng Kinh tế, Hạ tầng và Đô thị phường kiểm tra, xử lý: Tiếp nhận thông tin, Phòng Kinh tế, Hạ tầng và Đô thị phường sẽ tiến hành kiểm tra thực tế và tham mưu UBND phường đưa vào kế hoạch khơi thông, nạo vét trước mùa mưa năm 2026. Vậy, UBND phường phản hồi để công dân được biết. Trân trọng cảm ơn sự góp ý của công dân./. Ngày trả lời: 16/04/2026",Đã xử lý,https://gopy.danang.gov.vn/gop-y?pageid=view&ykien=96427,cong_ho_ga_thoat_nuoc,thap
96423,Da Nang,9/4/2026 5:54,"Hiện tại, tại kiệt 408 Hoàng Diệu, phường Hải Châu có 02 trụ đèn chiếu sáng công cộng đã ngừng hoạt động khoảng 01 tuần, chưa rõ nguyên nhân. Cụ thể gồm: trụ đèn trước nhà H16/25 và trụ đèn trước kiệt 408/4 Hoàng Diệu. Việc cả hai trụ đèn đều không hoạt động khiến khu vực trở nên tối, tiềm ẩn nguy cơ mất an toàn cho người dân khi lưu thông. Kính đề nghị cơ quan chức năng quan tâm kiểm tra và sớm có biện pháp khắc phục./.","Hiện tại, tại kiệt 408 Hoàng Diệu, phường Hải Châu có 02 trụ đèn chiếu sáng công cộng đã ngừng hoạt động khoảng 01 tuần, chưa rõ nguyên nhân. Cụ thể gồm: trụ đèn trước nhà H16/25 và trụ đèn trước kiệt 408/4 Hoàng Diệu. Việc cả hai trụ đèn đều không hoạt động khiến khu vực trở nên tối, tiềm ẩn nguy cơ mất an toàn cho người dân khi lưu thông. Kính đề nghị cơ quan chức năng quan tâm kiểm tra và sớm có biện pháp khắc phục. /.","Hiện_tại , tại kiệt 408 Hoàng_Diệu , phường Hải_Châu có 02 trụ đèn_chiếu sáng công_cộng đã ngừng hoạt_động khoảng 01 tuần , chưa rõ nguyên_nhân . Cụ_thể gồm : trụ đèn trước nhà H16 / 25 và trụ đèn trước kiệt 408 / 4 Hoàng_Diệu . Việc cả hai trụ đèn_đều không hoạt_động khiến khu_vực trở_nên tối , tiềm_ẩn nguy_cơ mất an_toàn cho người dân khi lưu_thông . Kính_đề nghị cơ_quan_chức_năng quan_tâm kiểm_tra và sớm có biện_pháp khắc_phục . / .","hiện_tại , tại kiệt 408 hoàng_diệu , phường hải_châu có 02 trụ đèn_chiếu sáng công_cộng đã ngừng hoạt_động khoảng 01 tuần , chưa rõ nguyên_nhân . cụ_thể gồm : trụ đèn trước nhà h16 / 25 và trụ đèn trước kiệt 408 / 4 hoàng_diệu . việc cả hai trụ đèn_đều không hoạt_động khiến khu_vực trở_nên tối , tiềm_ẩn nguy_cơ mất an_toàn cho người dân khi lưu_thông . kính_đề nghị cơ_quan_chức_năng quan_tâm kiểm_tra và sớm có biện_pháp khắc_phục . / .","Sở Xây dựng Sở Xây dựng trân trọng cảm ơn ý kiến góp ý của Quý công dân và phản hồi một số thông tin như sau: Công ty cổ phần chiếu sáng công cộng đã kiểm tra hiện trường và hoàn thành xử lý kiến nghị, đèn đã đỏ bình thường. Sở Xây dựng thông tin để Quý công dân được biết. Trân trọng./. Ngày trả lời: 15/04/2026",Đã xử lý,https://gopy.danang.gov.vn/gop-y?pageid=view&ykien=96423,dien_luc_chieu_sang,cao
96418,Da Nang,8/4/2026 21:37,"Vỉa hè trước nhà 25 Đỗ Quang có hiện tượng sụt lún nặng, khả năng tạo thành hố tử thần, có thể gây nguy hiểm cho người đi bộ và các hộ dân đang sinh sống tại đây. Nhờ thành phố khắc phục sớm./.","Vỉa hè trước nhà 25 Đỗ Quang có hiện tượng sụt lún nặng, khả năng tạo thành hố tử thần, có thể gây nguy hiểm cho người đi bộ và các hộ dân đang sinh sống tại đây. Nhờ thành phố khắc phục sớm. /.","Vỉa_hè trước nhà 25 Đỗ_Quang có hiện_tượng sụt lún nặng , khả_năng tạo thành hố tử_thần , có_thể gây nguy_hiểm cho người đi bộ và các hộ dân đang sinh_sống tại đây . Nhờ thành_phố khắc_phục sớm . / .","vỉa_hè trước nhà 25 đỗ_quang có hiện_tượng sụt lún nặng , khả_năng tạo thành hố tử_thần , có_thể gây nguy_hiểm cho người đi bộ và các hộ dân đang sinh_sống tại đây . nhờ thành_phố khắc_phục sớm . / .",UBND Phường Thanh Khê,Đã xử lý,https://gopy.danang.gov.vn/gop-y?pageid=view&ykien=96418,via_he_long_duong,cao
96404,Da Nang,8/4/2026 18:32,Trước đây tôi có phản ánh việc trồng cây xanh sai vị trí tại 202 Lý Triện và cảm ơn thành phố đã hỗ trợ quan tâm vấn đề này khi đã gọi điện lên thăm hỏi về tình hình. Trưa ngày 8/4 đã có người lên nhổ cây nhưng sau khi nhổ đã làm hỏng vỉa hè. Xử lý xong cũng không lấp vỉa hè lại mà chỉ đổ sơ cát vào lỗ. Vậy thành ra bây giờ vỉa hè chỗ đó đã bị hỏng và ai là người phải xử lý đây?,Trước đây tôi có phản ánh việc trồng cây xanh sai vị trí tại 202 Lý Triện và cảm ơn thành phố đã hỗ trợ quan tâm vấn đề này khi đã gọi điện lên thăm hỏi về tình hình. Trưa ngày 8/4 đã có người lên nhổ cây nhưng sau khi nhổ đã làm hỏng vỉa hè. Xử lý xong cũng không lấp vỉa hè lại mà chỉ đổ sơ cát vào lỗ. Vậy thành ra bây giờ vỉa hè chỗ đó đã bị hỏng và ai là người phải xử lý đây,Trước_đây tôi có phản_ánh việc trồng cây_xanh sai vị_trí tại 202 Lý_Triện và cảm_ơn thành_phố đã hỗ_trợ quan_tâm vấn_đề này khi đã gọi điện lên thăm_hỏi về tình_hình . Trưa ngày 8 / 4 đã có người lên nhổ cây nhưng sau khi nhổ đã làm hỏng vỉa_hè . Xử_lý xong cũng không lấp vỉa_hè lại mà chỉ đổ sơ cát vào lỗ . Vậy thành_ra bây_giờ vỉa_hè chỗ đó_đã bị hỏng và ai là người phải xử_lý đây,trước_đây tôi có phản_ánh việc trồng cây_xanh sai vị_trí tại 202 lý_triện và cảm_ơn thành_phố đã hỗ_trợ quan_tâm vấn_đề này khi đã gọi điện lên thăm_hỏi về tình_hình . trưa ngày 8 / 4 đã có người lên nhổ cây nhưng sau khi nhổ đã làm hỏng vỉa_hè . xử_lý xong cũng không lấp vỉa_hè lại mà chỉ đổ sơ cát vào lỗ . vậy thành_ra bây_giờ vỉa_hè chỗ đó_đã bị hỏng và ai là người phải xử_lý đây,UBND Phường An Khê,Đã xử lý,https://gopy.danang.gov.vn/gop-y?pageid=view&ykien=96404,via_he_long_duong,trung_binh
96385,Da Nang,8/4/2026 15:40,"Tại số 04 Khánh An 1, phường Hòa Khánh có 1 bóng đèn chớp nháy liên tục cả đêm đã lâu nay nhưng không có ai xử lý. Kính đề nghị cơ quan chức năng kiểm tra sửa chữa.","Tại số 04 Khánh An 1, phường Hòa Khánh có 1 bóng đèn chớp nháy liên tục cả đêm đã lâu nay nhưng không có ai xử lý. Kính đề nghị cơ quan chức năng kiểm tra sửa chữa.","Tại số 04 Khánh_An 1 , phường Hòa_Khánh có 1 bóng đèn_chớp nháy liên_tục cả đêm_đã lâu_nay nhưng không có ai xử_lý . Kính_đề nghị cơ_quan_chức_năng kiểm_tra sửa_chữa .","tại số 04 khánh_an 1 , phường hòa_khánh có 1 bóng đèn_chớp nháy liên_tục cả đêm_đã lâu_nay nhưng không có ai xử_lý . kính_đề nghị cơ_quan_chức_năng kiểm_tra sửa_chữa .","Sở Xây dựng Sở Xây dựng trân trọng cảm ơn ý kiến góp ý của Quý công dân và phản hồi một số thông tin như sau: Công ty cổ phần chiếu sáng công cộng đã kiểm tra hiện trường và hoàn thành xử lý kiến nghị, đèn đã đỏ bình thường. Sở Xây dựng thông tin để Quý công dân được biết. Trân trọng./. Ngày trả lời: 15/04/2026",Đã xử lý,https://gopy.danang.gov.vn/gop-y?pageid=view&ykien=96385,dien_luc_chieu_sang,thap
96382,Da Nang,8/4/2026 15:40,"Tôi xin phản ánh tình trạng tấm đan hố ga bưu điện tại khu vực đường Lê Trọng Tấn, nút giao với đường Trinh Đường, phường An Khê. Hiện nay, tấm đan hố ga đã bị vỡ nhiều lần nhưng chưa được khắc phục triệt để. Tình trạng này gây mất an toàn giao thông, đặc biệt đối với người đi bộ khi lưu thông qua khu vực. Kính đề nghị cơ quan chức năng kiểm tra xử lý. Có hình ảnh đính kèm","Tôi xin phản ánh tình trạng tấm đan hố ga bưu điện tại khu vực đường Lê Trọng Tấn, nút giao với đường Trinh Đường, phường An Khê. Hiện nay, tấm đan hố ga đã bị vỡ nhiều lần nhưng chưa được khắc phục triệt để. Tình trạng này gây mất an toàn giao thông, đặc biệt đối với người đi bộ khi lưu thông qua khu vực. Kính đề nghị cơ quan chức năng kiểm tra xử lý. Có hình ảnh đính kèm","Tôi xin phản_ánh tình_trạng tấm đan hố_ga bưu_điện tại khu_vực đường Lê_Trọng_Tấn , nút giao với đường Trinh_Đường , phường An_Khê . Hiện_nay , tấm đan hố_ga đã bị vỡ nhiều lần nhưng chưa được khắc_phục triệt_để . Tình_trạng này gây mất an_toàn giao_thông , đặc_biệt đối_với người đi bộ khi lưu_thông_qua khu_vực . Kính_đề nghị cơ_quan_chức_năng kiểm_tra xử_lý . Có hình ảnh_đính kèm","tôi xin phản_ánh tình_trạng tấm đan hố_ga bưu_điện tại khu_vực đường lê_trọng_tấn , nút giao với đường trinh_đường , phường an_khê . hiện_nay , tấm đan hố_ga đã bị vỡ nhiều lần nhưng chưa được khắc_phục triệt_để . tình_trạng này gây mất an_toàn giao_thông , đặc_biệt đối_với người đi bộ khi lưu_thông_qua khu_vực . kính_đề nghị cơ_quan_chức_năng kiểm_tra xử_lý . có hình ảnh_đính kèm",UBND Phường An Khê,Đã xử lý,https://gopy.danang.gov.vn/gop-y?pageid=view&ykien=96382,cong_ho_ga_thoat_nuoc,cao
96361,Da Nang,8/4/2026 11:11,Cống trước số nhà 15 Ngô Quyền bốc mùi hôi thối hơn 1 tháng nay. Đề nghị cơ quan chức năng kiểm tra vì cống bốc mùi gây ô nhiễm môi trường.,Cống trước số nhà 15 Ngô Quyền bốc mùi hôi thối hơn 1 tháng nay. Đề nghị cơ quan chức năng kiểm tra vì cống bốc mùi gây ô nhiễm môi trường.,Cống trước số nhà 15 Ngô_Quyền bốc mùi hôi_thối hơn 1 tháng nay . Đề_nghị cơ_quan_chức_năng kiểm_tra vì cống bốc mùi gây ô_nhiễm môi_trường .,cống trước số nhà 15 ngô_quyền bốc mùi hôi_thối hơn 1 tháng nay . đề_nghị cơ_quan_chức_năng kiểm_tra vì cống bốc mùi gây ô_nhiễm môi_trường .,Sở Xây dựng,Đã xử lý,https://gopy.danang.gov.vn/gop-y?pageid=view&ykien=96361,cong_ho_ga_thoat_nuoc,thap
96349,Da Nang,8/4/2026 10:04,"Cổng góp ý nhận được phản ánh, góp ý của người dân qua Facebook Góp ý Đà Nẵng 1022 có nội dung như sau: Tại 108 Lưu Quý Kỳ, phường Hòa Cường có nắp cống bị vỡ hết và miệng cống đang để trống gây nguy hiểm cho người đi đường. Rất mong cơ quan có thẩm quyền xem xét kiểm tra và xử lý.","Cổng góp ý nhận được phản ánh, góp ý của người dân qua Facebook Góp ý Đà Nẵng 1022 có nội dung như sau: Tại 108 Lưu Quý Kỳ, phường Hòa Cường có nắp cống bị vỡ hết và miệng cống đang để trống gây nguy hiểm cho người đi đường. Rất mong cơ quan có thẩm quyền xem xét kiểm tra và xử lý.","Cổng góp_ý nhận được phản_ánh , góp_ý của người dân qua Facebook_Góp ý Đà_Nẵng 1022 có nội_dung như sau : Tại 108 Lưu_Quý_Kỳ , phường Hòa_Cường có nắp cống bị vỡ hết và miệng cống đang_để trống gây nguy_hiểm cho người đi_đường . Rất mong cơ_quan có thẩm_quyền xem_xét kiểm_tra và xử_lý .","cổng góp_ý nhận được phản_ánh , góp_ý của người dân qua facebook_góp ý đà_nẵng 1022 có nội_dung như sau : tại 108 lưu_quý_kỳ , phường hòa_cường có nắp cống bị vỡ hết và miệng cống đang_để trống gây nguy_hiểm cho người đi_đường . rất mong cơ_quan có thẩm_quyền xem_xét kiểm_tra và xử_lý .",UBND Phường Hòa Cường,Đã xử lý,https://gopy.danang.gov.vn/gop-y?pageid=view&ykien=96349,cong_ho_ga_thoat_nuoc,cao
96336,Da Nang,8/4/2026 8:27,"Cử tri khu vực phường Ngũ Hành Sơn phản ánh, tại khu vực tuyến đường Chương Dương nối dài (nay là đường Phạm Hữu Nhật), dự án triển khai đã kéo dài nhiều năm nhưng đến nay vẫn chưa hoàn thành, hạ tầng giao thông chưa được đầu tư đồng bộ, chưa bảo đảm kết nối thông suốt, gây khó khăn cho việc đi lại và ảnh hưởng đến phát triển kinh tế - xã hội của địa phương. Đặc biệt, nhiều hộ dân nằm trong khu vực quy hoạch dự án treo trong thời gian dài (trên mười năm), nhà cửa xuống cấp nghiêm trọng nhưng không được sửa chữa, xây dựng mới, ảnh hưởng lớn đến đời sống sinh hoạt và quyền lợi chính đáng của người dân. Bên cạnh đó, tuyến đường Bùi Thế Mỹ đến nay vẫn chưa được quan tâm đầu tư nâng cấp, mở rộng theo quy hoạch, dẫn đến tình trạng hạ tầng giao thông khu vực chưa hoàn chỉnh, thiếu đồng bộ với các tuyến đường lân cận. Trước thực trạng trên, cử tri đề nghị thành phố quan tâm chỉ đạo các cơ quan chức năng rà soát toàn diện, có giải pháp quyết liệt để đẩy nhanh tiến độ, sớm hoàn thành dự án; đồng thời xử lý dứt điểm tình trạng quy hoạch treo kéo dài, bảo đảm quyền lợi hợp pháp, chính đáng của người dân và góp phần hoàn thiện hạ tầng đô thị trên địa bàn.","Cử tri khu vực phường Ngũ Hành Sơn phản ánh, tại khu vực tuyến đường Chương Dương nối dài (nay là đường Phạm Hữu Nhật), dự án triển khai đã kéo dài nhiều năm nhưng đến nay vẫn chưa hoàn thành, hạ tầng giao thông chưa được đầu tư đồng bộ, chưa bảo đảm kết nối thông suốt, gây khó khăn cho việc đi lại và ảnh hưởng đến phát triển kinh tế - xã hội của địa phương. Đặc biệt, nhiều hộ dân nằm trong khu vực quy hoạch dự án treo trong thời gian dài (trên mười năm), nhà cửa xuống cấp nghiêm trọng nhưng không được sửa chữa, xây dựng mới, ảnh hưởng lớn đến đời sống sinh hoạt và quyền lợi chính đáng của người dân. Bên cạnh đó, tuyến đường Bùi Thế Mỹ đến nay vẫn chưa được quan tâm đầu tư nâng cấp, mở rộng theo quy hoạch, dẫn đến tình trạng hạ tầng giao thông khu vực chưa hoàn chỉnh, thiếu đồng bộ với các tuyến đường lân cận. Trước thực trạng trên, cử tri đề nghị thành phố quan tâm chỉ đạo các cơ quan chức năng rà soát toàn diện, có giải pháp quyết liệt để đẩy nhanh tiến độ, sớm hoàn thành dự án; đồng thời xử lý dứt điểm tình trạng quy hoạch treo kéo dài, bảo đảm quyền lợi hợp pháp, chính đáng của người dân và góp phần hoàn thiện hạ tầng đô thị trên địa bàn.","Cử_tri khu_vực phường Ngũ_Hành_Sơn phản_ánh , tại khu_vực tuyến đường Chương_Dương_nối dài ( nay là đường Phạm_Hữu_Nhật ) , dự_án triển_khai đã kéo_dài nhiều năm nhưng đến nay vẫn chưa hoàn_thành , hạ_tầng giao_thông chưa được_đầu tư đồng_bộ , chưa bảo_đảm kết_nối thông_suốt , gây khó_khăn cho việc đi_lại và ảnh_hưởng đến phát_triển kinh_tế - xã_hội của địa_phương . Đặc_biệt , nhiều hộ dân nằm trong khu_vực quy_hoạch dự_án_treo trong thời_gian dài ( trên mười năm ) , nhà_cửa xuống_cấp nghiêm_trọng nhưng không được sửa_chữa , xây_dựng mới , ảnh_hưởng lớn đến_đời sống sinh_hoạt và quyền_lợi chính_đáng của người dân . Bên cạnh đó , tuyến đường Bùi_Thế_Mỹ_đến nay vẫn chưa được quan_tâm đầu_tư nâng_cấp , mở_rộng theo quy_hoạch , dẫn đến tình_trạng hạ_tầng giao_thông khu_vực chưa hoàn_chỉnh , thiếu đồng_bộ với các tuyến đường lân_cận . Trước thực_trạng trên , cử_tri đề_nghị thành_phố quan_tâm chỉ_đạo các cơ_quan_chức_năng rà_soát toàn_diện , có giải_pháp quyết_liệt để_đẩy nhanh tiến_độ , sớm hoàn_thành dự_án ; đồng_thời xử_lý dứt_điểm tình_trạng quy_hoạch treo kéo_dài , bảo_đảm quyền_lợi hợp_pháp , chính_đáng của người dân và góp_phần hoàn_thiện hạ_tầng đô_thị trên địa_bàn .","cử_tri khu_vực phường ngũ_hành_sơn phản_ánh , tại khu_vực tuyến đường chương_dương_nối dài ( nay là đường phạm_hữu_nhật ) , dự_án triển_khai đã kéo_dài nhiều năm nhưng đến nay vẫn chưa hoàn_thành , hạ_tầng giao_thông chưa được_đầu tư đồng_bộ , chưa bảo_đảm kết_nối thông_suốt , gây khó_khăn cho việc đi_lại và ảnh_hưởng đến phát_triển kinh_tế - xã_hội của địa_phương . đặc_biệt , nhiều hộ dân nằm trong khu_vực quy_hoạch dự_án_treo trong thời_gian dài ( trên mười năm ) , nhà_cửa xuống_cấp nghiêm_trọng nhưng không được sửa_chữa , xây_dựng mới , ảnh_hưởng lớn đến_đời sống sinh_hoạt và quyền_lợi chính_đáng của người dân . bên cạnh đó , tuyến đường bùi_thế_mỹ_đến nay vẫn chưa được quan_tâm đầu_tư nâng_cấp , mở_rộng theo quy_hoạch , dẫn đến tình_trạng hạ_tầng giao_thông khu_vực chưa hoàn_chỉnh , thiếu đồng_bộ với các tuyến đường lân_cận . trước thực_trạng trên , cử_tri đề_nghị thành_phố quan_tâm chỉ_đạo các cơ_quan_chức_năng rà_soát toàn_diện , có giải_pháp quyết_liệt để_đẩy nhanh tiến_độ , sớm hoàn_thành dự_án ; đồng_thời xử_lý dứt_điểm tình_trạng quy_hoạch treo kéo_dài , bảo_đảm quyền_lợi hợp_pháp , chính_đáng của người dân và góp_phần hoàn_thiện hạ_tầng đô_thị trên địa_bàn .",UBND Phường Ngũ Hành Sơn,Đã xử lý,https://gopy.danang.gov.vn/gop-y?pageid=view&ykien=96336,duong_cau_ha_tang_hu_hong,trung_binh
96326,Da Nang,8/4/2026 7:39,"Hiện nay, công trình lát gạch vỉa hè tuyến đường Lê Văn Hưu, phường Ngũ Hành Sơn đang trong quá trình thi công. Tuy nhiên, tại đoạn từ đầu đường An Dương Vương đến số 29 Lê Văn Hưu, vỉa hè đã bị đào xới hơn 1 tuần nhưng chưa được thi công tiếp. Khu vực này hiện để đất đá ngổn ngang, gây khó khăn cho việc đi lại, ảnh hưởng đến sinh hoạt và mỹ quan đô thị. Việc thi công dang dở, kéo dài không rõ lý do gây bức xúc cho người dân trong khu vực. Kính đề nghị cơ quan chức năng: - Kiểm tra tiến độ thi công tại đoạn đường nêu trên. - Yêu cầu đơn vị thi công sớm tiếp tục và hoàn thiện công trình. - Có biện pháp đảm bảo an toàn, vệ sinh trong thời gian chưa hoàn thiện. Kính mong được quan tâm giải quyết./.","Hiện nay, công trình lát gạch vỉa hè tuyến đường Lê Văn Hưu, phường Ngũ Hành Sơn đang trong quá trình thi công. Tuy nhiên, tại đoạn từ đầu đường An Dương Vương đến số 29 Lê Văn Hưu, vỉa hè đã bị đào xới hơn 1 tuần nhưng chưa được thi công tiếp. Khu vực này hiện để đất đá ngổn ngang, gây khó khăn cho việc đi lại, ảnh hưởng đến sinh hoạt và mỹ quan đô thị. Việc thi công dang dở, kéo dài không rõ lý do gây bức xúc cho người dân trong khu vực. Kính đề nghị cơ quan chức năng: - Kiểm tra tiến độ thi công tại đoạn đường nêu trên. - Yêu cầu đơn vị thi công sớm tiếp tục và hoàn thiện công trình. - Có biện pháp đảm bảo an toàn, vệ sinh trong thời gian chưa hoàn thiện. Kính mong được quan tâm giải quyết. /.","Hiện_nay , công_trình lát gạch vỉa_hè tuyến đường Lê_Văn_Hưu , phường Ngũ_Hành_Sơn_đang trong quá_trình thi_công . Tuy_nhiên , tại đoạn từ đầu_đường An_Dương_Vương_đến số 29 Lê_Văn_Hưu , vỉa_hè đã bị đào_xới hơn 1 tuần nhưng chưa được thi_công tiếp . Khu_vực này hiện để_đất_đá ngổn_ngang , gây khó_khăn cho việc đi_lại , ảnh_hưởng đến sinh_hoạt và mỹ_quan đô_thị . Việc thi_công dang_dở , kéo_dài không rõ lý_do gây bức_xúc cho người dân trong khu_vực . Kính_đề nghị cơ_quan_chức_năng : - Kiểm_tra tiến_độ thi_công tại đoạn_đường nêu trên . - Yêu_cầu đơn_vị thi_công sớm tiếp_tục và hoàn_thiện công_trình . - Có biện_pháp đảm_bảo_an_toàn , vệ_sinh trong thời_gian chưa hoàn_thiện . Kính_mong được quan_tâm giải_quyết . / .","hiện_nay , công_trình lát gạch vỉa_hè tuyến đường lê_văn_hưu , phường ngũ_hành_sơn_đang trong quá_trình thi_công . tuy_nhiên , tại đoạn từ đầu_đường an_dương_vương_đến số 29 lê_văn_hưu , vỉa_hè đã bị đào_xới hơn 1 tuần nhưng chưa được thi_công tiếp . khu_vực này hiện để_đất_đá ngổn_ngang , gây khó_khăn cho việc đi_lại , ảnh_hưởng đến sinh_hoạt và mỹ_quan đô_thị . việc thi_công dang_dở , kéo_dài không rõ lý_do gây bức_xúc cho người dân trong khu_vực . kính_đề nghị cơ_quan_chức_năng : - kiểm_tra tiến_độ thi_công tại đoạn_đường nêu trên . - yêu_cầu đơn_vị thi_công sớm tiếp_tục và hoàn_thiện công_trình . - có biện_pháp đảm_bảo_an_toàn , vệ_sinh trong thời_gian chưa hoàn_thiện . kính_mong được quan_tâm giải_quyết . / .",Ban Quản lý các dự án đầu tư cơ sở hạ tầng ưu tiên thành phố Đà Nẵng,Đã xử lý,https://gopy.danang.gov.vn/gop-y?pageid=view&ykien=96326,via_he_long_duong,trung_binh
96320,Da Nang,8/4/2026 7:37,"Điện chiếu sáng ở trước nhà 104 Lương Nhữ Hộc, phường Hòa Cường đã hư 1 tuần nay mà chưa được sửa chữa, dễ gây tại nạn vào buổi tối. Kính mong cơ quan chức năng kiểm tra và xử lý./.","Điện chiếu sáng ở trước nhà 104 Lương Nhữ Hộc, phường Hòa Cường đã hư 1 tuần nay mà chưa được sửa chữa, dễ gây tại nạn vào buổi tối. Kính mong cơ quan chức năng kiểm tra và xử lý. /.","Điện chiếu sáng ở trước nhà 104 Lương_Nhữ_Hộc , phường Hòa_Cường_đã hư 1 tuần nay mà chưa được sửa_chữa , dễ gây tại nạn vào buổi tối . Kính mong cơ_quan_chức_năng kiểm_tra và xử_lý . / .","điện chiếu sáng ở trước nhà 104 lương_nhữ_hộc , phường hòa_cường_đã hư 1 tuần nay mà chưa được sửa_chữa , dễ gây tại nạn vào buổi tối . kính mong cơ_quan_chức_năng kiểm_tra và xử_lý . / .","Sở Xây dựng Sở Xây dựng trân trọng cảm ơn ý kiến góp ý của Quý công dân và phản hồi một số thông tin như sau: Công ty cổ phần chiếu sáng công cộng đã kiểm tra hiện trường và hoàn thành xử lý kiến nghị, đèn đã đỏ bình thường. Sở Xây dựng thông tin để Quý công dân được biết. Trân trọng./. Ngày trả lời: 15/04/2026",Đã xử lý,https://gopy.danang.gov.vn/gop-y?pageid=view&ykien=96320,dien_luc_chieu_sang,cao
96312,Da Nang,8/4/2026 7:33,"Tại 06 Nguyễn Trãi, phường Hải Châu có 1 cái cống bị tắc (vị trí ngay mép vỉa hè và lòng đường). Tình trạng này diễn ra khoảng gần 1 năm trở lại đây, việc ứ đọng nước gây mùi hôi thối, ô nhiễm môi trường, ảnh hưởng đến sinh hoạt của người dân. Đề nghị cơ quan chức năng kiểm tra, xử lý./.","Tại 06 Nguyễn Trãi, phường Hải Châu có 1 cái cống bị tắc (vị trí ngay mép vỉa hè và lòng đường). Tình trạng này diễn ra khoảng gần 1 năm trở lại đây, việc ứ đọng nước gây mùi hôi thối, ô nhiễm môi trường, ảnh hưởng đến sinh hoạt của người dân. Đề nghị cơ quan chức năng kiểm tra, xử lý. /.","Tại 06 Nguyễn_Trãi , phường Hải_Châu có 1 cái cống bị tắc ( vị_trí ngay mép vỉa_hè và lòng_đường ) . Tình_trạng này diễn ra khoảng gần 1 năm trở_lại đây , việc ứ_đọng nước gây mùi hôi_thối , ô_nhiễm môi_trường , ảnh_hưởng đến sinh_hoạt của người dân . Đề_nghị cơ_quan_chức_năng kiểm_tra , xử_lý . / .","tại 06 nguyễn_trãi , phường hải_châu có 1 cái cống bị tắc ( vị_trí ngay mép vỉa_hè và lòng_đường ) . tình_trạng này diễn ra khoảng gần 1 năm trở_lại đây , việc ứ_đọng nước gây mùi hôi_thối , ô_nhiễm môi_trường , ảnh_hưởng đến sinh_hoạt của người dân . đề_nghị cơ_quan_chức_năng kiểm_tra , xử_lý . / .",UBND Phường Hải Châu UBND phường Hải Châu phản hồi ý kiến phản ánh của công dân như sau:,Đã xử lý,https://gopy.danang.gov.vn/gop-y?pageid=view&ykien=96312,cong_ho_ga_thoat_nuoc,trung_binh
96307,Da Nang,8/4/2026 6:10,"Tại TDP Trà Kiểm, Phường Hòa Xuân mới, đường Trà Kiểm 5 mất hoàn toàn điện chiếu sáng đường giao thông hơn tuần nay, ban đêm không có điện chiếu sáng tạo cơ hội cho nạn trộm cắp lộng hành, kính mong cơ quan khắc phục. Xin trân trọng cảm ơn","Tại TDP Trà Kiểm, Phường Hòa Xuân mới, đường Trà Kiểm 5 mất hoàn toàn điện chiếu sáng đường giao thông hơn tuần nay, ban đêm không có điện chiếu sáng tạo cơ hội cho nạn trộm cắp lộng hành, kính mong cơ quan khắc phục. Xin trân trọng cảm ơn","Tại TDP Trà_Kiểm , Phường_Hòa_Xuân mới , đường Trà_Kiểm 5 mất hoàn_toàn điện chiếu sáng đường giao_thông hơn tuần nay , ban_đêm không có điện chiếu sáng_tạo cơ_hội cho nạn trộm_cắp lộng_hành , kính mong cơ_quan khắc_phục . Xin trân_trọng cảm_ơn","tại tdp trà_kiểm , phường_hòa_xuân mới , đường trà_kiểm 5 mất hoàn_toàn điện chiếu sáng đường giao_thông hơn tuần nay , ban_đêm không có điện chiếu sáng_tạo cơ_hội cho nạn trộm_cắp lộng_hành , kính mong cơ_quan khắc_phục . xin trân_trọng cảm_ơn","Trung tâm Thông tin và Giám sát, điều hành thông minh Sở Xây dựng trân trọng cảm ơn ý kiến góp ý của Quý công dân và phản hồi một số thông tin như sau: Công ty cổ phần chiếu sáng công cộng đã kiểm tra hiện trường và hoàn thành xử lý kiến nghị, đèn đã đỏ bình thường. Sở Xây dựng thông tin để Quý công dân được biết. Trân trọng./. Ngày trả lời: 17/04/2026",Đã xử lý,https://gopy.danang.gov.vn/gop-y?pageid=view&ykien=96307,dien_luc_chieu_sang,thap
96296,Da Nang,7/4/2026 20:49,"Tại ngã tư đường DH 409 sau lưng chợ Lệ Trạch, Hòa Tiến bị hỏng đèn điện đường gây khó khăn cho việc lưu thông. Tôi đã gọi nhiều lần nhưng không sửa chữa. Kính mong cơ quan chức năng kiểm tra và xử lý.","Tại ngã tư đường DH 409 sau lưng chợ Lệ Trạch, Hòa Tiến bị hỏng đèn điện đường gây khó khăn cho việc lưu thông. Tôi đã gọi nhiều lần nhưng không sửa chữa. Kính mong cơ quan chức năng kiểm tra và xử lý.","Tại ngã tư đường DH 409 sau lưng chợ Lệ_Trạch , Hòa_Tiến bị hỏng đèn_điện_đường gây khó_khăn cho việc lưu_thông . Tôi_đã gọi nhiều lần nhưng không sửa_chữa . Kính mong cơ_quan_chức_năng kiểm_tra và xử_lý .","tại ngã tư đường dh 409 sau lưng chợ lệ_trạch , hòa_tiến bị hỏng đèn_điện_đường gây khó_khăn cho việc lưu_thông . tôi_đã gọi nhiều lần nhưng không sửa_chữa . kính mong cơ_quan_chức_năng kiểm_tra và xử_lý .","Sở Xây dựng Sở Xây dựng trân trọng cảm ơn ý kiến góp ý của Quý công dân và phản hồi một số thông tin như sau: Công ty cổ phần chiếu sáng công cộng đã kiểm tra hiện trường và hoàn thành xử lý kiến nghị, đèn đã đỏ bình thường. Sở Xây dựng thông tin để Quý công dân được biết. Trân trọng./. Ngày trả lời: 15/04/2026",Đã xử lý,https://gopy.danang.gov.vn/gop-y?pageid=view&ykien=96296,dien_luc_chieu_sang,cao
96292,Da Nang,7/4/2026 20:14,"Kính gửi: UBND phường Thanh Khê. Vào thời gian tháng 9/2025, tôi đã có phản ánh về tình trạng nạo vét cống tại khu dân cư tôi đang sống là cuối kiệt K104 Lê Độ, tôi đã nhận được nội dung trả lời phản ánh của UBND phường Thanh Khê trước thực trạng mà tôi phản ánh. Phòng Kinh tế, Hạ tầng và Đô thị đề xuất đưa tuyến cống kiệt K104 đường Lê Độ (đoạn từ số nhà 104/31 đến 104/33) vào kế hoạch đầu tư nâng cấp hệ thống thoát nước năm 2026, nhằm cải thiện điều kiện sinh hoạt và đảm bảo chất lượng cuộc sống cho người dân trong khu vực. Hiện nay thời gian đã hết quý 01/2026, tôi tha thiết mong cơ quan quý cấp quan tâm quan tâm đầu tư nâng cấp hệ thống cống thoát nước được thực hiện vào mùa khô năm 2026, để vào mưa năm 2026, hộ dân như tôi đỡ sống trong cảnh nước ngập, nước ứ vào nhà mỗi lần có những trận mưa lớn và kéo dài liên tục, để chúng tôi được cải thiện điều kiện sống tại khu vực trung tâm thành phố. Tôi xin chân thành cảm ơn!","Kính gửi: UBND phường Thanh Khê. Vào thời gian tháng 9/2025, tôi đã có phản ánh về tình trạng nạo vét cống tại khu dân cư tôi đang sống là cuối kiệt K104 Lê Độ, tôi đã nhận được nội dung trả lời phản ánh của UBND phường Thanh Khê trước thực trạng mà tôi phản ánh. Phòng Kinh tế, Hạ tầng và Đô thị đề xuất đưa tuyến cống kiệt K104 đường Lê Độ (đoạn từ số nhà 104/31 đến 104/33) vào kế hoạch đầu tư nâng cấp hệ thống thoát nước năm 2026, nhằm cải thiện điều kiện sinh hoạt và đảm bảo chất lượng cuộc sống cho người dân trong khu vực. Hiện nay thời gian đã hết quý 01/2026, tôi tha thiết mong cơ quan quý cấp quan tâm quan tâm đầu tư nâng cấp hệ thống cống thoát nước được thực hiện vào mùa khô năm 2026, để vào mưa năm 2026, hộ dân như tôi đỡ sống trong cảnh nước ngập, nước ứ vào nhà mỗi lần có những trận mưa lớn và kéo dài liên tục, để chúng tôi được cải thiện điều kiện sống tại khu vực trung tâm thành phố. Tôi xin chân thành cảm ơn","Kính gửi : UBND phường Thanh_Khê . Vào thời_gian tháng 9 / 2025 , tôi đã có phản_ánh về tình_trạng nạo_vét cống tại khu dân_cư tôi đang sống là cuối kiệt K104_Lê_Độ , tôi đã nhận được nội_dung trả_lời phản_ánh của UBND phường Thanh_Khê trước thực_trạng mà tôi phản_ánh . Phòng_Kinh_tế , Hạ_tầng và Đô_thị đề_xuất đưa tuyến cống kiệt K104 đường Lê_Độ ( đoạn từ số nhà 104 / 31 đến 104 / 33 ) vào kế_hoạch đầu_tư nâng_cấp hệ_thống thoát nước năm 2026 , nhằm cải_thiện điều_kiện sinh_hoạt và đảm_bảo chất_lượng cuộc_sống cho người dân trong khu_vực . Hiện_nay thời_gian đã hết quý 01 / 2026 , tôi tha_thiết mong cơ_quan quý cấp quan_tâm quan_tâm đầu_tư nâng_cấp hệ_thống cống thoát nước được thực_hiện vào mùa khô năm 2026 , để vào mưa năm 2026 , hộ dân như tôi đỡ sống trong cảnh nước ngập , nước ứ vào nhà mỗi lần có những trận mưa lớn và kéo_dài liên_tục , để chúng_tôi được cải_thiện điều_kiện sống tại khu_vực trung_tâm thành_phố . Tôi xin chân_thành cảm_ơn","kính gửi : ubnd phường thanh_khê . vào thời_gian tháng 9 / 2025 , tôi đã có phản_ánh về tình_trạng nạo_vét cống tại khu dân_cư tôi đang sống là cuối kiệt k104_lê_độ , tôi đã nhận được nội_dung trả_lời phản_ánh của ubnd phường thanh_khê trước thực_trạng mà tôi phản_ánh . phòng_kinh_tế , hạ_tầng và đô_thị đề_xuất đưa tuyến cống kiệt k104 đường lê_độ ( đoạn từ số nhà 104 / 31 đến 104 / 33 ) vào kế_hoạch đầu_tư nâng_cấp hệ_thống thoát nước năm 2026 , nhằm cải_thiện điều_kiện sinh_hoạt và đảm_bảo chất_lượng cuộc_sống cho người dân trong khu_vực . hiện_nay thời_gian đã hết quý 01 / 2026 , tôi tha_thiết mong cơ_quan quý cấp quan_tâm quan_tâm đầu_tư nâng_cấp hệ_thống cống thoát nước được thực_hiện vào mùa khô năm 2026 , để vào mưa năm 2026 , hộ dân như tôi đỡ sống trong cảnh nước ngập , nước ứ vào nhà mỗi lần có những trận mưa lớn và kéo_dài liên_tục , để chúng_tôi được cải_thiện điều_kiện sống tại khu_vực trung_tâm thành_phố . tôi xin chân_thành cảm_ơn",UBND Phường Thanh Khê,Đã xử lý,https://gopy.danang.gov.vn/gop-y?pageid=view&ykien=96292,cong_ho_ga_thoat_nuoc,thap
96288,Da Nang,7/4/2026 19:23,"Nguyên tuyến đường Trà kiểm 5 và 1 đoạn của Trà Kiểm 2 thuộc Tổ dân phố Trà Kiểm phường Hoà Xuân, TP Đà Nẵng không có điện chiếu sáng công cộng khoàng 5 ngày nay. Kính mong cơ quan chức năng xử lý. Xin cảm ơn!","Nguyên tuyến đường Trà kiểm 5 và 1 đoạn của Trà Kiểm 2 thuộc Tổ dân phố Trà Kiểm phường Hoà Xuân, TP Đà Nẵng không có điện chiếu sáng công cộng khoàng 5 ngày nay. Kính mong cơ quan chức năng xử lý. Xin cảm ơn","Nguyên tuyến đường_Trà kiểm 5 và 1 đoạn của Trà_Kiểm 2 thuộc Tổ dân_phố Trà_Kiểm phường Hoà_Xuân , TP Đà_Nẵng không có điện chiếu sáng công_cộng khoàng 5 ngày_nay . Kính mong cơ_quan_chức_năng xử_lý . Xin cảm_ơn","nguyên tuyến đường_trà kiểm 5 và 1 đoạn của trà_kiểm 2 thuộc tổ dân_phố trà_kiểm phường hoà_xuân , tp đà_nẵng không có điện chiếu sáng công_cộng khoàng 5 ngày_nay . kính mong cơ_quan_chức_năng xử_lý . xin cảm_ơn","Trung tâm Thông tin và Giám sát, điều hành thông minh Sở Xây dựng trân trọng cảm ơn ý kiến góp ý của Quý công dân và phản hồi một số thông tin như sau: Công ty cổ phần chiếu sáng công cộng đã kiểm tra hiện trường và hoàn thành xử lý kiến nghị, đèn đã đỏ bình thường. Sở Xây dựng thông tin để Quý công dân được biết. Trân trọng./. Ngày trả lời: 17/04/2026",Đã xử lý,https://gopy.danang.gov.vn/gop-y?pageid=view&ykien=96288,dien_luc_chieu_sang,thap
96279,Da Nang,7/4/2026 17:44,"Tôi xin chân thành cảm ơn Công ty Điện lực đã kịp thời xử lý tại 85 Thanh Lương 5, đáp ứng nguyện vọng của người dân, thể hiện tinh thần lắng nghe và làm việc nhanh chóng, hiệu quả. Xin trân trọng cảm ơn!","Tôi xin chân thành cảm ơn Công ty Điện lực đã kịp thời xử lý tại 85 Thanh Lương 5, đáp ứng nguyện vọng của người dân, thể hiện tinh thần lắng nghe và làm việc nhanh chóng, hiệu quả. Xin trân trọng cảm ơn","Tôi xin chân_thành cảm ơn_Công ty Điện_lực đã kịp_thời xử_lý tại 85 Thanh_Lương 5 , đáp_ứng nguyện_vọng của người dân , thể_hiện tinh_thần lắng_nghe và làm_việc nhanh_chóng , hiệu_quả . Xin trân_trọng cảm_ơn","tôi xin chân_thành cảm ơn_công ty điện_lực đã kịp_thời xử_lý tại 85 thanh_lương 5 , đáp_ứng nguyện_vọng của người dân , thể_hiện tinh_thần lắng_nghe và làm_việc nhanh_chóng , hiệu_quả . xin trân_trọng cảm_ơn","Trung tâm Thông tin và Giám sát, điều hành thông minh Bộ phận tiếp nhận phản ánh, góp ý của Cổng góp ý TP Đà Nẵng trân trọng cảm ơn ý kiến phản hồi của Anh/Chị. Ngày trả lời: 08/04/2026",Đã xử lý,https://gopy.danang.gov.vn/gop-y?pageid=view&ykien=96279,dien_luc_chieu_sang,thap
96270,Da Nang,7/4/2026 15:57,"Bóng đèn chiếu sáng khu vực công cộng của cung thể thao Tiên Sơn mặt hướng vào Helio Center bị hư hại, và không chiếu sáng được vào buổi tối (hình ảnh đính kèm). Kính mong cơ quan chức năng kiểm tra và xử lý./.","Bóng đèn chiếu sáng khu vực công cộng của cung thể thao Tiên Sơn mặt hướng vào Helio Center bị hư hại, và không chiếu sáng được vào buổi tối (hình ảnh đính kèm). Kính mong cơ quan chức năng kiểm tra và xử lý. /.","Bóng_đèn chiếu sáng khu_vực công_cộng của cung thể_thao Tiên_Sơn mặt hướng vào Helio_Center bị hư_hại , và không chiếu sáng được vào buổi tối ( hình ảnh_đính kèm ) . Kính mong cơ_quan_chức_năng kiểm_tra và xử_lý . / .","bóng_đèn chiếu sáng khu_vực công_cộng của cung thể_thao tiên_sơn mặt hướng vào helio_center bị hư_hại , và không chiếu sáng được vào buổi tối ( hình ảnh_đính kèm ) . kính mong cơ_quan_chức_năng kiểm_tra và xử_lý . / .","Sở Xây dựng Sở Xây dựng trân trọng cảm ơn ý kiến góp ý của Quý công dân và phản hồi một số thông tin như sau: Công ty cổ phần chiếu sáng công cộng đã kiểm tra hiện trường và hoàn thành xử lý kiến nghị, đèn đã đỏ bình thường. Sở Xây dựng thông tin để Quý công dân được biết. Trân trọng./. Ngày trả lời: 15/04/2026",Đã xử lý,https://gopy.danang.gov.vn/gop-y?pageid=view&ykien=96270,dien_luc_chieu_sang,thap
96263,Da Nang,7/4/2026 14:10,"Kính thưa chính quyền các ban ngành đoàn thể Tôi xin được phép gửi ý kiến cá nhân như sau: Đoạn đường từ 72 Nguyễn Xuân Hữu đến giáp K43 Nguyễn Nhàn đang xuống cấp nghiêm trọng, cống thoát nước không hoạt động, bất cập xảy ra rất lớn mưa chỉ tầm 20-30p là đã ngập, nhiều nhà dân nước ngập vô tới nhà cao 10cm, ngập đầy đường không di chuyển được (mặc dù lượng mưa được cho là rất thấp và không đáng kể). Thử hỏi tại sao không quan tâm sửa chữa nâng cấp (chỉ toàn là nghe nói đã duyệt và đang xử lí, đang chờ), người dân tại tổ dân phố ở đó lúc nào cũng sống trong lo sợ mỗi khi trời mưa (dù không lớn), hư hỏng và rất nhiều bất cập xảy ra nữa. Tôi kính mong các cơ quan chính quyền có thể xem xét nhanh chóng cải tạo nâng cấp tuyến đường để người dân được sống bình an và an toàn!! Chứ tôi không muốn chỉ nhận được thông báo phê duyệt còn xử lí vấn đề thì không thấy và không được quan tâm. Trong khi đó phần đường Nguyễn Xuân Hữu số lẻ thì ở trên cao còn được làm đường nhựa mới mẻ, các tuyến đường khác trong thành phố đều được quan tâm khắc phục & làm đường làm cống thoát nước! ""Theo Quyết định số 1837 ngày 26/05/2025 Của UBND Quận Cẩm lệ về việc phê duyệt nhiệm vụ thiết kế xây dựng Dự án Cải tạo đường và MTN kiệt 30, 56, 78, 156 Nguyễn Xuân Hữu, kiệt 298 Cách Mạng Tháng 8, BQLDA Sẽ thi công. UBND Phường tiếp tục đôn đốc để dự án được triển khai sớm nhất có thể""","Kính thưa chính quyền các ban ngành đoàn thể Tôi xin được phép gửi ý kiến cá nhân như sau: Đoạn đường từ 72 Nguyễn Xuân Hữu đến giáp K43 Nguyễn Nhàn đang xuống cấp nghiêm trọng, cống thoát nước không hoạt động, bất cập xảy ra rất lớn mưa chỉ tầm 20-30p là đã ngập, nhiều nhà dân nước ngập vô tới nhà cao 10cm, ngập đầy đường không di chuyển được (mặc dù lượng mưa được cho là rất thấp và không đáng kể). Thử hỏi tại sao không quan tâm sửa chữa nâng cấp (chỉ toàn là nghe nói đã duyệt và đang xử lí, đang chờ), người dân tại tổ dân phố ở đó lúc nào cũng sống trong lo sợ mỗi khi trời mưa (dù không lớn), hư hỏng và rất nhiều bất cập xảy ra nữa. Tôi kính mong các cơ quan chính quyền có thể xem xét nhanh chóng cải tạo nâng cấp tuyến đường để người dân được sống bình an và an toàn Chứ tôi không muốn chỉ nhận được thông báo phê duyệt còn xử lí vấn đề thì không thấy và không được quan tâm. Trong khi đó phần đường Nguyễn Xuân Hữu số lẻ thì ở trên cao còn được làm đường nhựa mới mẻ, các tuyến đường khác trong thành phố đều được quan tâm khắc phục làm đường làm cống thoát nước Theo Quyết định số 1837 ngày 26/05/2025 Của UBND Quận Cẩm lệ về việc phê duyệt nhiệm vụ thiết kế xây dựng Dự án Cải tạo đường và MTN kiệt 30, 56, 78, 156 Nguyễn Xuân Hữu, kiệt 298 Cách Mạng Tháng 8, BQLDA Sẽ thi công. UBND Phường tiếp tục đôn đốc để dự án được triển khai sớm nhất có thể","Kính_thưa chính_quyền các ban_ngành đoàn_thể Tôi xin được phép gửi ý_kiến cá_nhân như sau : Đoạn_đường từ 72 Nguyễn_Xuân_Hữu_đến giáp K43 Nguyễn_Nhàn_đang xuống_cấp nghiêm_trọng , cống thoát nước không hoạt_động , bất_cập xảy ra rất lớn mưa chỉ tầm 20 - 30p là đã ngập , nhiều nhà dân nước ngập vô tới nhà cao 10cm , ngập đầy_đường không di_chuyển được ( mặc_dù lượng mưa được cho là rất thấp và không đáng_kể ) . Thử_hỏi tại_sao không quan_tâm sửa_chữa nâng_cấp ( chỉ toàn là nghe nói đã duyệt và đang xử_lí , đang chờ ) , người dân tại tổ dân_phố ở đó lúc_nào cũng sống trong lo_sợ mỗi khi trời mưa ( dù không lớn ) , hư_hỏng và rất nhiều bất_cập xảy ra nữa . Tôi kính mong các cơ_quan chính_quyền có_thể xem_xét nhanh_chóng cải_tạo nâng_cấp tuyến đường_để người dân được sống bình an và an_toàn Chứ tôi không muốn chỉ nhận được thông_báo phê_duyệt còn xử_lí vấn_đề thì không thấy và không được quan_tâm . Trong khi đó phần đường Nguyễn_Xuân_Hữu số_lẻ thì ở trên cao còn được làm đường_nhựa mới_mẻ , các tuyến đường khác trong thành_phố đều_được quan_tâm khắc_phục làm đường làm cống thoát nước Theo_Quyết_định số 1837 ngày 26 / 05 / 2025 Của UBND Quận_Cẩm lệ về việc phê_duyệt nhiệm_vụ thiết_kế xây_dựng Dự_án_Cải tạo đường và MTN kiệt 30 , 56 , 78 , 156 Nguyễn_Xuân_Hữu , kiệt 298 Cách_Mạng_Tháng 8 , BQLDA Sẽ thi_công . UBND Phường tiếp_tục đôn_đốc_để dự án_được triển_khai sớm nhất có_thể","kính_thưa chính_quyền các ban_ngành đoàn_thể tôi xin được phép gửi ý_kiến cá_nhân như sau : đoạn_đường từ 72 nguyễn_xuân_hữu_đến giáp k43 nguyễn_nhàn_đang xuống_cấp nghiêm_trọng , cống thoát nước không hoạt_động , bất_cập xảy ra rất lớn mưa chỉ tầm 20 - 30p là đã ngập , nhiều nhà dân nước ngập vô tới nhà cao 10cm , ngập đầy_đường không di_chuyển được ( mặc_dù lượng mưa được cho là rất thấp và không đáng_kể ) . thử_hỏi tại_sao không quan_tâm sửa_chữa nâng_cấp ( chỉ toàn là nghe nói đã duyệt và đang xử_lí , đang chờ ) , người dân tại tổ dân_phố ở đó lúc_nào cũng sống trong lo_sợ mỗi khi trời mưa ( dù không lớn ) , hư_hỏng và rất nhiều bất_cập xảy ra nữa . tôi kính mong các cơ_quan chính_quyền có_thể xem_xét nhanh_chóng cải_tạo nâng_cấp tuyến đường_để người dân được sống bình an và an_toàn chứ tôi không muốn chỉ nhận được thông_báo phê_duyệt còn xử_lí vấn_đề thì không thấy và không được quan_tâm . trong khi đó phần đường nguyễn_xuân_hữu số_lẻ thì ở trên cao còn được làm đường_nhựa mới_mẻ , các tuyến đường khác trong thành_phố đều_được quan_tâm khắc_phục làm đường làm cống thoát nước theo_quyết_định số 1837 ngày 26 / 05 / 2025 của ubnd quận_cẩm lệ về việc phê_duyệt nhiệm_vụ thiết_kế xây_dựng dự_án_cải tạo đường và mtn kiệt 30 , 56 , 78 , 156 nguyễn_xuân_hữu , kiệt 298 cách_mạng_tháng 8 , bqlda sẽ thi_công . ubnd phường tiếp_tục đôn_đốc_để dự án_được triển_khai sớm nhất có_thể",UBND Phường Cẩm Lệ,Đã xử lý,https://gopy.danang.gov.vn/gop-y?pageid=view&ykien=96263,cong_ho_ga_thoat_nuoc,trung_binh
96260,Da Nang,7/4/2026 14:03,"Tại ngã tư Lý Thái Tông và Nguyễn Thị Thập, phường Thanh Khê khu vực này mật độ giao thông cao, thường xuyên bị ách tắc giao thông vào giờ cao điểm buổi sáng và buổi chiều. Khu vực này có nhiều trường học nên lượng học sinh, sinh viên đi học và đi về rất nhiều. Ngoài ra, khu vực này còn có rất nhiều xe chở khách du lịch đi qua. Kính đề nghị cơ quan chức năng kiểm tra và lắp đặt đèn tín hiệu giao thông tại đây để đảm bảo an toàn giao thông.","Tại ngã tư Lý Thái Tông và Nguyễn Thị Thập, phường Thanh Khê khu vực này mật độ giao thông cao, thường xuyên bị ách tắc giao thông vào giờ cao điểm buổi sáng và buổi chiều. Khu vực này có nhiều trường học nên lượng học sinh, sinh viên đi học và đi về rất nhiều. Ngoài ra, khu vực này còn có rất nhiều xe chở khách du lịch đi qua. Kính đề nghị cơ quan chức năng kiểm tra và lắp đặt đèn tín hiệu giao thông tại đây để đảm bảo an toàn giao thông.","Tại ngã tư Lý_Thái_Tông và Nguyễn_Thị_Thập , phường Thanh_Khê khu_vực này mật_độ giao_thông cao , thường_xuyên bị ách_tắc giao_thông vào giờ cao_điểm buổi sáng và buổi chiều . Khu_vực này có nhiều trường_học nên lượng học_sinh , sinh_viên đi học và đi về rất nhiều . Ngoài_ra , khu_vực này còn có rất nhiều xe chở khách du_lịch đi qua . Kính_đề nghị cơ_quan_chức_năng kiểm_tra và lắp đặt_đèn tín_hiệu giao_thông tại đây_để_đảm bảo_an_toàn giao_thông .","tại ngã tư lý_thái_tông và nguyễn_thị_thập , phường thanh_khê khu_vực này mật_độ giao_thông cao , thường_xuyên bị ách_tắc giao_thông vào giờ cao_điểm buổi sáng và buổi chiều . khu_vực này có nhiều trường_học nên lượng học_sinh , sinh_viên đi học và đi về rất nhiều . ngoài_ra , khu_vực này còn có rất nhiều xe chở khách du_lịch đi qua . kính_đề nghị cơ_quan_chức_năng kiểm_tra và lắp đặt_đèn tín_hiệu giao_thông tại đây_để_đảm bảo_an_toàn giao_thông .",Sở Xây dựng,Đang xử lý,https://gopy.danang.gov.vn/gop-y?pageid=view&ykien=96260,den_tin_hieu,cao
96248,Da Nang,7/4/2026 14:00,"Hiện tại, đường dây điện chiếu sáng công cộng đi ngang qua nhà tôi tại địa chỉ 02 Phước Hòa 2, phường Cẩm Lệ. Đường dây này đã tồn tại từ thời điểm tôi được cấp đất vào năm 2010. Trước đây, do phần sân nhà tôi được chừa lùi vào bên trong nên chưa ảnh hưởng đến việc sử dụng. Tuy nhiên, hiện nay tôi có nhu cầu khai thác và xây dựng mái hiên trên phần sân, nhưng bị vướng đường dây điện nêu trên. Tôi đã liên hệ với điện lực và được hướng dẫn đây là hệ thống điện chiếu sáng công cộng thuộc đơn vị quản lý khác. Vì vậy, kính đề nghị cơ quan chức năng: - Kiểm tra hiện trạng đường dây điện tại vị trí nêu trên - Có phương án di dời, điều chỉnh phù hợp - Tạo điều kiện để tôi sử dụng phần đất hợp pháp của mình theo quy định Kính mong được quan tâm xem xét và hỗ trợ giải quyết.","Hiện tại, đường dây điện chiếu sáng công cộng đi ngang qua nhà tôi tại địa chỉ 02 Phước Hòa 2, phường Cẩm Lệ. Đường dây này đã tồn tại từ thời điểm tôi được cấp đất vào năm 2010. Trước đây, do phần sân nhà tôi được chừa lùi vào bên trong nên chưa ảnh hưởng đến việc sử dụng. Tuy nhiên, hiện nay tôi có nhu cầu khai thác và xây dựng mái hiên trên phần sân, nhưng bị vướng đường dây điện nêu trên. Tôi đã liên hệ với điện lực và được hướng dẫn đây là hệ thống điện chiếu sáng công cộng thuộc đơn vị quản lý khác. Vì vậy, kính đề nghị cơ quan chức năng: - Kiểm tra hiện trạng đường dây điện tại vị trí nêu trên - Có phương án di dời, điều chỉnh phù hợp - Tạo điều kiện để tôi sử dụng phần đất hợp pháp của mình theo quy định Kính mong được quan tâm xem xét và hỗ trợ giải quyết.","Hiện_tại , đường_dây_điện chiếu sáng công_cộng đi ngang qua nhà tôi tại địa_chỉ 02 Phước_Hòa 2 , phường Cẩm_Lệ . Đường_dây này đã tồn_tại từ thời_điểm tôi được cấp đất vào năm 2010 . Trước_đây , do phần sân_nhà tôi được chừa lùi vào bên trong nên chưa ảnh_hưởng đến việc sử_dụng . Tuy_nhiên , hiện_nay tôi có nhu_cầu khai_thác và xây_dựng mái_hiên trên phần sân , nhưng bị vướng đường_dây_điện nêu trên . Tôi_đã liên_hệ với điện_lực và được hướng_dẫn đây là hệ_thống điện chiếu sáng công_cộng thuộc đơn_vị quản_lý khác . Vì_vậy , kính đề_nghị cơ_quan_chức_năng : - Kiểm_tra hiện_trạng đường_dây_điện tại vị_trí nêu trên - Có phương_án di_dời , điều_chỉnh phù_hợp - Tạo_điều kiện để tôi sử_dụng phần đất hợp_pháp của mình theo quy định_Kính mong được quan_tâm xem_xét và hỗ_trợ giải_quyết .","hiện_tại , đường_dây_điện chiếu sáng công_cộng đi ngang qua nhà tôi tại địa_chỉ 02 phước_hòa 2 , phường cẩm_lệ . đường_dây này đã tồn_tại từ thời_điểm tôi được cấp đất vào năm 2010 . trước_đây , do phần sân_nhà tôi được chừa lùi vào bên trong nên chưa ảnh_hưởng đến việc sử_dụng . tuy_nhiên , hiện_nay tôi có nhu_cầu khai_thác và xây_dựng mái_hiên trên phần sân , nhưng bị vướng đường_dây_điện nêu trên . tôi_đã liên_hệ với điện_lực và được hướng_dẫn đây là hệ_thống điện chiếu sáng công_cộng thuộc đơn_vị quản_lý khác . vì_vậy , kính đề_nghị cơ_quan_chức_năng : - kiểm_tra hiện_trạng đường_dây_điện tại vị_trí nêu trên - có phương_án di_dời , điều_chỉnh phù_hợp - tạo_điều kiện để tôi sử_dụng phần đất hợp_pháp của mình theo quy định_kính mong được quan_tâm xem_xét và hỗ_trợ giải_quyết .",Sở Xây dựng Sở Xây dựng trân trọng cảm ơn ý kiến góp ý của Quý công dân và phản hồi một số thông tin như sau: Công ty cổ phần chiếu sáng công cộng đã kiểm tra hiện trường và liên hệ khảo sát với công dân và sắp xếp lên kế hoạch di dời,Đã xử lý,https://gopy.danang.gov.vn/gop-y?pageid=view&ykien=96248,dien_luc_chieu_sang,thap
96212,Da Nang,7/4/2026 7:47,"Tại vị trí trước số nhà 93 Hoàng Đình Ái, phường Hòa Xuân có trụ đèn chiếu sáng (mã trụ: CS44T3E2) đã bị cháy từ lâu nhưng chưa được sửa chữa, khắc phục. Người dân đi lại dễ xảy ra tai nạn. Kính đề nghị cơ quan chức năng kiểm tra, sửa chữa kịp thời để đảm bảo chiếu sáng và an toàn cho người dân. Xin cảm ơn.","Tại vị trí trước số nhà 93 Hoàng Đình Ái, phường Hòa Xuân có trụ đèn chiếu sáng (mã trụ: CS44T3E2) đã bị cháy từ lâu nhưng chưa được sửa chữa, khắc phục. Người dân đi lại dễ xảy ra tai nạn. Kính đề nghị cơ quan chức năng kiểm tra, sửa chữa kịp thời để đảm bảo chiếu sáng và an toàn cho người dân. Xin cảm ơn.","Tại vị_trí trước số nhà 93 Hoàng_Đình_Ái , phường Hòa_Xuân có trụ đèn_chiếu sáng ( mã trụ : CS44T3E2 ) đã bị cháy từ lâu nhưng chưa được sửa_chữa , khắc_phục . Người dân đi_lại dễ xảy ra tai_nạn . Kính_đề nghị cơ_quan_chức_năng kiểm_tra , sửa_chữa kịp_thời để_đảm bảo chiếu sáng và an_toàn cho người dân . Xin cảm_ơn .","tại vị_trí trước số nhà 93 hoàng_đình_ái , phường hòa_xuân có trụ đèn_chiếu sáng ( mã trụ : cs44t3e2 ) đã bị cháy từ lâu nhưng chưa được sửa_chữa , khắc_phục . người dân đi_lại dễ xảy ra tai_nạn . kính_đề nghị cơ_quan_chức_năng kiểm_tra , sửa_chữa kịp_thời để_đảm bảo chiếu sáng và an_toàn cho người dân . xin cảm_ơn .","Sở Xây dựng Sở Xây dựng trân trọng cảm ơn ý kiến góp ý của Quý công dân và phản hồi một số thông tin như sau: Công ty cổ phần chiếu sáng công cộng đã kiểm tra hiện trường và hoàn thành xử lý kiến nghị, đèn đã đỏ bình thường. Sở Xây dựng thông tin để Quý công dân được biết. Trân trọng./. Ngày trả lời: 15/04/2026",Đã xử lý,https://gopy.danang.gov.vn/gop-y?pageid=view&ykien=96212,dien_luc_chieu_sang,cao
96208,Da Nang,7/4/2026 7:45,"Sau lưng khu gia đình quân nhân tại tổ 62, phường Liên Chiểu có 1 đường cống thoát nước nước nhưng vào mùa mưa việc thoát nước cũng không đảm bảo, gây ngập lụt. Hiện nay bên quân đội đang thực hiện lấp cống và thu hẹp đường cống lại (còn khoảng 1m-1m5). Việc thu hẹp đường cống thế này chắc chắn làm ảnh hưởng đến việc thoát nước trong mùa mưa sắp tới. Đề nghị cơ quan chức năng quan tâm, xử lý.","Sau lưng khu gia đình quân nhân tại tổ 62, phường Liên Chiểu có 1 đường cống thoát nước nước nhưng vào mùa mưa việc thoát nước cũng không đảm bảo, gây ngập lụt. Hiện nay bên quân đội đang thực hiện lấp cống và thu hẹp đường cống lại (còn khoảng 1m-1m5). Việc thu hẹp đường cống thế này chắc chắn làm ảnh hưởng đến việc thoát nước trong mùa mưa sắp tới. Đề nghị cơ quan chức năng quan tâm, xử lý.","Sau lưng khu gia_đình quân_nhân tại tổ 62 , phường Liên_Chiểu có 1 đường cống thoát nước nước nhưng vào mùa mưa việc thoát nước cũng không đảm_bảo , gây ngập_lụt . Hiện_nay bên quân đội_đang thực_hiện lấp cống và thu_hẹp đường cống lại ( còn khoảng 1m - 1m5 ) . Việc thu_hẹp đường cống thế này chắc_chắn làm ảnh_hưởng đến việc thoát nước trong mùa mưa sắp tới . Đề_nghị cơ_quan_chức_năng quan_tâm , xử_lý .","sau lưng khu gia_đình quân_nhân tại tổ 62 , phường liên_chiểu có 1 đường cống thoát nước nước nhưng vào mùa mưa việc thoát nước cũng không đảm_bảo , gây ngập_lụt . hiện_nay bên quân đội_đang thực_hiện lấp cống và thu_hẹp đường cống lại ( còn khoảng 1m - 1m5 ) . việc thu_hẹp đường cống thế này chắc_chắn làm ảnh_hưởng đến việc thoát nước trong mùa mưa sắp tới . đề_nghị cơ_quan_chức_năng quan_tâm , xử_lý .","Trung tâm Thông tin và Giám sát, điều hành thông minh",Đã xử lý,https://gopy.danang.gov.vn/gop-y?pageid=view&ykien=96208,cong_ho_ga_thoat_nuoc,trung_binh
96195,Da Nang,7/4/2026 7:33,"Hố ga thu nước trước nhà 112 Hồ Biểu Chánh không có nắp đan, gây nguy hiểm cho người tham gia giao thông. Bên cạnh đó, tấm đan cống trước nhà 18 Huy Cận cũng bị bể sụp nguy hiểm, gây mùi hôi. Kính báo các cấp, quan tâm xử lý giúp. Xin cảm ơn!","Hố ga thu nước trước nhà 112 Hồ Biểu Chánh không có nắp đan, gây nguy hiểm cho người tham gia giao thông. Bên cạnh đó, tấm đan cống trước nhà 18 Huy Cận cũng bị bể sụp nguy hiểm, gây mùi hôi. Kính báo các cấp, quan tâm xử lý giúp. Xin cảm ơn","Hố_ga thu nước trước nhà 112 Hồ_Biểu_Chánh không có nắp đan , gây nguy_hiểm cho người tham_gia giao_thông . Bên cạnh đó , tấm đan cống trước nhà 18 Huy_Cận cũng bị bể sụp nguy_hiểm , gây mùi hôi . Kính báo các cấp , quan_tâm xử_lý giúp . Xin cảm_ơn","hố_ga thu nước trước nhà 112 hồ_biểu_chánh không có nắp đan , gây nguy_hiểm cho người tham_gia giao_thông . bên cạnh đó , tấm đan cống trước nhà 18 huy_cận cũng bị bể sụp nguy_hiểm , gây mùi hôi . kính báo các cấp , quan_tâm xử_lý giúp . xin cảm_ơn",UBND Phường Hòa Cường,Đã xử lý,https://gopy.danang.gov.vn/gop-y?pageid=view&ykien=96195,cong_ho_ga_thoat_nuoc,cao
96173,Da Nang,6/4/2026 20:25,"Đoạn kiệt 65 Tô Hiến Thành, phường An Hải là tuyến đường nối đường đi từ đường Trần Bạch Đằng qua đường Hồ Nghinh. (trên Map thì hiển thị là đường Hồ Nghinh, nhưng số địa nhà lại ghi kiệt 65 Tô Hiến Thành) Tuy nhiên rất nhiều năm đoạn đường này rất xấu, ổ gà rất nhiều, hố ga đi qua đi lại cũng hư rất nhiều lần rồi. Tôi đề nghị chính quyền đổ nhựa đoạn kiệt này để nhân dân đi lại thuận tiện hơn, nhất là khách du lịch nước ngoài họ đi lại rất đông. Không thể đoạn đường Hồ Nghinh và Trần Bạch Đằng đã trải nhựa đi êm đẹp thì đến đoạn kiệt này lại là bê tông, không ăn nhập gì với tuyến đường du lịch trọng điểm của thành phố. Mong các cấp chính quyền lưu tâm xử lý sớm nhất trong năm nay. Chân thành cảm ơn","Đoạn kiệt 65 Tô Hiến Thành, phường An Hải là tuyến đường nối đường đi từ đường Trần Bạch Đằng qua đường Hồ Nghinh. (trên Map thì hiển thị là đường Hồ Nghinh, nhưng số địa nhà lại ghi kiệt 65 Tô Hiến Thành) Tuy nhiên rất nhiều năm đoạn đường này rất xấu, ổ gà rất nhiều, hố ga đi qua đi lại cũng hư rất nhiều lần rồi. Tôi đề nghị chính quyền đổ nhựa đoạn kiệt này để nhân dân đi lại thuận tiện hơn, nhất là khách du lịch nước ngoài họ đi lại rất đông. Không thể đoạn đường Hồ Nghinh và Trần Bạch Đằng đã trải nhựa đi êm đẹp thì đến đoạn kiệt này lại là bê tông, không ăn nhập gì với tuyến đường du lịch trọng điểm của thành phố. Mong các cấp chính quyền lưu tâm xử lý sớm nhất trong năm nay. Chân thành cảm ơn","Đoạn kiệt 65 Tô_Hiến_Thành , phường An_Hải là tuyến đường nối đường_đi từ_đường Trần_Bạch_Đằng qua đường Hồ_Nghinh . ( trên Map thì hiển_thị là đường Hồ_Nghinh , nhưng số địa nhà lại ghi kiệt 65 Tô_Hiến_Thành ) Tuy_nhiên rất nhiều năm đoạn_đường này rất xấu , ổ_gà rất nhiều , hố_ga đi qua đi_lại cũng hư rất nhiều lần rồi . Tôi_đề nghị chính_quyền đổ nhựa đoạn kiệt này để nhân_dân đi_lại thuận_tiện hơn , nhất là khách du_lịch nước_ngoài họ đi_lại rất đông . Không_thể đoạn_đường Hồ_Nghinh và Trần_Bạch_Đằng_đã trải nhựa đi_êm_đẹp thì đến_đoạn kiệt này lại là bê_tông , không ăn_nhập gì với tuyến đường du_lịch trọng_điểm của thành_phố . Mong các cấp chính_quyền lưu_tâm xử_lý sớm nhất trong năm nay . Chân_thành cảm_ơn","đoạn kiệt 65 tô_hiến_thành , phường an_hải là tuyến đường nối đường_đi từ_đường trần_bạch_đằng qua đường hồ_nghinh . ( trên map thì hiển_thị là đường hồ_nghinh , nhưng số địa nhà lại ghi kiệt 65 tô_hiến_thành ) tuy_nhiên rất nhiều năm đoạn_đường này rất xấu , ổ_gà rất nhiều , hố_ga đi qua đi_lại cũng hư rất nhiều lần rồi . tôi_đề nghị chính_quyền đổ nhựa đoạn kiệt này để nhân_dân đi_lại thuận_tiện hơn , nhất là khách du_lịch nước_ngoài họ đi_lại rất đông . không_thể đoạn_đường hồ_nghinh và trần_bạch_đằng_đã trải nhựa đi_êm_đẹp thì đến_đoạn kiệt này lại là bê_tông , không ăn_nhập gì với tuyến đường du_lịch trọng_điểm của thành_phố . mong các cấp chính_quyền lưu_tâm xử_lý sớm nhất trong năm nay . chân_thành cảm_ơn",UBND Phường An Hải,Đã xử lý,https://gopy.danang.gov.vn/gop-y?pageid=view&ykien=96173,duong_cau_ha_tang_hu_hong,trung_binh
96166,Da Nang,6/4/2026 18:31,"Tôi xin phản ánh tình trạng xuống cấp nghiêm trọng của vỉa hè tại đường Nguyễn Văn Trỗi, cụ thể là đoạn nằm giữa Cháo Dinh Dưỡng Chị Ong Vàng và Nhà Thuốc An Sinh (khu vực phường Bàn Thạch tôi có kèm theo hình ảnh google map và link face book chứa hình ảnh và video). Hiện trạng cụ thể: - Vỉa hè bị sụt lún sâu, tạo thành hố hàm ếch nguy hiểm. - Lớp gạch lát đã bị bong tróc hoàn toàn, gạch đá vỡ vụn nằm ngổn ngang. Khu vực này ngay sát trường Tiểu học Phan Thanh và các cửa hàng dịch vụ trẻ em, y tế nên lưu lượng người đi bộ (đặc biệt là người già và trẻ nhỏ) rất đông. Việc vỉa hè hư hỏng buộc người dân phải đi bộ dưới lòng đường, tiềm ẩn nguy cơ tai nạn giao thông rất cao. Kính mong cơ quan chức năng sớm kiểm tra, khảo sát và có biện pháp duy tu, sửa chữa kịp thời để đảm bảo an toàn cho bà con nhân dân và mỹ quan đô thị tại khu vực này. Tôi xin chân thành cảm ơn!","Tôi xin phản ánh tình trạng xuống cấp nghiêm trọng của vỉa hè tại đường Nguyễn Văn Trỗi, cụ thể là đoạn nằm giữa Cháo Dinh Dưỡng Chị Ong Vàng và Nhà Thuốc An Sinh (khu vực phường Bàn Thạch tôi có kèm theo hình ảnh google map và link face book chứa hình ảnh và video). Hiện trạng cụ thể: - Vỉa hè bị sụt lún sâu, tạo thành hố hàm ếch nguy hiểm. - Lớp gạch lát đã bị bong tróc hoàn toàn, gạch đá vỡ vụn nằm ngổn ngang. Khu vực này ngay sát trường Tiểu học Phan Thanh và các cửa hàng dịch vụ trẻ em, y tế nên lưu lượng người đi bộ (đặc biệt là người già và trẻ nhỏ) rất đông. Việc vỉa hè hư hỏng buộc người dân phải đi bộ dưới lòng đường, tiềm ẩn nguy cơ tai nạn giao thông rất cao. Kính mong cơ quan chức năng sớm kiểm tra, khảo sát và có biện pháp duy tu, sửa chữa kịp thời để đảm bảo an toàn cho bà con nhân dân và mỹ quan đô thị tại khu vực này. Tôi xin chân thành cảm ơn","Tôi xin phản_ánh tình_trạng xuống_cấp nghiêm_trọng của vỉa_hè tại đường Nguyễn_Văn_Trỗi , cụ_thể là đoạn nằm giữa Cháo_Dinh_Dưỡng_Chị_Ong_Vàng và Nhà_Thuốc_An_Sinh ( khu_vực phường Bàn_Thạch tôi có kèm theo hình_ảnh google map và link face book chứa hình_ảnh và video ) . Hiện_trạng cụ_thể : - Vỉa_hè bị sụt lún sâu , tạo thành hố hàm_ếch nguy_hiểm . - Lớp gạch lát đã bị bong tróc hoàn_toàn , gạch đá vỡ vụn nằm ngổn_ngang . Khu_vực này ngay sát trường Tiểu_học Phan_Thanh và các cửa_hàng dịch_vụ trẻ_em , y_tế nên lưu_lượng người đi bộ ( đặc_biệt là người già và trẻ nhỏ ) rất đông . Việc vỉa_hè hư_hỏng buộc người dân phải đi bộ dưới lòng_đường , tiềm_ẩn nguy_cơ tai_nạn giao_thông rất cao . Kính mong cơ_quan_chức_năng sớm kiểm_tra , khảo_sát và có biện_pháp duy_tu , sửa_chữa kịp_thời để_đảm bảo_an_toàn cho bà_con nhân_dân và mỹ_quan đô_thị tại khu_vực này . Tôi xin chân_thành cảm_ơn","tôi xin phản_ánh tình_trạng xuống_cấp nghiêm_trọng của vỉa_hè tại đường nguyễn_văn_trỗi , cụ_thể là đoạn nằm giữa cháo_dinh_dưỡng_chị_ong_vàng và nhà_thuốc_an_sinh ( khu_vực phường bàn_thạch tôi có kèm theo hình_ảnh google map và link face book chứa hình_ảnh và video ) . hiện_trạng cụ_thể : - vỉa_hè bị sụt lún sâu , tạo thành hố hàm_ếch nguy_hiểm . - lớp gạch lát đã bị bong tróc hoàn_toàn , gạch đá vỡ vụn nằm ngổn_ngang . khu_vực này ngay sát trường tiểu_học phan_thanh và các cửa_hàng dịch_vụ trẻ_em , y_tế nên lưu_lượng người đi bộ ( đặc_biệt là người già và trẻ nhỏ ) rất đông . việc vỉa_hè hư_hỏng buộc người dân phải đi bộ dưới lòng_đường , tiềm_ẩn nguy_cơ tai_nạn giao_thông rất cao . kính mong cơ_quan_chức_năng sớm kiểm_tra , khảo_sát và có biện_pháp duy_tu , sửa_chữa kịp_thời để_đảm bảo_an_toàn cho bà_con nhân_dân và mỹ_quan đô_thị tại khu_vực này . tôi xin chân_thành cảm_ơn",UBND phường Bàn Thạch,Đã xử lý,https://gopy.danang.gov.vn/gop-y?pageid=view&ykien=96166,via_he_long_duong,cao
96150,Da Nang,6/4/2026 15:06,"Tại địa chỉ 44 Nguyễn Công Trứ, phường Hội An Tây đã được xử lý về vấn đề thoát nước, tuy nhiên sau khi xử lý nắp cống không trám lại để mùi hôi bốc lên mỗi chiều và tối hằng ngày. Đề nghị cơ quan chức năng quan tâm, xử lý.","Tại địa chỉ 44 Nguyễn Công Trứ, phường Hội An Tây đã được xử lý về vấn đề thoát nước, tuy nhiên sau khi xử lý nắp cống không trám lại để mùi hôi bốc lên mỗi chiều và tối hằng ngày. Đề nghị cơ quan chức năng quan tâm, xử lý.","Tại_địa chỉ 44 Nguyễn_Công_Trứ , phường Hội_An_Tây_đã_được xử_lý về vấn_đề thoát nước , tuy_nhiên sau khi xử_lý nắp cống không trám lại để mùi hôi bốc lên mỗi chiều và tối hằng ngày . Đề_nghị cơ_quan_chức_năng quan_tâm , xử_lý .","tại_địa chỉ 44 nguyễn_công_trứ , phường hội_an_tây_đã_được xử_lý về vấn_đề thoát nước , tuy_nhiên sau khi xử_lý nắp cống không trám lại để mùi hôi bốc lên mỗi chiều và tối hằng ngày . đề_nghị cơ_quan_chức_năng quan_tâm , xử_lý .",UBND phường Hội An Tây,Đã xử lý,https://gopy.danang.gov.vn/gop-y?pageid=view&ykien=96150,cong_ho_ga_thoat_nuoc,trung_binh
96137,Da Nang,6/4/2026 13:59,"Tại K345 Trưng Nữ Vương (nhà thứ 2 từ ngoài kiệt đi vào) đang thi công, họ tập kết vật liệu xây dựng trước nhà 345 chắn lối đi và đổ cả ra lòng đường gây cản trở giao thông. Đề nghị cơ quan chức năng kiểm tra, xử lý.","Tại K345 Trưng Nữ Vương (nhà thứ 2 từ ngoài kiệt đi vào) đang thi công, họ tập kết vật liệu xây dựng trước nhà 345 chắn lối đi và đổ cả ra lòng đường gây cản trở giao thông. Đề nghị cơ quan chức năng kiểm tra, xử lý.","Tại K345_Trưng_Nữ_Vương ( nhà thứ 2 từ ngoài kiệt đi vào ) đang thi_công , họ tập_kết vật_liệu xây_dựng trước nhà 345 chắn lối đi và đổ cả ra lòng_đường gây cản_trở giao_thông . Đề_nghị cơ_quan_chức_năng kiểm_tra , xử_lý .","tại k345_trưng_nữ_vương ( nhà thứ 2 từ ngoài kiệt đi vào ) đang thi_công , họ tập_kết vật_liệu xây_dựng trước nhà 345 chắn lối đi và đổ cả ra lòng_đường gây cản_trở giao_thông . đề_nghị cơ_quan_chức_năng kiểm_tra , xử_lý .",UBND Phường Hòa Cường,Đã xử lý,https://gopy.danang.gov.vn/gop-y?pageid=view&ykien=96137,to_chuc_giao_thong,trung_binh
96105,Da Nang,6/4/2026 9:20,"Tôi xin hỏi dự án tại khu vực Khe Cạn, phường Thanh Khê khi nào sẽ tiếp tục được triển khai. Tôi cần thêm thông tin để chuẩn bị sửa chữa, nâng nhà. Hiện nay, sau khi nâng cao độ hẻm, cốt nhà tôi lệch khoảng 1m so với mặt đường. Tôi lo lắng khi mùa mưa bão đến sẽ không kịp xử lý, vì việc sửa nhà thường mất khoảng 4–5 tháng, thậm chí có thể kéo dài hơn nếu phát sinh hoặc gặp khó khăn trong việc xin giấy phép xây dựng. Kính mong cơ quan chức năng cung cấp thông tin về tiến độ dự án để người dân chủ động phương án sửa chữa, đảm bảo an toàn./.","Tôi xin hỏi dự án tại khu vực Khe Cạn, phường Thanh Khê khi nào sẽ tiếp tục được triển khai. Tôi cần thêm thông tin để chuẩn bị sửa chữa, nâng nhà. Hiện nay, sau khi nâng cao độ hẻm, cốt nhà tôi lệch khoảng 1m so với mặt đường. Tôi lo lắng khi mùa mưa bão đến sẽ không kịp xử lý, vì việc sửa nhà thường mất khoảng 4 5 tháng, thậm chí có thể kéo dài hơn nếu phát sinh hoặc gặp khó khăn trong việc xin giấy phép xây dựng. Kính mong cơ quan chức năng cung cấp thông tin về tiến độ dự án để người dân chủ động phương án sửa chữa, đảm bảo an toàn. /.","Tôi xin hỏi dự_án tại khu_vực Khe_Cạn , phường Thanh_Khê khi nào sẽ tiếp_tục được triển_khai . Tôi cần thêm thông_tin để chuẩn_bị sửa_chữa , nâng nhà . Hiện_nay , sau khi nâng cao_độ hẻm , cốt nhà tôi lệch khoảng 1m so với mặt_đường . Tôi lo_lắng khi mùa mưa bão đến sẽ không kịp xử_lý , vì việc sửa nhà thường mất khoảng 4 5 tháng , thậm_chí có_thể kéo_dài hơn nếu phát_sinh hoặc gặp khó_khăn trong việc xin giấy_phép xây_dựng . Kính mong cơ_quan_chức_năng cung_cấp thông_tin về tiến_độ dự án_để người dân_chủ_động phương_án sửa_chữa , đảm_bảo_an_toàn . / .","tôi xin hỏi dự_án tại khu_vực khe_cạn , phường thanh_khê khi nào sẽ tiếp_tục được triển_khai . tôi cần thêm thông_tin để chuẩn_bị sửa_chữa , nâng nhà . hiện_nay , sau khi nâng cao_độ hẻm , cốt nhà tôi lệch khoảng 1m so với mặt_đường . tôi lo_lắng khi mùa mưa bão đến sẽ không kịp xử_lý , vì việc sửa nhà thường mất khoảng 4 5 tháng , thậm_chí có_thể kéo_dài hơn nếu phát_sinh hoặc gặp khó_khăn trong việc xin giấy_phép xây_dựng . kính mong cơ_quan_chức_năng cung_cấp thông_tin về tiến_độ dự án_để người dân_chủ_động phương_án sửa_chữa , đảm_bảo_an_toàn . / .",UBND Phường Thanh Khê,Đang xử lý,https://gopy.danang.gov.vn/gop-y?pageid=view&ykien=96105,duong_cau_ha_tang_hu_hong,thap
96104,Da Nang,6/4/2026 8:57,"Đoạn đường trước số nhà 46 đường Hàn Mặc Tử, thuộc phường Hải Châu, hiện có một hố sụt xuống cống khá rộng và sâu. Tình trạng này đã xuất hiện từ trước Tết đến nay, gây mất an toàn cho người tham gia giao thông. Đề nghị cơ quan có thẩm quyền kiểm tra, xử lý và khắc phục kịp thời để đảm bảo an toàn cho người dân khi tham gia giao thông./.","Đoạn đường trước số nhà 46 đường Hàn Mặc Tử, thuộc phường Hải Châu, hiện có một hố sụt xuống cống khá rộng và sâu. Tình trạng này đã xuất hiện từ trước Tết đến nay, gây mất an toàn cho người tham gia giao thông. Đề nghị cơ quan có thẩm quyền kiểm tra, xử lý và khắc phục kịp thời để đảm bảo an toàn cho người dân khi tham gia giao thông. /.","Đoạn_đường trước số nhà 46 đường Hàn_Mặc_Tử , thuộc phường Hải_Châu , hiện có một hố sụt xuống cống khá rộng và sâu . Tình_trạng này đã xuất_hiện từ trước Tết_đến nay , gây mất an_toàn cho người tham_gia giao_thông . Đề_nghị cơ_quan có thẩm_quyền kiểm_tra , xử_lý và khắc_phục kịp_thời để_đảm bảo_an_toàn cho người dân khi tham_gia giao_thông . / .","đoạn_đường trước số nhà 46 đường hàn_mặc_tử , thuộc phường hải_châu , hiện có một hố sụt xuống cống khá rộng và sâu . tình_trạng này đã xuất_hiện từ trước tết_đến nay , gây mất an_toàn cho người tham_gia giao_thông . đề_nghị cơ_quan có thẩm_quyền kiểm_tra , xử_lý và khắc_phục kịp_thời để_đảm bảo_an_toàn cho người dân khi tham_gia giao_thông . / .",UBND Phường Hải Châu,Đã xử lý,https://gopy.danang.gov.vn/gop-y?pageid=view&ykien=96104,cong_ho_ga_thoat_nuoc,cao
96098,Da Nang,6/4/2026 7:45,"Tại nút giao thông đường Vũ Lăng – Tôn Đản (hướng từ Đà Nẵng đi Quảng Nam cũ) có đèn giao thông bắt ngang qua đường và cột đèn giao thông (chiều dọc, sát lề đường) bị cây xanh che khuất. Người tham gia giao thông không nhìn thấy tín hiệu của đèn nên đã vi phạm. Đề nghị cơ quan chức năng kiểm tra, xử lý tình trạng này./.","Tại nút giao thông đường Vũ Lăng Tôn Đản (hướng từ Đà Nẵng đi Quảng Nam cũ) có đèn giao thông bắt ngang qua đường và cột đèn giao thông (chiều dọc, sát lề đường) bị cây xanh che khuất. Người tham gia giao thông không nhìn thấy tín hiệu của đèn nên đã vi phạm. Đề nghị cơ quan chức năng kiểm tra, xử lý tình trạng này. /.","Tại nút giao_thông đường Vũ_Lăng_Tôn_Đản ( hướng từ Đà_Nẵng_đi_Quảng_Nam cũ ) có đèn giao_thông bắt ngang qua đường và cột đèn giao_thông ( chiều dọc , sát lề_đường ) bị cây_xanh che_khuất . Người tham_gia giao_thông không nhìn thấy tín_hiệu của đèn nên đã vi_phạm . Đề_nghị cơ_quan_chức_năng kiểm_tra , xử_lý tình_trạng này . / .","tại nút giao_thông đường vũ_lăng_tôn_đản ( hướng từ đà_nẵng_đi_quảng_nam cũ ) có đèn giao_thông bắt ngang qua đường và cột đèn giao_thông ( chiều dọc , sát lề_đường ) bị cây_xanh che_khuất . người tham_gia giao_thông không nhìn thấy tín_hiệu của đèn nên đã vi_phạm . đề_nghị cơ_quan_chức_năng kiểm_tra , xử_lý tình_trạng này . / .",UBND Phường An Khê,Đã xử lý,https://gopy.danang.gov.vn/gop-y?pageid=view&ykien=96098,den_tin_hieu,thap
96074,Da Nang,6/4/2026 7:42,"Trong khoảng 3 đêm gần đây (ngày 2,3,4/4), hệ thống đèn chiếu sáng trên đường Mẹ Suốt, phường Hòa Khánh bị tắt, không hoạt động. Tình trạng này kéo dài trên đoạn khoảng gần 1km, từ ngã ba Hoàng Văn Thái đến gần đường Phạm Như Xương, gây ảnh hưởng đến việc đi lại và nguy cơ mất an toàn giao thông vào ban đêm. Kính đề nghị cơ quan chức năng kiểm tra, khắc phục sớm để đảm bảo hệ thống chiếu sáng hoạt động bình thường./.","Trong khoảng 3 đêm gần đây (ngày 2, 3, 4/4), hệ thống đèn chiếu sáng trên đường Mẹ Suốt, phường Hòa Khánh bị tắt, không hoạt động. Tình trạng này kéo dài trên đoạn khoảng gần 1km, từ ngã ba Hoàng Văn Thái đến gần đường Phạm Như Xương, gây ảnh hưởng đến việc đi lại và nguy cơ mất an toàn giao thông vào ban đêm. Kính đề nghị cơ quan chức năng kiểm tra, khắc phục sớm để đảm bảo hệ thống chiếu sáng hoạt động bình thường. /.","Trong khoảng 3 đêm gần đây ( ngày 2 , 3 , 4 / 4 ) , hệ_thống đèn_chiếu sáng trên đường Mẹ_Suốt , phường Hòa_Khánh bị tắt , không hoạt_động . Tình_trạng này kéo_dài trên đoạn khoảng gần 1km , từ ngã ba Hoàng_Văn_Thái_đến gần đường Phạm_Như_Xương , gây ảnh_hưởng đến việc đi_lại và nguy_cơ mất an_toàn giao_thông vào ban_đêm . Kính_đề nghị cơ_quan_chức_năng kiểm_tra , khắc_phục sớm để_đảm bảo hệ_thống chiếu sáng hoạt_động bình_thường . / .","trong khoảng 3 đêm gần đây ( ngày 2 , 3 , 4 / 4 ) , hệ_thống đèn_chiếu sáng trên đường mẹ_suốt , phường hòa_khánh bị tắt , không hoạt_động . tình_trạng này kéo_dài trên đoạn khoảng gần 1km , từ ngã ba hoàng_văn_thái_đến gần đường phạm_như_xương , gây ảnh_hưởng đến việc đi_lại và nguy_cơ mất an_toàn giao_thông vào ban_đêm . kính_đề nghị cơ_quan_chức_năng kiểm_tra , khắc_phục sớm để_đảm bảo hệ_thống chiếu sáng hoạt_động bình_thường . / .","Sở Xây dựng Sở Xây dựng trân trọng cảm ơn ý kiến góp ý của Quý công dân và phản hồi một số thông tin như sau: Công ty cổ phần chiếu sáng công cộng đã kiểm tra hiện trường và hoàn thành xử lý kiến nghị, đèn đã đỏ bình thường. Sở Xây dựng thông tin để Quý công dân được biết. Trân trọng./. Ngày trả lời: 14/04/2026",Đã xử lý,https://gopy.danang.gov.vn/gop-y?pageid=view&ykien=96074,dien_luc_chieu_sang,cao
96067,Da Nang,6/4/2026 7:41,"Cống thoát nước bên hông số nhà 01 Bình Minh 1, phường Hòa Cường có tình trạng bị trào. Tại đây có nhiều nhà hàng nên vào buổi tối, giờ các nhà hàng này hoạt động, họ xả thải cùng lần thì cống thoát nước không kịp nên sẽ bị trào ra đường gây hôi thối. Nhờ cơ quan chức năng có hướng xử lý./.","Cống thoát nước bên hông số nhà 01 Bình Minh 1, phường Hòa Cường có tình trạng bị trào. Tại đây có nhiều nhà hàng nên vào buổi tối, giờ các nhà hàng này hoạt động, họ xả thải cùng lần thì cống thoát nước không kịp nên sẽ bị trào ra đường gây hôi thối. Nhờ cơ quan chức năng có hướng xử lý. /.","Cống thoát nước bên hông số nhà 01 Bình_Minh 1 , phường Hòa_Cường có tình_trạng bị trào . Tại_đây có nhiều nhà_hàng nên vào buổi tối , giờ các nhà_hàng này hoạt_động , họ xả thải cùng lần thì cống thoát nước không kịp nên sẽ bị trào ra đường gây hôi_thối . Nhờ cơ_quan_chức_năng có hướng xử_lý . / .","cống thoát nước bên hông số nhà 01 bình_minh 1 , phường hòa_cường có tình_trạng bị trào . tại_đây có nhiều nhà_hàng nên vào buổi tối , giờ các nhà_hàng này hoạt_động , họ xả thải cùng lần thì cống thoát nước không kịp nên sẽ bị trào ra đường gây hôi_thối . nhờ cơ_quan_chức_năng có hướng xử_lý . / .",UBND Phường Hòa Cường,Đã xử lý,https://gopy.danang.gov.vn/gop-y?pageid=view&ykien=96067,cong_ho_ga_thoat_nuoc,thap
96057,Da Nang,6/4/2026 7:22,"Trước đây tôi có phản ánh mã góp ý 94501. Tại khu vực giao lộ đường Thanh Hóa và Trần Nam Trung, phường Hòa Xuân, thường xuyên xảy ra tình trạng nước cống tràn lên mặt đường, bốc mùi hôi thối, gây ô nhiễm môi trường và ảnh hưởng đến việc đi lại của người dân, đặc biệt là xe máy khi di chuyển qua khu vực này. Phía cơ quan chức năng có phản hồi: Để hạn chế tình trạng nước thải tràn ra môi trường tại các cửa xả ven sông Cẩm Lệ và các giếng thăm dọc tuyến đường Trần Nam Trung, Công ty đã tiến hành điều tiết các trạm bơm bằng cách vận hành bơm liên tục vào giờ thấp điểm, giảm mực nước trong cống, tạo chỗ chứa cho nước thải vào giờ cao điểm và bơm dần về Trạm xử lý nước thải Hòa Xuân. Tình trạng trên đã diễn ra khoảng 2–3 tháng nay nhưng đến nay vẫn chưa được xử lý dứt điểm, vẫn tiếp diễn thường xuyên. Người dân cũng chưa thấy có hoạt động cải tạo, sửa chữa nào tại vị trí này. Kính đề nghị cơ quan chức năng kiểm tra, có biện pháp xử lý triệt để (như khơi thông, cải tạo hệ thống thoát nước, đục thông miệng cống…) nhằm chấm dứt tình trạng nước tràn, đảm bảo vệ sinh môi trường và an toàn giao thông./.","Trước đây tôi có phản ánh mã góp ý 94501. Tại khu vực giao lộ đường Thanh Hóa và Trần Nam Trung, phường Hòa Xuân, thường xuyên xảy ra tình trạng nước cống tràn lên mặt đường, bốc mùi hôi thối, gây ô nhiễm môi trường và ảnh hưởng đến việc đi lại của người dân, đặc biệt là xe máy khi di chuyển qua khu vực này. Phía cơ quan chức năng có phản hồi: Để hạn chế tình trạng nước thải tràn ra môi trường tại các cửa xả ven sông Cẩm Lệ và các giếng thăm dọc tuyến đường Trần Nam Trung, Công ty đã tiến hành điều tiết các trạm bơm bằng cách vận hành bơm liên tục vào giờ thấp điểm, giảm mực nước trong cống, tạo chỗ chứa cho nước thải vào giờ cao điểm và bơm dần về Trạm xử lý nước thải Hòa Xuân. Tình trạng trên đã diễn ra khoảng 2 3 tháng nay nhưng đến nay vẫn chưa được xử lý dứt điểm, vẫn tiếp diễn thường xuyên. Người dân cũng chưa thấy có hoạt động cải tạo, sửa chữa nào tại vị trí này. Kính đề nghị cơ quan chức năng kiểm tra, có biện pháp xử lý triệt để (như khơi thông, cải tạo hệ thống thoát nước, đục thông miệng cống ) nhằm chấm dứt tình trạng nước tràn, đảm bảo vệ sinh môi trường và an toàn giao thông. /.","Trước_đây tôi có phản_ánh mã góp_ý 94501 . Tại khu_vực giao_lộ đường Thanh_Hóa và Trần_Nam_Trung , phường Hòa_Xuân , thường_xuyên xảy ra tình_trạng nước cống tràn lên mặt_đường , bốc mùi hôi_thối , gây ô_nhiễm môi_trường và ảnh_hưởng đến việc đi_lại của người dân , đặc_biệt là xe_máy khi di_chuyển qua khu_vực này . Phía cơ_quan_chức_năng có phản_hồi : Để hạn_chế tình_trạng nước_thải tràn ra môi_trường tại các cửa xả ven sông Cẩm_Lệ và các giếng thăm dọc tuyến đường Trần_Nam_Trung , Công_ty đã tiến_hành điều_tiết các trạm bơm bằng cách vận_hành bơm liên_tục vào giờ thấp_điểm , giảm mực nước trong cống , tạo chỗ chứa cho nước_thải vào giờ cao_điểm và bơm dần về Trạm xử_lý nước_thải Hòa_Xuân . Tình_trạng trên đã diễn ra khoảng 2 3 tháng nay nhưng đến nay vẫn chưa được xử_lý dứt_điểm , vẫn tiếp_diễn thường_xuyên . Người dân cũng chưa thấy có hoạt_động cải_tạo , sửa_chữa nào tại vị_trí này . Kính_đề nghị cơ_quan_chức_năng kiểm_tra , có biện_pháp xử_lý triệt_để ( như khơi thông , cải_tạo hệ_thống thoát nước , đục thông miệng cống ) nhằm chấm_dứt tình_trạng nước tràn , đảm_bảo_vệ_sinh môi_trường và an_toàn giao_thông . / .","trước_đây tôi có phản_ánh mã góp_ý 94501 . tại khu_vực giao_lộ đường thanh_hóa và trần_nam_trung , phường hòa_xuân , thường_xuyên xảy ra tình_trạng nước cống tràn lên mặt_đường , bốc mùi hôi_thối , gây ô_nhiễm môi_trường và ảnh_hưởng đến việc đi_lại của người dân , đặc_biệt là xe_máy khi di_chuyển qua khu_vực này . phía cơ_quan_chức_năng có phản_hồi : để hạn_chế tình_trạng nước_thải tràn ra môi_trường tại các cửa xả ven sông cẩm_lệ và các giếng thăm dọc tuyến đường trần_nam_trung , công_ty đã tiến_hành điều_tiết các trạm bơm bằng cách vận_hành bơm liên_tục vào giờ thấp_điểm , giảm mực nước trong cống , tạo chỗ chứa cho nước_thải vào giờ cao_điểm và bơm dần về trạm xử_lý nước_thải hòa_xuân . tình_trạng trên đã diễn ra khoảng 2 3 tháng nay nhưng đến nay vẫn chưa được xử_lý dứt_điểm , vẫn tiếp_diễn thường_xuyên . người dân cũng chưa thấy có hoạt_động cải_tạo , sửa_chữa nào tại vị_trí này . kính_đề nghị cơ_quan_chức_năng kiểm_tra , có biện_pháp xử_lý triệt_để ( như khơi thông , cải_tạo hệ_thống thoát nước , đục thông miệng cống ) nhằm chấm_dứt tình_trạng nước tràn , đảm_bảo_vệ_sinh môi_trường và an_toàn giao_thông . / .",Sở Xây dựng,Đã xử lý,https://gopy.danang.gov.vn/gop-y?pageid=view&ykien=96057,cong_ho_ga_thoat_nuoc,thap
96047,Da Nang,5/4/2026 23:42,"Tôi xin phản ánh tình trạng vỉa hè bị hư hỏng, xuống cấp nghiêm trọng tại khu vực trước địa chỉ số 110B - 112B Nguyễn Hữu Thọ, phường Hòa Cường. Qua quan sát, nhiều đoạn vỉa hè đã bị bong tróc toàn bộ lớp gạch lát, để lộ nền đất cát và xà bần lồi lõm, tạo thành những hố sâu nguy hiểm ngay lối đi bộ và trạm dừng xe buýt. Tôi có đính kèm file docs chứa hình ảnh cụ thể, mong cơ quan chức năng sớm khắc phục. Tôi xin chân thành cảm ơn./.","Tôi xin phản ánh tình trạng vỉa hè bị hư hỏng, xuống cấp nghiêm trọng tại khu vực trước địa chỉ số 110B - 112B Nguyễn Hữu Thọ, phường Hòa Cường. Qua quan sát, nhiều đoạn vỉa hè đã bị bong tróc toàn bộ lớp gạch lát, để lộ nền đất cát và xà bần lồi lõm, tạo thành những hố sâu nguy hiểm ngay lối đi bộ và trạm dừng xe buýt. Tôi có đính kèm file docs chứa hình ảnh cụ thể, mong cơ quan chức năng sớm khắc phục. Tôi xin chân thành cảm ơn. /.","Tôi xin phản_ánh tình_trạng vỉa_hè bị hư_hỏng , xuống_cấp nghiêm_trọng tại khu_vực trước địa_chỉ_số 110B - 112B Nguyễn_Hữu_Thọ , phường Hòa_Cường . Qua quan_sát , nhiều đoạn vỉa_hè đã bị bong tróc toàn_bộ lớp gạch lát , để lộ nền đất_cát và xà bần lồi_lõm , tạo thành những hố sâu nguy_hiểm ngay lối đi bộ và trạm dừng xe_buýt . Tôi có đính kèm file docs chứa hình_ảnh cụ_thể , mong cơ_quan_chức_năng sớm khắc_phục . Tôi xin chân_thành cảm_ơn . / .","tôi xin phản_ánh tình_trạng vỉa_hè bị hư_hỏng , xuống_cấp nghiêm_trọng tại khu_vực trước địa_chỉ_số 110b - 112b nguyễn_hữu_thọ , phường hòa_cường . qua quan_sát , nhiều đoạn vỉa_hè đã bị bong tróc toàn_bộ lớp gạch lát , để lộ nền đất_cát và xà bần lồi_lõm , tạo thành những hố sâu nguy_hiểm ngay lối đi bộ và trạm dừng xe_buýt . tôi có đính kèm file docs chứa hình_ảnh cụ_thể , mong cơ_quan_chức_năng sớm khắc_phục . tôi xin chân_thành cảm_ơn . / .",Sở Xây dựng,Đang xử lý,https://gopy.danang.gov.vn/gop-y?pageid=view&ykien=96047,via_he_long_duong,cao
96046,Da Nang,5/4/2026 23:36,"Kính gửi cơ quan chức năng. Tôi xin phản ánh tình trạng hư hỏng nghiêm trọng của vỉa hè tại địa chỉ 849 Ngô Quyền, phường An Hải. Hiện tại, khu vực vỉa hè phía trước địa chỉ này đã bị xuống cấp hoàn toàn; lớp gạch lát bị bong tróc, vỡ vụn và nằm ngổn ngang trên diện tích lớn. Bề mặt nền chỉ còn trơ lại đất cát và xà bần, tạo thành nhiều hố lồi lõm rất mất mỹ quan đô thị. Mong cơ quan chức năng kiểm tra, khắc phục./.","Kính gửi cơ quan chức năng. Tôi xin phản ánh tình trạng hư hỏng nghiêm trọng của vỉa hè tại địa chỉ 849 Ngô Quyền, phường An Hải. Hiện tại, khu vực vỉa hè phía trước địa chỉ này đã bị xuống cấp hoàn toàn; lớp gạch lát bị bong tróc, vỡ vụn và nằm ngổn ngang trên diện tích lớn. Bề mặt nền chỉ còn trơ lại đất cát và xà bần, tạo thành nhiều hố lồi lõm rất mất mỹ quan đô thị. Mong cơ quan chức năng kiểm tra, khắc phục. /.","Kính gửi cơ_quan_chức_năng . Tôi xin phản_ánh tình_trạng hư_hỏng nghiêm_trọng của vỉa_hè tại địa_chỉ 849 Ngô_Quyền , phường An_Hải . Hiện_tại , khu_vực vỉa_hè phía trước địa_chỉ này đã bị xuống_cấp hoàn_toàn ; lớp gạch lát bị bong tróc , vỡ vụn và nằm ngổn_ngang trên diện_tích lớn . Bề_mặt nền chỉ còn trơ lại đất_cát và xà bần , tạo thành nhiều hố lồi_lõm rất mất mỹ_quan đô_thị . Mong cơ_quan_chức_năng kiểm_tra , khắc_phục . / .","kính gửi cơ_quan_chức_năng . tôi xin phản_ánh tình_trạng hư_hỏng nghiêm_trọng của vỉa_hè tại địa_chỉ 849 ngô_quyền , phường an_hải . hiện_tại , khu_vực vỉa_hè phía trước địa_chỉ này đã bị xuống_cấp hoàn_toàn ; lớp gạch lát bị bong tróc , vỡ vụn và nằm ngổn_ngang trên diện_tích lớn . bề_mặt nền chỉ còn trơ lại đất_cát và xà bần , tạo thành nhiều hố lồi_lõm rất mất mỹ_quan đô_thị . mong cơ_quan_chức_năng kiểm_tra , khắc_phục . / .",Sở Xây dựng,Đã xử lý,https://gopy.danang.gov.vn/gop-y?pageid=view&ykien=96046,via_he_long_duong,trung_binh
96045,Da Nang,5/4/2026 22:16,"Cây xanh trước 338 Ngũ Hành Sơn đoạn giao Lê Văn Hưu bật gốc ngã nghiêng hẳn ra đường ngay cột đèn tín hiệu giao thông, đường dẫn điện chiếu sáng, nơi lưu lượng người lưu thông, dừng đèn đỏ đông gây nguy hiểm, mất an toàn. Nhờ công ty cây xanh xử lý gấp./.","Cây xanh trước 338 Ngũ Hành Sơn đoạn giao Lê Văn Hưu bật gốc ngã nghiêng hẳn ra đường ngay cột đèn tín hiệu giao thông, đường dẫn điện chiếu sáng, nơi lưu lượng người lưu thông, dừng đèn đỏ đông gây nguy hiểm, mất an toàn. Nhờ công ty cây xanh xử lý gấp. /.","Cây_xanh trước 338 Ngũ_Hành_Sơn_đoạn giao Lê_Văn_Hưu bật gốc ngã nghiêng hẳn ra đường ngay cột đèn tín_hiệu giao_thông , đường_dẫn_điện chiếu sáng , nơi lưu_lượng người lưu_thông , dừng đèn_đỏ_đông gây nguy_hiểm , mất an_toàn . Nhờ công_ty cây_xanh xử_lý gấp . / .","cây_xanh trước 338 ngũ_hành_sơn_đoạn giao lê_văn_hưu bật gốc ngã nghiêng hẳn ra đường ngay cột đèn tín_hiệu giao_thông , đường_dẫn_điện chiếu sáng , nơi lưu_lượng người lưu_thông , dừng đèn_đỏ_đông gây nguy_hiểm , mất an_toàn . nhờ công_ty cây_xanh xử_lý gấp . / .","Sở Xây dựng Sở Xây dựng trân trọng cảm ơn ý kiến góp ý của Quý công dân và phản hồi một số thông tin như sau: Công ty Công viên - Cây xanh đã kiểm tra thực tế và thực hiện chặt hạ, không trồng thay thế do sát ngay trụ đèn tín hiệu giao thông, kèm",Đã xử lý,https://gopy.danang.gov.vn/gop-y?pageid=view&ykien=96045,cay_xanh_vat_can,cao
96040,Da Nang,5/4/2026 20:46,"Khu vực tổ 1 và tổ 4, Tổ dân phố Trà Kiểm, phường Hoà Xuân khoảng 2 ngày nay nguyên cả tuyến đường không có điện chiếu sáng công cộng. Kính mong cơ quan xử lý. Cảm ơn./.","Khu vực tổ 1 và tổ 4, Tổ dân phố Trà Kiểm, phường Hoà Xuân khoảng 2 ngày nay nguyên cả tuyến đường không có điện chiếu sáng công cộng. Kính mong cơ quan xử lý. Cảm ơn. /.","Khu_vực tổ 1 và tổ 4 , Tổ dân_phố Trà_Kiểm , phường Hoà_Xuân khoảng 2 ngày_nay nguyên cả tuyến đường không có điện chiếu sáng công_cộng . Kính mong cơ_quan xử_lý . Cảm_ơn . / .","khu_vực tổ 1 và tổ 4 , tổ dân_phố trà_kiểm , phường hoà_xuân khoảng 2 ngày_nay nguyên cả tuyến đường không có điện chiếu sáng công_cộng . kính mong cơ_quan xử_lý . cảm_ơn . / .","Sở Xây dựng Sở Xây dựng trân trọng cảm ơn ý kiến góp ý của Quý công dân và phản hồi một số thông tin như sau: Công ty cổ phần chiếu sáng công cộng đã kiểm tra hiện trường và hoàn thành xử lý kiến nghị, đèn đã đỏ bình thường. Sở Xây dựng thông tin để Quý công dân được biết. Trân trọng./. Ngày trả lời: 14/04/2026",Đã xử lý,https://gopy.danang.gov.vn/gop-y?pageid=view&ykien=96040,dien_luc_chieu_sang,thap
96039,Da Nang,5/4/2026 19:49,"Đèn chiếu sáng tại 97 đường Thanh Vinh 8, phường Liên Chiểu bị hỏng không sáng. Mong cơ quan chức năng kiểm tra, xử lý./.","Đèn chiếu sáng tại 97 đường Thanh Vinh 8, phường Liên Chiểu bị hỏng không sáng. Mong cơ quan chức năng kiểm tra, xử lý. /.","Đèn_chiếu sáng tại 97 đường Thanh_Vinh 8 , phường Liên_Chiểu bị hỏng không sáng . Mong cơ_quan_chức_năng kiểm_tra , xử_lý . / .","đèn_chiếu sáng tại 97 đường thanh_vinh 8 , phường liên_chiểu bị hỏng không sáng . mong cơ_quan_chức_năng kiểm_tra , xử_lý . / .","Sở Xây dựng Sở Xây dựng trân trọng cảm ơn ý kiến góp ý của Quý công dân và phản hồi một số thông tin như sau: Công ty cổ phần chiếu sáng công cộng đã kiểm tra hiện trường và hoàn thành xử lý kiến nghị, đèn đã đỏ bình thường. Sở Xây dựng thông tin để Quý công dân được biết. Trân trọng./. Ngày trả lời: 14/04/2026",Đã xử lý,https://gopy.danang.gov.vn/gop-y?pageid=view&ykien=96039,dien_luc_chieu_sang,thap
96036,Da Nang,5/4/2026 18:49,"Đèn chiếu sáng tại K72 đường Nguyễn Đình - Phường An Hải bị hỏng không sáng. Mong cơ quan chức năng kiểm tra, xử lý./.","Đèn chiếu sáng tại K72 đường Nguyễn Đình - Phường An Hải bị hỏng không sáng. Mong cơ quan chức năng kiểm tra, xử lý. /.","Đèn_chiếu sáng tại K72 đường Nguyễn_Đình - Phường_An_Hải bị hỏng không sáng . Mong cơ_quan_chức_năng kiểm_tra , xử_lý . / .","đèn_chiếu sáng tại k72 đường nguyễn_đình - phường_an_hải bị hỏng không sáng . mong cơ_quan_chức_năng kiểm_tra , xử_lý . / .","Sở Xây dựng Sở Xây dựng trân trọng cảm ơn ý kiến góp ý của Quý công dân và phản hồi một số thông tin như sau: Công ty cổ phần chiếu sáng công cộng đã kiểm tra hiện trường và hoàn thành xử lý kiến nghị, đèn đã đỏ bình thường. Sở Xây dựng thông tin để Quý công dân được biết. Trân trọng./. Ngày trả lời: 14/04/2026",Đã xử lý,https://gopy.danang.gov.vn/gop-y?pageid=view&ykien=96036,dien_luc_chieu_sang,thap
96034,Da Nang,5/4/2026 18:12,"Tại địa chỉ 126 Hoàng Hoa Thám, Thanh Khê có đơn vị đến thi công nối dây camera giao thông nhưng khi thi công xong thì để lại đống đá và đất, không thu dọn. Mong cơ quan chức năng kiểm tra, xử lý./.","Tại địa chỉ 126 Hoàng Hoa Thám, Thanh Khê có đơn vị đến thi công nối dây camera giao thông nhưng khi thi công xong thì để lại đống đá và đất, không thu dọn. Mong cơ quan chức năng kiểm tra, xử lý. /.","Tại_địa chỉ 126 Hoàng_Hoa_Thám , Thanh_Khê có đơn_vị đến thi_công nối dây camera giao_thông nhưng khi thi_công xong thì để lại đống_đá và đất , không thu_dọn . Mong cơ_quan_chức_năng kiểm_tra , xử_lý . / .","tại_địa chỉ 126 hoàng_hoa_thám , thanh_khê có đơn_vị đến thi_công nối dây camera giao_thông nhưng khi thi_công xong thì để lại đống_đá và đất , không thu_dọn . mong cơ_quan_chức_năng kiểm_tra , xử_lý . / .",UBND Phường Thanh Khê,Đã xử lý,https://gopy.danang.gov.vn/gop-y?pageid=view&ykien=96034,cong_ho_ga_thoat_nuoc,thap
96028,Da Nang,5/4/2026 16:08,Tôi là người dân sinh sống trên trục đường Yên Thế - Bắc Sơn thuộc Phường An Khê. Công viên Yên Thế - Bắc Sơn không bật điện chiếu sáng hơn 1 năm nay. Công viên này được thành phố đầu tư rất đẹp và khang trang phục vụ cho sinh hoạt cộng đồng của nhân dân tại phường. Mỗi tối người dân rất đông đi tập thể dục thể thao trên trục đường đồng thời nhân dân ra vui chơi sinh hoạt cộng đồng. Tuy nhiên hơn 1 năm qua dù là ngày lễ lớn hay tết thì điện chiếu sáng phục vụ cảnh quan không sáng. Mong cơ quan chức năng kiểm tra và mở điện chiếu sáng khu vực này./.,Tôi là người dân sinh sống trên trục đường Yên Thế - Bắc Sơn thuộc Phường An Khê. Công viên Yên Thế - Bắc Sơn không bật điện chiếu sáng hơn 1 năm nay. Công viên này được thành phố đầu tư rất đẹp và khang trang phục vụ cho sinh hoạt cộng đồng của nhân dân tại phường. Mỗi tối người dân rất đông đi tập thể dục thể thao trên trục đường đồng thời nhân dân ra vui chơi sinh hoạt cộng đồng. Tuy nhiên hơn 1 năm qua dù là ngày lễ lớn hay tết thì điện chiếu sáng phục vụ cảnh quan không sáng. Mong cơ quan chức năng kiểm tra và mở điện chiếu sáng khu vực này. /.,Tôi là người dân_sinh_sống trên trục đường Yên_Thế - Bắc_Sơn thuộc Phường_An_Khê . Công_viên Yên_Thế - Bắc_Sơn không bật điện chiếu sáng hơn 1 năm nay . Công_viên này được thành_phố đầu_tư rất đẹp và khang_trang_phục_vụ cho sinh_hoạt cộng_đồng của nhân_dân tại phường . Mỗi tối người dân rất đông_đi tập_thể_dục thể_thao trên trục đường_đồng thời nhân_dân ra vui_chơi sinh_hoạt cộng_đồng . Tuy_nhiên hơn 1 năm qua dù là ngày lễ lớn hay tết thì điện chiếu sáng phục_vụ cảnh_quan không sáng . Mong cơ_quan_chức_năng kiểm_tra và mở điện chiếu sáng khu_vực này . / .,tôi là người dân_sinh_sống trên trục đường yên_thế - bắc_sơn thuộc phường_an_khê . công_viên yên_thế - bắc_sơn không bật điện chiếu sáng hơn 1 năm nay . công_viên này được thành_phố đầu_tư rất đẹp và khang_trang_phục_vụ cho sinh_hoạt cộng_đồng của nhân_dân tại phường . mỗi tối người dân rất đông_đi tập_thể_dục thể_thao trên trục đường_đồng thời nhân_dân ra vui_chơi sinh_hoạt cộng_đồng . tuy_nhiên hơn 1 năm qua dù là ngày lễ lớn hay tết thì điện chiếu sáng phục_vụ cảnh_quan không sáng . mong cơ_quan_chức_năng kiểm_tra và mở điện chiếu sáng khu_vực này . / .,UBND Phường An Khê,Đã xử lý,https://gopy.danang.gov.vn/gop-y?pageid=view&ykien=96028,dien_luc_chieu_sang,thap
96019,Da Nang,5/4/2026 13:09,"Vỉa hè hư hỏng, bong tróc tại quán Hải sản Lão Đại, lô A2-1 đường Võ Văn Kiệt, phường An Hải. Mong cơ quan chức năng sớm khắc phục để đảm bảo an toàn và mỹ quan đô thị. Tôi xin chân thành cảm ơn./.","Vỉa hè hư hỏng, bong tróc tại quán Hải sản Lão Đại, lô A2-1 đường Võ Văn Kiệt, phường An Hải. Mong cơ quan chức năng sớm khắc phục để đảm bảo an toàn và mỹ quan đô thị. Tôi xin chân thành cảm ơn. /.","Vỉa_hè hư_hỏng , bong tróc tại quán Hải_sản Lão_Đại , lô A2 - 1 đường Võ_Văn_Kiệt , phường An_Hải . Mong cơ_quan_chức_năng sớm khắc_phục để_đảm bảo_an_toàn và mỹ_quan đô_thị . Tôi xin chân_thành cảm_ơn . / .","vỉa_hè hư_hỏng , bong tróc tại quán hải_sản lão_đại , lô a2 - 1 đường võ_văn_kiệt , phường an_hải . mong cơ_quan_chức_năng sớm khắc_phục để_đảm bảo_an_toàn và mỹ_quan đô_thị . tôi xin chân_thành cảm_ơn . / .",Sở Xây dựng,Đã xử lý,https://gopy.danang.gov.vn/gop-y?pageid=view&ykien=96019,via_he_long_duong,trung_binh
96009,Da Nang,5/4/2026 10:22,"Kính đề nghị chính quyền xem xét việc phân luồng giao thông, tín hiệu đèn giao thông tại bùng binh Nguyễn Hữu Thọ, Duy Tân, Lê Đình Lý. Tín hiệu đèn rất bất hợp lý, đường Duy Tân hướng từ Trưng Nữ Vương sang Nguyễn Hũu Thọ khi đèn xanh thì đối đầu với Lê Đình Lý sang Nguyễn Hữu Thọ cũng đèn xanh. Nguyễn Hữu Thọ hướng từ BV Quân Y sang đi hết 2/3 vòng bùng binh thì đối đầu với hướng Nguyễn Hữu Thọ ngược lại. Nếu không có phương án khả thi thì kính đề nghị bỏ đèn giao thông tại đây. Xin cảm ơn./.","Kính đề nghị chính quyền xem xét việc phân luồng giao thông, tín hiệu đèn giao thông tại bùng binh Nguyễn Hữu Thọ, Duy Tân, Lê Đình Lý. Tín hiệu đèn rất bất hợp lý, đường Duy Tân hướng từ Trưng Nữ Vương sang Nguyễn Hũu Thọ khi đèn xanh thì đối đầu với Lê Đình Lý sang Nguyễn Hữu Thọ cũng đèn xanh. Nguyễn Hữu Thọ hướng từ BV Quân Y sang đi hết 2/3 vòng bùng binh thì đối đầu với hướng Nguyễn Hữu Thọ ngược lại. Nếu không có phương án khả thi thì kính đề nghị bỏ đèn giao thông tại đây. Xin cảm ơn. /.","Kính_đề nghị chính_quyền xem_xét việc phân_luồng giao_thông , tín_hiệu đèn giao_thông tại bùng_binh Nguyễn_Hữu_Thọ , Duy_Tân , Lê_Đình_Lý . Tín_hiệu đèn rất bất hợp_lý , đường Duy_Tân hướng từ Trưng_Nữ_Vương sang Nguyễn_Hũu_Thọ khi đèn_xanh thì đối_đầu với Lê_Đình_Lý sang Nguyễn_Hữu_Thọ cũng đèn_xanh . Nguyễn_Hữu_Thọ hướng từ BV Quân_Y sang đi hết 2 / 3 vòng bùng_binh thì đối_đầu với hướng Nguyễn_Hữu_Thọ ngược_lại . Nếu không có phương_án khả_thi thì kính đề_nghị bỏ đèn giao_thông tại đây . Xin cảm_ơn . / .","kính_đề nghị chính_quyền xem_xét việc phân_luồng giao_thông , tín_hiệu đèn giao_thông tại bùng_binh nguyễn_hữu_thọ , duy_tân , lê_đình_lý . tín_hiệu đèn rất bất hợp_lý , đường duy_tân hướng từ trưng_nữ_vương sang nguyễn_hũu_thọ khi đèn_xanh thì đối_đầu với lê_đình_lý sang nguyễn_hữu_thọ cũng đèn_xanh . nguyễn_hữu_thọ hướng từ bv quân_y sang đi hết 2 / 3 vòng bùng_binh thì đối_đầu với hướng nguyễn_hữu_thọ ngược_lại . nếu không có phương_án khả_thi thì kính đề_nghị bỏ đèn giao_thông tại đây . xin cảm_ơn . / .","Sở Xây dựng Sở Xây dựng trân trọng cảm ơn ý kiến góp ý của Quý công dân và phản hồi một số thông tin như sau: Nút giao Nguyễn Hữu Thọ - Duy Tân - Lê Đình Lý là nút giao có bố trí đảo giao thông trung tâm, lưu lượng phương tiện qua nút lớn, với thành phần phương tiện đa dạng gồm xe tải, xe khách cỡ lớn, xe con và xe mô tô, xe gắn máy (trong đó xe hai bánh chiếm tỷ lệ khoảng 90%). Trước khi triển khai dự án, vào các khung giờ cao điểm, lưu lượng phương tiện tham gia giao thông đã vượt quá năng lực thông hành của nút, thường xuyên xảy ra tình trạng ùn ứ, ách tắc giao thông tại khu vực. Công trình: Sửa chữa, điều chỉnh, khắc phục, tăng cường đảm bảo an toàn giao thông tại nút giao Nguyễn Hữu Thọ - Duy Tân - Lê Đình Lý đến nay đã hoàn thành thi công và được đưa vào vận hành hệ thống đèn tín hiệu giao thông (chu kỳ xanh – vàng – đỏ) kể từ 16h00 ngày 30/9/2025. Hiện nay, do đặc thù nút giao có tổ chức vòng xuyến, các phương tiện khi tham gia giao thông trong khu vực nút có xu hướng tự điều tiết. Với chu kỳ điều khiển đèn tín hiệu hiện tại, do tổ chức các hướng giao thông tại nút tương đối phức tạp nên vẫn còn xảy ra hiện tượng giao cắt nhẹ giữa các dòng xe trong phạm vi nút; tuy nhiên mức độ ảnh hưởng không đáng kể và khôngảnh hưởng lớn đến khả năng thông hành chung của nút giao; Trường hợp điều chỉnh chu kỳ đèn tín hiệu",Đã xử lý,https://gopy.danang.gov.vn/gop-y?pageid=view&ykien=96009,to_chuc_giao_thong,thap
96003,Da Nang,5/4/2026 9:05,"Ngày 2/4 Phòng Kinh tế, Hạ tầng và Đô thị phường Hội An phản hồi ý kiến công dân về đèn chiếu sáng tại kiệt bên hông nhà lao Hội An, phường Hội An đã khắc phục xong. Nhưng thực tế đèn chiếu sáng vẫn không sáng. Kính mong UBND phường cho kiểm tra và khắc phục./.","Ngày 2/4 Phòng Kinh tế, Hạ tầng và Đô thị phường Hội An phản hồi ý kiến công dân về đèn chiếu sáng tại kiệt bên hông nhà lao Hội An, phường Hội An đã khắc phục xong. Nhưng thực tế đèn chiếu sáng vẫn không sáng. Kính mong UBND phường cho kiểm tra và khắc phục. /.","Ngày 2 / 4 Phòng_Kinh_tế , Hạ_tầng và Đô_thị phường Hội_An phản_hồi ý_kiến công_dân về đèn_chiếu sáng tại kiệt bên hông nhà_lao Hội_An , phường Hội_An_đã khắc_phục xong . Nhưng thực_tế đèn_chiếu sáng vẫn không sáng . Kính mong UBND phường cho kiểm_tra và khắc_phục . / .","ngày 2 / 4 phòng_kinh_tế , hạ_tầng và đô_thị phường hội_an phản_hồi ý_kiến công_dân về đèn_chiếu sáng tại kiệt bên hông nhà_lao hội_an , phường hội_an_đã khắc_phục xong . nhưng thực_tế đèn_chiếu sáng vẫn không sáng . kính mong ubnd phường cho kiểm_tra và khắc_phục . / .",UBND phường Hội An,Đã xử lý,https://gopy.danang.gov.vn/gop-y?pageid=view&ykien=96003,dien_luc_chieu_sang,thap
96000,Da Nang,5/4/2026 8:24,"Tự ý trồng cây lên đất trống lấn chiếm vỉa hè tại 09 An Hải 22. Ngoài ra chủ nhà này còn dựng giàn leo tưới cây gây ô nhiễm môi trường. Đề nghị kiểm tra, xử lý./.","Tự ý trồng cây lên đất trống lấn chiếm vỉa hè tại 09 An Hải 22. Ngoài ra chủ nhà này còn dựng giàn leo tưới cây gây ô nhiễm môi trường. Đề nghị kiểm tra, xử lý. /.","Tự_ý trồng cây lên đất trống lấn_chiếm vỉa_hè tại 09 An_Hải 22 . Ngoài_ra chủ nhà này còn dựng giàn leo tưới cây gây ô_nhiễm môi_trường . Đề_nghị kiểm_tra , xử_lý . / .","tự_ý trồng cây lên đất trống lấn_chiếm vỉa_hè tại 09 an_hải 22 . ngoài_ra chủ nhà này còn dựng giàn leo tưới cây gây ô_nhiễm môi_trường . đề_nghị kiểm_tra , xử_lý . / .",UBND Phường An Hải,Đã xử lý,https://gopy.danang.gov.vn/gop-y?pageid=view&ykien=96000,via_he_long_duong,trung_binh
95999,Da Nang,5/4/2026 7:59,"Công trình xây dựng tại 50 Bình Thái 3 đang thi công nên lấn chiếm vỉa hè để vật liệu xây dựng, để tràn ra cả lòng đường, cản trở giao thông hết 1 làn đường. Đã nhắc nhở nhưng vẫn chây ì kéo dài, gây nguy hiểm cho các phương tiện, người dân khi qua lại. Không rõ vì sao chính quyền cho phép việc chiếm dụng vỉa hè, lòng đường trong thời gian dài như vậy, trong khi thành phố đang ra quân ""trả lại vỉa hè"". Đề nghị cơ quan chức năng xử lý kịp thời!","Công trình xây dựng tại 50 Bình Thái 3 đang thi công nên lấn chiếm vỉa hè để vật liệu xây dựng, để tràn ra cả lòng đường, cản trở giao thông hết 1 làn đường. Đã nhắc nhở nhưng vẫn chây ì kéo dài, gây nguy hiểm cho các phương tiện, người dân khi qua lại. Không rõ vì sao chính quyền cho phép việc chiếm dụng vỉa hè, lòng đường trong thời gian dài như vậy, trong khi thành phố đang ra quân trả lại vỉa hè. Đề nghị cơ quan chức năng xử lý kịp thời","Công_trình xây_dựng tại 50 Bình_Thái 3 đang thi_công nên lấn_chiếm vỉa_hè để vật_liệu xây_dựng , để tràn ra cả lòng_đường , cản_trở giao_thông hết 1 làn_đường . Đã nhắc_nhở nhưng vẫn chây_ì kéo_dài , gây nguy_hiểm cho các phương_tiện , người dân khi qua_lại . Không rõ vì_sao chính_quyền cho phép việc chiếm_dụng vỉa_hè , lòng_đường trong thời_gian dài như_vậy , trong khi thành_phố đang ra_quân trả lại vỉa_hè . Đề_nghị cơ_quan_chức_năng xử_lý kịp_thời","công_trình xây_dựng tại 50 bình_thái 3 đang thi_công nên lấn_chiếm vỉa_hè để vật_liệu xây_dựng , để tràn ra cả lòng_đường , cản_trở giao_thông hết 1 làn_đường . đã nhắc_nhở nhưng vẫn chây_ì kéo_dài , gây nguy_hiểm cho các phương_tiện , người dân khi qua_lại . không rõ vì_sao chính_quyền cho phép việc chiếm_dụng vỉa_hè , lòng_đường trong thời_gian dài như_vậy , trong khi thành_phố đang ra_quân trả lại vỉa_hè . đề_nghị cơ_quan_chức_năng xử_lý kịp_thời",UBND Phường Cẩm Lệ,Đã xử lý,https://gopy.danang.gov.vn/gop-y?pageid=view&ykien=95999,via_he_long_duong,cao
95984,Da Nang,4/4/2026 21:10,"Khu công viên phường Ngũ Hành Sơn đoạn nhà đa năng đường Võ Như Hưng không có điện đường, buổi tối nhiều trẻ em chơi rất nguy hiểm. Đề nghị mở điện chiếu sáng khu vực này để đảm bảo an toàn cho các cháu nhỏ./.","Khu công viên phường Ngũ Hành Sơn đoạn nhà đa năng đường Võ Như Hưng không có điện đường, buổi tối nhiều trẻ em chơi rất nguy hiểm. Đề nghị mở điện chiếu sáng khu vực này để đảm bảo an toàn cho các cháu nhỏ. /.","Khu công_viên phường Ngũ_Hành_Sơn_đoạn nhà đa_năng đường Võ_Như_Hưng không có điện_đường , buổi tối nhiều trẻ_em chơi rất nguy_hiểm . Đề_nghị mở điện chiếu sáng khu_vực này để_đảm bảo_an_toàn cho các cháu nhỏ . / .","khu công_viên phường ngũ_hành_sơn_đoạn nhà đa_năng đường võ_như_hưng không có điện_đường , buổi tối nhiều trẻ_em chơi rất nguy_hiểm . đề_nghị mở điện chiếu sáng khu_vực này để_đảm bảo_an_toàn cho các cháu nhỏ . / .",UBND Phường Ngũ Hành Sơn,Đã xử lý,https://gopy.danang.gov.vn/gop-y?pageid=view&ykien=95984,dien_luc_chieu_sang,cao
95973,Da Nang,4/4/2026 18:36,Đề xuất lắp điện chiếu sáng và thu gom rác thải khu đô thị 1A đường Trịnh Hoài Đức - Phường Điện Bàn Đông - TP Đà Nẵng: Khu đô thị 1A dân cư ở cũng rất nhiều nhưng hiện tại đường Trịnh Hoài Đức vẫn chưa có điện chiếu sáng và bên môi trường không thu gom rác của khu đô thị gây bất tiện trong sinh hoạt của người dân. Kính đề nghị các cơ quan ban ngành và chủ đầu tư khu đô thị xem xét để nâng cao đời sống cho nhân dân khu đô thị. Xin cảm ơn!,Đề xuất lắp điện chiếu sáng và thu gom rác thải khu đô thị 1A đường Trịnh Hoài Đức - Phường Điện Bàn Đông - TP Đà Nẵng: Khu đô thị 1A dân cư ở cũng rất nhiều nhưng hiện tại đường Trịnh Hoài Đức vẫn chưa có điện chiếu sáng và bên môi trường không thu gom rác của khu đô thị gây bất tiện trong sinh hoạt của người dân. Kính đề nghị các cơ quan ban ngành và chủ đầu tư khu đô thị xem xét để nâng cao đời sống cho nhân dân khu đô thị. Xin cảm ơn,Đề_xuất lắp điện chiếu sáng và thu_gom rác_thải khu đô_thị 1A đường Trịnh_Hoài_Đức - Phường_Điện_Bàn_Đông - TP Đà_Nẵng : Khu_đô thị 1A dân_cư ở cũng rất nhiều nhưng hiện_tại đường Trịnh_Hoài_Đức vẫn chưa có điện chiếu sáng và bên môi_trường không thu_gom rác của khu đô_thị gây bất_tiện trong sinh_hoạt của người dân . Kính_đề nghị các cơ_quan ban_ngành và chủ đầu_tư khu đô_thị xem_xét để nâng cao đời_sống cho nhân_dân khu đô_thị . Xin cảm_ơn,đề_xuất lắp điện chiếu sáng và thu_gom rác_thải khu đô_thị 1a đường trịnh_hoài_đức - phường_điện_bàn_đông - tp đà_nẵng : khu_đô thị 1a dân_cư ở cũng rất nhiều nhưng hiện_tại đường trịnh_hoài_đức vẫn chưa có điện chiếu sáng và bên môi_trường không thu_gom rác của khu đô_thị gây bất_tiện trong sinh_hoạt của người dân . kính_đề nghị các cơ_quan ban_ngành và chủ đầu_tư khu đô_thị xem_xét để nâng cao đời_sống cho nhân_dân khu đô_thị . xin cảm_ơn,UBND phường Điện Bàn Đông,Đã xử lý,https://gopy.danang.gov.vn/gop-y?pageid=view&ykien=95973,dien_luc_chieu_sang,thap
95968,Da Nang,4/4/2026 16:11,"Miệng cống thoát nước ngay ngã tư đường Lý Nhân Tông - Phan Đăng Lưu bị bể, sụp gây nguy cơ tai nạn cho người đi bộ, xe máy. Đề nghị cơ quan chức năng khắc phục./.","Miệng cống thoát nước ngay ngã tư đường Lý Nhân Tông - Phan Đăng Lưu bị bể, sụp gây nguy cơ tai nạn cho người đi bộ, xe máy. Đề nghị cơ quan chức năng khắc phục. /.","Miệng cống thoát nước ngay ngã tư đường Lý_Nhân_Tông - Phan_Đăng_Lưu bị bể , sụp gây nguy_cơ tai_nạn cho người đi bộ , xe_máy . Đề_nghị cơ_quan_chức_năng khắc_phục . / .","miệng cống thoát nước ngay ngã tư đường lý_nhân_tông - phan_đăng_lưu bị bể , sụp gây nguy_cơ tai_nạn cho người đi bộ , xe_máy . đề_nghị cơ_quan_chức_năng khắc_phục . / .",UBND Phường Hòa Cường,Đã xử lý,https://gopy.danang.gov.vn/gop-y?pageid=view&ykien=95968,cong_ho_ga_thoat_nuoc,cao
95954,Da Nang,4/4/2026 11:06,"Tôi có phản ánh Cây xanh bị chết tại 128 Trần Cao Vân, phường Thanh Khê. Không biết khi nào sẽ được giải quyết./.","Tôi có phản ánh Cây xanh bị chết tại 128 Trần Cao Vân, phường Thanh Khê. Không biết khi nào sẽ được giải quyết. /.","Tôi có phản_ánh_Cây xanh bị chết tại 128 Trần_Cao_Vân , phường Thanh_Khê . Không biết khi nào sẽ được giải_quyết . / .","tôi có phản_ánh_cây xanh bị chết tại 128 trần_cao_vân , phường thanh_khê . không biết khi nào sẽ được giải_quyết . / .","Trung tâm Thông tin và Giám sát, điều hành thông minh",Đã xử lý,https://gopy.danang.gov.vn/gop-y?pageid=view&ykien=95954,cay_xanh_vat_can,thap
95932,Da Nang,4/4/2026 8:24,"Tôi là người dân ở xã Hòa Tiến. Hiện nay đường liên thôn tại thôn Nam Sơn, xã Hòa Tiến đã dừng thi công từ trước Tết đến nay vẫn chưa thi công lại. Đến nay đã gần 3 năm rồi vẫn chưa hoàn thành. Công trình gây bụi bặm, đất đá nhiều khiến người dân đi dễ té. Kính mong cơ quan chức năng kiểm tra, sớm hoàn thành để an toàn cho người dân khi lưu thông./.","Tôi là người dân ở xã Hòa Tiến. Hiện nay đường liên thôn tại thôn Nam Sơn, xã Hòa Tiến đã dừng thi công từ trước Tết đến nay vẫn chưa thi công lại. Đến nay đã gần 3 năm rồi vẫn chưa hoàn thành. Công trình gây bụi bặm, đất đá nhiều khiến người dân đi dễ té. Kính mong cơ quan chức năng kiểm tra, sớm hoàn thành để an toàn cho người dân khi lưu thông. /.","Tôi là người dân ở xã Hòa_Tiến . Hiện_nay đường liên thôn tại thôn Nam_Sơn , xã Hòa_Tiến_đã dừng thi_công từ trước Tết_đến nay vẫn chưa thi_công lại . Đến nay đã gần 3 năm rồi vẫn chưa hoàn_thành . Công_trình gây bụi_bặm , đất_đá nhiều khiến người dân đi dễ té . Kính mong cơ_quan_chức_năng kiểm_tra , sớm hoàn_thành để an_toàn cho người dân khi lưu_thông . / .","tôi là người dân ở xã hòa_tiến . hiện_nay đường liên thôn tại thôn nam_sơn , xã hòa_tiến_đã dừng thi_công từ trước tết_đến nay vẫn chưa thi_công lại . đến nay đã gần 3 năm rồi vẫn chưa hoàn_thành . công_trình gây bụi_bặm , đất_đá nhiều khiến người dân đi dễ té . kính mong cơ_quan_chức_năng kiểm_tra , sớm hoàn_thành để an_toàn cho người dân khi lưu_thông . / .",UBND Xã Hòa Tiến,Đã xử lý,https://gopy.danang.gov.vn/gop-y?pageid=view&ykien=95932,rac_thai_ve_sinh_moi_truong,thap
95920,Da Nang,3/4/2026 21:17,"Đèn chiếu sáng tại ngã tư đường Hoàng Hà (Đức Tín cũ) và đường Đầm Sen 2, phường Ngũ Hành Sơn không sáng. Kính đề nghị cơ quan chức năng kiểm tra và xử lý./.","Đèn chiếu sáng tại ngã tư đường Hoàng Hà (Đức Tín cũ) và đường Đầm Sen 2, phường Ngũ Hành Sơn không sáng. Kính đề nghị cơ quan chức năng kiểm tra và xử lý. /.","Đèn_chiếu sáng tại ngã tư đường Hoàng_Hà ( Đức_Tín cũ ) và đường Đầm_Sen 2 , phường Ngũ_Hành_Sơn không sáng . Kính_đề nghị cơ_quan_chức_năng kiểm_tra và xử_lý . / .","đèn_chiếu sáng tại ngã tư đường hoàng_hà ( đức_tín cũ ) và đường đầm_sen 2 , phường ngũ_hành_sơn không sáng . kính_đề nghị cơ_quan_chức_năng kiểm_tra và xử_lý . / .","Sở Xây dựng Sở Xây dựng trân trọng cảm ơn ý kiến góp ý của Quý công dân và phản hồi một số thông tin như sau: Công ty cổ phần chiếu sáng công cộng đã kiểm tra hiện trường và hoàn thành xử lý kiến nghị, đèn đã đỏ bình thường. Sở Xây dựng thông tin để Quý công dân được biết. Trân trọng./. Ngày trả lời: 17/04/2026",Đã xử lý,https://gopy.danang.gov.vn/gop-y?pageid=view&ykien=95920,dien_luc_chieu_sang,cao
95888,Da Nang,3/4/2026 13:43,"Tại ngã 3 Trần Hưng Đạo và Nại Tú 2, phường Sơn Trà, hiện tại có 1 cái cống (nằm hướng chỗ cua đường Trần Hưng Đạo, ngay trước số nhà 65 Trần Hưng Đạo) bị tắc. Khoảng 10 ngày nay không rõ nước ở đâu tràn lên, không thoát được, gây hôi thối, ô nhiễm môi trường. Mong cơ quan chức năng kiểm tra xử lý tình trạng này./.","Tại ngã 3 Trần Hưng Đạo và Nại Tú 2, phường Sơn Trà, hiện tại có 1 cái cống (nằm hướng chỗ cua đường Trần Hưng Đạo, ngay trước số nhà 65 Trần Hưng Đạo) bị tắc. Khoảng 10 ngày nay không rõ nước ở đâu tràn lên, không thoát được, gây hôi thối, ô nhiễm môi trường. Mong cơ quan chức năng kiểm tra xử lý tình trạng này. /.","Tại ngã 3 Trần_Hưng_Đạo và Nại_Tú 2 , phường Sơn_Trà , hiện_tại có 1 cái cống ( nằm hướng chỗ cua đường Trần_Hưng_Đạo , ngay trước số nhà 65 Trần_Hưng_Đạo ) bị tắc . Khoảng 10 ngày_nay không rõ nước ở đâu tràn lên , không thoát được , gây hôi_thối , ô_nhiễm môi_trường . Mong cơ_quan_chức_năng kiểm_tra xử_lý tình_trạng này . / .","tại ngã 3 trần_hưng_đạo và nại_tú 2 , phường sơn_trà , hiện_tại có 1 cái cống ( nằm hướng chỗ cua đường trần_hưng_đạo , ngay trước số nhà 65 trần_hưng_đạo ) bị tắc . khoảng 10 ngày_nay không rõ nước ở đâu tràn lên , không thoát được , gây hôi_thối , ô_nhiễm môi_trường . mong cơ_quan_chức_năng kiểm_tra xử_lý tình_trạng này . / .",Sở Xây dựng Sở Xây dựng trân trọng cảm ơn ý kiến góp ý của Quý công dân và phản hồi một số thông tin như sau: Công ty Thoát nước và Xử lý nước thải đã kiểm tra hiện trường và hoàn thành khắc phục kiến nghị vào ngày 09/4/2026. Sở Xây dựng thông tin để Quý công dân được biết. Trân trọng./. Ngày trả lời: 14/04/2026,Đã xử lý,https://gopy.danang.gov.vn/gop-y?pageid=view&ykien=95888,cong_ho_ga_thoat_nuoc,thap
95866,Da Nang,3/4/2026 9:05,"Trụ điện trước nhà 24 - 26 Cổ Mân Mai 1, phường Hòa Xuân có quá nhiều dây điện và công tơ tầm thấp gây mất mỹ quan, an toàn điện. Dây thả xuống chỉ cách mặt đất hơn 1 mét, công tơ thấp nhất chưa tới 2m nên khá nguy hiểm và nhìn rất xấu xí. Dây tín hiệu TV (màu trắng) đã từ lâu không còn dùng tới nhưng vẫn còn treo rất nhiều trên trụ. Ngoài ra các hộp công tơ đã rất cũ, vỡ nát. Mong các bên điện lực gom công tơ điện và treo cao lên cho đảm bảo an toàn, mỹ quan đường phố./.","Trụ điện trước nhà 24 - 26 Cổ Mân Mai 1, phường Hòa Xuân có quá nhiều dây điện và công tơ tầm thấp gây mất mỹ quan, an toàn điện. Dây thả xuống chỉ cách mặt đất hơn 1 mét, công tơ thấp nhất chưa tới 2m nên khá nguy hiểm và nhìn rất xấu xí. Dây tín hiệu TV (màu trắng) đã từ lâu không còn dùng tới nhưng vẫn còn treo rất nhiều trên trụ. Ngoài ra các hộp công tơ đã rất cũ, vỡ nát. Mong các bên điện lực gom công tơ điện và treo cao lên cho đảm bảo an toàn, mỹ quan đường phố. /.","Trụ_điện trước nhà 24 - 26 Cổ_Mân_Mai 1 , phường Hòa_Xuân có quá nhiều dây_điện và công_tơ tầm thấp gây mất mỹ_quan , an_toàn điện . Dây thả xuống chỉ cách mặt_đất hơn 1 mét , công_tơ thấp nhất chưa tới 2m nên khá nguy_hiểm và nhìn rất xấu_xí . Dây tín_hiệu TV ( màu trắng ) đã từ lâu không còn dùng tới nhưng vẫn còn treo rất nhiều trên trụ . Ngoài_ra các hộp công_tơ đã rất cũ , vỡ nát . Mong các bên điện_lực gom công_tơ điện và treo cao lên cho đảm_bảo_an_toàn , mỹ_quan đường_phố . / .","trụ_điện trước nhà 24 - 26 cổ_mân_mai 1 , phường hòa_xuân có quá nhiều dây_điện và công_tơ tầm thấp gây mất mỹ_quan , an_toàn điện . dây thả xuống chỉ cách mặt_đất hơn 1 mét , công_tơ thấp nhất chưa tới 2m nên khá nguy_hiểm và nhìn rất xấu_xí . dây tín_hiệu tv ( màu trắng ) đã từ lâu không còn dùng tới nhưng vẫn còn treo rất nhiều trên trụ . ngoài_ra các hộp công_tơ đã rất cũ , vỡ nát . mong các bên điện_lực gom công_tơ điện và treo cao lên cho đảm_bảo_an_toàn , mỹ_quan đường_phố . / .",Điện lực Đà Nẵng,Đã xử lý,https://gopy.danang.gov.vn/gop-y?pageid=view&ykien=95866,dien_luc_chieu_sang,cao
95864,Da Nang,3/4/2026 9:01,"Hiện nay trước đầu kiệt 87 Nguyễn Du, phường Hải Châu có hố ga thu nước, miệng hố thu bị sụp hỏng, gây nguy hiểm cho người ra vào. Kính đề nghị UBND phường Hải Châu cho kiểm tra khắc phục./.","Hiện nay trước đầu kiệt 87 Nguyễn Du, phường Hải Châu có hố ga thu nước, miệng hố thu bị sụp hỏng, gây nguy hiểm cho người ra vào. Kính đề nghị UBND phường Hải Châu cho kiểm tra khắc phục. /.","Hiện_nay trước đầu kiệt 87 Nguyễn_Du , phường Hải_Châu có hố_ga thu nước , miệng hố thu bị sụp hỏng , gây nguy_hiểm cho người ra vào . Kính_đề nghị UBND phường Hải_Châu cho kiểm_tra khắc_phục . / .","hiện_nay trước đầu kiệt 87 nguyễn_du , phường hải_châu có hố_ga thu nước , miệng hố thu bị sụp hỏng , gây nguy_hiểm cho người ra vào . kính_đề nghị ubnd phường hải_châu cho kiểm_tra khắc_phục . / .",UBND Phường Hải Châu UBND phường Hải Châu phản hồi ý kiến phản ánh của công dân như sau:,Đã xử lý,https://gopy.danang.gov.vn/gop-y?pageid=view&ykien=95864,cong_ho_ga_thoat_nuoc,cao
95861,Da Nang,3/4/2026 8:53,"Bóng điện chiếu sáng đối diện số nhà 178 Hoàng Đình Ái, phường Hòa Xuân, thành phố Đà Nẵng bị hư, gây ảnh hưởng giao thông. Đề nghị cơ quan chức năng kiểm tra, sửa chữa để đảm bảo an toàn cho người dân./.","Bóng điện chiếu sáng đối diện số nhà 178 Hoàng Đình Ái, phường Hòa Xuân, thành phố Đà Nẵng bị hư, gây ảnh hưởng giao thông. Đề nghị cơ quan chức năng kiểm tra, sửa chữa để đảm bảo an toàn cho người dân. /.","Bóng_điện chiếu sáng đối_diện số nhà 178 Hoàng_Đình_Ái , phường Hòa_Xuân , thành_phố Đà_Nẵng bị hư , gây ảnh_hưởng giao_thông . Đề_nghị cơ_quan_chức_năng kiểm_tra , sửa_chữa để_đảm bảo_an_toàn cho người dân . / .","bóng_điện chiếu sáng đối_diện số nhà 178 hoàng_đình_ái , phường hòa_xuân , thành_phố đà_nẵng bị hư , gây ảnh_hưởng giao_thông . đề_nghị cơ_quan_chức_năng kiểm_tra , sửa_chữa để_đảm bảo_an_toàn cho người dân . / .","Sở Xây dựng Sở Xây dựng trân trọng cảm ơn ý kiến góp ý của Quý công dân và phản hồi một số thông tin như sau: Công ty cổ phần chiếu sáng công cộng đã kiểm tra hiện trường và hoàn thành xử lý kiến nghị, đèn đã đỏ bình thường. Sở Xây dựng thông tin để Quý công dân được biết. Trân trọng./. Ngày trả lời: 15/04/2026",Đã xử lý,https://gopy.danang.gov.vn/gop-y?pageid=view&ykien=95861,dien_luc_chieu_sang,thap
95858,Da Nang,3/4/2026 8:35,"Thi công thảm nhựa tại Kiệt 43 Lê Hữu Trác, phường An Hải vào tháng 12/2025 không đảm bảo kỹ thuật nên nước không thoát vào hố ga mà đọng thành vũng lớn trên mặt đường cả ngày mưa cũng như ngày nắng. Đã kiến nghị lên tổ dân phố nhưng không thấy xử lý. Mặt nhựa ngâm nước đã có dấu hiệu hư hỏng. Kính báo cơ quan chức năng kiểm tra xử lý./.","Thi công thảm nhựa tại Kiệt 43 Lê Hữu Trác, phường An Hải vào tháng 12/2025 không đảm bảo kỹ thuật nên nước không thoát vào hố ga mà đọng thành vũng lớn trên mặt đường cả ngày mưa cũng như ngày nắng. Đã kiến nghị lên tổ dân phố nhưng không thấy xử lý. Mặt nhựa ngâm nước đã có dấu hiệu hư hỏng. Kính báo cơ quan chức năng kiểm tra xử lý. /.","Thi_công thảm nhựa tại Kiệt 43 Lê_Hữu_Trác , phường An_Hải vào tháng 12 / 2025 không đảm_bảo kỹ_thuật nên nước không thoát vào hố_ga mà đọng thành vũng lớn trên mặt_đường cả ngày mưa cũng như ngày nắng . Đã kiến_nghị lên tổ dân_phố nhưng không thấy xử_lý . Mặt nhựa ngâm nước đã có dấu_hiệu hư_hỏng . Kính báo cơ_quan_chức_năng kiểm_tra xử_lý . / .","thi_công thảm nhựa tại kiệt 43 lê_hữu_trác , phường an_hải vào tháng 12 / 2025 không đảm_bảo kỹ_thuật nên nước không thoát vào hố_ga mà đọng thành vũng lớn trên mặt_đường cả ngày mưa cũng như ngày nắng . đã kiến_nghị lên tổ dân_phố nhưng không thấy xử_lý . mặt nhựa ngâm nước đã có dấu_hiệu hư_hỏng . kính báo cơ_quan_chức_năng kiểm_tra xử_lý . / .",UBND Phường An Hải,Đã xử lý,https://gopy.danang.gov.vn/gop-y?pageid=view&ykien=95858,cong_ho_ga_thoat_nuoc,trung_binh
95766,Da Nang,2/4/2026 11:16,"Đề nghị thành phố và các cơ quan chức năng quan tâm bố trí nguồn lực đầu tư hoàn thiện hạ tầng, chỉnh trang đô thị tại các khu dân cư, đặc biệt là việc xem xét thảm nhựa các tuyến đường kiệt, hẻm có quy mô lớn, lưu lượng giao thông cao tại khu vực gần trung tâm UBND phường Ngũ Hành Sơn hẻm giao như các tuyến Bà Bang Nhãn, Đặng Thái Thân... Thực tế hiện nay, các tuyến đường này trước đây được đổ bê tông, tuy nhiên trong quá trình cải tạo, nâng cấp hệ thống thoát nước thải và lắp đặt nắp cống thoát nước mưa đã nhiều lần bị cắt xẻ, dẫn đến tình trạng mặt đường xuống cấp, chắp vá, gồ ghề; nắp cống thường xuyên bị bể vỡ, tiềm ẩn nguy cơ mất an toàn giao thông. Đáng lưu ý, đây là khu vực có nhiều học sinh trường trung học phổ thông Ngũ Hành Sơn thường xuyên đi lại, việc lưu thông gặp nhiều khó khăn, dễ xảy ra tình trạng mất lái, tiềm ẩn nguy cơ tai nạn. Từ thực tế trên, cử tri đề nghị sớm xem xét triển khai thảm nhựa các tuyến đường kiệt, hẻm nêu trên nhằm bảo đảm an toàn giao thông, tạo điều kiện đi lại thuận lợi cho người dân, đồng thời góp phần chỉnh trang đô thị, nâng cao mỹ quan khu dân cư. Việc thảm nhựa các tuyến hẻm đã được nhiều địa phương trên địa bàn thành phố triển khai hiệu quả, được cử tri đồng tình, đánh giá cao như tại các phường Hải Châu, Sơn Trà, Thanh Khê..., do đó đề nghị quan tâm nhân rộng thực hiện tại địa bàn phường Ngũ Hành Sơn trong thời gian đến./.","Đề nghị thành phố và các cơ quan chức năng quan tâm bố trí nguồn lực đầu tư hoàn thiện hạ tầng, chỉnh trang đô thị tại các khu dân cư, đặc biệt là việc xem xét thảm nhựa các tuyến đường kiệt, hẻm có quy mô lớn, lưu lượng giao thông cao tại khu vực gần trung tâm UBND phường Ngũ Hành Sơn hẻm giao như các tuyến Bà Bang Nhãn, Đặng Thái Thân. . . Thực tế hiện nay, các tuyến đường này trước đây được đổ bê tông, tuy nhiên trong quá trình cải tạo, nâng cấp hệ thống thoát nước thải và lắp đặt nắp cống thoát nước mưa đã nhiều lần bị cắt xẻ, dẫn đến tình trạng mặt đường xuống cấp, chắp vá, gồ ghề; nắp cống thường xuyên bị bể vỡ, tiềm ẩn nguy cơ mất an toàn giao thông. Đáng lưu ý, đây là khu vực có nhiều học sinh trường trung học phổ thông Ngũ Hành Sơn thường xuyên đi lại, việc lưu thông gặp nhiều khó khăn, dễ xảy ra tình trạng mất lái, tiềm ẩn nguy cơ tai nạn. Từ thực tế trên, cử tri đề nghị sớm xem xét triển khai thảm nhựa các tuyến đường kiệt, hẻm nêu trên nhằm bảo đảm an toàn giao thông, tạo điều kiện đi lại thuận lợi cho người dân, đồng thời góp phần chỉnh trang đô thị, nâng cao mỹ quan khu dân cư. Việc thảm nhựa các tuyến hẻm đã được nhiều địa phương trên địa bàn thành phố triển khai hiệu quả, được cử tri đồng tình, đánh giá cao như tại các phường Hải Châu, Sơn Trà, Thanh Khê. . . , do đó đề nghị quan tâm nhân rộng thực hiện tại địa bàn phường Ngũ Hành Sơn trong thời gian đến. /.","Đề_nghị thành_phố và các cơ_quan_chức_năng quan_tâm bố_trí nguồn_lực đầu_tư hoàn_thiện hạ_tầng , chỉnh_trang đô_thị tại các khu dân_cư , đặc_biệt là việc xem_xét thảm nhựa các tuyến đường kiệt , hẻm có quy_mô lớn , lưu_lượng giao_thông cao tại khu_vực gần trung_tâm UBND phường Ngũ_Hành_Sơn hẻm giao như các tuyến Bà_Bang_Nhãn , Đặng_Thái_Thân . . . Thực_tế hiện_nay , các tuyến đường này trước đây_được_đổ bê_tông , tuy_nhiên trong quá_trình cải_tạo , nâng_cấp hệ_thống thoát nước_thải và lắp_đặt nắp cống thoát nước mưa đã nhiều lần bị cắt xẻ , dẫn đến tình_trạng mặt_đường xuống_cấp , chắp_vá , gồ_ghề ; nắp cống thường_xuyên bị bể vỡ , tiềm_ẩn nguy_cơ mất an_toàn giao_thông . Đáng lưu_ý , đây là khu_vực có nhiều học_sinh trường trung_học phổ_thông Ngũ_Hành_Sơn thường_xuyên đi_lại , việc lưu_thông gặp nhiều khó_khăn , dễ xảy ra tình_trạng mất lái , tiềm_ẩn nguy_cơ tai_nạn . Từ thực_tế trên , cử_tri đề_nghị sớm xem_xét triển_khai thảm nhựa các tuyến đường kiệt , hẻm nêu trên nhằm bảo_đảm an_toàn giao_thông , tạo điều_kiện đi_lại thuận_lợi cho người dân , đồng_thời góp_phần chỉnh_trang đô_thị , nâng cao mỹ_quan khu dân_cư . Việc thảm nhựa các tuyến hẻm đã_được nhiều địa_phương trên địa_bàn thành_phố triển_khai hiệu_quả , được cử_tri đồng_tình , đánh_giá cao như tại các phường Hải_Châu , Sơn_Trà , Thanh_Khê . . . , do đó_đề nghị quan_tâm nhân rộng thực_hiện_tại địa_bàn phường Ngũ_Hành_Sơn trong thời_gian đến . / .","đề_nghị thành_phố và các cơ_quan_chức_năng quan_tâm bố_trí nguồn_lực đầu_tư hoàn_thiện hạ_tầng , chỉnh_trang đô_thị tại các khu dân_cư , đặc_biệt là việc xem_xét thảm nhựa các tuyến đường kiệt , hẻm có quy_mô lớn , lưu_lượng giao_thông cao tại khu_vực gần trung_tâm ubnd phường ngũ_hành_sơn hẻm giao như các tuyến bà_bang_nhãn , đặng_thái_thân . . . thực_tế hiện_nay , các tuyến đường này trước đây_được_đổ bê_tông , tuy_nhiên trong quá_trình cải_tạo , nâng_cấp hệ_thống thoát nước_thải và lắp_đặt nắp cống thoát nước mưa đã nhiều lần bị cắt xẻ , dẫn đến tình_trạng mặt_đường xuống_cấp , chắp_vá , gồ_ghề ; nắp cống thường_xuyên bị bể vỡ , tiềm_ẩn nguy_cơ mất an_toàn giao_thông . đáng lưu_ý , đây là khu_vực có nhiều học_sinh trường trung_học phổ_thông ngũ_hành_sơn thường_xuyên đi_lại , việc lưu_thông gặp nhiều khó_khăn , dễ xảy ra tình_trạng mất lái , tiềm_ẩn nguy_cơ tai_nạn . từ thực_tế trên , cử_tri đề_nghị sớm xem_xét triển_khai thảm nhựa các tuyến đường kiệt , hẻm nêu trên nhằm bảo_đảm an_toàn giao_thông , tạo điều_kiện đi_lại thuận_lợi cho người dân , đồng_thời góp_phần chỉnh_trang đô_thị , nâng cao mỹ_quan khu dân_cư . việc thảm nhựa các tuyến hẻm đã_được nhiều địa_phương trên địa_bàn thành_phố triển_khai hiệu_quả , được cử_tri đồng_tình , đánh_giá cao như tại các phường hải_châu , sơn_trà , thanh_khê . . . , do đó_đề nghị quan_tâm nhân rộng thực_hiện_tại địa_bàn phường ngũ_hành_sơn trong thời_gian đến . / .",UBND Phường Ngũ Hành Sơn,Đã xử lý,https://gopy.danang.gov.vn/gop-y?pageid=view&ykien=95766,duong_cau_ha_tang_hu_hong,cao
95758,Da Nang,2/4/2026 10:24,"Kính gửi cơ quan chức năng. Trước nhà tôi số nhà 356/51 và 356/44 Hoàng Diệu có trụ bê tông viễn thông không còn sử dụng được, sắp bị gãy, không an toàn cho người đi đường và nguy cơ ngã thẳng vào nhà 356/51 Hoàng Diệu. Kính đề nghị cơ quan chức năng quan tâm xử lý triệt để. Xin chân thành cảm ơn./.","Kính gửi cơ quan chức năng. Trước nhà tôi số nhà 356/51 và 356/44 Hoàng Diệu có trụ bê tông viễn thông không còn sử dụng được, sắp bị gãy, không an toàn cho người đi đường và nguy cơ ngã thẳng vào nhà 356/51 Hoàng Diệu. Kính đề nghị cơ quan chức năng quan tâm xử lý triệt để. Xin chân thành cảm ơn. /.","Kính gửi cơ_quan_chức_năng . Trước nhà tôi số nhà 356 / 51 và 356 / 44 Hoàng_Diệu có trụ bê_tông viễn_thông không còn sử_dụng được , sắp bị gãy , không an_toàn cho người đi_đường và nguy_cơ ngã thẳng vào nhà 356 / 51 Hoàng_Diệu . Kính_đề nghị cơ_quan_chức_năng quan_tâm xử_lý triệt_để . Xin chân_thành cảm_ơn . / .","kính gửi cơ_quan_chức_năng . trước nhà tôi số nhà 356 / 51 và 356 / 44 hoàng_diệu có trụ bê_tông viễn_thông không còn sử_dụng được , sắp bị gãy , không an_toàn cho người đi_đường và nguy_cơ ngã thẳng vào nhà 356 / 51 hoàng_diệu . kính_đề nghị cơ_quan_chức_năng quan_tâm xử_lý triệt_để . xin chân_thành cảm_ơn . / .",UBND Phường Hải Châu,Đang xử lý,https://gopy.danang.gov.vn/gop-y?pageid=view&ykien=95758,duong_cau_ha_tang_hu_hong,thap
95734,Da Nang,2/4/2026 7:41,"Tại khu vực bên cạnh cây xăng số 242 Phan Đăng Lưu, gần ngã tư Nguyễn Hữu Thọ - Phan Đăng Lưu, phường Hòa Cường, hiện có nắp đan hố cáp Viettel bị vỡ (có hình ảnh đính kèm). Tình trạng này gây nguy cơ mất an toàn cho người và phương tiện tham gia giao thông Kính đề nghị cơ quan chức năng sớm kiểm tra và có biện pháp xử lý, khắc phục kịp thời.","Tại khu vực bên cạnh cây xăng số 242 Phan Đăng Lưu, gần ngã tư Nguyễn Hữu Thọ - Phan Đăng Lưu, phường Hòa Cường, hiện có nắp đan hố cáp Viettel bị vỡ (có hình ảnh đính kèm). Tình trạng này gây nguy cơ mất an toàn cho người và phương tiện tham gia giao thông Kính đề nghị cơ quan chức năng sớm kiểm tra và có biện pháp xử lý, khắc phục kịp thời.","Tại khu_vực bên cạnh cây_xăng số 242 Phan_Đăng_Lưu , gần ngã tư Nguyễn_Hữu_Thọ - Phan_Đăng_Lưu , phường Hòa_Cường , hiện có nắp đan hố cáp Viettel bị vỡ ( có hình ảnh_đính kèm ) . Tình_trạng này gây nguy_cơ mất an_toàn cho người và phương_tiện tham_gia giao_thông Kính_đề nghị cơ_quan_chức_năng sớm kiểm_tra và có biện_pháp xử_lý , khắc_phục kịp_thời .","tại khu_vực bên cạnh cây_xăng số 242 phan_đăng_lưu , gần ngã tư nguyễn_hữu_thọ - phan_đăng_lưu , phường hòa_cường , hiện có nắp đan hố cáp viettel bị vỡ ( có hình ảnh_đính kèm ) . tình_trạng này gây nguy_cơ mất an_toàn cho người và phương_tiện tham_gia giao_thông kính_đề nghị cơ_quan_chức_năng sớm kiểm_tra và có biện_pháp xử_lý , khắc_phục kịp_thời .",Sở Khoa học và Công nghệ,Đã xử lý,https://gopy.danang.gov.vn/gop-y?pageid=view&ykien=95734,duong_cau_ha_tang_hu_hong,cao
95733,Da Nang,2/4/2026 7:41,"Tôi xin phản ánh hệ thống điện chiếu sáng công cộng trước số nhà 229 Nguyễn Hiến Lê, phường Hòa Xuân hiện nay thường tắt vào khoảng 22 giờ. Khu này dân cư rất đông đúc nhưng nhiều năm nay cứ 22 giờ là tắt điện, trong khi đó các khu lân cận điện chiếu sáng vẫn sáng cả đêm. Hiện khu vực này gần đây xảy ra nhiều vụ mất cắp, việc tắt đèn sớm làm ảnh hưởng đến an ninh trật tự và gây lo ngại cho người dân. Kính đề nghị cơ quan chức năng xem xét điều chỉnh thời gian chiếu sáng công cộng xuyên đêm, nhằm đảm bảo an ninh, an toàn cho khu dân cư. Kính mong được quan tâm giải quyết. Trân trọng cảm ơn./.","Tôi xin phản ánh hệ thống điện chiếu sáng công cộng trước số nhà 229 Nguyễn Hiến Lê, phường Hòa Xuân hiện nay thường tắt vào khoảng 22 giờ. Khu này dân cư rất đông đúc nhưng nhiều năm nay cứ 22 giờ là tắt điện, trong khi đó các khu lân cận điện chiếu sáng vẫn sáng cả đêm. Hiện khu vực này gần đây xảy ra nhiều vụ mất cắp, việc tắt đèn sớm làm ảnh hưởng đến an ninh trật tự và gây lo ngại cho người dân. Kính đề nghị cơ quan chức năng xem xét điều chỉnh thời gian chiếu sáng công cộng xuyên đêm, nhằm đảm bảo an ninh, an toàn cho khu dân cư. Kính mong được quan tâm giải quyết. Trân trọng cảm ơn. /.","Tôi xin phản_ánh hệ_thống điện chiếu sáng công_cộng trước số nhà 229 Nguyễn_Hiến_Lê , phường Hòa_Xuân hiện_nay thường tắt vào khoảng 22 giờ . Khu này dân_cư rất đông_đúc nhưng nhiều năm nay cứ 22 giờ là tắt điện , trong khi đó các khu lân_cận điện chiếu sáng vẫn sáng cả đêm . Hiện khu_vực này gần đây xảy ra nhiều vụ mất_cắp , việc tắt đèn sớm làm ảnh_hưởng đến an_ninh trật_tự và gây lo_ngại cho người dân . Kính_đề nghị cơ_quan_chức_năng xem_xét điều_chỉnh thời_gian chiếu sáng công_cộng xuyên đêm , nhằm đảm_bảo_an_ninh , an_toàn cho khu dân_cư . Kính_mong được quan_tâm giải_quyết . Trân_trọng cảm_ơn . / .","tôi xin phản_ánh hệ_thống điện chiếu sáng công_cộng trước số nhà 229 nguyễn_hiến_lê , phường hòa_xuân hiện_nay thường tắt vào khoảng 22 giờ . khu này dân_cư rất đông_đúc nhưng nhiều năm nay cứ 22 giờ là tắt điện , trong khi đó các khu lân_cận điện chiếu sáng vẫn sáng cả đêm . hiện khu_vực này gần đây xảy ra nhiều vụ mất_cắp , việc tắt đèn sớm làm ảnh_hưởng đến an_ninh trật_tự và gây lo_ngại cho người dân . kính_đề nghị cơ_quan_chức_năng xem_xét điều_chỉnh thời_gian chiếu sáng công_cộng xuyên đêm , nhằm đảm_bảo_an_ninh , an_toàn cho khu dân_cư . kính_mong được quan_tâm giải_quyết . trân_trọng cảm_ơn . / .",Sở Xây dựng,Đã xử lý,https://gopy.danang.gov.vn/gop-y?pageid=view&ykien=95733,dien_luc_chieu_sang,thap
95724,Da Nang,1/4/2026 19:47,"Đèn đường số CS 24 CN-YN Thôn Yến Nê 1 - Hòa Tiến chập chờn lúc sáng lúc tắt. Đề nghị cơ quan chức năng kiểm tra, xử lý.","Đèn đường số CS 24 CN-YN Thôn Yến Nê 1 - Hòa Tiến chập chờn lúc sáng lúc tắt. Đề nghị cơ quan chức năng kiểm tra, xử lý.","Đèn_đường số CS 24 CN - YN Thôn_Yến_Nê 1 - Hòa_Tiến chập_chờn lúc sáng lúc tắt . Đề_nghị cơ_quan_chức_năng kiểm_tra , xử_lý .","đèn_đường số cs 24 cn - yn thôn_yến_nê 1 - hòa_tiến chập_chờn lúc sáng lúc tắt . đề_nghị cơ_quan_chức_năng kiểm_tra , xử_lý .","Sở Xây dựng Sở Xây dựng trân trọng cảm ơn ý kiến góp ý của Quý công dân và phản hồi một số thông tin như sau: Công ty cổ phần chiếu sáng công cộng đã kiểm tra hiện trường và hoàn thành xử lý kiến nghị, đèn đã đỏ bình thường. Sở Xây dựng thông tin để Quý công dân được biết. Trân trọng./. Ngày trả lời: 13/04/2026",Đã xử lý,https://gopy.danang.gov.vn/gop-y?pageid=view&ykien=95724,dien_luc_chieu_sang,thap
95718,Da Nang,1/4/2026 17:15,"Đề nghị kiểm tra về việc thi công vỉa hè tại địa chỉ 601 Tôn Đức Thắng, thi công từ tháng 11/2025 cho đến nay mà đơn vị thi công vẫn không chịu hoàn tất cho cửa hàng kinh doanh. Trong khi phía 2 nhà liền kề thì đã được đơn vị thi công hoàn thiện 100%, có tình trạng đơn vị thi công xin chi phí từ phía chủ nhà thì mới làm hoàn thiện.","Đề nghị kiểm tra về việc thi công vỉa hè tại địa chỉ 601 Tôn Đức Thắng, thi công từ tháng 11/2025 cho đến nay mà đơn vị thi công vẫn không chịu hoàn tất cho cửa hàng kinh doanh. Trong khi phía 2 nhà liền kề thì đã được đơn vị thi công hoàn thiện 100, có tình trạng đơn vị thi công xin chi phí từ phía chủ nhà thì mới làm hoàn thiện.","Đề_nghị kiểm_tra về việc thi_công vỉa_hè tại địa_chỉ 601 Tôn_Đức_Thắng , thi_công từ tháng 11 / 2025 cho đến nay mà đơn_vị thi_công vẫn không chịu hoàn_tất cho cửa_hàng kinh_doanh . Trong khi phía 2 nhà liền kề thì đã_được_đơn vị thi_công hoàn_thiện 100 , có tình_trạng đơn_vị thi_công xin chi_phí từ phía chủ nhà thì mới làm hoàn_thiện .","đề_nghị kiểm_tra về việc thi_công vỉa_hè tại địa_chỉ 601 tôn_đức_thắng , thi_công từ tháng 11 / 2025 cho đến nay mà đơn_vị thi_công vẫn không chịu hoàn_tất cho cửa_hàng kinh_doanh . trong khi phía 2 nhà liền kề thì đã_được_đơn vị thi_công hoàn_thiện 100 , có tình_trạng đơn_vị thi_công xin chi_phí từ phía chủ nhà thì mới làm hoàn_thiện .",Sở Xây dựng,Đã xử lý,https://gopy.danang.gov.vn/gop-y?pageid=view&ykien=95718,via_he_long_duong,trung_binh
95694,Da Nang,1/4/2026 14:03,"Tôi xin phản ánh tình trạng lấn chiếm vỉa hè để kinh doanh quán nhậu bình dân tại địa chỉ 148 Thăng Long, phường Hòa Cường. Hằng ngày, quán bày bàn ghế chiếm toàn bộ vỉa hè, gây cản trở lối đi dành cho người đi bộ. Thời gian hoạt động từ khoảng 17 giờ đến 23 giờ vẫn còn bán, ảnh hưởng đến trật tự đô thị và sinh hoạt của người dân xung quanh. Ngoài ra, còn xảy ra tình trạng khách sử dụng rượu bia đi vệ sinh vào tường nhà dân lân cận, gây mất vệ sinh, ô nhiễm môi trường và bức xúc cho các hộ dân. Mặc dù người dân đã nhiều lần phản ánh lên phường, nhưng đến nay tình trạng vẫn chưa được xử lý dứt điểm. Kính đề nghị cơ quan chức năng kiểm tra và xử lý triệt để, yêu cầu cơ sở chấm dứt việc lấn chiếm vỉa hè, đảm bảo trật tự đô thị, vệ sinh môi trường và trả lại lối đi thông thoáng cho người dân.","Tôi xin phản ánh tình trạng lấn chiếm vỉa hè để kinh doanh quán nhậu bình dân tại địa chỉ 148 Thăng Long, phường Hòa Cường. Hằng ngày, quán bày bàn ghế chiếm toàn bộ vỉa hè, gây cản trở lối đi dành cho người đi bộ. Thời gian hoạt động từ khoảng 17 giờ đến 23 giờ vẫn còn bán, ảnh hưởng đến trật tự đô thị và sinh hoạt của người dân xung quanh. Ngoài ra, còn xảy ra tình trạng khách sử dụng rượu bia đi vệ sinh vào tường nhà dân lân cận, gây mất vệ sinh, ô nhiễm môi trường và bức xúc cho các hộ dân. Mặc dù người dân đã nhiều lần phản ánh lên phường, nhưng đến nay tình trạng vẫn chưa được xử lý dứt điểm. Kính đề nghị cơ quan chức năng kiểm tra và xử lý triệt để, yêu cầu cơ sở chấm dứt việc lấn chiếm vỉa hè, đảm bảo trật tự đô thị, vệ sinh môi trường và trả lại lối đi thông thoáng cho người dân.","Tôi xin phản_ánh tình_trạng lấn_chiếm vỉa_hè để kinh_doanh quán nhậu bình_dân tại địa_chỉ 148 Thăng_Long , phường Hòa_Cường . Hằng ngày , quán bày bàn ghế chiếm toàn_bộ vỉa_hè , gây cản_trở_lối đi dành cho người đi bộ . Thời_gian hoạt_động từ khoảng 17 giờ đến 23 giờ vẫn còn bán , ảnh_hưởng đến trật_tự đô_thị và sinh_hoạt của người dân xung_quanh . Ngoài_ra , còn xảy ra tình_trạng khách sử_dụng rượu_bia đi vệ_sinh vào tường nhà dân lân_cận , gây mất vệ_sinh , ô_nhiễm môi_trường và bức_xúc cho các hộ dân . Mặc_dù người dân đã nhiều lần phản_ánh lên phường , nhưng đến nay tình_trạng vẫn chưa được xử_lý dứt_điểm . Kính_đề nghị cơ_quan_chức_năng kiểm_tra và xử_lý triệt_để , yêu_cầu cơ_sở chấm_dứt việc lấn_chiếm vỉa_hè , đảm_bảo trật_tự đô_thị , vệ_sinh môi_trường và trả lại lối đi thông_thoáng cho người dân .","tôi xin phản_ánh tình_trạng lấn_chiếm vỉa_hè để kinh_doanh quán nhậu bình_dân tại địa_chỉ 148 thăng_long , phường hòa_cường . hằng ngày , quán bày bàn ghế chiếm toàn_bộ vỉa_hè , gây cản_trở_lối đi dành cho người đi bộ . thời_gian hoạt_động từ khoảng 17 giờ đến 23 giờ vẫn còn bán , ảnh_hưởng đến trật_tự đô_thị và sinh_hoạt của người dân xung_quanh . ngoài_ra , còn xảy ra tình_trạng khách sử_dụng rượu_bia đi vệ_sinh vào tường nhà dân lân_cận , gây mất vệ_sinh , ô_nhiễm môi_trường và bức_xúc cho các hộ dân . mặc_dù người dân đã nhiều lần phản_ánh lên phường , nhưng đến nay tình_trạng vẫn chưa được xử_lý dứt_điểm . kính_đề nghị cơ_quan_chức_năng kiểm_tra và xử_lý triệt_để , yêu_cầu cơ_sở chấm_dứt việc lấn_chiếm vỉa_hè , đảm_bảo trật_tự đô_thị , vệ_sinh môi_trường và trả lại lối đi thông_thoáng cho người dân .",UBND Phường Hòa Cường,Đã xử lý,https://gopy.danang.gov.vn/gop-y?pageid=view&ykien=95694,via_he_long_duong,trung_binh
95691,Da Nang,1/4/2026 13:54,"Tôi muốn phản ánh tình trạng lấn chiếm vỉa hè tại khu vực tổ 32, phường Hòa Khánh, cụ thể tại ngã ba Hà Hồi – Nguyễn Chích. Hiện nay, tại khu vực này có các hành vi: 1. Xây dựng ki-ốt cố định để buôn bán 2. Đặt chậu cây lớn cao, chiếm dụng không gian vỉa hè 3. Xây dựng kho tạm để tập kết vật liệu xây dựng, cốp pha, tôn sàn phục vụ mục đích cá nhân Những hành vi trên đã làm thu hẹp, chiếm dụng vỉa hè, ảnh hưởng đến việc đi lại của người dân và gây mất mỹ quan đô thị. Tôi đã phản ánh với Tổ trưởng tổ 32 và được biết đã báo lên phường, tuy nhiên đến nay vẫn chưa được kiểm tra, xử lý. Kính đề nghị cơ quan chức năng quan tâm kiểm tra, xử lý tình trạng lấn chiếm vỉa hè nêu trên - Yêu cầu tháo dỡ các công trình, vật dụng vi phạm - Hoàn trả lại hiện trạng vỉa hè, đảm bảo trật tự đô thị Xin cảm ơn./.","Tôi muốn phản ánh tình trạng lấn chiếm vỉa hè tại khu vực tổ 32, phường Hòa Khánh, cụ thể tại ngã ba Hà Hồi Nguyễn Chích. Hiện nay, tại khu vực này có các hành vi: 1. Xây dựng ki-ốt cố định để buôn bán 2. Đặt chậu cây lớn cao, chiếm dụng không gian vỉa hè 3. Xây dựng kho tạm để tập kết vật liệu xây dựng, cốp pha, tôn sàn phục vụ mục đích cá nhân Những hành vi trên đã làm thu hẹp, chiếm dụng vỉa hè, ảnh hưởng đến việc đi lại của người dân và gây mất mỹ quan đô thị. Tôi đã phản ánh với Tổ trưởng tổ 32 và được biết đã báo lên phường, tuy nhiên đến nay vẫn chưa được kiểm tra, xử lý. Kính đề nghị cơ quan chức năng quan tâm kiểm tra, xử lý tình trạng lấn chiếm vỉa hè nêu trên - Yêu cầu tháo dỡ các công trình, vật dụng vi phạm - Hoàn trả lại hiện trạng vỉa hè, đảm bảo trật tự đô thị Xin cảm ơn. /.","Tôi muốn phản_ánh tình_trạng lấn_chiếm vỉa_hè tại khu_vực tổ 32 , phường Hòa_Khánh , cụ_thể tại ngã ba Hà_Hồi_Nguyễn_Chích . Hiện_nay , tại khu_vực này có các hành_vi : 1 . Xây_dựng ki - ốt cố định_để buôn_bán 2 . Đặt chậu cây lớn cao , chiếm_dụng không_gian vỉa_hè 3 . Xây_dựng kho tạm để tập_kết vật_liệu xây_dựng , cốp_pha , tôn sàn phục_vụ mục_đích cá_nhân Những hành_vi trên đã làm thu_hẹp , chiếm_dụng vỉa_hè , ảnh_hưởng đến việc đi_lại của người dân và gây mất mỹ_quan đô_thị . Tôi_đã phản_ánh với Tổ_trưởng tổ 32 và được biết đã báo lên phường , tuy_nhiên đến nay vẫn chưa được kiểm_tra , xử_lý . Kính_đề nghị cơ_quan_chức_năng quan_tâm kiểm_tra , xử_lý tình_trạng lấn_chiếm vỉa_hè nêu trên - Yêu_cầu tháo_dỡ các công_trình , vật_dụng vi_phạm - Hoàn_trả lại hiện_trạng vỉa_hè , đảm_bảo trật_tự đô_thị Xin cảm_ơn . / .","tôi muốn phản_ánh tình_trạng lấn_chiếm vỉa_hè tại khu_vực tổ 32 , phường hòa_khánh , cụ_thể tại ngã ba hà_hồi_nguyễn_chích . hiện_nay , tại khu_vực này có các hành_vi : 1 . xây_dựng ki - ốt cố định_để buôn_bán 2 . đặt chậu cây lớn cao , chiếm_dụng không_gian vỉa_hè 3 . xây_dựng kho tạm để tập_kết vật_liệu xây_dựng , cốp_pha , tôn sàn phục_vụ mục_đích cá_nhân những hành_vi trên đã làm thu_hẹp , chiếm_dụng vỉa_hè , ảnh_hưởng đến việc đi_lại của người dân và gây mất mỹ_quan đô_thị . tôi_đã phản_ánh với tổ_trưởng tổ 32 và được biết đã báo lên phường , tuy_nhiên đến nay vẫn chưa được kiểm_tra , xử_lý . kính_đề nghị cơ_quan_chức_năng quan_tâm kiểm_tra , xử_lý tình_trạng lấn_chiếm vỉa_hè nêu trên - yêu_cầu tháo_dỡ các công_trình , vật_dụng vi_phạm - hoàn_trả lại hiện_trạng vỉa_hè , đảm_bảo trật_tự đô_thị xin cảm_ơn . / .",UBND Phường Hòa Khánh,Đã xử lý,https://gopy.danang.gov.vn/gop-y?pageid=view&ykien=95691,via_he_long_duong,trung_binh
95690,Da Nang,1/4/2026 13:53,"Tại 85 Thanh Lương 5, phường Hòa Xuân hiện đang di dời vị trí trụ điện nhưng tôi thấy khi lắp trụ điện mới thì được thay thế bằng trụ sắt. Tôi thấy việc này không đảm bảo về an toàn điện. Mong cơ quan chức năng kiểm tra và đề nghị thay trụ điện sắt thành trụ bê tông./.","Tại 85 Thanh Lương 5, phường Hòa Xuân hiện đang di dời vị trí trụ điện nhưng tôi thấy khi lắp trụ điện mới thì được thay thế bằng trụ sắt. Tôi thấy việc này không đảm bảo về an toàn điện. Mong cơ quan chức năng kiểm tra và đề nghị thay trụ điện sắt thành trụ bê tông. /.","Tại 85 Thanh_Lương 5 , phường Hòa_Xuân hiện đang di_dời vị_trí trụ điện nhưng tôi thấy khi lắp trụ điện mới thì được thay_thế bằng trụ sắt . Tôi thấy việc này không đảm_bảo về an_toàn điện . Mong cơ_quan_chức_năng kiểm_tra và đề_nghị thay trụ điện sắt thành trụ bê_tông . / .","tại 85 thanh_lương 5 , phường hòa_xuân hiện đang di_dời vị_trí trụ điện nhưng tôi thấy khi lắp trụ điện mới thì được thay_thế bằng trụ sắt . tôi thấy việc này không đảm_bảo về an_toàn điện . mong cơ_quan_chức_năng kiểm_tra và đề_nghị thay trụ điện sắt thành trụ bê_tông . / .",Điện lực Đà Nẵng,Đã xử lý,https://gopy.danang.gov.vn/gop-y?pageid=view&ykien=95690,dien_luc_chieu_sang,thap
95686,Da Nang,1/4/2026 13:49,"Hiện nay, dự án đang triển khai thi công làm đường nhiều tuyến đường trong khu vực, trong đó có đường Hoàng Văn Thái. Tuy nhiên, đường Hoàng Văn Thái đã xong nhưng còn một đoạn đường gom cao tốc đi lên Túy Loan còn khoảng 100m chưa được thi công, gây tình trạng bụi bặm nghiêm trọng, ảnh hưởng đến môi trường và sinh hoạt của người dân xung quanh. Vì vậy, kính đề nghị cơ quan chức năng kiểm tra, yêu cầu đơn vị thi công hoàn thiện đồng bộ tuyến đường hoặc có biện pháp giảm bụi, đảm bảo vệ sinh môi trường trong thời gian thi công.","Hiện nay, dự án đang triển khai thi công làm đường nhiều tuyến đường trong khu vực, trong đó có đường Hoàng Văn Thái. Tuy nhiên, đường Hoàng Văn Thái đã xong nhưng còn một đoạn đường gom cao tốc đi lên Túy Loan còn khoảng 100m chưa được thi công, gây tình trạng bụi bặm nghiêm trọng, ảnh hưởng đến môi trường và sinh hoạt của người dân xung quanh. Vì vậy, kính đề nghị cơ quan chức năng kiểm tra, yêu cầu đơn vị thi công hoàn thiện đồng bộ tuyến đường hoặc có biện pháp giảm bụi, đảm bảo vệ sinh môi trường trong thời gian thi công.","Hiện_nay , dự án_đang triển_khai thi_công làm đường nhiều tuyến đường trong khu_vực , trong đó có đường Hoàng_Văn_Thái . Tuy_nhiên , đường Hoàng_Văn_Thái_đã xong nhưng còn một đoạn_đường gom cao_tốc đi lên Túy_Loan còn khoảng 100m chưa được thi_công , gây tình_trạng bụi_bặm nghiêm_trọng , ảnh_hưởng đến môi_trường và sinh_hoạt của người dân xung_quanh . Vì_vậy , kính đề_nghị cơ_quan_chức_năng kiểm_tra , yêu_cầu đơn_vị thi_công hoàn_thiện đồng_bộ tuyến đường hoặc có biện_pháp giảm bụi , đảm_bảo_vệ_sinh môi_trường trong thời_gian thi_công .","hiện_nay , dự án_đang triển_khai thi_công làm đường nhiều tuyến đường trong khu_vực , trong đó có đường hoàng_văn_thái . tuy_nhiên , đường hoàng_văn_thái_đã xong nhưng còn một đoạn_đường gom cao_tốc đi lên túy_loan còn khoảng 100m chưa được thi_công , gây tình_trạng bụi_bặm nghiêm_trọng , ảnh_hưởng đến môi_trường và sinh_hoạt của người dân xung_quanh . vì_vậy , kính đề_nghị cơ_quan_chức_năng kiểm_tra , yêu_cầu đơn_vị thi_công hoàn_thiện đồng_bộ tuyến đường hoặc có biện_pháp giảm bụi , đảm_bảo_vệ_sinh môi_trường trong thời_gian thi_công .","Trung tâm Thông tin và Giám sát, điều hành thông minh",Đang xử lý,https://gopy.danang.gov.vn/gop-y?pageid=view&ykien=95686,rac_thai_ve_sinh_moi_truong,thap
95683,Da Nang,1/4/2026 13:48,"Điện chiếu sáng tại kiệt 875/17 Nguyễn Lương Bằng bị hỏng từ trước Tết đến nay. Người dân đã báo tổ trưởng nhưng chưa được xử lý. Mong cơ quan chức năng kiểm tra, xử lý./.","Điện chiếu sáng tại kiệt 875/17 Nguyễn Lương Bằng bị hỏng từ trước Tết đến nay. Người dân đã báo tổ trưởng nhưng chưa được xử lý. Mong cơ quan chức năng kiểm tra, xử lý. /.","Điện chiếu sáng tại kiệt 875 / 17 Nguyễn_Lương_Bằng bị hỏng từ trước Tết_đến nay . Người dân đã báo tổ_trưởng nhưng chưa được xử_lý . Mong cơ_quan_chức_năng kiểm_tra , xử_lý . / .","điện chiếu sáng tại kiệt 875 / 17 nguyễn_lương_bằng bị hỏng từ trước tết_đến nay . người dân đã báo tổ_trưởng nhưng chưa được xử_lý . mong cơ_quan_chức_năng kiểm_tra , xử_lý . / .","Sở Xây dựng Sở Xây dựng trân trọng cảm ơn ý kiến góp ý của Quý công dân và phản hồi một số thông tin như sau: Công ty cổ phần chiếu sáng công cộng đã kiểm tra hiện trường và hoàn thành xử lý kiến nghị, đèn đã đỏ bình thường. Sở Xây dựng thông tin để Quý công dân được biết. Trân trọng./. Ngày trả lời: 06/04/2026",Đã xử lý,https://gopy.danang.gov.vn/gop-y?pageid=view&ykien=95683,dien_luc_chieu_sang,thap
95681,Da Nang,1/4/2026 13:42,"Tổ 64, kiệt 151 Âu Cơ khu gia đình bộ đội trinh sát 532, phường Liên Chiểu trước đây mỗi khi có mưa thì lượng nước mưa rất lớn vẫn gây ngập nhưng không đáng kể. Khoảng 2 năm trở lại đây khu bộ đội đã lấp, thu hẹp lại cống thoát nước chính tại khu vực (chỉ còn 1-1,5m) để làm sân banh nên mỗi khi mưa lớn, nước từ trên núi đổ xuống gây ngập sâu. Nhờ chính quyền can thiệp về đường cống thoát nước để tránh ngập sâu cho người dân, tôi là người dân sống ở đây nhưng nếu cống bị thu hẹp lại như vậy thì chắc chắn nước không thoát được./.","Tổ 64, kiệt 151 Âu Cơ khu gia đình bộ đội trinh sát 532, phường Liên Chiểu trước đây mỗi khi có mưa thì lượng nước mưa rất lớn vẫn gây ngập nhưng không đáng kể. Khoảng 2 năm trở lại đây khu bộ đội đã lấp, thu hẹp lại cống thoát nước chính tại khu vực (chỉ còn 1-1, 5m) để làm sân banh nên mỗi khi mưa lớn, nước từ trên núi đổ xuống gây ngập sâu. Nhờ chính quyền can thiệp về đường cống thoát nước để tránh ngập sâu cho người dân, tôi là người dân sống ở đây nhưng nếu cống bị thu hẹp lại như vậy thì chắc chắn nước không thoát được. /.","Tổ 64 , kiệt 151 Âu_Cơ khu gia_đình bộ_đội trinh_sát 532 , phường Liên_Chiểu trước đây mỗi khi có mưa thì lượng nước mưa rất lớn vẫn gây ngập nhưng không đáng_kể . Khoảng 2 năm trở_lại đây khu bộ đội_đã lấp , thu_hẹp lại cống thoát nước chính tại khu_vực ( chỉ còn 1 - 1 , 5m ) để làm sân banh nên mỗi khi mưa lớn , nước từ trên núi đổ xuống gây ngập sâu . Nhờ chính_quyền can_thiệp về đường cống thoát nước để tránh ngập sâu cho người dân , tôi là người dân sống ở đây nhưng nếu cống bị thu_hẹp lại như_vậy thì chắc_chắn nước không thoát được . / .","tổ 64 , kiệt 151 âu_cơ khu gia_đình bộ_đội trinh_sát 532 , phường liên_chiểu trước đây mỗi khi có mưa thì lượng nước mưa rất lớn vẫn gây ngập nhưng không đáng_kể . khoảng 2 năm trở_lại đây khu bộ đội_đã lấp , thu_hẹp lại cống thoát nước chính tại khu_vực ( chỉ còn 1 - 1 , 5m ) để làm sân banh nên mỗi khi mưa lớn , nước từ trên núi đổ xuống gây ngập sâu . nhờ chính_quyền can_thiệp về đường cống thoát nước để tránh ngập sâu cho người dân , tôi là người dân sống ở đây nhưng nếu cống bị thu_hẹp lại như_vậy thì chắc_chắn nước không thoát được . / .",UBND Phường Liên Chiểu,Đã xử lý,https://gopy.danang.gov.vn/gop-y?pageid=view&ykien=95681,cong_ho_ga_thoat_nuoc,thap
95675,Da Nang,1/4/2026 11:58,"Kính gửi cơ quan chức năng, Tôi xin phản ánh tình trạng bóng đèn chiếu sáng công cộng tại địa chỉ hẻm 382/20/11 Tôn Đản, phường An Khê đã bị hỏng (không sáng) hơn một tuần nay. Khu vực này có mật độ dân cư đi lại đông, việc đèn hỏng gây tối tăm, tiềm ẩn nguy cơ mất an toàn giao thông và an ninh trật tự vào ban đêm. Kính mong đơn vị quản lý vận hành điện chiếu sáng sớm kiểm tra và thay thế bóng mới để bà con đi lại thuận tiện. Xin cảm ơn!","Kính gửi cơ quan chức năng, Tôi xin phản ánh tình trạng bóng đèn chiếu sáng công cộng tại địa chỉ hẻm 382/20/11 Tôn Đản, phường An Khê đã bị hỏng (không sáng) hơn một tuần nay. Khu vực này có mật độ dân cư đi lại đông, việc đèn hỏng gây tối tăm, tiềm ẩn nguy cơ mất an toàn giao thông và an ninh trật tự vào ban đêm. Kính mong đơn vị quản lý vận hành điện chiếu sáng sớm kiểm tra và thay thế bóng mới để bà con đi lại thuận tiện. Xin cảm ơn","Kính gửi cơ_quan_chức_năng , Tôi xin phản_ánh tình_trạng bóng đèn_chiếu sáng công_cộng tại địa_chỉ hẻm 382 / 20 / 11 Tôn_Đản , phường An_Khê_đã bị hỏng ( không sáng ) hơn một tuần nay . Khu_vực này có mật_độ dân_cư đi_lại đông , việc đèn hỏng gây tối_tăm , tiềm_ẩn nguy_cơ mất an_toàn giao_thông và an_ninh trật_tự vào ban_đêm . Kính mong đơn_vị quản_lý vận_hành điện chiếu sáng sớm kiểm_tra và thay_thế bóng mới để bà_con đi_lại thuận_tiện . Xin cảm_ơn","kính gửi cơ_quan_chức_năng , tôi xin phản_ánh tình_trạng bóng đèn_chiếu sáng công_cộng tại địa_chỉ hẻm 382 / 20 / 11 tôn_đản , phường an_khê_đã bị hỏng ( không sáng ) hơn một tuần nay . khu_vực này có mật_độ dân_cư đi_lại đông , việc đèn hỏng gây tối_tăm , tiềm_ẩn nguy_cơ mất an_toàn giao_thông và an_ninh trật_tự vào ban_đêm . kính mong đơn_vị quản_lý vận_hành điện chiếu sáng sớm kiểm_tra và thay_thế bóng mới để bà_con đi_lại thuận_tiện . xin cảm_ơn",UBND Phường An Khê,Đã xử lý,https://gopy.danang.gov.vn/gop-y?pageid=view&ykien=95675,dien_luc_chieu_sang,cao
95670,Da Nang,1/4/2026 11:40,"Tại vỉa hè ngay đường Đỗ Quang và Nguyễn Văn Linh có 2 cây xanh bị chết, trong đó có 1 cây trồng năm 2024 trồng xuống là chết. Đến cuối 2025 họ không thay cây mới và họ đem đến 1 cây nữa trồng xuống bên cạnh và chèn chống cẩn thận giống như mới trồng mới 2 cây. Hai cây này kể từ khi trồng xuống không sống được ngày nào trông mất mỹ quan đô thị mong chính quyền xem xét.","Tại vỉa hè ngay đường Đỗ Quang và Nguyễn Văn Linh có 2 cây xanh bị chết, trong đó có 1 cây trồng năm 2024 trồng xuống là chết. Đến cuối 2025 họ không thay cây mới và họ đem đến 1 cây nữa trồng xuống bên cạnh và chèn chống cẩn thận giống như mới trồng mới 2 cây. Hai cây này kể từ khi trồng xuống không sống được ngày nào trông mất mỹ quan đô thị mong chính quyền xem xét.","Tại vỉa_hè ngay đường Đỗ_Quang và Nguyễn_Văn_Linh có 2 cây_xanh bị chết , trong đó có 1 cây_trồng năm 2024 trồng xuống là chết . Đến cuối 2025 họ không thay cây mới và họ đem_đến 1 cây nữa trồng xuống bên cạnh và chèn chống cẩn_thận giống như mới trồng mới 2 cây . Hai cây này kể từ khi trồng xuống không sống được ngày nào trông mất mỹ_quan đô_thị mong chính_quyền xem_xét .","tại vỉa_hè ngay đường đỗ_quang và nguyễn_văn_linh có 2 cây_xanh bị chết , trong đó có 1 cây_trồng năm 2024 trồng xuống là chết . đến cuối 2025 họ không thay cây mới và họ đem_đến 1 cây nữa trồng xuống bên cạnh và chèn chống cẩn_thận giống như mới trồng mới 2 cây . hai cây này kể từ khi trồng xuống không sống được ngày nào trông mất mỹ_quan đô_thị mong chính_quyền xem_xét .",UBND Phường Thanh Khê,Đã xử lý,https://gopy.danang.gov.vn/gop-y?pageid=view&ykien=95670,cay_xanh_vat_can,trung_binh
95661,Da Nang,1/4/2026 10:37,"Tôi xin phản ánh về tình trạng đèn tín hiệu giao thông tại ngã tư Hoàng Hoa Thám – Lý Thái Tổ (trụ đèn gần cửa hàng xe điện Yadea Như Yên). Hiện tại, đèn tín hiệu có dấu hiệu hoạt động không ổn định như sau: Ở lượt đèn xanh thứ nhất, đèn có hiển thị đếm giây bình thường. Tuy nhiên, sang lượt đèn xanh thứ hai thì đèn không hiển thị đếm giây. Sau đó, các lượt tiếp theo lại có thể hoạt động bình thường hoặc lặp lại lỗi như trên. Điều này gây khó khăn cho người tham gia giao thông trong việc quan sát và chủ động di chuyển. Đặc biệt, khi lực lượng chức năng kiểm tra, đèn có thể hoạt động bình thường, nên khó phát hiện lỗi ngay. Vì vậy, kính mong cơ quan chức năng theo dõi trong nhiều chu kỳ đèn (2–3 lượt đèn xanh liên tiếp) để xác định chính xác sự cố và có hướng khắc phục. Xin chân thành cảm ơn!","Tôi xin phản ánh về tình trạng đèn tín hiệu giao thông tại ngã tư Hoàng Hoa Thám Lý Thái Tổ (trụ đèn gần cửa hàng xe điện Yadea Như Yên). Hiện tại, đèn tín hiệu có dấu hiệu hoạt động không ổn định như sau: Ở lượt đèn xanh thứ nhất, đèn có hiển thị đếm giây bình thường. Tuy nhiên, sang lượt đèn xanh thứ hai thì đèn không hiển thị đếm giây. Sau đó, các lượt tiếp theo lại có thể hoạt động bình thường hoặc lặp lại lỗi như trên. Điều này gây khó khăn cho người tham gia giao thông trong việc quan sát và chủ động di chuyển. Đặc biệt, khi lực lượng chức năng kiểm tra, đèn có thể hoạt động bình thường, nên khó phát hiện lỗi ngay. Vì vậy, kính mong cơ quan chức năng theo dõi trong nhiều chu kỳ đèn (2 3 lượt đèn xanh liên tiếp) để xác định chính xác sự cố và có hướng khắc phục. Xin chân thành cảm ơn","Tôi xin phản_ánh về tình_trạng đèn tín_hiệu giao_thông tại ngã tư Hoàng_Hoa_Thám_Lý_Thái_Tổ ( trụ đèn gần cửa_hàng xe điện_Yadea_Như_Yên ) . Hiện_tại , đèn tín_hiệu có dấu_hiệu hoạt_động không ổn_định như sau : Ở lượt đèn_xanh thứ nhất , đèn có hiển_thị đếm giây bình_thường . Tuy_nhiên , sang lượt đèn_xanh thứ hai thì đèn không hiển_thị đếm giây . Sau_đó , các lượt tiếp_theo lại có_thể hoạt_động bình_thường hoặc lặp lại lỗi như trên . Điều này gây khó_khăn cho người tham_gia giao_thông trong việc quan_sát và chủ_động di_chuyển . Đặc_biệt , khi lực_lượng chức_năng kiểm_tra , đèn có_thể hoạt_động bình_thường , nên khó phát_hiện lỗi ngay . Vì_vậy , kính mong cơ_quan_chức_năng theo_dõi trong nhiều chu_kỳ đèn ( 2 3 lượt đèn_xanh liên_tiếp ) để xác_định chính_xác sự_cố và có hướng khắc_phục . Xin chân_thành cảm_ơn","tôi xin phản_ánh về tình_trạng đèn tín_hiệu giao_thông tại ngã tư hoàng_hoa_thám_lý_thái_tổ ( trụ đèn gần cửa_hàng xe điện_yadea_như_yên ) . hiện_tại , đèn tín_hiệu có dấu_hiệu hoạt_động không ổn_định như sau : ở lượt đèn_xanh thứ nhất , đèn có hiển_thị đếm giây bình_thường . tuy_nhiên , sang lượt đèn_xanh thứ hai thì đèn không hiển_thị đếm giây . sau_đó , các lượt tiếp_theo lại có_thể hoạt_động bình_thường hoặc lặp lại lỗi như trên . điều này gây khó_khăn cho người tham_gia giao_thông trong việc quan_sát và chủ_động di_chuyển . đặc_biệt , khi lực_lượng chức_năng kiểm_tra , đèn có_thể hoạt_động bình_thường , nên khó phát_hiện lỗi ngay . vì_vậy , kính mong cơ_quan_chức_năng theo_dõi trong nhiều chu_kỳ đèn ( 2 3 lượt đèn_xanh liên_tiếp ) để xác_định chính_xác sự_cố và có hướng khắc_phục . xin chân_thành cảm_ơn",Sở Xây dựng,Đã xử lý,https://gopy.danang.gov.vn/gop-y?pageid=view&ykien=95661,den_tin_hieu,cao
95659,Da Nang,1/4/2026 10:12,"Hố ga cáp quang trên vỉa hè trước số nhà 56 Núi Thành, phường Hòa Cường bị hư hỏng. Đề nghị cơ quan chức năng khắc phục để đảm bảo an toàn lối đi bộ vì trẻm em dễ bị lọt chân.","Hố ga cáp quang trên vỉa hè trước số nhà 56 Núi Thành, phường Hòa Cường bị hư hỏng. Đề nghị cơ quan chức năng khắc phục để đảm bảo an toàn lối đi bộ vì trẻm em dễ bị lọt chân.","Hố_ga cáp_quang trên vỉa_hè trước số nhà 56 Núi_Thành , phường Hòa_Cường bị hư_hỏng . Đề_nghị cơ_quan_chức_năng khắc_phục để_đảm bảo_an_toàn lối đi bộ vì trẻm em dễ bị lọt chân .","hố_ga cáp_quang trên vỉa_hè trước số nhà 56 núi_thành , phường hòa_cường bị hư_hỏng . đề_nghị cơ_quan_chức_năng khắc_phục để_đảm bảo_an_toàn lối đi bộ vì trẻm em dễ bị lọt chân .",Sở Khoa học và Công nghệ,Đã xử lý,https://gopy.danang.gov.vn/gop-y?pageid=view&ykien=95659,via_he_long_duong,trung_binh
95640,Da Nang,1/4/2026 7:44,"Tôi đã nhiều lần phản ánh về tình trạng cơ sở hạ tầng tại kiệt 76 Hòa Mỹ 9, phường Hòa Khánh. Trong thời gian qua, tôi đã nhận được nhiều phản hồi từ các đơn vị liên quan với các nội dung như: tuyến kiệt đã được phê duyệt chủ trương đầu tư, dự kiến triển khai từ giữa năm 2025; sau đó tiếp tục được thông tin sẽ khảo sát, đưa vào danh mục đầu tư năm 2026; và gần đây là thuộc dự án nâng cấp, cải tạo hạ tầng khu vực, dự kiến triển khai trong năm 2026. Tuy nhiên, đến nay đã hết quý I/2026, thực tế tại khu vực vẫn chưa có bất kỳ chuyển biến nào. Hạ tầng còn rất nhiều bất cập như: Đường chưa được bê tông hóa, đi lại khó khăn, chưa có hệ thống thoát nước, không có điện chiếu sáng, nhà chưa được đánh số, cỏ mọc um tùm, gây mất mỹ quan và tiềm ẩn nguy cơ mất an toàn Việc phản hồi qua nhiều giai đoạn nhưng không có tiến triển cụ thể đã gây bức xúc cho người dân. Tình trạng này tôi đã phản ánh kéo dài hơn 3 năm, tuy nhiên đến nay vẫn chưa được giải quyết dứt điểm. Nay, một lần nữa tôi kính đề nghị cơ quan chức năng: - Có thông tin cụ thể, rõ ràng về tiến độ thực hiện dự án - Trường hợp chưa thể triển khai, đề nghị trả lời chính thức để người dân được biết - Sớm thực hiện đầu tư, nâng cấp cơ sở hạ tầng, đảm bảo điều kiện sinh hoạt cho người dân Kính mong được quan tâm xem xét và giải quyết dứt điểm. Xin cảm ơn./.","Tôi đã nhiều lần phản ánh về tình trạng cơ sở hạ tầng tại kiệt 76 Hòa Mỹ 9, phường Hòa Khánh. Trong thời gian qua, tôi đã nhận được nhiều phản hồi từ các đơn vị liên quan với các nội dung như: tuyến kiệt đã được phê duyệt chủ trương đầu tư, dự kiến triển khai từ giữa năm 2025; sau đó tiếp tục được thông tin sẽ khảo sát, đưa vào danh mục đầu tư năm 2026; và gần đây là thuộc dự án nâng cấp, cải tạo hạ tầng khu vực, dự kiến triển khai trong năm 2026. Tuy nhiên, đến nay đã hết quý I/2026, thực tế tại khu vực vẫn chưa có bất kỳ chuyển biến nào. Hạ tầng còn rất nhiều bất cập như: Đường chưa được bê tông hóa, đi lại khó khăn, chưa có hệ thống thoát nước, không có điện chiếu sáng, nhà chưa được đánh số, cỏ mọc um tùm, gây mất mỹ quan và tiềm ẩn nguy cơ mất an toàn Việc phản hồi qua nhiều giai đoạn nhưng không có tiến triển cụ thể đã gây bức xúc cho người dân. Tình trạng này tôi đã phản ánh kéo dài hơn 3 năm, tuy nhiên đến nay vẫn chưa được giải quyết dứt điểm. Nay, một lần nữa tôi kính đề nghị cơ quan chức năng: - Có thông tin cụ thể, rõ ràng về tiến độ thực hiện dự án - Trường hợp chưa thể triển khai, đề nghị trả lời chính thức để người dân được biết - Sớm thực hiện đầu tư, nâng cấp cơ sở hạ tầng, đảm bảo điều kiện sinh hoạt cho người dân Kính mong được quan tâm xem xét và giải quyết dứt điểm. Xin cảm ơn. /.","Tôi_đã nhiều lần phản_ánh về tình_trạng cơ_sở hạ_tầng tại kiệt 76 Hòa_Mỹ 9 , phường Hòa_Khánh . Trong thời_gian qua , tôi đã nhận được nhiều phản_hồi từ các đơn_vị liên_quan với các nội_dung như : tuyến kiệt đã_được phê_duyệt chủ_trương đầu_tư , dự_kiến triển_khai từ giữa năm 2025 ; sau đó tiếp_tục được thông_tin sẽ khảo_sát , đưa vào danh_mục đầu_tư năm 2026 ; và gần đây là thuộc dự_án nâng_cấp , cải_tạo hạ_tầng khu_vực , dự_kiến triển_khai trong năm 2026 . Tuy_nhiên , đến nay đã hết quý I / 2026 , thực_tế tại khu_vực vẫn chưa có bất_kỳ chuyển_biến nào . Hạ_tầng còn rất nhiều bất_cập như : Đường chưa được bê_tông_hóa , đi_lại khó_khăn , chưa có hệ_thống thoát nước , không có điện chiếu sáng , nhà chưa được_đánh số , cỏ mọc um_tùm , gây mất mỹ_quan và tiềm_ẩn nguy_cơ mất an_toàn Việc phản_hồi qua nhiều giai_đoạn nhưng không có tiến_triển cụ_thể đã gây bức_xúc cho người dân . Tình_trạng này tôi đã phản_ánh kéo_dài hơn 3 năm , tuy_nhiên đến nay vẫn chưa được giải_quyết dứt_điểm . Nay , một lần nữa tôi kính đề_nghị cơ_quan_chức_năng : - Có thông_tin cụ_thể , rõ_ràng về tiến_độ thực_hiện dự_án - Trường_hợp chưa thể triển_khai , đề_nghị trả_lời chính_thức để người dân được biết - Sớm thực_hiện đầu_tư , nâng_cấp cơ_sở hạ_tầng , đảm_bảo điều_kiện sinh_hoạt cho người dân Kính_mong được quan_tâm xem_xét và giải_quyết dứt_điểm . Xin cảm_ơn . / .","tôi_đã nhiều lần phản_ánh về tình_trạng cơ_sở hạ_tầng tại kiệt 76 hòa_mỹ 9 , phường hòa_khánh . trong thời_gian qua , tôi đã nhận được nhiều phản_hồi từ các đơn_vị liên_quan với các nội_dung như : tuyến kiệt đã_được phê_duyệt chủ_trương đầu_tư , dự_kiến triển_khai từ giữa năm 2025 ; sau đó tiếp_tục được thông_tin sẽ khảo_sát , đưa vào danh_mục đầu_tư năm 2026 ; và gần đây là thuộc dự_án nâng_cấp , cải_tạo hạ_tầng khu_vực , dự_kiến triển_khai trong năm 2026 . tuy_nhiên , đến nay đã hết quý i / 2026 , thực_tế tại khu_vực vẫn chưa có bất_kỳ chuyển_biến nào . hạ_tầng còn rất nhiều bất_cập như : đường chưa được bê_tông_hóa , đi_lại khó_khăn , chưa có hệ_thống thoát nước , không có điện chiếu sáng , nhà chưa được_đánh số , cỏ mọc um_tùm , gây mất mỹ_quan và tiềm_ẩn nguy_cơ mất an_toàn việc phản_hồi qua nhiều giai_đoạn nhưng không có tiến_triển cụ_thể đã gây bức_xúc cho người dân . tình_trạng này tôi đã phản_ánh kéo_dài hơn 3 năm , tuy_nhiên đến nay vẫn chưa được giải_quyết dứt_điểm . nay , một lần nữa tôi kính đề_nghị cơ_quan_chức_năng : - có thông_tin cụ_thể , rõ_ràng về tiến_độ thực_hiện dự_án - trường_hợp chưa thể triển_khai , đề_nghị trả_lời chính_thức để người dân được biết - sớm thực_hiện đầu_tư , nâng_cấp cơ_sở hạ_tầng , đảm_bảo điều_kiện sinh_hoạt cho người dân kính_mong được quan_tâm xem_xét và giải_quyết dứt_điểm . xin cảm_ơn . / .",UBND Phường Hòa Khánh,Đã xử lý,https://gopy.danang.gov.vn/gop-y?pageid=view&ykien=95640,duong_cau_ha_tang_hu_hong,cao
95633,Da Nang,1/4/2026 7:24,"Hiện tại đèn chiếu sáng tại kiệt 382/20/9A Tôn Đản, An khê đã bị hỏng rất nhiều ngày, tôi báo tổ trưởng và tổ trưởng cũng đã báo với phường nhưng hiện tại đèn vẫn không hoạt động. Nhờ các cấp lãnh đạo quan tâm sửa chữa để bà con có đèn đường trong kiệt tránh tai nạn không mong muốn xảy ra. Cảm ơn các cấp lãnh đạo.","Hiện tại đèn chiếu sáng tại kiệt 382/20/9A Tôn Đản, An khê đã bị hỏng rất nhiều ngày, tôi báo tổ trưởng và tổ trưởng cũng đã báo với phường nhưng hiện tại đèn vẫn không hoạt động. Nhờ các cấp lãnh đạo quan tâm sửa chữa để bà con có đèn đường trong kiệt tránh tai nạn không mong muốn xảy ra. Cảm ơn các cấp lãnh đạo.","Hiện_tại đèn_chiếu sáng tại kiệt 382 / 20 / 9A Tôn_Đản , An_khê đã bị hỏng rất nhiều ngày , tôi báo tổ_trưởng và tổ_trưởng cũng đã báo với phường nhưng hiện_tại đèn vẫn không hoạt_động . Nhờ các cấp lãnh_đạo quan_tâm sửa_chữa để bà_con có đèn_đường trong kiệt tránh tai_nạn không mong_muốn xảy ra . Cảm_ơn các cấp lãnh_đạo .","hiện_tại đèn_chiếu sáng tại kiệt 382 / 20 / 9a tôn_đản , an_khê đã bị hỏng rất nhiều ngày , tôi báo tổ_trưởng và tổ_trưởng cũng đã báo với phường nhưng hiện_tại đèn vẫn không hoạt_động . nhờ các cấp lãnh_đạo quan_tâm sửa_chữa để bà_con có đèn_đường trong kiệt tránh tai_nạn không mong_muốn xảy ra . cảm_ơn các cấp lãnh_đạo .",UBND Phường An Khê,Đã xử lý,https://gopy.danang.gov.vn/gop-y?pageid=view&ykien=95633,dien_luc_chieu_sang,cao
95598,Da Nang,14:52 31/03/2026,"Tôi xin phản ánh việc đơn vị thi công sửa chữa đường ống nước bị hư hỏng, tràn ra đường tại khu vực trước nhà số 4 đường An Hải 3, phường An Hải. Đơn vị đã tiến hành đào toàn bộ phần hiên trước nhà để xử lý sự cố. Tuy nhiên, sau khi sửa chữa xong, đến nay vẫn chưa hoàn trả lại mặt bằng, phần đất bị đào vẫn để ngổn ngang nhiều mét, sát ngay cửa ra vào, gây bất tiện trong sinh hoạt. Công trình được đào từ ngày Chủ nhật ngày 29/3, nhưng đến nay 31/3 vẫn chưa được lấp lại, ảnh hưởng trực tiếp đến gia đình tôi. Kính đề nghị công ty cấp nước Đà Nẵng kiểm tra, yêu cầu đơn vị thi công khẩn trương hoàn trả mặt bằng, đảm bảo an toàn và sinh hoạt cho người dân. Có hình ảnh đính kèm.","Tôi xin phản ánh việc đơn vị thi công sửa chữa đường ống nước bị hư hỏng, tràn ra đường tại khu vực trước nhà số 4 đường An Hải 3, phường An Hải. Đơn vị đã tiến hành đào toàn bộ phần hiên trước nhà để xử lý sự cố. Tuy nhiên, sau khi sửa chữa xong, đến nay vẫn chưa hoàn trả lại mặt bằng, phần đất bị đào vẫn để ngổn ngang nhiều mét, sát ngay cửa ra vào, gây bất tiện trong sinh hoạt. Công trình được đào từ ngày Chủ nhật ngày 29/3, nhưng đến nay 31/3 vẫn chưa được lấp lại, ảnh hưởng trực tiếp đến gia đình tôi. Kính đề nghị công ty cấp nước Đà Nẵng kiểm tra, yêu cầu đơn vị thi công khẩn trương hoàn trả mặt bằng, đảm bảo an toàn và sinh hoạt cho người dân. Có hình ảnh đính kèm.","Tôi xin phản_ánh việc đơn_vị thi_công sửa_chữa đường_ống nước bị hư_hỏng , tràn ra đường tại khu_vực trước nhà số 4 đường An_Hải 3 , phường An_Hải . Đơn_vị đã tiến_hành đào toàn_bộ phần hiên trước nhà để xử_lý_sự_cố . Tuy_nhiên , sau khi sửa_chữa xong , đến nay vẫn chưa hoàn_trả lại mặt_bằng , phần đất bị đào vẫn để ngổn_ngang nhiều mét , sát ngay cửa ra vào , gây bất_tiện trong sinh_hoạt . Công_trình được_đào từ ngày Chủ_nhật ngày 29 / 3 , nhưng đến nay 31 / 3 vẫn chưa được lấp lại , ảnh_hưởng trực_tiếp đến gia_đình tôi . Kính_đề nghị công_ty cấp_nước Đà_Nẵng kiểm_tra , yêu_cầu đơn_vị thi_công khẩn_trương hoàn_trả mặt_bằng , đảm_bảo_an_toàn và sinh_hoạt cho người dân . Có hình ảnh_đính kèm .","tôi xin phản_ánh việc đơn_vị thi_công sửa_chữa đường_ống nước bị hư_hỏng , tràn ra đường tại khu_vực trước nhà số 4 đường an_hải 3 , phường an_hải . đơn_vị đã tiến_hành đào toàn_bộ phần hiên trước nhà để xử_lý_sự_cố . tuy_nhiên , sau khi sửa_chữa xong , đến nay vẫn chưa hoàn_trả lại mặt_bằng , phần đất bị đào vẫn để ngổn_ngang nhiều mét , sát ngay cửa ra vào , gây bất_tiện trong sinh_hoạt . công_trình được_đào từ ngày chủ_nhật ngày 29 / 3 , nhưng đến nay 31 / 3 vẫn chưa được lấp lại , ảnh_hưởng trực_tiếp đến gia_đình tôi . kính_đề nghị công_ty cấp_nước đà_nẵng kiểm_tra , yêu_cầu đơn_vị thi_công khẩn_trương hoàn_trả mặt_bằng , đảm_bảo_an_toàn và sinh_hoạt cho người dân . có hình ảnh_đính kèm .",Công ty Cổ phần Cấp nước Đà Nẵng (ngoài hệ thống),Đang xử lý,https://gopy.danang.gov.vn/gop-y?pageid=view&ykien=95598,cong_ho_ga_thoat_nuoc,trung_binh
95596,Da Nang,14:50 31/03/2026,"Tôi xin phản ánh tình trạng thi công hố ga tại khu vực trước nhà số 470 đường Nguyễn Lương Bằng, phường Hải Vân, ngay khu vực ngã ba. Hố ga đã được đào xới từ trước Tết đến nay nhưng chưa hoàn thiện, hiện đang để ngổn ngang, không được lấp lại. Người dân che chắn tạm bợ bằng áo mưa và cành cây nhưng không đảm bảo an toàn. Người dân đi ngang mà không để ý có thể bị sụp xuống hố, đặc biệt vào ban đêm gây mất an toàn giao thông. Kính mong cơ quan chức năng kiểm tra, yêu cầu đơn vị thi công khẩn trương hoàn thiện hoặc có biện pháp che chắn an toàn đúng quy định. Xin cảm ơn.","Tôi xin phản ánh tình trạng thi công hố ga tại khu vực trước nhà số 470 đường Nguyễn Lương Bằng, phường Hải Vân, ngay khu vực ngã ba. Hố ga đã được đào xới từ trước Tết đến nay nhưng chưa hoàn thiện, hiện đang để ngổn ngang, không được lấp lại. Người dân che chắn tạm bợ bằng áo mưa và cành cây nhưng không đảm bảo an toàn. Người dân đi ngang mà không để ý có thể bị sụp xuống hố, đặc biệt vào ban đêm gây mất an toàn giao thông. Kính mong cơ quan chức năng kiểm tra, yêu cầu đơn vị thi công khẩn trương hoàn thiện hoặc có biện pháp che chắn an toàn đúng quy định. Xin cảm ơn.","Tôi xin phản_ánh tình_trạng thi_công hố_ga tại khu_vực trước nhà số 470 đường Nguyễn_Lương_Bằng , phường Hải_Vân , ngay khu_vực ngã ba . Hố_ga đã_được_đào xới từ trước Tết_đến nay nhưng chưa hoàn_thiện , hiện đang_để ngổn_ngang , không được lấp lại . Người dân che_chắn tạm_bợ bằng áo_mưa và cành cây nhưng không đảm_bảo_an_toàn . Người dân đi ngang mà không để_ý có_thể bị sụp xuống hố , đặc_biệt vào ban_đêm gây mất an_toàn giao_thông . Kính mong cơ_quan_chức_năng kiểm_tra , yêu_cầu đơn_vị thi_công khẩn_trương hoàn_thiện hoặc có biện_pháp che_chắn an_toàn đúng quy_định . Xin cảm_ơn .","tôi xin phản_ánh tình_trạng thi_công hố_ga tại khu_vực trước nhà số 470 đường nguyễn_lương_bằng , phường hải_vân , ngay khu_vực ngã ba . hố_ga đã_được_đào xới từ trước tết_đến nay nhưng chưa hoàn_thiện , hiện đang_để ngổn_ngang , không được lấp lại . người dân che_chắn tạm_bợ bằng áo_mưa và cành cây nhưng không đảm_bảo_an_toàn . người dân đi ngang mà không để_ý có_thể bị sụp xuống hố , đặc_biệt vào ban_đêm gây mất an_toàn giao_thông . kính mong cơ_quan_chức_năng kiểm_tra , yêu_cầu đơn_vị thi_công khẩn_trương hoàn_thiện hoặc có biện_pháp che_chắn an_toàn đúng quy_định . xin cảm_ơn .",Sở Xây dựng,Đã xử lý,https://gopy.danang.gov.vn/gop-y?pageid=view&ykien=95596,cong_ho_ga_thoat_nuoc,cao
95549,Da Nang,10:05 31/03/2026,"Tại 338 Thăng Long, phường Cẩm Lệ có 1 bóng đèn nhấp nháy nửa tháng nay. Kính đề nghị cơ quan chức năng kiểm tra và xử lý./.","Tại 338 Thăng Long, phường Cẩm Lệ có 1 bóng đèn nhấp nháy nửa tháng nay. Kính đề nghị cơ quan chức năng kiểm tra và xử lý. /.","Tại 338 Thăng_Long , phường Cẩm_Lệ có 1 bóng đèn nhấp_nháy nửa tháng nay . Kính_đề nghị cơ_quan_chức_năng kiểm_tra và xử_lý . / .","tại 338 thăng_long , phường cẩm_lệ có 1 bóng đèn nhấp_nháy nửa tháng nay . kính_đề nghị cơ_quan_chức_năng kiểm_tra và xử_lý . / .","Sở Xây dựng Sở Xây dựng trân trọng cảm ơn ý kiến góp ý của Quý công dân và phản hồi một số thông tin như sau: Công ty cổ phần chiếu sáng công cộng đã kiểm tra hiện trường và hoàn thành xử lý kiến nghị, đèn đã đỏ bình thường. Sở Xây dựng thông tin để Quý công dân được biết. Trân trọng./. Ngày trả lời: 06/04/2026",Đã xử lý,https://gopy.danang.gov.vn/gop-y?pageid=view&ykien=95549,dien_luc_chieu_sang,thap
95529,Da Nang,08:34 31/03/2026,"Tiệm cơm đối diện 42 Loseby, phường An Hải để bảng hiệu dưới lòng đường, gây cản trở và ảnh hưởng đến an toàn giao thông. Đề nghị cơ quan chức năng kiểm tra, xử lý./.","Tiệm cơm đối diện 42 Loseby, phường An Hải để bảng hiệu dưới lòng đường, gây cản trở và ảnh hưởng đến an toàn giao thông. Đề nghị cơ quan chức năng kiểm tra, xử lý. /.","Tiệm cơm đối_diện 42 Loseby , phường An_Hải_để bảng_hiệu dưới lòng_đường , gây cản_trở và ảnh_hưởng đến an_toàn giao_thông . Đề_nghị cơ_quan_chức_năng kiểm_tra , xử_lý . / .","tiệm cơm đối_diện 42 loseby , phường an_hải_để bảng_hiệu dưới lòng_đường , gây cản_trở và ảnh_hưởng đến an_toàn giao_thông . đề_nghị cơ_quan_chức_năng kiểm_tra , xử_lý . / .",UBND Phường An Hải,Đã xử lý,https://gopy.danang.gov.vn/gop-y?pageid=view&ykien=95529,cay_xanh_vat_can,trung_binh
95512,Da Nang,20:02 30/03/2026,"Đèn chiếu sáng tại đường Hoàng Phê, thôn An Ngãi Tây 1, phường Hòa Khánh không sáng. Mong cơ quan chức năng kiểm tra, xử lý./.","Đèn chiếu sáng tại đường Hoàng Phê, thôn An Ngãi Tây 1, phường Hòa Khánh không sáng. Mong cơ quan chức năng kiểm tra, xử lý. /.","Đèn_chiếu sáng tại đường Hoàng_Phê , thôn An_Ngãi_Tây 1 , phường Hòa_Khánh không sáng . Mong cơ_quan_chức_năng kiểm_tra , xử_lý . / .","đèn_chiếu sáng tại đường hoàng_phê , thôn an_ngãi_tây 1 , phường hòa_khánh không sáng . mong cơ_quan_chức_năng kiểm_tra , xử_lý . / .","Sở Xây dựng Sở Xây dựng trân trọng cảm ơn ý kiến góp ý của Quý công dân và phản hồi một số thông tin như sau: Công ty cổ phần chiếu sáng công cộng đã kiểm tra hiện trường và hoàn thành xử lý kiến nghị, đèn đã đỏ bình thường. Sở Xây dựng thông tin để Quý công dân được biết. Trân trọng./. Ngày trả lời: 06/04/2026",Đã xử lý,https://gopy.danang.gov.vn/gop-y?pageid=view&ykien=95512,dien_luc_chieu_sang,thap
95460,Da Nang,13:50 30/03/2026,"Điện chiếu sáng tại đường Võ Tự đoạn Trung Lập 12 giao Võ Tự, phường Hải Vân hiện không sáng. Khu vực này đã lắp trụ đèn nhưng không hiểu sao lại không được mở điện. Mong cơ quan chức năng kiểm tra, xử lý giúp./.","Điện chiếu sáng tại đường Võ Tự đoạn Trung Lập 12 giao Võ Tự, phường Hải Vân hiện không sáng. Khu vực này đã lắp trụ đèn nhưng không hiểu sao lại không được mở điện. Mong cơ quan chức năng kiểm tra, xử lý giúp. /.","Điện chiếu sáng tại đường Võ_Tự_đoạn_Trung_Lập 12 giao Võ_Tự , phường Hải_Vân hiện không sáng . Khu_vực này đã lắp trụ đèn nhưng không hiểu sao lại không được mở điện . Mong cơ_quan_chức_năng kiểm_tra , xử_lý giúp . / .","điện chiếu sáng tại đường võ_tự_đoạn_trung_lập 12 giao võ_tự , phường hải_vân hiện không sáng . khu_vực này đã lắp trụ đèn nhưng không hiểu sao lại không được mở điện . mong cơ_quan_chức_năng kiểm_tra , xử_lý giúp . / .",UBND Phường Hải Vân,Đã xử lý,https://gopy.danang.gov.vn/gop-y?pageid=view&ykien=95460,dien_luc_chieu_sang,thap
95459,Da Nang,13:50 30/03/2026,"Trước số nhà 17 đường Nguyễn Đức Cảnh, phường Hải Châu, có cây xanh bị mục rỗng, tiềm ẩn nguy cơ gãy đổ, mất an toàn cho người dân và phương tiện lưu thông. Đề nghị cơ quan chức năng kiểm tra, xử lý kịp thời, nhằm đảm bảo an toàn trong khu vực. Xin cảm ơn./.","Trước số nhà 17 đường Nguyễn Đức Cảnh, phường Hải Châu, có cây xanh bị mục rỗng, tiềm ẩn nguy cơ gãy đổ, mất an toàn cho người dân và phương tiện lưu thông. Đề nghị cơ quan chức năng kiểm tra, xử lý kịp thời, nhằm đảm bảo an toàn trong khu vực. Xin cảm ơn. /.","Trước_số nhà 17 đường Nguyễn_Đức_Cảnh , phường Hải_Châu , có cây_xanh bị mục rỗng , tiềm_ẩn nguy_cơ gãy đổ , mất an_toàn cho người dân và phương_tiện lưu_thông . Đề_nghị cơ_quan_chức_năng kiểm_tra , xử_lý kịp_thời , nhằm đảm_bảo_an_toàn trong khu_vực . Xin cảm_ơn . / .","trước_số nhà 17 đường nguyễn_đức_cảnh , phường hải_châu , có cây_xanh bị mục rỗng , tiềm_ẩn nguy_cơ gãy đổ , mất an_toàn cho người dân và phương_tiện lưu_thông . đề_nghị cơ_quan_chức_năng kiểm_tra , xử_lý kịp_thời , nhằm đảm_bảo_an_toàn trong khu_vực . xin cảm_ơn . / .",UBND Phường Hải Châu,Đã xử lý,https://gopy.danang.gov.vn/gop-y?pageid=view&ykien=95459,cay_xanh_vat_can,cao
95457,Da Nang,13:49 30/03/2026,"Tại khu vực K325 đường Trường Sơn, Tổ 3 HTT, phường Cẩm Lệ (đi vào), hệ thống điện chiếu sáng đã được thi công khoảng 4 năm nhưng đến nay vẫn chưa đưa vào hoạt động phục vụ người dân. Tôi quan sát thấy có khoảng 10 bóng đèn, tuy nhiên vừa qua chỉ sáng vào dịp Tết, còn hiện nay đã tắt. Việc không có đèn chiếu sáng gây khó khăn cho việc đi lại vào ban đêm và tiềm ẩn nguy cơ mất an toàn. Kính đề nghị cơ quan chức năng kiểm tra, sớm đưa hệ thống vào vận hành ổn định, đảm bảo chiếu sáng cho người dân trong khu vực.","Tại khu vực K325 đường Trường Sơn, Tổ 3 HTT, phường Cẩm Lệ (đi vào), hệ thống điện chiếu sáng đã được thi công khoảng 4 năm nhưng đến nay vẫn chưa đưa vào hoạt động phục vụ người dân. Tôi quan sát thấy có khoảng 10 bóng đèn, tuy nhiên vừa qua chỉ sáng vào dịp Tết, còn hiện nay đã tắt. Việc không có đèn chiếu sáng gây khó khăn cho việc đi lại vào ban đêm và tiềm ẩn nguy cơ mất an toàn. Kính đề nghị cơ quan chức năng kiểm tra, sớm đưa hệ thống vào vận hành ổn định, đảm bảo chiếu sáng cho người dân trong khu vực.","Tại khu_vực K325 đường Trường_Sơn , Tổ 3 HTT , phường Cẩm_Lệ ( đi vào ) , hệ_thống điện chiếu sáng đã_được thi_công khoảng 4 năm nhưng đến nay vẫn chưa đưa vào hoạt_động phục_vụ người dân . Tôi quan_sát thấy có khoảng 10 bóng đèn , tuy_nhiên vừa_qua chỉ sáng vào dịp Tết , còn hiện_nay đã tắt . Việc không có đèn_chiếu sáng gây khó_khăn cho việc đi_lại vào ban_đêm và tiềm_ẩn nguy_cơ mất an_toàn . Kính_đề nghị cơ_quan_chức_năng kiểm_tra , sớm đưa hệ_thống vào vận_hành ổn_định , đảm_bảo chiếu sáng cho người dân trong khu_vực .","tại khu_vực k325 đường trường_sơn , tổ 3 htt , phường cẩm_lệ ( đi vào ) , hệ_thống điện chiếu sáng đã_được thi_công khoảng 4 năm nhưng đến nay vẫn chưa đưa vào hoạt_động phục_vụ người dân . tôi quan_sát thấy có khoảng 10 bóng đèn , tuy_nhiên vừa_qua chỉ sáng vào dịp tết , còn hiện_nay đã tắt . việc không có đèn_chiếu sáng gây khó_khăn cho việc đi_lại vào ban_đêm và tiềm_ẩn nguy_cơ mất an_toàn . kính_đề nghị cơ_quan_chức_năng kiểm_tra , sớm đưa hệ_thống vào vận_hành ổn_định , đảm_bảo chiếu sáng cho người dân trong khu_vực .",UBND Phường Cẩm Lệ,Đã xử lý,https://gopy.danang.gov.vn/gop-y?pageid=view&ykien=95457,dien_luc_chieu_sang,cao
95455,Da Nang,13:47 30/03/2026,"Trước đây, tôi đã phản ánh tình trạng cống thoát nước phía sau nhà số 05 Đa Mặn 1 và khu vực phía sau đường Lê Văn Hiến (cống nằm phía sau hai tuyến đường), phường Ngũ Hành Sơn bị tắc nghẽn, khiến nước thải không thoát được và tràn lên mặt đường. Đặc biệt, ngay cả trong những ngày nắng, nước thải vẫn dâng lên miệng cống, bốc mùi hôi thối, gây ô nhiễm môi trường và ảnh hưởng đến sinh hoạt của người dân. Người dân đã chủ động khơi thông nhưng không hiệu quả. Sau khi phản ánh, cơ quan chức năng đã tiến hành kiểm tra và khơi thông cống. Tuy nhiên, sau khi thi công không thu dọn vệ sinh, người dân phải tự dọn dẹp. Đáng nói, chỉ sau vài ngày, tình trạng tắc nghẽn tiếp tục tái diễn, nước thải lại tràn ra đường, gây mất vệ sinh và bốc mùi hôi nghiêm trọng. Kính đề nghị cơ quan chức năng kiểm tra, xử lý triệt để nguyên nhân gây tắc nghẽn, có giải pháp khắc phục lâu dài, tránh tái diễn, đảm bảo vệ sinh môi trường sau khi xử lý. Xin cảm ơn./.","Trước đây, tôi đã phản ánh tình trạng cống thoát nước phía sau nhà số 05 Đa Mặn 1 và khu vực phía sau đường Lê Văn Hiến (cống nằm phía sau hai tuyến đường), phường Ngũ Hành Sơn bị tắc nghẽn, khiến nước thải không thoát được và tràn lên mặt đường. Đặc biệt, ngay cả trong những ngày nắng, nước thải vẫn dâng lên miệng cống, bốc mùi hôi thối, gây ô nhiễm môi trường và ảnh hưởng đến sinh hoạt của người dân. Người dân đã chủ động khơi thông nhưng không hiệu quả. Sau khi phản ánh, cơ quan chức năng đã tiến hành kiểm tra và khơi thông cống. Tuy nhiên, sau khi thi công không thu dọn vệ sinh, người dân phải tự dọn dẹp. Đáng nói, chỉ sau vài ngày, tình trạng tắc nghẽn tiếp tục tái diễn, nước thải lại tràn ra đường, gây mất vệ sinh và bốc mùi hôi nghiêm trọng. Kính đề nghị cơ quan chức năng kiểm tra, xử lý triệt để nguyên nhân gây tắc nghẽn, có giải pháp khắc phục lâu dài, tránh tái diễn, đảm bảo vệ sinh môi trường sau khi xử lý. Xin cảm ơn. /.","Trước_đây , tôi đã phản_ánh tình_trạng cống thoát nước phía sau nhà số 05 Đa_Mặn 1 và khu_vực phía sau đường Lê_Văn_Hiến ( cống nằm phía sau hai tuyến đường ) , phường Ngũ_Hành_Sơn bị tắc_nghẽn , khiến nước_thải không thoát được và tràn lên mặt_đường . Đặc_biệt , ngay cả trong những ngày nắng , nước_thải vẫn dâng lên miệng cống , bốc mùi hôi_thối , gây ô_nhiễm môi_trường và ảnh_hưởng đến sinh_hoạt của người dân . Người dân đã chủ_động khơi thông nhưng không hiệu_quả . Sau khi phản_ánh , cơ_quan_chức_năng đã tiến_hành kiểm_tra và khơi thông cống . Tuy_nhiên , sau khi thi_công không thu_dọn vệ_sinh , người dân phải tự dọn_dẹp . Đáng nói , chỉ sau vài ngày , tình_trạng tắc_nghẽn tiếp_tục tái_diễn , nước_thải lại tràn ra đường , gây mất vệ_sinh và bốc mùi hôi nghiêm_trọng . Kính_đề nghị cơ_quan_chức_năng kiểm_tra , xử_lý triệt_để nguyên_nhân gây tắc_nghẽn , có giải_pháp khắc_phục lâu_dài , tránh tái_diễn , đảm_bảo_vệ_sinh môi_trường sau khi xử_lý . Xin cảm_ơn . / .","trước_đây , tôi đã phản_ánh tình_trạng cống thoát nước phía sau nhà số 05 đa_mặn 1 và khu_vực phía sau đường lê_văn_hiến ( cống nằm phía sau hai tuyến đường ) , phường ngũ_hành_sơn bị tắc_nghẽn , khiến nước_thải không thoát được và tràn lên mặt_đường . đặc_biệt , ngay cả trong những ngày nắng , nước_thải vẫn dâng lên miệng cống , bốc mùi hôi_thối , gây ô_nhiễm môi_trường và ảnh_hưởng đến sinh_hoạt của người dân . người dân đã chủ_động khơi thông nhưng không hiệu_quả . sau khi phản_ánh , cơ_quan_chức_năng đã tiến_hành kiểm_tra và khơi thông cống . tuy_nhiên , sau khi thi_công không thu_dọn vệ_sinh , người dân phải tự dọn_dẹp . đáng nói , chỉ sau vài ngày , tình_trạng tắc_nghẽn tiếp_tục tái_diễn , nước_thải lại tràn ra đường , gây mất vệ_sinh và bốc mùi hôi nghiêm_trọng . kính_đề nghị cơ_quan_chức_năng kiểm_tra , xử_lý triệt_để nguyên_nhân gây tắc_nghẽn , có giải_pháp khắc_phục lâu_dài , tránh tái_diễn , đảm_bảo_vệ_sinh môi_trường sau khi xử_lý . xin cảm_ơn . / .",UBND Phường Ngũ Hành Sơn,Đã xử lý,https://gopy.danang.gov.vn/gop-y?pageid=view&ykien=95455,cong_ho_ga_thoat_nuoc,thap
95441,Da Nang,10:12 30/03/2026,"Hiện nay đường Phạm Đình Bân tại khu TĐC Bình Kỳ, phường Ngũ Hành Sơn chỉ mới được đơn vị chủ quản cày dọn mặt bằng nhưng vẫn chưa được tiến hành thảm nhựa, gây bụi bặm ô nhiễm không khí rất nhiều, làm ảnh hưởng đến sinh hoạt của bà con nhân dân. Kính đề nghị các cấp lãnh đạo phường Ngũ Hành Sơn quan tâm đôn đốc đơn vị chủ quản thi công sớm triển khai để bà con nhân dân đỡ khổ, nhất là trong mùa nắng nóng này. Xin chân thành cảm ơn./.","Hiện nay đường Phạm Đình Bân tại khu TĐC Bình Kỳ, phường Ngũ Hành Sơn chỉ mới được đơn vị chủ quản cày dọn mặt bằng nhưng vẫn chưa được tiến hành thảm nhựa, gây bụi bặm ô nhiễm không khí rất nhiều, làm ảnh hưởng đến sinh hoạt của bà con nhân dân. Kính đề nghị các cấp lãnh đạo phường Ngũ Hành Sơn quan tâm đôn đốc đơn vị chủ quản thi công sớm triển khai để bà con nhân dân đỡ khổ, nhất là trong mùa nắng nóng này. Xin chân thành cảm ơn. /.","Hiện_nay đường Phạm_Đình_Bân tại khu TĐC Bình_Kỳ , phường Ngũ_Hành_Sơn chỉ mới được_đơn vị chủ_quản cày dọn mặt_bằng nhưng vẫn chưa được tiến_hành thảm nhựa , gây bụi_bặm ô_nhiễm không_khí rất nhiều , làm ảnh_hưởng đến sinh_hoạt của bà_con nhân_dân . Kính_đề nghị các cấp lãnh_đạo phường Ngũ_Hành_Sơn quan_tâm đôn_đốc_đơn vị chủ_quản thi_công sớm triển_khai để bà_con nhân_dân đỡ khổ , nhất_là trong mùa nắng_nóng này . Xin chân_thành cảm_ơn . / .","hiện_nay đường phạm_đình_bân tại khu tđc bình_kỳ , phường ngũ_hành_sơn chỉ mới được_đơn vị chủ_quản cày dọn mặt_bằng nhưng vẫn chưa được tiến_hành thảm nhựa , gây bụi_bặm ô_nhiễm không_khí rất nhiều , làm ảnh_hưởng đến sinh_hoạt của bà_con nhân_dân . kính_đề nghị các cấp lãnh_đạo phường ngũ_hành_sơn quan_tâm đôn_đốc_đơn vị chủ_quản thi_công sớm triển_khai để bà_con nhân_dân đỡ khổ , nhất_là trong mùa nắng_nóng này . xin chân_thành cảm_ơn . / .",UBND Phường Ngũ Hành Sơn,Đã xử lý,https://gopy.danang.gov.vn/gop-y?pageid=view&ykien=95441,rac_thai_ve_sinh_moi_truong,thap
95437,Da Nang,09:44 30/03/2026,"Đường Võ Tự giao đường Trung Lập 12 đèn chiếu sáng không đỏ, buổi tối rất tối gây nguy hiểm giao thông và tình hình an ninh trật tự. Rất mong thành phố quan tâm và giải quyết gấp./.","Đường Võ Tự giao đường Trung Lập 12 đèn chiếu sáng không đỏ, buổi tối rất tối gây nguy hiểm giao thông và tình hình an ninh trật tự. Rất mong thành phố quan tâm và giải quyết gấp. /.","Đường_Võ_Tự giao đường Trung_Lập 12 đèn_chiếu sáng không đỏ , buổi tối rất tối gây nguy_hiểm giao_thông và tình_hình an_ninh trật_tự . Rất mong thành_phố quan_tâm và giải_quyết gấp . / .","đường_võ_tự giao đường trung_lập 12 đèn_chiếu sáng không đỏ , buổi tối rất tối gây nguy_hiểm giao_thông và tình_hình an_ninh trật_tự . rất mong thành_phố quan_tâm và giải_quyết gấp . / .","Trung tâm Thông tin và Giám sát, điều hành thông minh",Đã xử lý,https://gopy.danang.gov.vn/gop-y?pageid=view&ykien=95437,dien_luc_chieu_sang,cao
95400,Da Nang,21:35 29/03/2026,"Đèn đường chiếu sáng trước số nhà 51 Đồng Cửa 2, khu tái định cư Hoà Hiệp 3, phường Hải Vân hỏng hơn 2 tháng nay, đèn nằm giữa 2 ngã tư nên bị hạn chế tầm nhìn, ảnh hưởng đến sinh hoạt của khu vực. Kính mong ban ngành có trách nhiệm sớm khắc phục./.","Đèn đường chiếu sáng trước số nhà 51 Đồng Cửa 2, khu tái định cư Hoà Hiệp 3, phường Hải Vân hỏng hơn 2 tháng nay, đèn nằm giữa 2 ngã tư nên bị hạn chế tầm nhìn, ảnh hưởng đến sinh hoạt của khu vực. Kính mong ban ngành có trách nhiệm sớm khắc phục. /.","Đèn_đường chiếu sáng trước số nhà 51 Đồng_Cửa 2 , khu tái_định_cư Hoà_Hiệp 3 , phường Hải_Vân hỏng hơn 2 tháng nay , đèn nằm giữa 2 ngã tư nên bị hạn_chế tầm nhìn , ảnh_hưởng đến sinh_hoạt của khu_vực . Kính mong ban_ngành có trách_nhiệm sớm khắc_phục . / .","đèn_đường chiếu sáng trước số nhà 51 đồng_cửa 2 , khu tái_định_cư hoà_hiệp 3 , phường hải_vân hỏng hơn 2 tháng nay , đèn nằm giữa 2 ngã tư nên bị hạn_chế tầm nhìn , ảnh_hưởng đến sinh_hoạt của khu_vực . kính mong ban_ngành có trách_nhiệm sớm khắc_phục . / .",Sở Xây dựng,Đã xử lý,https://gopy.danang.gov.vn/gop-y?pageid=view&ykien=95400,dien_luc_chieu_sang,cao
95380,Da Nang,12:13 29/03/2026,"Tuyến cao tốc Bắc Nam khi giải tỏa mở rộng xong, thi công đường gom hai bên lượng giao thông quá lớn. Nhưng thi công đường dẫn dưới khu dân cư lên quá nhỏ chỉ có 3m. Khiến cho lượng giao thông lên xuống dễ gây tai nạn. Lúc trước đường này đã có sẵn là 5m, nhưng nay thi công đường bê tông chỉ có 3m. Kính mong quý lãnh đạo xem xét mở rộng lối đi để người dân lên xuống khúc cua được đảm bảo an toàn giao thông. Vị trí tại TDP Phú Thượng, phường Hòa Khánh.","Tuyến cao tốc Bắc Nam khi giải tỏa mở rộng xong, thi công đường gom hai bên lượng giao thông quá lớn. Nhưng thi công đường dẫn dưới khu dân cư lên quá nhỏ chỉ có 3m. Khiến cho lượng giao thông lên xuống dễ gây tai nạn. Lúc trước đường này đã có sẵn là 5m, nhưng nay thi công đường bê tông chỉ có 3m. Kính mong quý lãnh đạo xem xét mở rộng lối đi để người dân lên xuống khúc cua được đảm bảo an toàn giao thông. Vị trí tại TDP Phú Thượng, phường Hòa Khánh.","Tuyến cao_tốc Bắc_Nam khi giải_tỏa mở_rộng xong , thi_công đường gom hai bên lượng giao_thông quá lớn . Nhưng thi_công đường_dẫn dưới khu dân_cư lên quá nhỏ chỉ có 3m . Khiến cho lượng giao_thông lên xuống dễ gây tai_nạn . Lúc trước đường này đã có sẵn là 5m , nhưng nay thi_công đường bê_tông chỉ có 3m . Kính_mong quý lãnh_đạo xem_xét mở_rộng lối đi_để người dân lên xuống khúc cua được_đảm bảo_an_toàn giao_thông . Vị_trí tại TDP Phú_Thượng , phường Hòa_Khánh .","tuyến cao_tốc bắc_nam khi giải_tỏa mở_rộng xong , thi_công đường gom hai bên lượng giao_thông quá lớn . nhưng thi_công đường_dẫn dưới khu dân_cư lên quá nhỏ chỉ có 3m . khiến cho lượng giao_thông lên xuống dễ gây tai_nạn . lúc trước đường này đã có sẵn là 5m , nhưng nay thi_công đường bê_tông chỉ có 3m . kính_mong quý lãnh_đạo xem_xét mở_rộng lối đi_để người dân lên xuống khúc cua được_đảm bảo_an_toàn giao_thông . vị_trí tại tdp phú_thượng , phường hòa_khánh .","Trung tâm Thông tin và Giám sát, điều hành thông minh",Đã xử lý,https://gopy.danang.gov.vn/gop-y?pageid=view&ykien=95380,to_chuc_giao_thong,cao
95350,Da Nang,18:40 28/03/2026,"Đèn đường tại 51 Đồng Cửa 2, Phường Hải Vân, Thành phố Đà Nẵng không sáng đã 2 tháng nay. Chúng tôi đã báo điện lực nhưng vẫn chưa được giải quyết. Mong Thành phố sắp xếp sửa sớm giúp.","Đèn đường tại 51 Đồng Cửa 2, Phường Hải Vân, Thành phố Đà Nẵng không sáng đã 2 tháng nay. Chúng tôi đã báo điện lực nhưng vẫn chưa được giải quyết. Mong Thành phố sắp xếp sửa sớm giúp.","Đèn_đường tại 51 Đồng_Cửa 2 , Phường_Hải_Vân , Thành_phố Đà_Nẵng không sáng đã 2 tháng nay . Chúng_tôi đã báo điện_lực nhưng vẫn chưa được giải_quyết . Mong_Thành phố sắp_xếp sửa sớm giúp .","đèn_đường tại 51 đồng_cửa 2 , phường_hải_vân , thành_phố đà_nẵng không sáng đã 2 tháng nay . chúng_tôi đã báo điện_lực nhưng vẫn chưa được giải_quyết . mong_thành phố sắp_xếp sửa sớm giúp .",Sở Xây dựng,Đã xử lý,https://gopy.danang.gov.vn/gop-y?pageid=view&ykien=95350,dien_luc_chieu_sang,thap
95311,Da Nang,12:34 28/03/2026,"Kính gửi cơ quan chức năng. Tôi xin phản ánh tình trạng bóng đèn chiếu sáng công cộng tại địa chỉ hẻm 382/20 Tôn Đản, phường An Khê đã bị hỏng (không sáng) hơn một tuần nay. Khu vực này có mật độ dân cư đi lại đông, việc đèn hỏng gây tối tăm, tiềm ẩn nguy cơ mất an toàn giao thông và an ninh trật tự vào ban đêm. Kính mong đơn vị Quản lý vận hành điện chiếu sáng sớm kiểm tra và thay thế bóng mới để bà con đi lại thuận tiện. Xin cảm ơn!","Kính gửi cơ quan chức năng. Tôi xin phản ánh tình trạng bóng đèn chiếu sáng công cộng tại địa chỉ hẻm 382/20 Tôn Đản, phường An Khê đã bị hỏng (không sáng) hơn một tuần nay. Khu vực này có mật độ dân cư đi lại đông, việc đèn hỏng gây tối tăm, tiềm ẩn nguy cơ mất an toàn giao thông và an ninh trật tự vào ban đêm. Kính mong đơn vị Quản lý vận hành điện chiếu sáng sớm kiểm tra và thay thế bóng mới để bà con đi lại thuận tiện. Xin cảm ơn","Kính gửi cơ_quan_chức_năng . Tôi xin phản_ánh tình_trạng bóng đèn_chiếu sáng công_cộng tại địa_chỉ hẻm 382 / 20 Tôn_Đản , phường An_Khê_đã bị hỏng ( không sáng ) hơn một tuần nay . Khu_vực này có mật_độ dân_cư đi_lại đông , việc đèn hỏng gây tối_tăm , tiềm_ẩn nguy_cơ mất an_toàn giao_thông và an_ninh trật_tự vào ban_đêm . Kính mong đơn_vị Quản_lý vận_hành điện chiếu sáng sớm kiểm_tra và thay_thế bóng mới để bà_con đi_lại thuận_tiện . Xin cảm_ơn","kính gửi cơ_quan_chức_năng . tôi xin phản_ánh tình_trạng bóng đèn_chiếu sáng công_cộng tại địa_chỉ hẻm 382 / 20 tôn_đản , phường an_khê_đã bị hỏng ( không sáng ) hơn một tuần nay . khu_vực này có mật_độ dân_cư đi_lại đông , việc đèn hỏng gây tối_tăm , tiềm_ẩn nguy_cơ mất an_toàn giao_thông và an_ninh trật_tự vào ban_đêm . kính mong đơn_vị quản_lý vận_hành điện chiếu sáng sớm kiểm_tra và thay_thế bóng mới để bà_con đi_lại thuận_tiện . xin cảm_ơn",Sở Xây dựng,Đã xử lý,https://gopy.danang.gov.vn/gop-y?pageid=view&ykien=95311,dien_luc_chieu_sang,cao
95303,Da Nang,10:12 28/03/2026,"Khu dân cư trong dự án làng đại học, trước khi thi công thì đường giao thông đã được bê tông hóa 100%, rất thuận tiện cho việc di chuyển của người dân. Từ khi chặn đường Lưu Quang Vũ để thi công dự án, làm đường tạm cho dân nhưng không đảm bảo chất lượng. 1. Mặt đường gồ ghề, nhiều đá và không bằng phẳng gây nguy hiểm khi di chuyển. 2. Đường đất, nắng thì bụi, mưa thì bùn gây khó khăn cho việc di chuyển của người dân. 3. Không có đèn đường gây nguy hiểm khi di chuyển vào buổi tối. Đề nghị cơ quan chức năng kiểm tra, khắc phục: 1. Tình trạng chất lượng đường tạm không đảm bảo như trên. 2. Trải bê tông trên mặt đường tạm để thuận tiện cho việc di chuyển của người dân (trả lại tình trạng đường như trước khi thi công dự án)./.","Khu dân cư trong dự án làng đại học, trước khi thi công thì đường giao thông đã được bê tông hóa 100, rất thuận tiện cho việc di chuyển của người dân. Từ khi chặn đường Lưu Quang Vũ để thi công dự án, làm đường tạm cho dân nhưng không đảm bảo chất lượng. 1. Mặt đường gồ ghề, nhiều đá và không bằng phẳng gây nguy hiểm khi di chuyển. 2. Đường đất, nắng thì bụi, mưa thì bùn gây khó khăn cho việc di chuyển của người dân. 3. Không có đèn đường gây nguy hiểm khi di chuyển vào buổi tối. Đề nghị cơ quan chức năng kiểm tra, khắc phục: 1. Tình trạng chất lượng đường tạm không đảm bảo như trên. 2. Trải bê tông trên mặt đường tạm để thuận tiện cho việc di chuyển của người dân (trả lại tình trạng đường như trước khi thi công dự án). /.","Khu dân_cư trong dự_án làng đại_học , trước khi thi_công thì đường giao_thông đã_được bê_tông_hóa 100 , rất thuận_tiện cho việc di_chuyển của người dân . Từ khi chặn đường Lưu_Quang_Vũ_để thi_công dự_án , làm đường tạm cho dân nhưng không đảm_bảo chất_lượng . 1 . Mặt_đường gồ_ghề , nhiều đá và không bằng_phẳng gây nguy_hiểm khi di_chuyển . 2 . Đường_đất , nắng thì bụi , mưa thì bùn gây khó_khăn cho việc di_chuyển của người dân . 3 . Không có đèn_đường gây nguy_hiểm khi di_chuyển vào buổi tối . Đề_nghị cơ_quan_chức_năng kiểm_tra , khắc_phục : 1 . Tình_trạng chất_lượng đường tạm không đảm_bảo như trên . 2 . Trải bê_tông trên mặt_đường tạm để thuận_tiện cho việc di_chuyển của người dân ( trả lại tình_trạng đường như trước khi thi_công dự_án ) . / .","khu dân_cư trong dự_án làng đại_học , trước khi thi_công thì đường giao_thông đã_được bê_tông_hóa 100 , rất thuận_tiện cho việc di_chuyển của người dân . từ khi chặn đường lưu_quang_vũ_để thi_công dự_án , làm đường tạm cho dân nhưng không đảm_bảo chất_lượng . 1 . mặt_đường gồ_ghề , nhiều đá và không bằng_phẳng gây nguy_hiểm khi di_chuyển . 2 . đường_đất , nắng thì bụi , mưa thì bùn gây khó_khăn cho việc di_chuyển của người dân . 3 . không có đèn_đường gây nguy_hiểm khi di_chuyển vào buổi tối . đề_nghị cơ_quan_chức_năng kiểm_tra , khắc_phục : 1 . tình_trạng chất_lượng đường tạm không đảm_bảo như trên . 2 . trải bê_tông trên mặt_đường tạm để thuận_tiện cho việc di_chuyển của người dân ( trả lại tình_trạng đường như trước khi thi_công dự_án ) . / .",UBND Phường Ngũ Hành Sơn,Đã xử lý,https://gopy.danang.gov.vn/gop-y?pageid=view&ykien=95303,duong_cau_ha_tang_hu_hong,cao
95288,Da Nang,07:29 28/03/2026,"Trước 106 Trần Nguyên Đán, phường Hòa Khánh bị cháy 1 bóng đèn chiếu sáng (cột TS08.T4H12), mới bị ngày hôm nay gây khó khăn cho việc lưu thông của người dân. Kính mong cơ quan chức năng kiểm tra và xử lý.","Trước 106 Trần Nguyên Đán, phường Hòa Khánh bị cháy 1 bóng đèn chiếu sáng (cột TS08. T4H12), mới bị ngày hôm nay gây khó khăn cho việc lưu thông của người dân. Kính mong cơ quan chức năng kiểm tra và xử lý.","Trước 106 Trần_Nguyên_Đán , phường Hòa_Khánh bị cháy 1 bóng đèn_chiếu sáng ( cột TS08 . T4H12 ) , mới bị ngày hôm_nay gây khó_khăn cho việc lưu_thông của người dân . Kính mong cơ_quan_chức_năng kiểm_tra và xử_lý .","trước 106 trần_nguyên_đán , phường hòa_khánh bị cháy 1 bóng đèn_chiếu sáng ( cột ts08 . t4h12 ) , mới bị ngày hôm_nay gây khó_khăn cho việc lưu_thông của người dân . kính mong cơ_quan_chức_năng kiểm_tra và xử_lý .",Sở Xây dựng,Đã xử lý,https://gopy.danang.gov.vn/gop-y?pageid=view&ykien=95288,dien_luc_chieu_sang,thap
95273,Da Nang,18:32 27/03/2026,Đèn điện đường tại 1120/103 Trường Chinh bị hỏng hơn 1 tháng chưa được xử lý. Kính mong cơ quan chức năng kiểm tra và xử lý sớm giúp người dân. Xin cám ơn.,Đèn điện đường tại 1120/103 Trường Chinh bị hỏng hơn 1 tháng chưa được xử lý. Kính mong cơ quan chức năng kiểm tra và xử lý sớm giúp người dân. Xin cám ơn.,Đèn_điện_đường tại 1120 / 103 Trường_Chinh bị hỏng hơn 1 tháng chưa được xử_lý . Kính mong cơ_quan_chức_năng kiểm_tra và xử_lý sớm giúp người dân . Xin cám_ơn .,đèn_điện_đường tại 1120 / 103 trường_chinh bị hỏng hơn 1 tháng chưa được xử_lý . kính mong cơ_quan_chức_năng kiểm_tra và xử_lý sớm giúp người dân . xin cám_ơn .,Sở Xây dựng,Đã xử lý,https://gopy.danang.gov.vn/gop-y?pageid=view&ykien=95273,dien_luc_chieu_sang,thap
95232,Da Nang,11:25 27/03/2026,"Trước địa chỉ 77 Đặng Vũ Hỷ, phường An Hải bị tình trạng cống xì gây mùi hôi thối, ảnh hưởng đến những người dân. Kính mong cơ quan chức năng kiểm tra và xử lý./.","Trước địa chỉ 77 Đặng Vũ Hỷ, phường An Hải bị tình trạng cống xì gây mùi hôi thối, ảnh hưởng đến những người dân. Kính mong cơ quan chức năng kiểm tra và xử lý. /.","Trước_địa chỉ 77 Đặng_Vũ_Hỷ , phường An_Hải bị tình_trạng cống xì gây mùi hôi_thối , ảnh_hưởng đến những người dân . Kính mong cơ_quan_chức_năng kiểm_tra và xử_lý . / .","trước_địa chỉ 77 đặng_vũ_hỷ , phường an_hải bị tình_trạng cống xì gây mùi hôi_thối , ảnh_hưởng đến những người dân . kính mong cơ_quan_chức_năng kiểm_tra và xử_lý . / .","Trung tâm Thông tin và Giám sát, điều hành thông minh",Đã xử lý,https://gopy.danang.gov.vn/gop-y?pageid=view&ykien=95232,cong_ho_ga_thoat_nuoc,thap
95231,Da Nang,11:16 27/03/2026,"Tại kiệt đường Lưu Quang Vũ (gần nhà văn hóa tổ 83 Hải An cũ), tổ dân phố 252, phường Ngũ Hành Sơn. Bóng đèn chiếu sáng vào các nhà hộ dân đã bị cháy bóng nhưng chưa được thay thế. Do đó, kính mong cơ quan quan tâm, xem xét thay bóng mới giúp. Xin cám ơn./. Tôi gửi thêm vị trí: https://maps.app.goo.gl/boAjBuLjBdimTvco8","Tại kiệt đường Lưu Quang Vũ (gần nhà văn hóa tổ 83 Hải An cũ), tổ dân phố 252, phường Ngũ Hành Sơn. Bóng đèn chiếu sáng vào các nhà hộ dân đã bị cháy bóng nhưng chưa được thay thế. Do đó, kính mong cơ quan quan tâm, xem xét thay bóng mới giúp. Xin cám ơn. /. Tôi gửi thêm vị trí:","Tại kiệt đường_Lưu_Quang_Vũ ( gần nhà_văn_hóa tổ 83 Hải_An cũ ) , tổ dân_phố 252 , phường Ngũ_Hành_Sơn . Bóng_đèn chiếu sáng vào các nhà hộ dân đã bị cháy bóng nhưng chưa được thay_thế . Do_đó , kính mong cơ_quan quan_tâm , xem_xét thay bóng mới giúp . Xin cám_ơn . / . Tôi gửi thêm vị_trí :","tại kiệt đường_lưu_quang_vũ ( gần nhà_văn_hóa tổ 83 hải_an cũ ) , tổ dân_phố 252 , phường ngũ_hành_sơn . bóng_đèn chiếu sáng vào các nhà hộ dân đã bị cháy bóng nhưng chưa được thay_thế . do_đó , kính mong cơ_quan quan_tâm , xem_xét thay bóng mới giúp . xin cám_ơn . / . tôi gửi thêm vị_trí :",Sở Xây dựng,Đã xử lý,https://gopy.danang.gov.vn/gop-y?pageid=view&ykien=95231,dien_luc_chieu_sang,thap
95230,Da Nang,11:14 27/03/2026,"Trước địa chỉ 77 Đặng Vũ Hỷ, phường An Hải nước cống tràn lên đường hôi thối cả khu dân cư, khu dân cư nhiều khách du lịch sinh sống Kính mong cơ quan chức năng kiểm tra và xử lý./.","Trước địa chỉ 77 Đặng Vũ Hỷ, phường An Hải nước cống tràn lên đường hôi thối cả khu dân cư, khu dân cư nhiều khách du lịch sinh sống Kính mong cơ quan chức năng kiểm tra và xử lý. /.","Trước_địa chỉ 77 Đặng_Vũ_Hỷ , phường An_Hải nước cống tràn lên_đường hôi_thối cả khu dân_cư , khu dân_cư nhiều khách du_lịch sinh_sống Kính mong cơ_quan_chức_năng kiểm_tra và xử_lý . / .","trước_địa chỉ 77 đặng_vũ_hỷ , phường an_hải nước cống tràn lên_đường hôi_thối cả khu dân_cư , khu dân_cư nhiều khách du_lịch sinh_sống kính mong cơ_quan_chức_năng kiểm_tra và xử_lý . / .","Trung tâm Thông tin và Giám sát, điều hành thông minh",Đã xử lý,https://gopy.danang.gov.vn/gop-y?pageid=view&ykien=95230,cong_ho_ga_thoat_nuoc,thap
95207,Da Nang,07:39 27/03/2026,"Kiệt 80 Huyền Trân Công Chúa, phường Ngũ Hành Sơn có 1 bóng đèn bị cháy đã 2-3 ngày nay. Vị trí đèn chiếu sáng cuối đường kiệt 80, vì kiệt này chưa có số nhà. Kính đề nghị cơ quan chức năng kiểm tra và xử lý./.","Kiệt 80 Huyền Trân Công Chúa, phường Ngũ Hành Sơn có 1 bóng đèn bị cháy đã 2-3 ngày nay. Vị trí đèn chiếu sáng cuối đường kiệt 80, vì kiệt này chưa có số nhà. Kính đề nghị cơ quan chức năng kiểm tra và xử lý. /.","Kiệt 80 Huyền_Trân_Công_Chúa , phường Ngũ_Hành_Sơn có 1 bóng đèn bị cháy đã 2 - 3 ngày_nay . Vị_trí đèn_chiếu sáng cuối đường kiệt 80 , vì kiệt này chưa có số nhà . Kính_đề nghị cơ_quan_chức_năng kiểm_tra và xử_lý . / .","kiệt 80 huyền_trân_công_chúa , phường ngũ_hành_sơn có 1 bóng đèn bị cháy đã 2 - 3 ngày_nay . vị_trí đèn_chiếu sáng cuối đường kiệt 80 , vì kiệt này chưa có số nhà . kính_đề nghị cơ_quan_chức_năng kiểm_tra và xử_lý . / .",Sở Xây dựng,Đã xử lý,https://gopy.danang.gov.vn/gop-y?pageid=view&ykien=95207,dien_luc_chieu_sang,thap
95176,Da Nang,19:21 26/03/2026,"Trước tết tới giờ dân cư tại Khu đô thị số 9 Ngân Câu, Điện Bàn Đông không có đèn điện chiếu sáng, trẻ em đi qua lại bị vấp té . Mong cơ quan có thẩm quyền hỗ trợ xử lý giúp./.","Trước tết tới giờ dân cư tại Khu đô thị số 9 Ngân Câu, Điện Bàn Đông không có đèn điện chiếu sáng, trẻ em đi qua lại bị vấp té. Mong cơ quan có thẩm quyền hỗ trợ xử lý giúp. /.","Trước tết tới giờ dân_cư tại Khu_đô thị số 9 Ngân_Câu , Điện_Bàn_Đông không có đèn_điện chiếu sáng , trẻ_em đi qua_lại bị vấp té . Mong cơ_quan có thẩm_quyền hỗ_trợ xử_lý giúp . / .","trước tết tới giờ dân_cư tại khu_đô thị số 9 ngân_câu , điện_bàn_đông không có đèn_điện chiếu sáng , trẻ_em đi qua_lại bị vấp té . mong cơ_quan có thẩm_quyền hỗ_trợ xử_lý giúp . / .",UBND phường Điện Bàn Đông,Đã xử lý,https://gopy.danang.gov.vn/gop-y?pageid=view&ykien=95176,dien_luc_chieu_sang,cao
95151,Da Nang,13:32 26/03/2026,"Trước đây tôi có phản ánh nắp cống bị kênh gây tiếng ồn tại 105 Trần Nhân Tông, phường Sơn Trà, phía cơ quan chức năng đã có xử lý. Tuy nhiên hiện nay nắp cống bị kênh lại và gây tiếng ồn rất lớn làm ảnh hưởng đến người dân xung quanh, có hai nắp. Nhất là xe ô tô đi ngang qua. Kính mong cơ quan chức năng kiểm tra và xử lý./.","Trước đây tôi có phản ánh nắp cống bị kênh gây tiếng ồn tại 105 Trần Nhân Tông, phường Sơn Trà, phía cơ quan chức năng đã có xử lý. Tuy nhiên hiện nay nắp cống bị kênh lại và gây tiếng ồn rất lớn làm ảnh hưởng đến người dân xung quanh, có hai nắp. Nhất là xe ô tô đi ngang qua. Kính mong cơ quan chức năng kiểm tra và xử lý. /.","Trước_đây tôi có phản_ánh nắp cống bị kênh gây tiếng ồn tại 105 Trần_Nhân_Tông , phường Sơn_Trà , phía cơ_quan_chức_năng đã có xử_lý . Tuy_nhiên hiện_nay nắp cống bị kênh lại và gây tiếng ồn rất lớn làm ảnh_hưởng đến người dân xung_quanh , có hai nắp . Nhất_là xe ô_tô đi ngang qua . Kính mong cơ_quan_chức_năng kiểm_tra và xử_lý . / .","trước_đây tôi có phản_ánh nắp cống bị kênh gây tiếng ồn tại 105 trần_nhân_tông , phường sơn_trà , phía cơ_quan_chức_năng đã có xử_lý . tuy_nhiên hiện_nay nắp cống bị kênh lại và gây tiếng ồn rất lớn làm ảnh_hưởng đến người dân xung_quanh , có hai nắp . nhất_là xe ô_tô đi ngang qua . kính mong cơ_quan_chức_năng kiểm_tra và xử_lý . / .","Sở Xây dựng Sở Xây dựng trân trọng cảm ơn ý kiến góp ý của Quý công dân và phản hồi một số thông tin như sau: Công ty Thoát nước và Xử lý nước thải đã kiểm tra hiện trường và phối hợp với đơn vị thi công triển khai sửa chữa, khắc phục kiến nghị. Sở Xây dựng thông tin để Quý công dân được biết. Trân trọng./. Ngày trả lời: 06/04/2026",Đã xử lý,https://gopy.danang.gov.vn/gop-y?pageid=view&ykien=95151,cong_ho_ga_thoat_nuoc,trung_binh
95113,Da Nang,20:05 25/03/2026,"Bóng đèn chiếu sáng tại K155/71 Trần Đình Nam, phường An Khê khá tối để đảm bảo độ chiếu sáng vào ban đêm. Kính đề nghị cơ quan chức năng kiểm tra và hỗ trợ xử lý.","Bóng đèn chiếu sáng tại K155/71 Trần Đình Nam, phường An Khê khá tối để đảm bảo độ chiếu sáng vào ban đêm. Kính đề nghị cơ quan chức năng kiểm tra và hỗ trợ xử lý.","Bóng_đèn chiếu sáng tại K155 / 71 Trần_Đình_Nam , phường An_Khê khá tối để_đảm bảo độ chiếu sáng vào ban_đêm . Kính_đề nghị cơ_quan_chức_năng kiểm_tra và hỗ_trợ xử_lý .","bóng_đèn chiếu sáng tại k155 / 71 trần_đình_nam , phường an_khê khá tối để_đảm bảo độ chiếu sáng vào ban_đêm . kính_đề nghị cơ_quan_chức_năng kiểm_tra và hỗ_trợ xử_lý .",UBND Phường An Khê,Đã xử lý,https://gopy.danang.gov.vn/gop-y?pageid=view&ykien=95113,dien_luc_chieu_sang,thap
95092,Da Nang,13:47 25/03/2026,"Trước số nhà 105 Tiểu La, phường Hòa Cường có 1 bó dây cáp viễn thông bị sà xuống đường gây nguy hiểm cho người tham gia giao thông. Trước đây đã phản ánh và có cơ quan xuống khắc phục tạm nhưng nay bị sà lại. Đề nghị cơ quan chức năng kiểm tra, xử lý.","Trước số nhà 105 Tiểu La, phường Hòa Cường có 1 bó dây cáp viễn thông bị sà xuống đường gây nguy hiểm cho người tham gia giao thông. Trước đây đã phản ánh và có cơ quan xuống khắc phục tạm nhưng nay bị sà lại. Đề nghị cơ quan chức năng kiểm tra, xử lý.","Trước_số nhà 105 Tiểu_La , phường Hòa_Cường có 1 bó dây_cáp viễn_thông bị sà xuống_đường gây nguy_hiểm cho người tham_gia giao_thông . Trước_đây_đã phản_ánh và có cơ_quan xuống khắc_phục tạm nhưng nay bị sà lại . Đề_nghị cơ_quan_chức_năng kiểm_tra , xử_lý .","trước_số nhà 105 tiểu_la , phường hòa_cường có 1 bó dây_cáp viễn_thông bị sà xuống_đường gây nguy_hiểm cho người tham_gia giao_thông . trước_đây_đã phản_ánh và có cơ_quan xuống khắc_phục tạm nhưng nay bị sà lại . đề_nghị cơ_quan_chức_năng kiểm_tra , xử_lý .",Sở Khoa học và Công nghệ,Đã xử lý,https://gopy.danang.gov.vn/gop-y?pageid=view&ykien=95092,cay_xanh_vat_can,cao
95004,Da Nang,13:44 24/03/2026,"Kính gửi UBND phường Ngũ Hành Sơn Tại tổ 123 phường Ngũ Hành Sơn có công trình thi công thoát nước đã lâu mà không hoàn thiện nắp cống để mùi hôi thối bốc lên, chuột cống tha thức ăn chui vào rồi không lên được, chết trong đấy mùi hôi thốc bốc lên gây ô nhiễm môi trường. Kính mong các cấp quan tâm giúp đỡ. Xin trân trọng./.","Kính gửi UBND phường Ngũ Hành Sơn Tại tổ 123 phường Ngũ Hành Sơn có công trình thi công thoát nước đã lâu mà không hoàn thiện nắp cống để mùi hôi thối bốc lên, chuột cống tha thức ăn chui vào rồi không lên được, chết trong đấy mùi hôi thốc bốc lên gây ô nhiễm môi trường. Kính mong các cấp quan tâm giúp đỡ. Xin trân trọng. /.","Kính gửi UBND phường Ngũ_Hành_Sơn_Tại tổ 123 phường Ngũ_Hành_Sơn có công_trình thi_công thoát nước đã lâu mà không hoàn_thiện nắp cống để mùi hôi_thối bốc lên , chuột_cống tha thức_ăn chui vào rồi không lên được , chết trong đấy mùi hôi thốc bốc lên gây ô_nhiễm môi_trường . Kính mong các cấp quan_tâm giúp_đỡ . Xin trân_trọng . / .","kính gửi ubnd phường ngũ_hành_sơn_tại tổ 123 phường ngũ_hành_sơn có công_trình thi_công thoát nước đã lâu mà không hoàn_thiện nắp cống để mùi hôi_thối bốc lên , chuột_cống tha thức_ăn chui vào rồi không lên được , chết trong đấy mùi hôi thốc bốc lên gây ô_nhiễm môi_trường . kính mong các cấp quan_tâm giúp_đỡ . xin trân_trọng . / .",UBND Phường Ngũ Hành Sơn,Đã xử lý,https://gopy.danang.gov.vn/gop-y?pageid=view&ykien=95004,cong_ho_ga_thoat_nuoc,trung_binh
94991,Da Nang,13:42 24/03/2026,"Tại khu vực 446–448 đường Trưng Nữ Vương, Hòa Cường trước đây xảy ra sụp cống và đã được đơn vị chức năng xử lý, đổ đanh vào ngày 16/3. Tuy nhiên, đến nay đã 8 ngày vỉa hè vẫn chưa được lát lại gạch, gây cản trở việc đi lại, kinh doanh và buôn bán của người dân. Tình trạng này kéo dài gây bất tiện và mất mỹ quan đô thị. Trong trường hợp Nhà nước chưa thể thực hiện ngay, đề nghị có thông tin rõ ràng để người dân biết và chủ động phương án. Kính đề nghị cơ quan chức năng kiểm tra, sớm hoàn trả lại hiện trạng vỉa hè, đảm bảo thuận tiện cho người dân. Xin cảm ơn./.","Tại khu vực 446 448 đường Trưng Nữ Vương, Hòa Cường trước đây xảy ra sụp cống và đã được đơn vị chức năng xử lý, đổ đanh vào ngày 16/3. Tuy nhiên, đến nay đã 8 ngày vỉa hè vẫn chưa được lát lại gạch, gây cản trở việc đi lại, kinh doanh và buôn bán của người dân. Tình trạng này kéo dài gây bất tiện và mất mỹ quan đô thị. Trong trường hợp Nhà nước chưa thể thực hiện ngay, đề nghị có thông tin rõ ràng để người dân biết và chủ động phương án. Kính đề nghị cơ quan chức năng kiểm tra, sớm hoàn trả lại hiện trạng vỉa hè, đảm bảo thuận tiện cho người dân. Xin cảm ơn. /.","Tại khu_vực 446 448 đường Trưng_Nữ_Vương , Hòa_Cường trước đây xảy ra sụp cống và đã_được_đơn vị chức_năng xử_lý , đổ_đanh vào ngày 16 / 3 . Tuy_nhiên , đến nay đã 8 ngày vỉa_hè vẫn chưa được lát lại gạch , gây cản_trở_việc đi_lại , kinh_doanh và buôn_bán của người dân . Tình_trạng này kéo_dài gây bất_tiện và mất mỹ_quan đô_thị . Trong trường_hợp Nhà_nước chưa thể thực_hiện ngay , đề_nghị có thông_tin rõ_ràng để người dân biết và chủ_động phương_án . Kính_đề nghị cơ_quan_chức_năng kiểm_tra , sớm hoàn_trả lại hiện_trạng vỉa_hè , đảm_bảo thuận_tiện cho người dân . Xin cảm_ơn . / .","tại khu_vực 446 448 đường trưng_nữ_vương , hòa_cường trước đây xảy ra sụp cống và đã_được_đơn vị chức_năng xử_lý , đổ_đanh vào ngày 16 / 3 . tuy_nhiên , đến nay đã 8 ngày vỉa_hè vẫn chưa được lát lại gạch , gây cản_trở_việc đi_lại , kinh_doanh và buôn_bán của người dân . tình_trạng này kéo_dài gây bất_tiện và mất mỹ_quan đô_thị . trong trường_hợp nhà_nước chưa thể thực_hiện ngay , đề_nghị có thông_tin rõ_ràng để người dân biết và chủ_động phương_án . kính_đề nghị cơ_quan_chức_năng kiểm_tra , sớm hoàn_trả lại hiện_trạng vỉa_hè , đảm_bảo thuận_tiện cho người dân . xin cảm_ơn . / .",UBND Phường Hòa Cường,Đã xử lý,https://gopy.danang.gov.vn/gop-y?pageid=view&ykien=94991,cong_ho_ga_thoat_nuoc,cao
94988,Da Nang,12:49 24/03/2026,"Tôi xin phản ánh tình trạng hạ tầng xuống cấp nghiêm trọng tại 86 Vân Đài Nữ Sĩ, phường Ngũ Hành Sơn. Cụ thể, nắp hố ga/cống thoát nước đã bị vỡ nát hoàn toàn, tạo thành một hố sâu hở miệng ngay trên bề mặt đường/vỉa hè. Phần khung sắt bảo vệ bên dưới đã rỉ sét, đứt gãy và lộ ra nhiều đầu sắt nhọn rất nguy hiểm. Kính đề nghị các cơ quan chức năng sớm kiểm tra, cho thay mới nắp cống và gia cố lại khung sắt để đảm bảo an toàn tính mạng cho người dân và giữ gìn mỹ quan đô thị tại khu vực này. Tôi xin chân thành cảm ơn!","Tôi xin phản ánh tình trạng hạ tầng xuống cấp nghiêm trọng tại 86 Vân Đài Nữ Sĩ, phường Ngũ Hành Sơn. Cụ thể, nắp hố ga/cống thoát nước đã bị vỡ nát hoàn toàn, tạo thành một hố sâu hở miệng ngay trên bề mặt đường/vỉa hè. Phần khung sắt bảo vệ bên dưới đã rỉ sét, đứt gãy và lộ ra nhiều đầu sắt nhọn rất nguy hiểm. Kính đề nghị các cơ quan chức năng sớm kiểm tra, cho thay mới nắp cống và gia cố lại khung sắt để đảm bảo an toàn tính mạng cho người dân và giữ gìn mỹ quan đô thị tại khu vực này. Tôi xin chân thành cảm ơn","Tôi xin phản_ánh tình_trạng hạ_tầng xuống_cấp nghiêm_trọng tại 86 Vân_Đài_Nữ_Sĩ , phường Ngũ_Hành_Sơn . Cụ_thể , nắp hố_ga / cống thoát nước đã bị vỡ nát hoàn_toàn , tạo thành một hố sâu hở miệng ngay trên bề_mặt_đường / vỉa_hè . Phần khung sắt bảo_vệ bên dưới đã rỉ sét , đứt_gãy và lộ ra nhiều đầu sắt nhọn rất nguy_hiểm . Kính_đề nghị các cơ_quan_chức_năng sớm kiểm_tra , cho thay mới nắp cống và gia_cố lại khung sắt để_đảm bảo_an_toàn tính_mạng cho người dân và giữ_gìn mỹ_quan đô_thị tại khu_vực này . Tôi xin chân_thành cảm_ơn","tôi xin phản_ánh tình_trạng hạ_tầng xuống_cấp nghiêm_trọng tại 86 vân_đài_nữ_sĩ , phường ngũ_hành_sơn . cụ_thể , nắp hố_ga / cống thoát nước đã bị vỡ nát hoàn_toàn , tạo thành một hố sâu hở miệng ngay trên bề_mặt_đường / vỉa_hè . phần khung sắt bảo_vệ bên dưới đã rỉ sét , đứt_gãy và lộ ra nhiều đầu sắt nhọn rất nguy_hiểm . kính_đề nghị các cơ_quan_chức_năng sớm kiểm_tra , cho thay mới nắp cống và gia_cố lại khung sắt để_đảm bảo_an_toàn tính_mạng cho người dân và giữ_gìn mỹ_quan đô_thị tại khu_vực này . tôi xin chân_thành cảm_ơn",UBND Phường Ngũ Hành Sơn,Đã xử lý,https://gopy.danang.gov.vn/gop-y?pageid=view&ykien=94988,cong_ho_ga_thoat_nuoc,cao
94922,Da Nang,16:59 23/03/2026,"Trước Tết tôi có phản ánh cống bể tại công viên đường Ngô Thế Vinh và Nguyễn Trác (đối diện số nhà 124 Ngô Thế Vinh), tuy nhiên đến nay chưa thấy động tĩnh gì, rất nguy hiểm cho trẻ em. Kính mong cơ quan chức năng kiểm tra và xử lý triệt để.","Trước Tết tôi có phản ánh cống bể tại công viên đường Ngô Thế Vinh và Nguyễn Trác (đối diện số nhà 124 Ngô Thế Vinh), tuy nhiên đến nay chưa thấy động tĩnh gì, rất nguy hiểm cho trẻ em. Kính mong cơ quan chức năng kiểm tra và xử lý triệt để.","Trước_Tết tôi có phản_ánh cống bể tại công_viên đường Ngô_Thế_Vinh và Nguyễn_Trác ( đối_diện số nhà 124 Ngô_Thế_Vinh ) , tuy_nhiên đến nay chưa thấy động_tĩnh gì , rất nguy_hiểm cho trẻ_em . Kính mong cơ_quan_chức_năng kiểm_tra và xử_lý triệt_để .","trước_tết tôi có phản_ánh cống bể tại công_viên đường ngô_thế_vinh và nguyễn_trác ( đối_diện số nhà 124 ngô_thế_vinh ) , tuy_nhiên đến nay chưa thấy động_tĩnh gì , rất nguy_hiểm cho trẻ_em . kính mong cơ_quan_chức_năng kiểm_tra và xử_lý triệt_để .",UBND Phường Hòa Cường,Đã xử lý,https://gopy.danang.gov.vn/gop-y?pageid=view&ykien=94922,cong_ho_ga_thoat_nuoc,cao
94900,Da Nang,14:08 23/03/2026,"Tôi là tổ trưởng tổ 83 phường Hòa Khánh. Hiện nay trong khu chung cư thu nhập thấp Hòa Minh đường Hồ Tùng Mậu có 1 bóng điện chiếu sáng bị tắt. Tôi đã liên hệ nhiều nơi như Công ty điện chiếu sáng, Trung tâm quản lý nhà để yêu cầu thay thế nhưng các bên đều nói không quản lý. Đề nghị cơ quan chức năng kiểm tra và cho thay thế. Tránh để tình trạng không có điện chiếu sáng gây khó khăn trong việc đi lại và sinh hoạt của người dân. Xin cảm ơn.","Tôi là tổ trưởng tổ 83 phường Hòa Khánh. Hiện nay trong khu chung cư thu nhập thấp Hòa Minh đường Hồ Tùng Mậu có 1 bóng điện chiếu sáng bị tắt. Tôi đã liên hệ nhiều nơi như Công ty điện chiếu sáng, Trung tâm quản lý nhà để yêu cầu thay thế nhưng các bên đều nói không quản lý. Đề nghị cơ quan chức năng kiểm tra và cho thay thế. Tránh để tình trạng không có điện chiếu sáng gây khó khăn trong việc đi lại và sinh hoạt của người dân. Xin cảm ơn.","Tôi là tổ_trưởng tổ 83 phường Hòa_Khánh . Hiện_nay trong khu chung_cư thu_nhập thấp Hòa_Minh_đường Hồ_Tùng_Mậu có 1 bóng_điện chiếu sáng bị tắt . Tôi_đã liên_hệ nhiều nơi như Công_ty điện chiếu sáng , Trung_tâm quản_lý nhà để yêu_cầu thay_thế nhưng các bên đều nói không quản_lý . Đề_nghị cơ_quan_chức_năng kiểm_tra và cho thay_thế . Tránh_để tình_trạng không có điện chiếu sáng gây khó_khăn trong việc đi_lại và sinh_hoạt của người dân . Xin cảm_ơn .","tôi là tổ_trưởng tổ 83 phường hòa_khánh . hiện_nay trong khu chung_cư thu_nhập thấp hòa_minh_đường hồ_tùng_mậu có 1 bóng_điện chiếu sáng bị tắt . tôi_đã liên_hệ nhiều nơi như công_ty điện chiếu sáng , trung_tâm quản_lý nhà để yêu_cầu thay_thế nhưng các bên đều nói không quản_lý . đề_nghị cơ_quan_chức_năng kiểm_tra và cho thay_thế . tránh_để tình_trạng không có điện chiếu sáng gây khó_khăn trong việc đi_lại và sinh_hoạt của người dân . xin cảm_ơn .","Sở Xây dựng Sở Xây dựng trân trọng cảm ơn ý kiến góp ý của Quý công dân và phản hồi một số thông tin như sau: Công ty cổ phần chiếu sáng công cộng đã kiểm tra hiện trường và hoàn thành xử lý kiến nghị, đèn đã đỏ bình thường. Sở Xây dựng thông tin để Quý công dân được biết. Trân trọng./. Ngày trả lời: 13/04/2026",Đã xử lý,https://gopy.danang.gov.vn/gop-y?pageid=view&ykien=94900,dien_luc_chieu_sang,thap
94888,Da Nang,10:50 23/03/2026,"Kính gửi cơ quan chức năng, tôi xin phản ánh tình trạng vạch kẻ đường (vạch dừng, vạch đi bộ, vạch phân làn) tại nút giao Nguyễn Văn Linh - 2 Tháng 9 hiện đã bị mờ nặng, gần như không còn nhìn thấy (như ảnh đính kèm). Mong cơ quan chức năng cho sơn lại để đảm bảo an toàn giao thông và mỹ quan đô thị. Xin cảm ơn.","Kính gửi cơ quan chức năng, tôi xin phản ánh tình trạng vạch kẻ đường (vạch dừng, vạch đi bộ, vạch phân làn) tại nút giao Nguyễn Văn Linh - 2 Tháng 9 hiện đã bị mờ nặng, gần như không còn nhìn thấy (như ảnh đính kèm). Mong cơ quan chức năng cho sơn lại để đảm bảo an toàn giao thông và mỹ quan đô thị. Xin cảm ơn.","Kính gửi cơ_quan_chức_năng , tôi xin phản_ánh tình_trạng vạch kẻ đường ( vạch dừng , vạch đi bộ , vạch phân làn ) tại nút giao Nguyễn_Văn_Linh - 2 Tháng 9 hiện đã bị mờ nặng , gần như_không còn nhìn thấy ( như ảnh_đính kèm ) . Mong cơ_quan_chức_năng cho sơn lại để_đảm bảo_an_toàn giao_thông và mỹ_quan đô_thị . Xin cảm_ơn .","kính gửi cơ_quan_chức_năng , tôi xin phản_ánh tình_trạng vạch kẻ đường ( vạch dừng , vạch đi bộ , vạch phân làn ) tại nút giao nguyễn_văn_linh - 2 tháng 9 hiện đã bị mờ nặng , gần như_không còn nhìn thấy ( như ảnh_đính kèm ) . mong cơ_quan_chức_năng cho sơn lại để_đảm bảo_an_toàn giao_thông và mỹ_quan đô_thị . xin cảm_ơn .",Sở Xây dựng,Đã xử lý,https://gopy.danang.gov.vn/gop-y?pageid=view&ykien=94888,duong_cau_ha_tang_hu_hong,thap
94886,Da Nang,10:36 23/03/2026,"Vỉa hè bị hư hỏng, nền gạch lát nứt vỡ tại Nhà khách 206 (số 38A Nguyễn Hữu Thọ, phường Hòa Cường, Đà Nẵng). Mong cơ quan chức năng sớm khắc phục. Tôi xin chân thành cảm ơn./.","Vỉa hè bị hư hỏng, nền gạch lát nứt vỡ tại Nhà khách 206 (số 38A Nguyễn Hữu Thọ, phường Hòa Cường, Đà Nẵng). Mong cơ quan chức năng sớm khắc phục. Tôi xin chân thành cảm ơn. /.","Vỉa_hè bị hư_hỏng , nền gạch lát nứt vỡ tại Nhà_khách 206 ( số 38A Nguyễn_Hữu_Thọ , phường Hòa_Cường , Đà_Nẵng ) . Mong cơ_quan_chức_năng sớm khắc_phục . Tôi xin chân_thành cảm_ơn . / .","vỉa_hè bị hư_hỏng , nền gạch lát nứt vỡ tại nhà_khách 206 ( số 38a nguyễn_hữu_thọ , phường hòa_cường , đà_nẵng ) . mong cơ_quan_chức_năng sớm khắc_phục . tôi xin chân_thành cảm_ơn . / .",Sở Xây dựng,Đang xử lý,https://gopy.danang.gov.vn/gop-y?pageid=view&ykien=94886,via_he_long_duong,trung_binh
94884,Da Nang,10:23 23/03/2026,"Kính gửi cơ quan chức năng, tôi xin phản ánh tình trạng hạ tầng xuống cấp tại khu vực vỉa hè trước Khách sạn 4 Mùa (194 Nguyễn Hữu Thọ, Hòa Cường): - Bó vỉa quanh gốc cây bị vỡ nát hoàn toàn, bê tông nằm ngổn ngang gây nguy hiểm cho người đi bộ. - Đất cát và rác thải tràn ra vỉa hè gây mất mỹ quan đô thị nghiêm trọng trên tuyến đường chính. Kính đề nghị cơ quan chức năng sớm kiểm tra, thu dọn phế thải và sửa chữa lại phần bó vỉa này.","Kính gửi cơ quan chức năng, tôi xin phản ánh tình trạng hạ tầng xuống cấp tại khu vực vỉa hè trước Khách sạn 4 Mùa (194 Nguyễn Hữu Thọ, Hòa Cường): - Bó vỉa quanh gốc cây bị vỡ nát hoàn toàn, bê tông nằm ngổn ngang gây nguy hiểm cho người đi bộ. - Đất cát và rác thải tràn ra vỉa hè gây mất mỹ quan đô thị nghiêm trọng trên tuyến đường chính. Kính đề nghị cơ quan chức năng sớm kiểm tra, thu dọn phế thải và sửa chữa lại phần bó vỉa này.","Kính gửi cơ_quan_chức_năng , tôi xin phản_ánh tình_trạng hạ_tầng xuống_cấp tại khu_vực vỉa_hè trước Khách_sạn 4 Mùa ( 194 Nguyễn_Hữu_Thọ , Hòa_Cường ) : - Bó vỉa quanh gốc cây bị vỡ nát hoàn_toàn , bê_tông nằm ngổn_ngang gây nguy_hiểm cho người đi bộ . - Đất_cát và rác_thải tràn ra vỉa_hè gây mất mỹ_quan đô_thị nghiêm_trọng trên tuyến đường chính . Kính_đề nghị cơ_quan_chức_năng sớm kiểm_tra , thu_dọn phế_thải và sửa_chữa lại phần bó vỉa này .","kính gửi cơ_quan_chức_năng , tôi xin phản_ánh tình_trạng hạ_tầng xuống_cấp tại khu_vực vỉa_hè trước khách_sạn 4 mùa ( 194 nguyễn_hữu_thọ , hòa_cường ) : - bó vỉa quanh gốc cây bị vỡ nát hoàn_toàn , bê_tông nằm ngổn_ngang gây nguy_hiểm cho người đi bộ . - đất_cát và rác_thải tràn ra vỉa_hè gây mất mỹ_quan đô_thị nghiêm_trọng trên tuyến đường chính . kính_đề nghị cơ_quan_chức_năng sớm kiểm_tra , thu_dọn phế_thải và sửa_chữa lại phần bó vỉa này .",Sở Xây dựng,Đang xử lý,https://gopy.danang.gov.vn/gop-y?pageid=view&ykien=94884,via_he_long_duong,cao
94883,Da Nang,10:17 23/03/2026,"Kính gửi cơ quan chức năng, tôi xin phản ánh tình trạng lòng đường Nguyễn Tri Phương (đoạn đối diện ngân hàng BIDV, gần ngã tư Nguyễn Văn Linh) xuất hiện một điểm hư hỏng: - Mảng nhựa đường được vá trước đây hiện đã bị bong tróc, sụt lún và vỡ vụn các cạnh, tạo thành hố lõm ngay giữa làn đường xe chạy. - Vị trí này nằm gần nút giao có mật độ giao thông rất cao, gây mất an toàn cho người đi đường, đặc biệt là xe máy. Kính đề nghị đơn vị quản lý sớm kiểm tra và có biện pháp xử lý triệt để (thay vì vá tạm) để đảm bảo an toàn giao thông tại khu vực này.","Kính gửi cơ quan chức năng, tôi xin phản ánh tình trạng lòng đường Nguyễn Tri Phương (đoạn đối diện ngân hàng BIDV, gần ngã tư Nguyễn Văn Linh) xuất hiện một điểm hư hỏng: - Mảng nhựa đường được vá trước đây hiện đã bị bong tróc, sụt lún và vỡ vụn các cạnh, tạo thành hố lõm ngay giữa làn đường xe chạy. - Vị trí này nằm gần nút giao có mật độ giao thông rất cao, gây mất an toàn cho người đi đường, đặc biệt là xe máy. Kính đề nghị đơn vị quản lý sớm kiểm tra và có biện pháp xử lý triệt để (thay vì vá tạm) để đảm bảo an toàn giao thông tại khu vực này.","Kính gửi cơ_quan_chức_năng , tôi xin phản_ánh tình_trạng lòng_đường Nguyễn_Tri_Phương ( đoạn_đối diện ngân_hàng BIDV , gần ngã tư Nguyễn_Văn_Linh ) xuất_hiện một điểm hư_hỏng : - Mảng nhựa đường_được vá trước đây hiện đã bị bong tróc , sụt lún và vỡ vụn các cạnh , tạo thành hố lõm ngay giữa làn_đường xe chạy . - Vị_trí này nằm gần nút giao có mật_độ giao_thông rất cao , gây mất an_toàn cho người đi_đường , đặc_biệt là xe_máy . Kính_đề nghị đơn_vị quản_lý sớm kiểm_tra và có biện_pháp xử_lý triệt_để ( thay_vì vá tạm ) để_đảm bảo_an_toàn giao_thông tại khu_vực này .","kính gửi cơ_quan_chức_năng , tôi xin phản_ánh tình_trạng lòng_đường nguyễn_tri_phương ( đoạn_đối diện ngân_hàng bidv , gần ngã tư nguyễn_văn_linh ) xuất_hiện một điểm hư_hỏng : - mảng nhựa đường_được vá trước đây hiện đã bị bong tróc , sụt lún và vỡ vụn các cạnh , tạo thành hố lõm ngay giữa làn_đường xe chạy . - vị_trí này nằm gần nút giao có mật_độ giao_thông rất cao , gây mất an_toàn cho người đi_đường , đặc_biệt là xe_máy . kính_đề nghị đơn_vị quản_lý sớm kiểm_tra và có biện_pháp xử_lý triệt_để ( thay_vì vá tạm ) để_đảm bảo_an_toàn giao_thông tại khu_vực này .",Sở Xây dựng,Đang xử lý,https://gopy.danang.gov.vn/gop-y?pageid=view&ykien=94883,duong_cau_ha_tang_hu_hong,cao
94882,Da Nang,10:09 23/03/2026,"Kính gửi cơ quan chức năng, tôi xin phản ánh tình trạng hạ tầng giao thông xuống cấp tại khu vực trước Agribank Chi nhánh Chi Lăng, địa chỉ 05-09 Nguyễn Tri Phương, Thanh Khê (Tôi có đính kèm hình ảnh và rất nhiều hình ảnh khác ở trong file docs): - Dưới lòng đường: Mặt đường nhựa bị bong tróc, tạo thành các mảng lồi lõm kéo dài, gây nguy hiểm cho phương tiện lưu thông. - Trên vỉa hè: Phần bó vỉa bê tông bị vỡ nát hoàn toàn, nhếch nhác. Kính đề nghị các đơn vị liên quan sớm kiểm tra và vá lại mặt đường, sửa chữa bó vỉa để đảm bảo an toàn giao thông và mỹ quan thành phố. Tôi xin chân thành cảm ơn./.","Kính gửi cơ quan chức năng, tôi xin phản ánh tình trạng hạ tầng giao thông xuống cấp tại khu vực trước Agribank Chi nhánh Chi Lăng, địa chỉ 05-09 Nguyễn Tri Phương, Thanh Khê (Tôi có đính kèm hình ảnh và rất nhiều hình ảnh khác ở trong file docs): - Dưới lòng đường: Mặt đường nhựa bị bong tróc, tạo thành các mảng lồi lõm kéo dài, gây nguy hiểm cho phương tiện lưu thông. - Trên vỉa hè: Phần bó vỉa bê tông bị vỡ nát hoàn toàn, nhếch nhác. Kính đề nghị các đơn vị liên quan sớm kiểm tra và vá lại mặt đường, sửa chữa bó vỉa để đảm bảo an toàn giao thông và mỹ quan thành phố. Tôi xin chân thành cảm ơn. /.","Kính gửi cơ_quan_chức_năng , tôi xin phản_ánh tình_trạng hạ_tầng giao_thông xuống_cấp tại khu_vực trước Agribank_Chi nhánh Chi_Lăng , địa_chỉ 05 - 09 Nguyễn_Tri_Phương , Thanh_Khê ( Tôi có đính kèm hình_ảnh và rất nhiều hình_ảnh khác ở trong file docs ) : - Dưới lòng_đường : Mặt_đường nhựa bị bong tróc , tạo thành các mảng lồi_lõm kéo_dài , gây nguy_hiểm cho phương_tiện lưu_thông . - Trên vỉa_hè : Phần_bó vỉa bê_tông bị vỡ nát hoàn_toàn , nhếch_nhác . Kính_đề nghị các đơn_vị liên_quan sớm kiểm_tra và vá lại mặt_đường , sửa_chữa bó vỉa để_đảm bảo_an_toàn giao_thông và mỹ_quan thành_phố . Tôi xin chân_thành cảm_ơn . / .","kính gửi cơ_quan_chức_năng , tôi xin phản_ánh tình_trạng hạ_tầng giao_thông xuống_cấp tại khu_vực trước agribank_chi nhánh chi_lăng , địa_chỉ 05 - 09 nguyễn_tri_phương , thanh_khê ( tôi có đính kèm hình_ảnh và rất nhiều hình_ảnh khác ở trong file docs ) : - dưới lòng_đường : mặt_đường nhựa bị bong tróc , tạo thành các mảng lồi_lõm kéo_dài , gây nguy_hiểm cho phương_tiện lưu_thông . - trên vỉa_hè : phần_bó vỉa bê_tông bị vỡ nát hoàn_toàn , nhếch_nhác . kính_đề nghị các đơn_vị liên_quan sớm kiểm_tra và vá lại mặt_đường , sửa_chữa bó vỉa để_đảm bảo_an_toàn giao_thông và mỹ_quan thành_phố . tôi xin chân_thành cảm_ơn . / .",Sở Xây dựng,Đã xử lý,https://gopy.danang.gov.vn/gop-y?pageid=view&ykien=94882,duong_cau_ha_tang_hu_hong,cao
94881,Da Nang,09:59 23/03/2026,"Kính gửi cơ quan chức năng, tôi xin phản ánh tình trạng vỉa hè tại khu vực trước số nhà 113 Nguyễn Hữu Thọ, phường Hòa Cường đang bị hư hỏng nghiêm trọng (Tôi có đính kèm file docs chứa kèm hình ảnh): - Gạch lát vỉa hè bị vỡ nát, bong tróc diện rộng, trơ lớp nền đất đá nhấp nhô. - Phần bó vỉa giáp mặt đường bị vỡ vụn, xô lệch vị trí. - Nhiều vị trí sụt lún quanh nắp cống gây nguy hiểm cho người đi bộ và phương tiện lên xuống. Tình trạng này đã kéo dài, gây mất mỹ quan đô thị và tiềm ẩn nguy cơ tai nạn. Kính mong đơn vị quản lý sớm kiểm tra và có biện pháp duy tu, sửa chữa để đảm bảo an toàn cho người dân./.","Kính gửi cơ quan chức năng, tôi xin phản ánh tình trạng vỉa hè tại khu vực trước số nhà 113 Nguyễn Hữu Thọ, phường Hòa Cường đang bị hư hỏng nghiêm trọng (Tôi có đính kèm file docs chứa kèm hình ảnh): - Gạch lát vỉa hè bị vỡ nát, bong tróc diện rộng, trơ lớp nền đất đá nhấp nhô. - Phần bó vỉa giáp mặt đường bị vỡ vụn, xô lệch vị trí. - Nhiều vị trí sụt lún quanh nắp cống gây nguy hiểm cho người đi bộ và phương tiện lên xuống. Tình trạng này đã kéo dài, gây mất mỹ quan đô thị và tiềm ẩn nguy cơ tai nạn. Kính mong đơn vị quản lý sớm kiểm tra và có biện pháp duy tu, sửa chữa để đảm bảo an toàn cho người dân. /.","Kính gửi cơ_quan_chức_năng , tôi xin phản_ánh tình_trạng vỉa_hè tại khu_vực trước số nhà 113 Nguyễn_Hữu_Thọ , phường Hòa_Cường_đang bị hư_hỏng nghiêm_trọng ( Tôi có đính kèm file docs chứa kèm hình_ảnh ) : - Gạch lát vỉa_hè bị vỡ nát , bong tróc diện rộng , trơ lớp nền đất_đá nhấp_nhô . - Phần_bó vỉa giáp_mặt_đường bị vỡ vụn , xô lệch vị_trí . - Nhiều vị_trí sụt lún quanh nắp cống gây nguy_hiểm cho người đi bộ và phương_tiện lên xuống . Tình_trạng này đã kéo_dài , gây mất mỹ_quan đô_thị và tiềm_ẩn nguy_cơ tai_nạn . Kính mong đơn_vị quản_lý sớm kiểm_tra và có biện_pháp duy_tu , sửa_chữa để_đảm bảo_an_toàn cho người dân . / .","kính gửi cơ_quan_chức_năng , tôi xin phản_ánh tình_trạng vỉa_hè tại khu_vực trước số nhà 113 nguyễn_hữu_thọ , phường hòa_cường_đang bị hư_hỏng nghiêm_trọng ( tôi có đính kèm file docs chứa kèm hình_ảnh ) : - gạch lát vỉa_hè bị vỡ nát , bong tróc diện rộng , trơ lớp nền đất_đá nhấp_nhô . - phần_bó vỉa giáp_mặt_đường bị vỡ vụn , xô lệch vị_trí . - nhiều vị_trí sụt lún quanh nắp cống gây nguy_hiểm cho người đi bộ và phương_tiện lên xuống . tình_trạng này đã kéo_dài , gây mất mỹ_quan đô_thị và tiềm_ẩn nguy_cơ tai_nạn . kính mong đơn_vị quản_lý sớm kiểm_tra và có biện_pháp duy_tu , sửa_chữa để_đảm bảo_an_toàn cho người dân . / .",Sở Xây dựng,Đang xử lý,https://gopy.danang.gov.vn/gop-y?pageid=view&ykien=94881,via_he_long_duong,cao
94880,Da Nang,09:59 23/03/2026,"Biển báo tại 458 Nguyễn Hữu Thọ, Phường Cẩm Lệ, bị gãy có dấu hiệu sắp ngã. Nhờ chính quyền sắp xếp bộ phận liên quan để xử lý để đảm bảo an toàn./.","Biển báo tại 458 Nguyễn Hữu Thọ, Phường Cẩm Lệ, bị gãy có dấu hiệu sắp ngã. Nhờ chính quyền sắp xếp bộ phận liên quan để xử lý để đảm bảo an toàn. /.","Biển_báo tại 458 Nguyễn_Hữu_Thọ , Phường_Cẩm_Lệ , bị gãy có dấu_hiệu sắp ngã . Nhờ chính_quyền sắp_xếp bộ_phận liên_quan để xử_lý để_đảm bảo_an_toàn . / .","biển_báo tại 458 nguyễn_hữu_thọ , phường_cẩm_lệ , bị gãy có dấu_hiệu sắp ngã . nhờ chính_quyền sắp_xếp bộ_phận liên_quan để xử_lý để_đảm bảo_an_toàn . / .",Sở Xây dựng,Đang xử lý,https://gopy.danang.gov.vn/gop-y?pageid=view&ykien=94880,bien_bao,trung_binh
94878,Da Nang,09:47 23/03/2026,"Tại địa chỉ 183 Nguyễn Hữu Thọ tiệm gà rán KFC, đoạn bó vỉa bê tông và gạch lát vỉa hè đã bị hư hỏng, vỡ nát và sụt lún nghiêm trọng, tạo thành các hố sâu lồi lõm ngay mép đường. Tình trạng này gây nguy hiểm cho người đi bộ và làm mất mỹ quan đường phố. Kính đề nghị cơ quan chức năng kiểm tra và sớm khắc phục để đảm bảo an toàn. Tôi xin chân thành cảm ơn./.","Tại địa chỉ 183 Nguyễn Hữu Thọ tiệm gà rán KFC, đoạn bó vỉa bê tông và gạch lát vỉa hè đã bị hư hỏng, vỡ nát và sụt lún nghiêm trọng, tạo thành các hố sâu lồi lõm ngay mép đường. Tình trạng này gây nguy hiểm cho người đi bộ và làm mất mỹ quan đường phố. Kính đề nghị cơ quan chức năng kiểm tra và sớm khắc phục để đảm bảo an toàn. Tôi xin chân thành cảm ơn. /.","Tại_địa chỉ 183 Nguyễn_Hữu_Thọ tiệm gà rán KFC , đoạn bó vỉa bê_tông và gạch lát vỉa_hè đã bị hư_hỏng , vỡ nát và sụt lún nghiêm_trọng , tạo thành các hố sâu lồi_lõm ngay mép đường . Tình_trạng này gây nguy_hiểm cho người đi bộ và làm mất mỹ_quan đường_phố . Kính_đề nghị cơ_quan_chức_năng kiểm_tra và sớm khắc_phục để_đảm bảo_an_toàn . Tôi xin chân_thành cảm_ơn . / .","tại_địa chỉ 183 nguyễn_hữu_thọ tiệm gà rán kfc , đoạn bó vỉa bê_tông và gạch lát vỉa_hè đã bị hư_hỏng , vỡ nát và sụt lún nghiêm_trọng , tạo thành các hố sâu lồi_lõm ngay mép đường . tình_trạng này gây nguy_hiểm cho người đi bộ và làm mất mỹ_quan đường_phố . kính_đề nghị cơ_quan_chức_năng kiểm_tra và sớm khắc_phục để_đảm bảo_an_toàn . tôi xin chân_thành cảm_ơn . / .","Sở Xây dựng Sở Xây dựng trân trọng cảm ơn ý kiến góp ý của Quý công dân và phản hồi một số thông tin như sau: Công ty Thoát nước và Xử lý nước thải đã kiểm tra hiện trường và hoàn thành khắc phục kiến nghị vào ngày 16/4/2026, hình ảnh kèm",Đã xử lý,https://gopy.danang.gov.vn/gop-y?pageid=view&ykien=94878,via_he_long_duong,cao
94876,Da Nang,09:40 23/03/2026,"Tại khu vực số 761 - 771 Nguyễn Hữu Thọ, bó vỉa bê tông hiện đã bị gãy vỡ hoàn toàn, sụt lún nghiêm trọng tạo thành các hố sâu và khe hở lớn giữa vỉa hè và lòng đường. Tôi có đính kèm file docs chứa hình ảnh. Tình trạng này gây nguy hiểm cho người dân khi lên xuống vỉa hè và ảnh hưởng đến an toàn của phương tiện lưu thông qua đây. Kính đề nghị đơn vị quản lý đô thị kiểm tra và sớm có biện pháp thay thế, sửa chữa đoạn bó vỉa này. Tôi xin chân thành cảm ơn./.","Tại khu vực số 761 - 771 Nguyễn Hữu Thọ, bó vỉa bê tông hiện đã bị gãy vỡ hoàn toàn, sụt lún nghiêm trọng tạo thành các hố sâu và khe hở lớn giữa vỉa hè và lòng đường. Tôi có đính kèm file docs chứa hình ảnh. Tình trạng này gây nguy hiểm cho người dân khi lên xuống vỉa hè và ảnh hưởng đến an toàn của phương tiện lưu thông qua đây. Kính đề nghị đơn vị quản lý đô thị kiểm tra và sớm có biện pháp thay thế, sửa chữa đoạn bó vỉa này. Tôi xin chân thành cảm ơn. /.","Tại khu_vực số 761 - 771 Nguyễn_Hữu_Thọ , bó vỉa bê_tông hiện đã bị gãy vỡ hoàn_toàn , sụt lún nghiêm_trọng tạo thành các hố sâu và khe hở lớn giữa vỉa_hè và lòng_đường . Tôi có đính kèm file docs chứa hình_ảnh . Tình_trạng này gây nguy_hiểm cho người dân khi lên xuống vỉa_hè và ảnh_hưởng đến an_toàn của phương_tiện lưu_thông_qua đây . Kính_đề nghị đơn_vị quản_lý đô_thị kiểm_tra và sớm có biện_pháp thay_thế , sửa_chữa đoạn bó vỉa này . Tôi xin chân_thành cảm_ơn . / .","tại khu_vực số 761 - 771 nguyễn_hữu_thọ , bó vỉa bê_tông hiện đã bị gãy vỡ hoàn_toàn , sụt lún nghiêm_trọng tạo thành các hố sâu và khe hở lớn giữa vỉa_hè và lòng_đường . tôi có đính kèm file docs chứa hình_ảnh . tình_trạng này gây nguy_hiểm cho người dân khi lên xuống vỉa_hè và ảnh_hưởng đến an_toàn của phương_tiện lưu_thông_qua đây . kính_đề nghị đơn_vị quản_lý đô_thị kiểm_tra và sớm có biện_pháp thay_thế , sửa_chữa đoạn bó vỉa này . tôi xin chân_thành cảm_ơn . / .",Sở Xây dựng,Đang xử lý,https://gopy.danang.gov.vn/gop-y?pageid=view&ykien=94876,via_he_long_duong,cao
94875,Da Nang,09:27 23/03/2026,"Kính gửi cơ quan chức năng, Tôi xin phản ánh tình trạng vỉa hè (ngay trước số 216 Nguyễn Hữu Thọ, cửa hàng Vua Nệm) đang bị hư hỏng rất nghiêm trọng. Gạch lát loại vân tròn bị vỡ vụn, bong tróc trên diện rộng, tạo thành nhiều hố sâu lồi lõm ngay lối đi bộ. Tình trạng này đã kéo dài, gây nguy hiểm cao độ cho người đi đường (Tôi có đính kèm file docs chứa hình ảnh cụ thể). Kính đề nghị các cơ quan có thẩm quyền sớm kiểm tra và cho duy tu, sửa chữa lại đoạn vỉa hè này để đảm bảo an toàn giao thông và mỹ quan đô thị. Xin cảm ơn./.","Kính gửi cơ quan chức năng, Tôi xin phản ánh tình trạng vỉa hè (ngay trước số 216 Nguyễn Hữu Thọ, cửa hàng Vua Nệm) đang bị hư hỏng rất nghiêm trọng. Gạch lát loại vân tròn bị vỡ vụn, bong tróc trên diện rộng, tạo thành nhiều hố sâu lồi lõm ngay lối đi bộ. Tình trạng này đã kéo dài, gây nguy hiểm cao độ cho người đi đường (Tôi có đính kèm file docs chứa hình ảnh cụ thể). Kính đề nghị các cơ quan có thẩm quyền sớm kiểm tra và cho duy tu, sửa chữa lại đoạn vỉa hè này để đảm bảo an toàn giao thông và mỹ quan đô thị. Xin cảm ơn. /.","Kính gửi cơ_quan_chức_năng , Tôi xin phản_ánh tình_trạng vỉa_hè ( ngay trước số 216 Nguyễn_Hữu_Thọ , cửa_hàng Vua_Nệm ) đang bị hư_hỏng rất nghiêm_trọng . Gạch lát loại vân tròn bị vỡ vụn , bong tróc trên diện rộng , tạo thành nhiều hố sâu lồi_lõm ngay lối đi bộ . Tình_trạng này đã kéo_dài , gây nguy_hiểm cao_độ cho người đi_đường ( Tôi có đính kèm file docs chứa hình_ảnh cụ_thể ) . Kính_đề nghị các cơ_quan có thẩm_quyền sớm kiểm_tra và cho duy_tu , sửa_chữa lại đoạn vỉa_hè này để_đảm bảo_an_toàn giao_thông và mỹ_quan đô_thị . Xin cảm_ơn . / .","kính gửi cơ_quan_chức_năng , tôi xin phản_ánh tình_trạng vỉa_hè ( ngay trước số 216 nguyễn_hữu_thọ , cửa_hàng vua_nệm ) đang bị hư_hỏng rất nghiêm_trọng . gạch lát loại vân tròn bị vỡ vụn , bong tróc trên diện rộng , tạo thành nhiều hố sâu lồi_lõm ngay lối đi bộ . tình_trạng này đã kéo_dài , gây nguy_hiểm cao_độ cho người đi_đường ( tôi có đính kèm file docs chứa hình_ảnh cụ_thể ) . kính_đề nghị các cơ_quan có thẩm_quyền sớm kiểm_tra và cho duy_tu , sửa_chữa lại đoạn vỉa_hè này để_đảm bảo_an_toàn giao_thông và mỹ_quan đô_thị . xin cảm_ơn . / .",Sở Xây dựng,Đang xử lý,https://gopy.danang.gov.vn/gop-y?pageid=view&ykien=94875,via_he_long_duong,cao
94820,Da Nang,10:08 22/03/2026,"Đoạn đường Cao Sơn Pháo từ ngã 4 Nguyễn Văn Tạo đến cổng bến xe Trung tâm Đà Nẵng mặc dù rất rộng (6 làn đường) nhưng cắm biển Cấm đỗ, cấm dừng rất khó khăn cho việc lưu thông, buôn bán, sinh hoạt của người dân cũng như doanh nghiệp. Thiết nghĩ chỉ cần cấm đỗ sẽ phù hợp hơn. Kính đề nghị cơ quan ban ngành liên quan xem xét, kiểm thảo thay đổi. Xin cảm ơn./.","Đoạn đường Cao Sơn Pháo từ ngã 4 Nguyễn Văn Tạo đến cổng bến xe Trung tâm Đà Nẵng mặc dù rất rộng (6 làn đường) nhưng cắm biển Cấm đỗ, cấm dừng rất khó khăn cho việc lưu thông, buôn bán, sinh hoạt của người dân cũng như doanh nghiệp. Thiết nghĩ chỉ cần cấm đỗ sẽ phù hợp hơn. Kính đề nghị cơ quan ban ngành liên quan xem xét, kiểm thảo thay đổi. Xin cảm ơn. /.","Đoạn_đường Cao_Sơn_Pháo từ ngã 4 Nguyễn_Văn_Tạo_đến cổng bến_xe Trung_tâm Đà_Nẵng mặc_dù rất rộng ( 6 làn_đường ) nhưng cắm biển Cấm_đỗ , cấm dừng rất khó_khăn cho việc lưu_thông , buôn_bán , sinh_hoạt của người dân cũng như doanh_nghiệp . Thiết_nghĩ chỉ cần cấm đỗ sẽ phù_hợp hơn . Kính_đề nghị cơ_quan ban_ngành liên_quan xem_xét , kiểm thảo thay_đổi . Xin cảm_ơn . / .","đoạn_đường cao_sơn_pháo từ ngã 4 nguyễn_văn_tạo_đến cổng bến_xe trung_tâm đà_nẵng mặc_dù rất rộng ( 6 làn_đường ) nhưng cắm biển cấm_đỗ , cấm dừng rất khó_khăn cho việc lưu_thông , buôn_bán , sinh_hoạt của người dân cũng như doanh_nghiệp . thiết_nghĩ chỉ cần cấm đỗ sẽ phù_hợp hơn . kính_đề nghị cơ_quan ban_ngành liên_quan xem_xét , kiểm thảo thay_đổi . xin cảm_ơn . / .","Sở Xây dựng Sở Xây dựng trân trọng cảm ơn ý kiến góp ý của công dân và thông tin như sau: Nhằm mục đích đảm bảo ATGT khu vực cửa ngõ Bến xe Trung tâm thành phố và đặc biệt là trật tự vận tải (trước đây các phương tiện thường xuyên tập trung dừng xe, đỗ xe để đón, trả khách; phát sinh tình trạng xe dù, bến cóc gây mất trật tự, an ninh của khu vực), Sở Xây dựng đã phối hợp Công an thành phố, địa phương và các ngành liên quan báo cáo đề xuất cấp thẩm quyền thống nhất chủ trương cấm dừng, đỗ xe trên đường Cao Sơn Pháo. Vậy, Sở Xây dựng phản hồi thông tin để công dân được biết. Trân trọng./. Ngày trả lời: 03/04/2026",Đã xử lý,https://gopy.danang.gov.vn/gop-y?pageid=view&ykien=94820,bien_bao,thap
94804,Da Nang,07:48 22/03/2026,"Hiện nay tại Tổ 114, 115 đường Đa Mặn 16 (chưa có số nhà), phường Ngũ Hành Sơn đã có 4 trụ điện nhưng không có điện chiếu sáng. Tôi có liên hệ phường thì phường trả lời cái này thuộc dự án gì đó tôi cũng không rõ, nhưng hiện tại không có điện đường gây khó khăn sinh hoạt của người dân, nguy hiểm cho người đi đường và đặc biệt là nạn trộm cắp rất nhiều. Kính mong cơ quan chức năng kiểm tra và sớm có điện đường để đảm bảo an toàn cho người dân. Xin cám ơn./.","Hiện nay tại Tổ 114, 115 đường Đa Mặn 16 (chưa có số nhà), phường Ngũ Hành Sơn đã có 4 trụ điện nhưng không có điện chiếu sáng. Tôi có liên hệ phường thì phường trả lời cái này thuộc dự án gì đó tôi cũng không rõ, nhưng hiện tại không có điện đường gây khó khăn sinh hoạt của người dân, nguy hiểm cho người đi đường và đặc biệt là nạn trộm cắp rất nhiều. Kính mong cơ quan chức năng kiểm tra và sớm có điện đường để đảm bảo an toàn cho người dân. Xin cám ơn. /.","Hiện_nay tại Tổ 114 , 115 đường Đa_Mặn 16 ( chưa có số nhà ) , phường Ngũ_Hành_Sơn_đã có 4 trụ điện nhưng không có điện chiếu sáng . Tôi có liên_hệ phường thì phường trả_lời cái này thuộc dự_án gì đó tôi cũng không rõ , nhưng hiện_tại không có điện_đường gây khó_khăn sinh_hoạt của người dân , nguy_hiểm cho người đi_đường và đặc_biệt là nạn trộm_cắp rất nhiều . Kính mong cơ_quan_chức_năng kiểm_tra và sớm có điện_đường để_đảm bảo_an_toàn cho người dân . Xin cám_ơn . / .","hiện_nay tại tổ 114 , 115 đường đa_mặn 16 ( chưa có số nhà ) , phường ngũ_hành_sơn_đã có 4 trụ điện nhưng không có điện chiếu sáng . tôi có liên_hệ phường thì phường trả_lời cái này thuộc dự_án gì đó tôi cũng không rõ , nhưng hiện_tại không có điện_đường gây khó_khăn sinh_hoạt của người dân , nguy_hiểm cho người đi_đường và đặc_biệt là nạn trộm_cắp rất nhiều . kính mong cơ_quan_chức_năng kiểm_tra và sớm có điện_đường để_đảm bảo_an_toàn cho người dân . xin cám_ơn . / .",UBND Phường Ngũ Hành Sơn,Đã xử lý,https://gopy.danang.gov.vn/gop-y?pageid=view&ykien=94804,dien_luc_chieu_sang,cao
94768,Da Nang,14:16 21/03/2026,Đường Yết Kiêu phường Sơn Trà đoạn từ ngã tư Lê Đức Thọ đi đến Cảng Tiên Sa (đặc biệt trước Cảng Dầu Khí) có rất nhiều ổ gà to. Đã có tai nạn xảy ra trên đoạn đường này. Kính đề nghị cơ quan chức năng kiểm tra và xử lý. Tránh để ổ gà gây tai nạn giao thông xin cảm ơn./.,Đường Yết Kiêu phường Sơn Trà đoạn từ ngã tư Lê Đức Thọ đi đến Cảng Tiên Sa (đặc biệt trước Cảng Dầu Khí) có rất nhiều ổ gà to. Đã có tai nạn xảy ra trên đoạn đường này. Kính đề nghị cơ quan chức năng kiểm tra và xử lý. Tránh để ổ gà gây tai nạn giao thông xin cảm ơn. /.,Đường_Yết_Kiêu phường Sơn_Trà_đoạn từ ngã tư Lê_Đức_Thọ_đi_đến_Cảng Tiên_Sa ( đặc_biệt trước Cảng_Dầu_Khí ) có rất nhiều ổ_gà to . Đã có tai_nạn xảy ra trên đoạn_đường này . Kính_đề nghị cơ_quan_chức_năng kiểm_tra và xử_lý . Tránh_để ổ_gà gây tai_nạn giao_thông xin cảm_ơn . / .,đường_yết_kiêu phường sơn_trà_đoạn từ ngã tư lê_đức_thọ_đi_đến_cảng tiên_sa ( đặc_biệt trước cảng_dầu_khí ) có rất nhiều ổ_gà to . đã có tai_nạn xảy ra trên đoạn_đường này . kính_đề nghị cơ_quan_chức_năng kiểm_tra và xử_lý . tránh_để ổ_gà gây tai_nạn giao_thông xin cảm_ơn . / .,"Trung tâm Thông tin và Giám sát, điều hành thông minh",Đã xử lý,https://gopy.danang.gov.vn/gop-y?pageid=view&ykien=94768,duong_cau_ha_tang_hu_hong,cao
94750,Da Nang,10:48 21/03/2026,Tại vị trí từ Đài Tưởng niệm Liệt sĩ huyện Hòa Vang xuống đường giao với QL14B (gần cầu vượt Hòa Cầm) chưa có đèn đường. Đèn bên trong công viên bị hỏng không sáng nên buổi tối khi tham gia giao thông ở khu vực này khá nguy hiểm. Đề nghị cơ quan chức năng kiểm tra xử lý. Trân trọng cảm ơn./. https://maps.app.goo.gl/LrFSZwf34zKVZ5AE9,Tại vị trí từ Đài Tưởng niệm Liệt sĩ huyện Hòa Vang xuống đường giao với QL14B (gần cầu vượt Hòa Cầm) chưa có đèn đường. Đèn bên trong công viên bị hỏng không sáng nên buổi tối khi tham gia giao thông ở khu vực này khá nguy hiểm. Đề nghị cơ quan chức năng kiểm tra xử lý. Trân trọng cảm ơn. /.,Tại vị_trí từ Đài_Tưởng_niệm Liệt_sĩ huyện Hòa_Vang xuống đường giao với QL14B ( gần cầu_vượt Hòa_Cầm ) chưa có đèn_đường . Đèn bên trong công_viên bị hỏng không sáng nên buổi tối khi tham_gia giao_thông ở khu_vực này khá nguy_hiểm . Đề_nghị cơ_quan_chức_năng kiểm_tra xử_lý . Trân_trọng cảm_ơn . / .,tại vị_trí từ đài_tưởng_niệm liệt_sĩ huyện hòa_vang xuống đường giao với ql14b ( gần cầu_vượt hòa_cầm ) chưa có đèn_đường . đèn bên trong công_viên bị hỏng không sáng nên buổi tối khi tham_gia giao_thông ở khu_vực này khá nguy_hiểm . đề_nghị cơ_quan_chức_năng kiểm_tra xử_lý . trân_trọng cảm_ơn . / .,UBND Phường Cẩm Lệ,Đã xử lý,https://gopy.danang.gov.vn/gop-y?pageid=view&ykien=94750,dien_luc_chieu_sang,cao
94701,Da Nang,13:40 20/03/2026,"Tôi xin phản ánh tình trạng tắc nghẽn cống, nước cống tràn lên đường tại khu vực trục đường DT602, thuộc thôn An Ngãi Tây 2, phường Hòa Khánh). Nước tràn lên mấy ngày nay gây hôi thối. Đề nghị cơ quan chức năng có hướng xử lý. Địa chỉ: Nhà lô 401, đường DT602, thôn An Ngãi Tây 2","Tôi xin phản ánh tình trạng tắc nghẽn cống, nước cống tràn lên đường tại khu vực trục đường DT602, thuộc thôn An Ngãi Tây 2, phường Hòa Khánh). Nước tràn lên mấy ngày nay gây hôi thối. Đề nghị cơ quan chức năng có hướng xử lý. Địa chỉ: Nhà lô 401, đường DT602, thôn An Ngãi Tây 2","Tôi xin phản_ánh tình_trạng tắc_nghẽn cống , nước cống tràn lên_đường tại khu_vực trục đường DT602 , thuộc thôn An_Ngãi_Tây 2 , phường Hòa_Khánh ) . Nước tràn lên mấy ngày_nay gây hôi_thối . Đề_nghị cơ_quan_chức_năng có hướng xử_lý . Địa_chỉ : Nhà lô 401 , đường DT602 , thôn An_Ngãi_Tây 2","tôi xin phản_ánh tình_trạng tắc_nghẽn cống , nước cống tràn lên_đường tại khu_vực trục đường dt602 , thuộc thôn an_ngãi_tây 2 , phường hòa_khánh ) . nước tràn lên mấy ngày_nay gây hôi_thối . đề_nghị cơ_quan_chức_năng có hướng xử_lý . địa_chỉ : nhà lô 401 , đường dt602 , thôn an_ngãi_tây 2",UBND Phường Hòa Khánh,Đang xử lý,https://gopy.danang.gov.vn/gop-y?pageid=view&ykien=94701,cong_ho_ga_thoat_nuoc,thap
94662,Da Nang,07:38 20/03/2026,"Trước nhà ông L.M.D tại Tổ 2 thôn Vân Dương 1, phường Liên Chiểu đã được lắp đặt trụ điện chiếu sáng và bóng đèn từ trước Tết Nguyên đán nhưng hiện tại vẫn chưa được đóng điện. Mong cơ quan chức năng kiểm tra và đóng điện để đảm bảo ánh sáng cho khu vực này./.","Trước nhà ông L. M. D tại Tổ 2 thôn Vân Dương 1, phường Liên Chiểu đã được lắp đặt trụ điện chiếu sáng và bóng đèn từ trước Tết Nguyên đán nhưng hiện tại vẫn chưa được đóng điện. Mong cơ quan chức năng kiểm tra và đóng điện để đảm bảo ánh sáng cho khu vực này. /.","Trước nhà ông L. M. D tại Tổ 2 thôn Vân_Dương 1 , phường Liên_Chiểu_đã_được lắp_đặt trụ điện chiếu sáng và bóng đèn từ trước Tết_Nguyên_đán nhưng hiện_tại vẫn chưa được_đóng_điện . Mong cơ_quan_chức_năng kiểm_tra và đóng_điện_để_đảm bảo ánh_sáng cho khu_vực này . / .","trước nhà ông l. m. d tại tổ 2 thôn vân_dương 1 , phường liên_chiểu_đã_được lắp_đặt trụ điện chiếu sáng và bóng đèn từ trước tết_nguyên_đán nhưng hiện_tại vẫn chưa được_đóng_điện . mong cơ_quan_chức_năng kiểm_tra và đóng_điện_để_đảm bảo ánh_sáng cho khu_vực này . / .",UBND Phường Liên Chiểu,Đã xử lý,https://gopy.danang.gov.vn/gop-y?pageid=view&ykien=94662,dien_luc_chieu_sang,thap
94658,Da Nang,07:37 20/03/2026,"Trước nhà tôi tại 128 Trần Cao Vân, phường Thanh Khê có một cây bằng lăng do nhà nước trồng đã chết 7 năm, phía dưới là đường dây điện chằng chịt nhưng không có ai xử lý. Tại đây còn có hộ thu gom ve chai thường chất giấy, thùng carton gần cây chết và đường dây điện nên tôi lo sợ cháy nổ. Kiến nghị cơ quan chức năng xử lý dứt điểm để đảm bảo an toàn cho gia đình tôi./.","Trước nhà tôi tại 128 Trần Cao Vân, phường Thanh Khê có một cây bằng lăng do nhà nước trồng đã chết 7 năm, phía dưới là đường dây điện chằng chịt nhưng không có ai xử lý. Tại đây còn có hộ thu gom ve chai thường chất giấy, thùng carton gần cây chết và đường dây điện nên tôi lo sợ cháy nổ. Kiến nghị cơ quan chức năng xử lý dứt điểm để đảm bảo an toàn cho gia đình tôi. /.","Trước nhà tôi tại 128 Trần_Cao_Vân , phường Thanh_Khê có một cây bằng_lăng do nhà_nước trồng đã chết 7 năm , phía dưới là đường_dây_điện chằng_chịt nhưng không có ai xử_lý . Tại_đây còn có hộ thu_gom ve_chai thường chất giấy , thùng carton gần cây chết và đường_dây_điện nên tôi lo_sợ cháy nổ . Kiến_nghị cơ_quan_chức_năng xử_lý dứt điểm_để_đảm bảo_an_toàn cho gia_đình tôi . / .","trước nhà tôi tại 128 trần_cao_vân , phường thanh_khê có một cây bằng_lăng do nhà_nước trồng đã chết 7 năm , phía dưới là đường_dây_điện chằng_chịt nhưng không có ai xử_lý . tại_đây còn có hộ thu_gom ve_chai thường chất giấy , thùng carton gần cây chết và đường_dây_điện nên tôi lo_sợ cháy nổ . kiến_nghị cơ_quan_chức_năng xử_lý dứt điểm_để_đảm bảo_an_toàn cho gia_đình tôi . / .","Sở Xây dựng Sở Xây dựng trân trọng cảm ơn ý kiến góp ý của Quý công dân và phản hồi một số thông tin như sau: Trường hợp cây xanh, chết khô trên vỉa hè khu vực số nhà 128 Trần Cao Vân, Ban quản lý dự án các công trình giao thông và nông nghiệp đã kiểm tra, dự kiến tổ chức chặt hạ trồng thay thế, hoàn thành trước ngày 10/4/2026. Sở Xây dựng thông tin để Quý công dân được biết. Trân trọng./. Ngày trả lời: 03/04/2026",Đã xử lý,https://gopy.danang.gov.vn/gop-y?pageid=view&ykien=94658,cay_xanh_vat_can,thap
94632,Da Nang,16:33 19/03/2026,"Hiện tại đèn chiếu sáng tại địa chỉ K12 Trường Sơn, hẻm 71/05, phường Cẩm Lệ đã bị mất điện hơn 1 tháng nay từ ngày mồng 4 tết. Xin các ban ngành có trách nhiệm khắc phục sự cố gấp để người dân có thể sinh hoạt. Xin cảm ơn.","Hiện tại đèn chiếu sáng tại địa chỉ K12 Trường Sơn, hẻm 71/05, phường Cẩm Lệ đã bị mất điện hơn 1 tháng nay từ ngày mồng 4 tết. Xin các ban ngành có trách nhiệm khắc phục sự cố gấp để người dân có thể sinh hoạt. Xin cảm ơn.","Hiện_tại đèn_chiếu sáng tại địa_chỉ K12_Trường_Sơn , hẻm 71 / 05 , phường Cẩm_Lệ_đã bị mất điện hơn 1 tháng nay từ ngày mồng 4 tết . Xin các ban_ngành có trách_nhiệm khắc_phục sự_cố gấp để người dân có_thể sinh_hoạt . Xin cảm_ơn .","hiện_tại đèn_chiếu sáng tại địa_chỉ k12_trường_sơn , hẻm 71 / 05 , phường cẩm_lệ_đã bị mất điện hơn 1 tháng nay từ ngày mồng 4 tết . xin các ban_ngành có trách_nhiệm khắc_phục sự_cố gấp để người dân có_thể sinh_hoạt . xin cảm_ơn .",UBND Phường Cẩm Lệ,Đã xử lý,https://gopy.danang.gov.vn/gop-y?pageid=view&ykien=94632,dien_luc_chieu_sang,trung_binh
94428,Da Nang,10:18 17/03/2026,"Hiện nay ở trước số nhà 29 đường Võ Duy Ninh, phường Sơn Trà có 1 trụ điện chiếu sáng nhưng mà đã bị che khuất bởi cây bàng. Khu vực này đường tối và xe cộ qua lại nhiều, ô tô đậu bên đường nhiều, có nhiều trẻ em mong bên chiếu sáng khắc phục, để khu phố được sáng và tạo điều kiện cho người dân đi lại. Trân trọng cảm ơn!","Hiện nay ở trước số nhà 29 đường Võ Duy Ninh, phường Sơn Trà có 1 trụ điện chiếu sáng nhưng mà đã bị che khuất bởi cây bàng. Khu vực này đường tối và xe cộ qua lại nhiều, ô tô đậu bên đường nhiều, có nhiều trẻ em mong bên chiếu sáng khắc phục, để khu phố được sáng và tạo điều kiện cho người dân đi lại. Trân trọng cảm ơn","Hiện_nay ở trước số nhà 29 đường Võ_Duy_Ninh , phường Sơn_Trà có 1 trụ điện chiếu sáng nhưng mà đã bị che_khuất bởi cây bàng . Khu_vực này đường tối và xe_cộ qua_lại nhiều , ô_tô đậu bên đường nhiều , có nhiều trẻ_em mong bên chiếu sáng khắc_phục , để khu_phố được sáng và tạo điều_kiện cho người dân đi_lại . Trân_trọng cảm_ơn","hiện_nay ở trước số nhà 29 đường võ_duy_ninh , phường sơn_trà có 1 trụ điện chiếu sáng nhưng mà đã bị che_khuất bởi cây bàng . khu_vực này đường tối và xe_cộ qua_lại nhiều , ô_tô đậu bên đường nhiều , có nhiều trẻ_em mong bên chiếu sáng khắc_phục , để khu_phố được sáng và tạo điều_kiện cho người dân đi_lại . trân_trọng cảm_ơn","Trung tâm Thông tin và Giám sát, điều hành thông minh",Đã xử lý,https://gopy.danang.gov.vn/gop-y?pageid=view&ykien=94428,dien_luc_chieu_sang,cao
94419,Da Nang,07:41 17/03/2026,"Tuyến đường Hòa Liên 8 thuộc Khu tái định cư Hòa Liên 5, thôn Quan Nam, phường Liên Chiểu. Hiện hệ thống điện chiếu sáng công cộng tại khu vực Tổ 4 và Tổ 7 đã không hoạt động trong khoảng 03 ngày nay. Việc đèn đường không hoạt động khiến khu vực vào ban đêm rất tối, tiềm ẩn nguy hiểm cho người dân khi đi lại. Kính mong cơ quan chức năng quan tâm kiểm tra, sớm khắc phục để đảm bảo an toàn cho người dân. Xin cảm ơn./.","Tuyến đường Hòa Liên 8 thuộc Khu tái định cư Hòa Liên 5, thôn Quan Nam, phường Liên Chiểu. Hiện hệ thống điện chiếu sáng công cộng tại khu vực Tổ 4 và Tổ 7 đã không hoạt động trong khoảng 03 ngày nay. Việc đèn đường không hoạt động khiến khu vực vào ban đêm rất tối, tiềm ẩn nguy hiểm cho người dân khi đi lại. Kính mong cơ quan chức năng quan tâm kiểm tra, sớm khắc phục để đảm bảo an toàn cho người dân. Xin cảm ơn. /.","Tuyến_đường Hòa_Liên 8 thuộc Khu tái_định_cư Hòa_Liên 5 , thôn Quan_Nam , phường Liên_Chiểu . Hiện hệ_thống điện chiếu sáng công_cộng tại khu_vực Tổ 4 và Tổ 7 đã không hoạt_động trong khoảng 03 ngày_nay . Việc_đèn_đường không hoạt_động khiến khu_vực vào ban_đêm rất tối , tiềm_ẩn nguy_hiểm cho người dân khi đi_lại . Kính mong cơ_quan_chức_năng quan_tâm kiểm_tra , sớm khắc_phục để_đảm bảo_an_toàn cho người dân . Xin cảm_ơn . / .","tuyến_đường hòa_liên 8 thuộc khu tái_định_cư hòa_liên 5 , thôn quan_nam , phường liên_chiểu . hiện hệ_thống điện chiếu sáng công_cộng tại khu_vực tổ 4 và tổ 7 đã không hoạt_động trong khoảng 03 ngày_nay . việc_đèn_đường không hoạt_động khiến khu_vực vào ban_đêm rất tối , tiềm_ẩn nguy_hiểm cho người dân khi đi_lại . kính mong cơ_quan_chức_năng quan_tâm kiểm_tra , sớm khắc_phục để_đảm bảo_an_toàn cho người dân . xin cảm_ơn . / .",UBND Phường Liên Chiểu,Đã xử lý,https://gopy.danang.gov.vn/gop-y?pageid=view&ykien=94419,dien_luc_chieu_sang,cao
94396,Da Nang,19:09 16/03/2026,"Hiện tại đường Đa Phước 9, Ngũ Hành Sơn có mấy xe ô tô khách loại 45-50 chỗ thường xuyên đậu đỗ, vận hành trong khu dân sinh gây mất an toàn giao thông và vệ sinh môi trường. Đã có trường hợp chạy ẩu gây đứt hệ thống dây điện trong khu dân cư. Kính đề nghị cơ quan chức năng kiểm tra, xử lý. Trân trọng!","Hiện tại đường Đa Phước 9, Ngũ Hành Sơn có mấy xe ô tô khách loại 45-50 chỗ thường xuyên đậu đỗ, vận hành trong khu dân sinh gây mất an toàn giao thông và vệ sinh môi trường. Đã có trường hợp chạy ẩu gây đứt hệ thống dây điện trong khu dân cư. Kính đề nghị cơ quan chức năng kiểm tra, xử lý. Trân trọng","Hiện_tại đường Đa_Phước 9 , Ngũ_Hành_Sơn có mấy xe ô_tô khách loại 45 - 50 chỗ thường_xuyên đậu_đỗ , vận_hành trong khu dân_sinh gây mất an_toàn giao_thông và vệ_sinh môi_trường . Đã có trường_hợp chạy ẩu gây đứt hệ_thống dây_điện trong khu dân_cư . Kính_đề nghị cơ_quan_chức_năng kiểm_tra , xử_lý . Trân_trọng","hiện_tại đường đa_phước 9 , ngũ_hành_sơn có mấy xe ô_tô khách loại 45 - 50 chỗ thường_xuyên đậu_đỗ , vận_hành trong khu dân_sinh gây mất an_toàn giao_thông và vệ_sinh môi_trường . đã có trường_hợp chạy ẩu gây đứt hệ_thống dây_điện trong khu dân_cư . kính_đề nghị cơ_quan_chức_năng kiểm_tra , xử_lý . trân_trọng",UBND Phường Ngũ Hành Sơn,Đang xử lý,https://gopy.danang.gov.vn/gop-y?pageid=view&ykien=94396,do_xe_can_tro,cao
94357,Da Nang,11:07 16/03/2026,"Hố cáp bị bể nắp đậy tại 137 Ông Ích Đường, phường Cẩm Lệ và phản ánh rất lâu rồi nhưng chưa xử lý. Ngay ngã 4 khu dân cư đông đúc người qua lại rất nguy hiểm. Kính đề nghị cơ quan chức năng kiểm tra và xử lý.","Hố cáp bị bể nắp đậy tại 137 Ông Ích Đường, phường Cẩm Lệ và phản ánh rất lâu rồi nhưng chưa xử lý. Ngay ngã 4 khu dân cư đông đúc người qua lại rất nguy hiểm. Kính đề nghị cơ quan chức năng kiểm tra và xử lý.","Hố_cáp bị bể nắp đậy tại 137 Ông_Ích_Đường , phường Cẩm_Lệ và phản_ánh rất lâu rồi nhưng chưa xử_lý . Ngay ngã 4 khu dân_cư đông_đúc người qua_lại rất nguy_hiểm . Kính_đề nghị cơ_quan_chức_năng kiểm_tra và xử_lý .","hố_cáp bị bể nắp đậy tại 137 ông_ích_đường , phường cẩm_lệ và phản_ánh rất lâu rồi nhưng chưa xử_lý . ngay ngã 4 khu dân_cư đông_đúc người qua_lại rất nguy_hiểm . kính_đề nghị cơ_quan_chức_năng kiểm_tra và xử_lý .",Sở Khoa học và Công nghệ,Đã xử lý,https://gopy.danang.gov.vn/gop-y?pageid=view&ykien=94357,khac,cao
94247,Da Nang,16:16 14/03/2026,"Ngã tư tái định cư Hòa Liên 4, tổ dân phố Hòa Liên, phường Liên Chiểu là ngã tư đông đúc khu dân cư, đường 7,5m, hai đường thông trục chính của tái định cư Hòa Liên 4, lại gần trường mầm non Hòa Liên. Tại đây thường xuyên xảy ra tai nạn, vụ gần nhất đã bị tông chết người giữa xe tải và xe máy. Nhà tôi ở ngay ngã tư, rất lo lắng mỗi khi bị tai nạn. Tôi mong chính quyền các cấp giải quyết lắp đèn xanh đèn đỏ cho yên tâm. Nhiều người chạy xe qua đây rất ẩu, không quan sát cứ phóng qua, rất nguy hiểm.","Ngã tư tái định cư Hòa Liên 4, tổ dân phố Hòa Liên, phường Liên Chiểu là ngã tư đông đúc khu dân cư, đường 7, 5m, hai đường thông trục chính của tái định cư Hòa Liên 4, lại gần trường mầm non Hòa Liên. Tại đây thường xuyên xảy ra tai nạn, vụ gần nhất đã bị tông chết người giữa xe tải và xe máy. Nhà tôi ở ngay ngã tư, rất lo lắng mỗi khi bị tai nạn. Tôi mong chính quyền các cấp giải quyết lắp đèn xanh đèn đỏ cho yên tâm. Nhiều người chạy xe qua đây rất ẩu, không quan sát cứ phóng qua, rất nguy hiểm.","Ngã tư tái_định_cư Hòa_Liên 4 , tổ dân_phố Hòa_Liên , phường Liên_Chiểu là ngã tư đông_đúc khu dân_cư , đường 7 , 5m , hai đường thông trục chính của tái_định_cư Hòa_Liên 4 , lại gần trường mầm_non Hòa_Liên . Tại_đây thường_xuyên xảy ra tai_nạn , vụ gần nhất đã bị tông chết người giữa xe_tải và xe_máy . Nhà tôi ở ngay ngã tư , rất lo_lắng mỗi khi bị tai_nạn . Tôi mong chính_quyền các cấp giải_quyết lắp đèn_xanh đèn_đỏ cho yên_tâm . Nhiều người chạy xe qua đây rất ẩu , không quan_sát cứ phóng qua , rất nguy_hiểm .","ngã tư tái_định_cư hòa_liên 4 , tổ dân_phố hòa_liên , phường liên_chiểu là ngã tư đông_đúc khu dân_cư , đường 7 , 5m , hai đường thông trục chính của tái_định_cư hòa_liên 4 , lại gần trường mầm_non hòa_liên . tại_đây thường_xuyên xảy ra tai_nạn , vụ gần nhất đã bị tông chết người giữa xe_tải và xe_máy . nhà tôi ở ngay ngã tư , rất lo_lắng mỗi khi bị tai_nạn . tôi mong chính_quyền các cấp giải_quyết lắp đèn_xanh đèn_đỏ cho yên_tâm . nhiều người chạy xe qua đây rất ẩu , không quan_sát cứ phóng qua , rất nguy_hiểm .",UBND Phường Liên Chiểu,Đã xử lý,https://gopy.danang.gov.vn/gop-y?pageid=view&ykien=94247,den_tin_hieu,cao
94139,Da Nang,12/3/2026 13:36,"Cống thoát nước trước số nhà 131-133 Hoài Thanh, phường Ngũ Hành Sơn chưa đấu nối hệ thống thoát nước với đường Hàm Tử (vị trí này ngay ngã ba Hàm Tử và Hoài Thanh) dẫn đến nước không thoát được, nước ứ đọng trên mặt đường. Đề nghị cơ quan chức năng kiểm tra và xử lý./.","Cống thoát nước trước số nhà 131-133 Hoài Thanh, phường Ngũ Hành Sơn chưa đấu nối hệ thống thoát nước với đường Hàm Tử (vị trí này ngay ngã ba Hàm Tử và Hoài Thanh) dẫn đến nước không thoát được, nước ứ đọng trên mặt đường. Đề nghị cơ quan chức năng kiểm tra và xử lý. /.","Cống thoát nước trước số nhà 131 - 133 Hoài_Thanh , phường Ngũ_Hành_Sơn chưa đấu nối hệ_thống thoát nước với đường Hàm_Tử ( vị_trí này ngay ngã ba Hàm_Tử và Hoài_Thanh ) dẫn đến nước không thoát được , nước ứ_đọng trên mặt_đường . Đề_nghị cơ_quan_chức_năng kiểm_tra và xử_lý . / .","cống thoát nước trước số nhà 131 - 133 hoài_thanh , phường ngũ_hành_sơn chưa đấu nối hệ_thống thoát nước với đường hàm_tử ( vị_trí này ngay ngã ba hàm_tử và hoài_thanh ) dẫn đến nước không thoát được , nước ứ_đọng trên mặt_đường . đề_nghị cơ_quan_chức_năng kiểm_tra và xử_lý . / .","Trung tâm Thông tin và Giám sát, điều hành thông minh",Đã xử lý,https://gopy.danang.gov.vn/gop-y?pageid=view&ykien=94139,cong_ho_ga_thoat_nuoc,thap
94079,Da Nang,11/3/2026 13:47,"""Phía sau nhà tại số 110 đường Thái Phiên, phường Hương Trà, hiện có tình trạng lấn chiếm lối thoát hiểm là lối đi chung của khu vực. Cụ thể, hộ bà L bên hông nhà 110 Thái Phiên đã lợp tôn cố định, chiếm dụng phần không gian chung, làm thu hẹp và cản trở lối thoát hiểm, gây ảnh hưởng đến việc đi lại của các hộ dân xung quanh và tiềm ẩn nguy cơ mất an toàn khi có sự cố xảy ra. Đề nghị cơ quan chức năng kiểm tra, yêu cầu hộ vi phạm tháo dỡ phần lấn chiếm, trả lại lối đi chung và lối thoát hiểm cho khu vực. Xin cảm ơn.""","Phía sau nhà tại số 110 đường Thái Phiên, phường Hương Trà, hiện có tình trạng lấn chiếm lối thoát hiểm là lối đi chung của khu vực. Cụ thể, hộ bà L bên hông nhà 110 Thái Phiên đã lợp tôn cố định, chiếm dụng phần không gian chung, làm thu hẹp và cản trở lối thoát hiểm, gây ảnh hưởng đến việc đi lại của các hộ dân xung quanh và tiềm ẩn nguy cơ mất an toàn khi có sự cố xảy ra. Đề nghị cơ quan chức năng kiểm tra, yêu cầu hộ vi phạm tháo dỡ phần lấn chiếm, trả lại lối đi chung và lối thoát hiểm cho khu vực. Xin cảm ơn.","Phía sau nhà tại số 110 đường Thái_Phiên , phường Hương_Trà , hiện có tình_trạng lấn_chiếm lối_thoát hiểm là lối đi chung của khu_vực . Cụ_thể , hộ bà L bên hông nhà 110 Thái_Phiên_đã lợp tôn cố_định , chiếm_dụng phần không_gian chung , làm thu_hẹp và cản_trở lối_thoát hiểm , gây ảnh_hưởng đến việc đi_lại của các hộ dân xung_quanh và tiềm_ẩn nguy_cơ mất an_toàn khi có sự_cố xảy ra . Đề_nghị cơ_quan_chức_năng kiểm_tra , yêu_cầu hộ vi_phạm tháo_dỡ phần lấn_chiếm , trả lại lối đi chung và lối_thoát hiểm cho khu_vực . Xin cảm_ơn .","phía sau nhà tại số 110 đường thái_phiên , phường hương_trà , hiện có tình_trạng lấn_chiếm lối_thoát hiểm là lối đi chung của khu_vực . cụ_thể , hộ bà l bên hông nhà 110 thái_phiên_đã lợp tôn cố_định , chiếm_dụng phần không_gian chung , làm thu_hẹp và cản_trở lối_thoát hiểm , gây ảnh_hưởng đến việc đi_lại của các hộ dân xung_quanh và tiềm_ẩn nguy_cơ mất an_toàn khi có sự_cố xảy ra . đề_nghị cơ_quan_chức_năng kiểm_tra , yêu_cầu hộ vi_phạm tháo_dỡ phần lấn_chiếm , trả lại lối đi chung và lối_thoát hiểm cho khu_vực . xin cảm_ơn .",UBND phường Hương Trà,Đã xử lý,https://gopy.danang.gov.vn/gop-y?pageid=view&ykien=94079,to_chuc_giao_thong,cao
93999,Da Nang,10/3/2026 13:43,"Tại Tổ 17 HTT, phường Cẩm Lệ, đoạn đường 5,5m là đường gom đường sắt từ Hòa Cầm vào Cầu Đỏ vừa được thi công và đã lắp đặt hệ thống điện chiếu sáng, hiện đã cho người dân lưu thông. Tuy nhiên, từ sau Tết đến nay hệ thống đèn chiếu sáng vẫn chưa được đóng điện và đưa vào hoạt động, khiến khu vực này rất tối vào ban đêm, gây nguy hiểm cho người tham gia giao thông. Ngoài ra, đơn vị thi công còn để một số trụ điện thừa nằm trong đất của người dân, gần khu vực góc barie đường sắt đầu đường Nguyễn Như Đỗ, nhưng chưa tiến hành di dời, gây ảnh hưởng đến việc sử dụng đất và mỹ quan khu vực. Đề nghị cơ quan chức năng kiểm tra, sớm đóng điện hệ thống chiếu sáng và yêu cầu đơn vị thi công di dời các trụ điện thừa, đảm bảo an toàn giao thông.","Tại Tổ 17 HTT, phường Cẩm Lệ, đoạn đường 5, 5m là đường gom đường sắt từ Hòa Cầm vào Cầu Đỏ vừa được thi công và đã lắp đặt hệ thống điện chiếu sáng, hiện đã cho người dân lưu thông. Tuy nhiên, từ sau Tết đến nay hệ thống đèn chiếu sáng vẫn chưa được đóng điện và đưa vào hoạt động, khiến khu vực này rất tối vào ban đêm, gây nguy hiểm cho người tham gia giao thông. Ngoài ra, đơn vị thi công còn để một số trụ điện thừa nằm trong đất của người dân, gần khu vực góc barie đường sắt đầu đường Nguyễn Như Đỗ, nhưng chưa tiến hành di dời, gây ảnh hưởng đến việc sử dụng đất và mỹ quan khu vực. Đề nghị cơ quan chức năng kiểm tra, sớm đóng điện hệ thống chiếu sáng và yêu cầu đơn vị thi công di dời các trụ điện thừa, đảm bảo an toàn giao thông.","Tại_Tổ 17 HTT , phường Cẩm_Lệ , đoạn_đường 5 , 5m là đường gom đường_sắt từ Hòa_Cầm vào Cầu_Đỏ vừa được thi_công và đã lắp_đặt hệ_thống điện chiếu sáng , hiện đã cho người dân lưu_thông . Tuy_nhiên , từ sau Tết_đến nay hệ_thống đèn_chiếu sáng vẫn chưa được_đóng_điện và đưa vào hoạt_động , khiến khu_vực này rất tối vào ban_đêm , gây nguy_hiểm cho người tham_gia giao_thông . Ngoài_ra , đơn_vị thi_công còn để một_số trụ điện thừa nằm trong đất của người dân , gần khu_vực góc barie đường_sắt đầu_đường Nguyễn_Như_Đỗ , nhưng chưa tiến_hành di_dời , gây ảnh_hưởng đến việc sử_dụng đất và mỹ_quan khu_vực . Đề_nghị cơ_quan_chức_năng kiểm_tra , sớm đóng_điện hệ_thống chiếu sáng và yêu_cầu đơn_vị thi_công di_dời các trụ điện thừa , đảm_bảo_an_toàn giao_thông .","tại_tổ 17 htt , phường cẩm_lệ , đoạn_đường 5 , 5m là đường gom đường_sắt từ hòa_cầm vào cầu_đỏ vừa được thi_công và đã lắp_đặt hệ_thống điện chiếu sáng , hiện đã cho người dân lưu_thông . tuy_nhiên , từ sau tết_đến nay hệ_thống đèn_chiếu sáng vẫn chưa được_đóng_điện và đưa vào hoạt_động , khiến khu_vực này rất tối vào ban_đêm , gây nguy_hiểm cho người tham_gia giao_thông . ngoài_ra , đơn_vị thi_công còn để một_số trụ điện thừa nằm trong đất của người dân , gần khu_vực góc barie đường_sắt đầu_đường nguyễn_như_đỗ , nhưng chưa tiến_hành di_dời , gây ảnh_hưởng đến việc sử_dụng đất và mỹ_quan khu_vực . đề_nghị cơ_quan_chức_năng kiểm_tra , sớm đóng_điện hệ_thống chiếu sáng và yêu_cầu đơn_vị thi_công di_dời các trụ điện thừa , đảm_bảo_an_toàn giao_thông .",Ban Quản lý dự án đầu tư xây dựng các công trình giao thông và nông nghiệp Đà Nẵng,Đã xử lý,https://gopy.danang.gov.vn/gop-y?pageid=view&ykien=93999,dien_luc_chieu_sang,cao
93704,Da Nang,6/3/2026 7:44,"Tại K515 Hoàng Diệu, phường Hòa Cường, kiệt nhỏ nhưng nhà đầu kiệt làm bục lấn chiếm lòng đường rất dễ gây tai nạn. Xin đề nghị xử lý giúp cho các hộ dân để được an toàn./.","Tại K515 Hoàng Diệu, phường Hòa Cường, kiệt nhỏ nhưng nhà đầu kiệt làm bục lấn chiếm lòng đường rất dễ gây tai nạn. Xin đề nghị xử lý giúp cho các hộ dân để được an toàn. /.","Tại K515_Hoàng_Diệu , phường Hòa_Cường , kiệt nhỏ nhưng nhà đầu kiệt làm bục lấn_chiếm lòng_đường rất dễ gây tai_nạn . Xin_đề nghị xử_lý giúp cho các hộ dân để_được an_toàn . / .","tại k515_hoàng_diệu , phường hòa_cường , kiệt nhỏ nhưng nhà đầu kiệt làm bục lấn_chiếm lòng_đường rất dễ gây tai_nạn . xin_đề nghị xử_lý giúp cho các hộ dân để_được an_toàn . / .",UBND Phường Hòa Cường,Đã xử lý,https://gopy.danang.gov.vn/gop-y?pageid=view&ykien=93704,via_he_long_duong,cao
92351,Da Nang,6/2/2026 13:38,"Tại địa chỉ H84/K62 Nguyễn Phan Vinh, phường Sơn Trà đang thi công làm cống (tại đây là ngã ba), họ đang thực hiện kết nối ống cống hẻm H84 với ống cống chính đầu K61 Nguyễn Phan Vinh. Nhưng họ đấu nối không đảm bảo, ngay đầu nối ống cống chính nhỏ hơn nhiều so với đường cống thoát nước trong đường hẻm H84. Đơn vị thi công đổ bê tông cao hơn đế cống bên trong hẻm H84 Nguyễn Phan Vinh là 15 phân. Tuyến đường này thường xuyên bị ngập nước, việc nối ống cống không đảm bảo như vậy khiến việc thoát nước sẽ không thoát được, gây ngập sau này. Kính mong cơ quan chức năng kiểm tra và xử lý.","Tại địa chỉ H84/K62 Nguyễn Phan Vinh, phường Sơn Trà đang thi công làm cống (tại đây là ngã ba), họ đang thực hiện kết nối ống cống hẻm H84 với ống cống chính đầu K61 Nguyễn Phan Vinh. Nhưng họ đấu nối không đảm bảo, ngay đầu nối ống cống chính nhỏ hơn nhiều so với đường cống thoát nước trong đường hẻm H84. Đơn vị thi công đổ bê tông cao hơn đế cống bên trong hẻm H84 Nguyễn Phan Vinh là 15 phân. Tuyến đường này thường xuyên bị ngập nước, việc nối ống cống không đảm bảo như vậy khiến việc thoát nước sẽ không thoát được, gây ngập sau này. Kính mong cơ quan chức năng kiểm tra và xử lý.","Tại_địa chỉ H84 / K62_Nguyễn_Phan_Vinh , phường Sơn_Trà_đang thi_công làm cống ( tại đây là ngã ba ) , họ đang thực_hiện kết_nối ống cống hẻm H84 với ống cống chính đầu K61_Nguyễn_Phan_Vinh . Nhưng họ đấu nối không đảm_bảo , ngay đầu nối ống cống chính nhỏ hơn nhiều so với đường cống thoát nước trong đường hẻm H84 . Đơn_vị thi_công đổ bê_tông cao hơn đế cống bên trong hẻm H84 Nguyễn_Phan_Vinh là 15 phân . Tuyến_đường này thường_xuyên bị ngập nước , việc nối ống cống không đảm_bảo như vậy khiến việc thoát nước sẽ không thoát được , gây ngập sau_này . Kính mong cơ_quan_chức_năng kiểm_tra và xử_lý .","tại_địa chỉ h84 / k62_nguyễn_phan_vinh , phường sơn_trà_đang thi_công làm cống ( tại đây là ngã ba ) , họ đang thực_hiện kết_nối ống cống hẻm h84 với ống cống chính đầu k61_nguyễn_phan_vinh . nhưng họ đấu nối không đảm_bảo , ngay đầu nối ống cống chính nhỏ hơn nhiều so với đường cống thoát nước trong đường hẻm h84 . đơn_vị thi_công đổ bê_tông cao hơn đế cống bên trong hẻm h84 nguyễn_phan_vinh là 15 phân . tuyến_đường này thường_xuyên bị ngập nước , việc nối ống cống không đảm_bảo như vậy khiến việc thoát nước sẽ không thoát được , gây ngập sau_này . kính mong cơ_quan_chức_năng kiểm_tra và xử_lý .",UBND Phường Sơn Trà,Đang xử lý,https://gopy.danang.gov.vn/gop-y?pageid=view&ykien=92351,cong_ho_ga_thoat_nuoc,thap
