id,city,source,page,title,content,full_text,url,original_content,clean_content,compound_content,ml_text,is_empty_after_clean
267033,Ha Noi,congdanso_hanoi,1,,"Đầu ngách 108 ngõ 93 Hoàng Văn Thái thường xuyên có xe đỗ, có hôm thì để tập trung rất nhiều rác, gây cản trở giao thông đi lại. Kính mong các cơ quan xem xét.",". Đầu ngách 108 ngõ 93 Hoàng Văn Thái thường xuyên có xe đỗ, có hôm thì để tập trung rất nhiều rác, gây cản trở giao thông đi lại. Kính mong các cơ quan xem xét.",https://congdanso.hanoi.gov.vn/phan-anh/do-xe-gay-can-tro-giao-thong-ngo-93-hoang-van-thai-267033,"Đầu ngách 108 ngõ 93 Hoàng Văn Thái thường xuyên có xe đỗ, có hôm thì để tập trung rất nhiều rác, gây cản trở giao thông đi lại. Kính mong các cơ quan xem xét.","Đầu ngách 108 ngõ 93 Hoàng Văn Thái thường xuyên có xe đỗ, có hôm thì để tập trung rất nhiều rác, gây cản trở giao thông đi lại. Kính mong các cơ quan xem xét.","Đầu ngách 108 ngõ 93 Hoàng_Văn_Thái thường_xuyên có xe đỗ , có hôm thì để tập_trung rất nhiều rác , gây cản_trở giao_thông đi_lại . Kính mong các cơ_quan xem_xét .","đầu ngách 108 ngõ 93 hoàng_văn_thái thường_xuyên có xe đỗ , có hôm thì để tập_trung rất nhiều rác , gây cản_trở giao_thông đi_lại . kính mong các cơ_quan xem_xét .",False
273212,Ha Noi,congdanso_hanoi,1,,"Tôi xin phản ánh và kiến nghị một số nội dung liên quan đến việc tổ chức giao thông tại khu vực tuyến đường mòn Xuân Thụy (song song QL5B), đoạn kết nối qua hầm chui ra đường Lê Trần Cẩn, hướng đi khu đô thị Vinhomes Ocean Park 2, cụ thể như sau: 1. Thực trạng: Hiện nay, tuyến đường mòn Xuân Thụy vẫn chưa được hoàn thiện đồng bộ. Khi di chuyển đến cuối tuyến, người dân buộc phải đi qua hầm chui, sau đó ra đường Lê Trần Cẩn để tiếp tục di chuyển. Tuy nhiên, thời gian gần đây, cơ quan chức năng đã lắp đặt nhiều biển báo “đường một chiều” trên tuyến đường này. Việc cắm biển dẫn đến tình trạng người dân không thể di chuyển theo lộ trình thuận tiện như trước đây, nếu không muốn vi phạm giao thông. Để đi đúng luật, người dân buộc phải rẽ vào ngõ 432 Kiêu Kỵ và đi vòng một quãng đường xa mới có thể quay lại hướng đi về Ocean Park 2, gây bất tiện và kéo dài thời gian di chuyển. 2. Bất cập: Hạ tầng giao thông tại khu vực chưa hoàn thiện nhưng đã áp dụng tổ chức giao thông hạn chế (một chiều), chưa phù hợp với thực tế đi lại. Trước khi cắm biển, khu vực này không phát sinh ùn tắc hoặc tai nạn đáng kể. Việc thiếu biển chỉ dẫn rõ ràng khiến người dân lúng túng, dễ vô tình vi phạm quy định giao thông. 3. Kiến nghị: Kính đề nghị Quý Cơ quan: Có văn bản hướng dẫn cụ thể lộ trình di chuyển hợp pháp, thuận tiện cho người dân tại khu vực nêu trên; Xem xét điều chỉnh lại phương án tổ chức giao thông (biển báo một chiều) cho phù hợp với điều kiện hạ tầng thực tế; Trường hợp cần thiết, bổ sung biển chỉ dẫn chi tiết để người dân dễ dàng nhận biết và chấp hành đúng quy định.",". Tôi xin phản ánh và kiến nghị một số nội dung liên quan đến việc tổ chức giao thông tại khu vực tuyến đường mòn Xuân Thụy (song song QL5B), đoạn kết nối qua hầm chui ra đường Lê Trần Cẩn, hướng đi khu đô thị Vinhomes Ocean Park 2, cụ thể như sau: 1. Thực trạng: Hiện nay, tuyến đường mòn Xuân Thụy vẫn chưa được hoàn thiện đồng bộ. Khi di chuyển đến cuối tuyến, người dân buộc phải đi qua hầm chui, sau đó ra đường Lê Trần Cẩn để tiếp tục di chuyển. Tuy nhiên, thời gian gần đây, cơ quan chức năng đã lắp đặt nhiều biển báo “đường một chiều” trên tuyến đường này. Việc cắm biển dẫn đến tình trạng người dân không thể di chuyển theo lộ trình thuận tiện như trước đây, nếu không muốn vi phạm giao thông. Để đi đúng luật, người dân buộc phải rẽ vào ngõ 432 Kiêu Kỵ và đi vòng một quãng đường xa mới có thể quay lại hướng đi về Ocean Park 2, gây bất tiện và kéo dài thời gian di chuyển. 2. Bất cập: Hạ tầng giao thông tại khu vực chưa hoàn thiện nhưng đã áp dụng tổ chức giao thông hạn chế (một chiều), chưa phù hợp với thực tế đi lại. Trước khi cắm biển, khu vực này không phát sinh ùn tắc hoặc tai nạn đáng kể. Việc thiếu biển chỉ dẫn rõ ràng khiến người dân lúng túng, dễ vô tình vi phạm quy định giao thông. 3. Kiến nghị: Kính đề nghị Quý Cơ quan: Có văn bản hướng dẫn cụ thể lộ trình di chuyển hợp pháp, thuận tiện cho người dân tại khu vực nêu trên; Xem xét điều chỉnh lại phương án tổ chức giao thông (biển báo một chiều) cho phù hợp với điều kiện hạ tầng thực tế; Trường hợp cần thiết, bổ sung biển chỉ dẫn chi tiết để người dân dễ dàng nhận biết và chấp hành đúng quy định.",https://congdanso.hanoi.gov.vn/phan-anh/cam-bien-mot-chieu-bat-hop-ly-273212,"Tôi xin phản ánh và kiến nghị một số nội dung liên quan đến việc tổ chức giao thông tại khu vực tuyến đường mòn Xuân Thụy (song song QL5B), đoạn kết nối qua hầm chui ra đường Lê Trần Cẩn, hướng đi khu đô thị Vinhomes Ocean Park 2, cụ thể như sau: 1. Thực trạng: Hiện nay, tuyến đường mòn Xuân Thụy vẫn chưa được hoàn thiện đồng bộ. Khi di chuyển đến cuối tuyến, người dân buộc phải đi qua hầm chui, sau đó ra đường Lê Trần Cẩn để tiếp tục di chuyển. Tuy nhiên, thời gian gần đây, cơ quan chức năng đã lắp đặt nhiều biển báo “đường một chiều” trên tuyến đường này. Việc cắm biển dẫn đến tình trạng người dân không thể di chuyển theo lộ trình thuận tiện như trước đây, nếu không muốn vi phạm giao thông. Để đi đúng luật, người dân buộc phải rẽ vào ngõ 432 Kiêu Kỵ và đi vòng một quãng đường xa mới có thể quay lại hướng đi về Ocean Park 2, gây bất tiện và kéo dài thời gian di chuyển. 2. Bất cập: Hạ tầng giao thông tại khu vực chưa hoàn thiện nhưng đã áp dụng tổ chức giao thông hạn chế (một chiều), chưa phù hợp với thực tế đi lại. Trước khi cắm biển, khu vực này không phát sinh ùn tắc hoặc tai nạn đáng kể. Việc thiếu biển chỉ dẫn rõ ràng khiến người dân lúng túng, dễ vô tình vi phạm quy định giao thông. 3. Kiến nghị: Kính đề nghị Quý Cơ quan: Có văn bản hướng dẫn cụ thể lộ trình di chuyển hợp pháp, thuận tiện cho người dân tại khu vực nêu trên; Xem xét điều chỉnh lại phương án tổ chức giao thông (biển báo một chiều) cho phù hợp với điều kiện hạ tầng thực tế; Trường hợp cần thiết, bổ sung biển chỉ dẫn chi tiết để người dân dễ dàng nhận biết và chấp hành đúng quy định.","Tôi xin phản ánh và kiến nghị một số nội dung liên quan đến việc tổ chức giao thông tại khu vực tuyến đường mòn Xuân Thụy (song song QL5B), đoạn kết nối qua hầm chui ra đường Lê Trần Cẩn, hướng đi khu đô thị Vinhomes Ocean Park 2, cụ thể như sau: 1. Thực trạng: Hiện nay, tuyến đường mòn Xuân Thụy vẫn chưa được hoàn thiện đồng bộ. Khi di chuyển đến cuối tuyến, người dân buộc phải đi qua hầm chui, sau đó ra đường Lê Trần Cẩn để tiếp tục di chuyển. Tuy nhiên, thời gian gần đây, cơ quan chức năng đã lắp đặt nhiều biển báo đường một chiều trên tuyến đường này. Việc cắm biển dẫn đến tình trạng người dân không thể di chuyển theo lộ trình thuận tiện như trước đây, nếu không muốn vi phạm giao thông. Để đi đúng luật, người dân buộc phải rẽ vào ngõ 432 Kiêu Kỵ và đi vòng một quãng đường xa mới có thể quay lại hướng đi về Ocean Park 2, gây bất tiện và kéo dài thời gian di chuyển. 2. Bất cập: Hạ tầng giao thông tại khu vực chưa hoàn thiện nhưng đã áp dụng tổ chức giao thông hạn chế (một chiều), chưa phù hợp với thực tế đi lại. Trước khi cắm biển, khu vực này không phát sinh ùn tắc hoặc tai nạn đáng kể. Việc thiếu biển chỉ dẫn rõ ràng khiến người dân lúng túng, dễ vô tình vi phạm quy định giao thông. 3. Kiến nghị: Kính đề nghị Quý Cơ quan: Có văn bản hướng dẫn cụ thể lộ trình di chuyển hợp pháp, thuận tiện cho người dân tại khu vực nêu trên; Xem xét điều chỉnh lại phương án tổ chức giao thông (biển báo một chiều) cho phù hợp với điều kiện hạ tầng thực tế; Trường hợp cần thiết, bổ sung biển chỉ dẫn chi tiết để người dân dễ dàng nhận biết và chấp hành đúng quy định.","Tôi xin phản_ánh và kiến_nghị một_số nội_dung liên_quan đến việc tổ_chức giao_thông tại khu_vực tuyến đường_mòn Xuân_Thụy ( song_song QL5B ) , đoạn kết_nối qua hầm chui ra đường Lê_Trần_Cẩn , hướng đi khu đô_thị Vinhomes_Ocean_Park 2 , cụ_thể như sau : 1 . Thực_trạng : Hiện_nay , tuyến đường_mòn Xuân_Thụy vẫn chưa được hoàn_thiện đồng_bộ . Khi di_chuyển đến cuối tuyến , người dân buộc phải đi qua hầm chui , sau đó ra đường Lê_Trần_Cẩn_để tiếp_tục di_chuyển . Tuy_nhiên , thời_gian gần đây , cơ_quan_chức_năng đã lắp_đặt nhiều biển_báo đường một chiều trên tuyến đường này . Việc cắm biển dẫn đến tình_trạng người dân không_thể di_chuyển theo lộ_trình thuận_tiện như trước đây , nếu không muốn vi_phạm giao_thông . Để_đi_đúng luật , người dân buộc phải rẽ vào ngõ 432 Kiêu_Kỵ và đi vòng một quãng đường xa mới có_thể quay lại hướng đi về Ocean_Park 2 , gây bất_tiện và kéo_dài thời_gian di_chuyển . 2 . Bất_cập : Hạ_tầng giao_thông tại khu_vực chưa hoàn_thiện nhưng đã_áp_dụng tổ_chức giao_thông hạn_chế ( một_chiều ) , chưa phù_hợp với thực_tế đi_lại . Trước khi cắm biển , khu_vực này không phát_sinh ùn_tắc hoặc tai_nạn đáng_kể . Việc thiếu biển chỉ_dẫn rõ_ràng khiến người dân lúng_túng , dễ vô_tình vi_phạm_quy_định giao_thông . 3 . Kiến_nghị : Kính_đề nghị Quý_Cơ quan : Có văn_bản hướng_dẫn cụ_thể lộ_trình di_chuyển hợp_pháp , thuận_tiện cho người dân tại khu_vực nêu trên ; Xem_xét điều_chỉnh lại phương_án tổ_chức giao_thông ( biển_báo một_chiều ) cho phù_hợp với điều_kiện hạ_tầng thực_tế ; Trường_hợp cần_thiết , bổ_sung biển chỉ_dẫn chi_tiết để người dân dễ_dàng nhận_biết và chấp_hành đúng quy_định .","tôi xin phản_ánh và kiến_nghị một_số nội_dung liên_quan đến việc tổ_chức giao_thông tại khu_vực tuyến đường_mòn xuân_thụy ( song_song ql5b ) , đoạn kết_nối qua hầm chui ra đường lê_trần_cẩn , hướng đi khu đô_thị vinhomes_ocean_park 2 , cụ_thể như sau : 1 . thực_trạng : hiện_nay , tuyến đường_mòn xuân_thụy vẫn chưa được hoàn_thiện đồng_bộ . khi di_chuyển đến cuối tuyến , người dân buộc phải đi qua hầm chui , sau đó ra đường lê_trần_cẩn_để tiếp_tục di_chuyển . tuy_nhiên , thời_gian gần đây , cơ_quan_chức_năng đã lắp_đặt nhiều biển_báo đường một chiều trên tuyến đường này . việc cắm biển dẫn đến tình_trạng người dân không_thể di_chuyển theo lộ_trình thuận_tiện như trước đây , nếu không muốn vi_phạm giao_thông . để_đi_đúng luật , người dân buộc phải rẽ vào ngõ 432 kiêu_kỵ và đi vòng một quãng đường xa mới có_thể quay lại hướng đi về ocean_park 2 , gây bất_tiện và kéo_dài thời_gian di_chuyển . 2 . bất_cập : hạ_tầng giao_thông tại khu_vực chưa hoàn_thiện nhưng đã_áp_dụng tổ_chức giao_thông hạn_chế ( một_chiều ) , chưa phù_hợp với thực_tế đi_lại . trước khi cắm biển , khu_vực này không phát_sinh ùn_tắc hoặc tai_nạn đáng_kể . việc thiếu biển chỉ_dẫn rõ_ràng khiến người dân lúng_túng , dễ vô_tình vi_phạm_quy_định giao_thông . 3 . kiến_nghị : kính_đề nghị quý_cơ quan : có văn_bản hướng_dẫn cụ_thể lộ_trình di_chuyển hợp_pháp , thuận_tiện cho người dân tại khu_vực nêu trên ; xem_xét điều_chỉnh lại phương_án tổ_chức giao_thông ( biển_báo một_chiều ) cho phù_hợp với điều_kiện hạ_tầng thực_tế ; trường_hợp cần_thiết , bổ_sung biển chỉ_dẫn chi_tiết để người dân dễ_dàng nhận_biết và chấp_hành đúng quy_định .",False
272599,Ha Noi,congdanso_hanoi,1,,"xe ô tô BKS 30B 024.90 liên tục đỗ xe nhiều ngày, hơn 1 tháng nay tại khu vực biển Cấm đỗ trước cửa nhà văn hoá KDC Nam Thăng Long 1 và 3, ngõ 20, phố Nguỵ Như Kon Tum, phường Thanh Xuân. Kính đề nghị cơ quan chức năng xử lí theo đúng quy định Pháp Luật",". xe ô tô BKS 30B 024.90 liên tục đỗ xe nhiều ngày, hơn 1 tháng nay tại khu vực biển Cấm đỗ trước cửa nhà văn hoá KDC Nam Thăng Long 1 và 3, ngõ 20, phố Nguỵ Như Kon Tum, phường Thanh Xuân. Kính đề nghị cơ quan chức năng xử lí theo đúng quy định Pháp Luật",https://congdanso.hanoi.gov.vn/phan-anh/xe-o-to-lien-tuc-do-nhieu-ngay-tai-khu-vuc-bien-cam-do-272599,"xe ô tô BKS 30B 024.90 liên tục đỗ xe nhiều ngày, hơn 1 tháng nay tại khu vực biển Cấm đỗ trước cửa nhà văn hoá KDC Nam Thăng Long 1 và 3, ngõ 20, phố Nguỵ Như Kon Tum, phường Thanh Xuân. Kính đề nghị cơ quan chức năng xử lí theo đúng quy định Pháp Luật","xe ô tô BKS 30B 024. 90 liên tục đỗ xe nhiều ngày, hơn 1 tháng nay tại khu vực biển Cấm đỗ trước cửa nhà văn hoá KDC Nam Thăng Long 1 và 3, ngõ 20, phố Nguỵ Như Kon Tum, phường Thanh Xuân. Kính đề nghị cơ quan chức năng xử lí theo đúng quy định Pháp Luật","xe ô_tô BKS 30B 024 . 90 liên_tục đỗ xe nhiều ngày , hơn 1 tháng nay tại khu_vực biển Cấm_đỗ trước cửa nhà_văn_hoá KDC Nam_Thăng_Long 1 và 3 , ngõ 20 , phố Nguỵ_Như_Kon_Tum , phường Thanh_Xuân . Kính_đề nghị cơ_quan_chức_năng xử_lí theo đúng quy định_Pháp_Luật","xe ô_tô bks 30b 024 . 90 liên_tục đỗ xe nhiều ngày , hơn 1 tháng nay tại khu_vực biển cấm_đỗ trước cửa nhà_văn_hoá kdc nam_thăng_long 1 và 3 , ngõ 20 , phố nguỵ_như_kon_tum , phường thanh_xuân . kính_đề nghị cơ_quan_chức_năng xử_lí theo đúng quy định_pháp_luật",False
270199,Ha Noi,congdanso_hanoi,1,,"Xe hàng rong bán hoa này ngày nào cũng bán vào giờ cao điểm sáng tại lối vào đường Văn Tân kđt Linh Đàm, ngay sát chung cư Hud 3. Lối rẽ này thường có ô tô đi vào và xe đưa đón con đi học của phụ huynh . Bán ở đây tiềm ẩn mất ATGT cho người mua hoa và các phương tiện đi lại. Đề nghị CAP kiểm tra và nhắc nhở.",". Xe hàng rong bán hoa này ngày nào cũng bán vào giờ cao điểm sáng tại lối vào đường Văn Tân kđt Linh Đàm, ngay sát chung cư Hud 3. Lối rẽ này thường có ô tô đi vào và xe đưa đón con đi học của phụ huynh . Bán ở đây tiềm ẩn mất ATGT cho người mua hoa và các phương tiện đi lại. Đề nghị CAP kiểm tra và nhắc nhở.",https://congdanso.hanoi.gov.vn/phan-anh/xe-ban-hang-rong-ngay-nao-cung-xuat-hien-tai-diem-re-dvan-tan-linh-dam-270199,"Xe hàng rong bán hoa này ngày nào cũng bán vào giờ cao điểm sáng tại lối vào đường Văn Tân kđt Linh Đàm, ngay sát chung cư Hud 3. Lối rẽ này thường có ô tô đi vào và xe đưa đón con đi học của phụ huynh . Bán ở đây tiềm ẩn mất ATGT cho người mua hoa và các phương tiện đi lại. Đề nghị CAP kiểm tra và nhắc nhở.","Xe hàng rong bán hoa này ngày nào cũng bán vào giờ cao điểm sáng tại lối vào đường Văn Tân kđt Linh Đàm, ngay sát chung cư Hud 3. Lối rẽ này thường có ô tô đi vào và xe đưa đón con đi học của phụ huynh. Bán ở đây tiềm ẩn mất ATGT cho người mua hoa và các phương tiện đi lại. Đề nghị CAP kiểm tra và nhắc nhở.","Xe hàng rong bán_hoa này ngày nào cũng bán vào giờ cao_điểm sáng tại lối vào đường Văn_Tân kđt Linh_Đàm , ngay sát chung_cư Hud 3 . Lối rẽ này thường có ô_tô đi vào và xe đưa_đón con đi học của phụ_huynh . Bán ở đây tiềm_ẩn mất ATGT cho người mua hoa và các phương_tiện đi_lại . Đề_nghị CAP kiểm_tra và nhắc_nhở .","xe hàng rong bán_hoa này ngày nào cũng bán vào giờ cao_điểm sáng tại lối vào đường văn_tân kđt linh_đàm , ngay sát chung_cư hud 3 . lối rẽ này thường có ô_tô đi vào và xe đưa_đón con đi học của phụ_huynh . bán ở đây tiềm_ẩn mất atgt cho người mua hoa và các phương_tiện đi_lại . đề_nghị cap kiểm_tra và nhắc_nhở .",False
271447,Ha Noi,congdanso_hanoi,1,,Kính gửi công an Xã Quảng Oai Trục đường xã Cam Thượng cũ sang xã Đường lâm cũ đường cấm xe tổng trọng tải 6 tấn ? Thế mà bao nhiêu xe vượt tổng trọng tải đi vào đường ủy ban xã Cam thượng cũ gây ác tắc giao thông khi giờ học sinh đi học và tan học mong Công an xã Quảng Oai hay đi tuần tra để bà con yên tâm,. Kính gửi công an Xã Quảng Oai Trục đường xã Cam Thượng cũ sang xã Đường lâm cũ đường cấm xe tổng trọng tải 6 tấn ? Thế mà bao nhiêu xe vượt tổng trọng tải đi vào đường ủy ban xã Cam thượng cũ gây ác tắc giao thông khi giờ học sinh đi học và tan học mong Công an xã Quảng Oai hay đi tuần tra để bà con yên tâm,https://congdanso.hanoi.gov.vn/phan-anh/vi-pham-giao-thong-271447,Kính gửi công an Xã Quảng Oai Trục đường xã Cam Thượng cũ sang xã Đường lâm cũ đường cấm xe tổng trọng tải 6 tấn ? Thế mà bao nhiêu xe vượt tổng trọng tải đi vào đường ủy ban xã Cam thượng cũ gây ác tắc giao thông khi giờ học sinh đi học và tan học mong Công an xã Quảng Oai hay đi tuần tra để bà con yên tâm,Kính gửi công an Xã Quảng Oai Trục đường xã Cam Thượng cũ sang xã Đường lâm cũ đường cấm xe tổng trọng tải 6 tấn Thế mà bao nhiêu xe vượt tổng trọng tải đi vào đường ủy ban xã Cam thượng cũ gây ác tắc giao thông khi giờ học sinh đi học và tan học mong Công an xã Quảng Oai hay đi tuần tra để bà con yên tâm,Kính gửi công_an Xã_Quảng_Oai_Trục_đường xã Cam_Thượng cũ sang xã Đường lâm cũ đường cấm xe tổng_trọng_tải 6 tấn Thế_mà bao_nhiêu xe vượt tổng_trọng_tải đi vào đường_ủy ban xã Cam_thượng cũ gây ác tắc giao_thông khi giờ học_sinh đi học và tan học mong Công_an xã Quảng_Oai hay đi tuần_tra để bà_con yên_tâm,kính gửi công_an xã_quảng_oai_trục_đường xã cam_thượng cũ sang xã đường lâm cũ đường cấm xe tổng_trọng_tải 6 tấn thế_mà bao_nhiêu xe vượt tổng_trọng_tải đi vào đường_ủy ban xã cam_thượng cũ gây ác tắc giao_thông khi giờ học_sinh đi học và tan học mong công_an xã quảng_oai hay đi tuần_tra để bà_con yên_tâm,False
272892,Ha Noi,congdanso_hanoi,1,,"Kính gửi cơ quan chức năng. Hiện tại tại khu vực ngõ 6 Miêu Nha, Xuân Phương, Hà Nội (Đoạn gần chùa, sân vui chơi) đang xảy ra tình trạng nhiều phương tiện ô tô đỗ sai quy định, lấn chiếm lòng đường trong ngõ, gây cản trở giao thông và tiềm ẩn nguy cơ mất an toàn cho người dân. Tình trạng này diễn ra thường xuyên, đặc biệt vào các khung giờ cao điểm và buổi tối, khiến việc đi lại của người dân gặp nhiều khó khăn. Kính đề nghị cơ quan chức năng kiểm tra, xử lý và có biện pháp chấn chỉnh kịp thời để đảm bảo trật tự an toàn giao thông tại khu vực. Xin trân trọng cảm ơn!",". Kính gửi cơ quan chức năng. Hiện tại tại khu vực ngõ 6 Miêu Nha, Xuân Phương, Hà Nội (Đoạn gần chùa, sân vui chơi) đang xảy ra tình trạng nhiều phương tiện ô tô đỗ sai quy định, lấn chiếm lòng đường trong ngõ, gây cản trở giao thông và tiềm ẩn nguy cơ mất an toàn cho người dân. Tình trạng này diễn ra thường xuyên, đặc biệt vào các khung giờ cao điểm và buổi tối, khiến việc đi lại của người dân gặp nhiều khó khăn. Kính đề nghị cơ quan chức năng kiểm tra, xử lý và có biện pháp chấn chỉnh kịp thời để đảm bảo trật tự an toàn giao thông tại khu vực. Xin trân trọng cảm ơn!",https://congdanso.hanoi.gov.vn/phan-anh/de-xe-lan-chiem-duong-gay-can-tro-giao-thong-phan-anh-kien-nghi-lan-2-272892,"Kính gửi cơ quan chức năng. Hiện tại tại khu vực ngõ 6 Miêu Nha, Xuân Phương, Hà Nội (Đoạn gần chùa, sân vui chơi) đang xảy ra tình trạng nhiều phương tiện ô tô đỗ sai quy định, lấn chiếm lòng đường trong ngõ, gây cản trở giao thông và tiềm ẩn nguy cơ mất an toàn cho người dân. Tình trạng này diễn ra thường xuyên, đặc biệt vào các khung giờ cao điểm và buổi tối, khiến việc đi lại của người dân gặp nhiều khó khăn. Kính đề nghị cơ quan chức năng kiểm tra, xử lý và có biện pháp chấn chỉnh kịp thời để đảm bảo trật tự an toàn giao thông tại khu vực. Xin trân trọng cảm ơn!","Kính gửi cơ quan chức năng. Hiện tại tại khu vực ngõ 6 Miêu Nha, Xuân Phương, Hà Nội (Đoạn gần chùa, sân vui chơi) đang xảy ra tình trạng nhiều phương tiện ô tô đỗ sai quy định, lấn chiếm lòng đường trong ngõ, gây cản trở giao thông và tiềm ẩn nguy cơ mất an toàn cho người dân. Tình trạng này diễn ra thường xuyên, đặc biệt vào các khung giờ cao điểm và buổi tối, khiến việc đi lại của người dân gặp nhiều khó khăn. Kính đề nghị cơ quan chức năng kiểm tra, xử lý và có biện pháp chấn chỉnh kịp thời để đảm bảo trật tự an toàn giao thông tại khu vực. Xin trân trọng cảm ơn","Kính gửi cơ_quan_chức_năng . Hiện_tại tại khu_vực ngõ 6 Miêu_Nha , Xuân_Phương , Hà_Nội ( Đoạn gần chùa , sân vui_chơi ) đang xảy ra tình_trạng nhiều phương_tiện ô_tô đỗ sai quy_định , lấn_chiếm lòng_đường trong ngõ , gây cản_trở giao_thông và tiềm_ẩn nguy_cơ mất an_toàn cho người dân . Tình_trạng này diễn ra thường_xuyên , đặc_biệt vào các khung giờ cao_điểm và buổi tối , khiến việc đi_lại của người dân gặp nhiều khó_khăn . Kính_đề nghị cơ_quan_chức_năng kiểm_tra , xử_lý và có biện_pháp chấn_chỉnh kịp_thời để_đảm bảo trật_tự an_toàn giao_thông tại khu_vực . Xin trân_trọng cảm_ơn","kính gửi cơ_quan_chức_năng . hiện_tại tại khu_vực ngõ 6 miêu_nha , xuân_phương , hà_nội ( đoạn gần chùa , sân vui_chơi ) đang xảy ra tình_trạng nhiều phương_tiện ô_tô đỗ sai quy_định , lấn_chiếm lòng_đường trong ngõ , gây cản_trở giao_thông và tiềm_ẩn nguy_cơ mất an_toàn cho người dân . tình_trạng này diễn ra thường_xuyên , đặc_biệt vào các khung giờ cao_điểm và buổi tối , khiến việc đi_lại của người dân gặp nhiều khó_khăn . kính_đề nghị cơ_quan_chức_năng kiểm_tra , xử_lý và có biện_pháp chấn_chỉnh kịp_thời để_đảm bảo trật_tự an_toàn giao_thông tại khu_vực . xin trân_trọng cảm_ơn",False
273256,Ha Noi,congdanso_hanoi,1,,Các xe đỗ gây cản trở giao thông ở cổng trường tiểu học lê trọng tấn,. Các xe đỗ gây cản trở giao thông ở cổng trường tiểu học lê trọng tấn,https://congdanso.hanoi.gov.vn/phan-anh/can-tro-giao-thong-273256,Các xe đỗ gây cản trở giao thông ở cổng trường tiểu học lê trọng tấn,Các xe đỗ gây cản trở giao thông ở cổng trường tiểu học lê trọng tấn,Các xe đỗ gây cản_trở giao_thông ở cổng trường tiểu_học lê trọng tấn,các xe đỗ gây cản_trở giao_thông ở cổng trường tiểu_học lê trọng tấn,False
271297,Ha Noi,congdanso_hanoi,1,,Ô tô đỗ cổng trường tiểu học lê trọng tấn gây ách tắc giao thông nguy hiểm cho các cháu học sinh đi học,. Ô tô đỗ cổng trường tiểu học lê trọng tấn gây ách tắc giao thông nguy hiểm cho các cháu học sinh đi học,https://congdanso.hanoi.gov.vn/phan-anh/phan-anh-tai-to-5-yen-nghia-canh-truong-tieu-hoc-le-trong-tan-271297,Ô tô đỗ cổng trường tiểu học lê trọng tấn gây ách tắc giao thông nguy hiểm cho các cháu học sinh đi học,Ô tô đỗ cổng trường tiểu học lê trọng tấn gây ách tắc giao thông nguy hiểm cho các cháu học sinh đi học,Ô_tô đỗ cổng trường tiểu_học lê trọng tấn gây ách_tắc giao_thông nguy_hiểm cho các cháu học_sinh đi học,ô_tô đỗ cổng trường tiểu_học lê trọng tấn gây ách_tắc giao_thông nguy_hiểm cho các cháu học_sinh đi học,False
272876,Ha Noi,congdanso_hanoi,1,,"Từ lâu con đường Đản Dị, Đông Anh bị các hộ kinh doanh hai bên đường lấn chiếm vỉa hè, đỗ ô tô dưới lòng đường gây cản trở giao thông nhất là vào giờ cao điểm. Đề nghị các cấp thẩm quyền dẹp tình trạng trên. Xin chân thành cảm ơn!",". Từ lâu con đường Đản Dị, Đông Anh bị các hộ kinh doanh hai bên đường lấn chiếm vỉa hè, đỗ ô tô dưới lòng đường gây cản trở giao thông nhất là vào giờ cao điểm. Đề nghị các cấp thẩm quyền dẹp tình trạng trên. Xin chân thành cảm ơn!",https://congdanso.hanoi.gov.vn/phan-anh/lan-chiem-via-he-o-to-do-duoi-long-duong-gay-can-tro-giao-thong-va-nguoi-di-bo-272876,"Từ lâu con đường Đản Dị, Đông Anh bị các hộ kinh doanh hai bên đường lấn chiếm vỉa hè, đỗ ô tô dưới lòng đường gây cản trở giao thông nhất là vào giờ cao điểm. Đề nghị các cấp thẩm quyền dẹp tình trạng trên. Xin chân thành cảm ơn!","Từ lâu con đường Đản Dị, Đông Anh bị các hộ kinh doanh hai bên đường lấn chiếm vỉa hè, đỗ ô tô dưới lòng đường gây cản trở giao thông nhất là vào giờ cao điểm. Đề nghị các cấp thẩm quyền dẹp tình trạng trên. Xin chân thành cảm ơn","Từ lâu con đường Đản_Dị , Đông_Anh bị các hộ kinh_doanh hai bên đường lấn_chiếm vỉa_hè , đỗ ô_tô dưới lòng_đường gây cản_trở giao_thông nhất là vào giờ cao_điểm . Đề_nghị các cấp thẩm_quyền dẹp tình_trạng trên . Xin chân_thành cảm_ơn","từ lâu con đường đản_dị , đông_anh bị các hộ kinh_doanh hai bên đường lấn_chiếm vỉa_hè , đỗ ô_tô dưới lòng_đường gây cản_trở giao_thông nhất là vào giờ cao_điểm . đề_nghị các cấp thẩm_quyền dẹp tình_trạng trên . xin chân_thành cảm_ơn",False
272842,Ha Noi,congdanso_hanoi,1,,"Hiện nay khu vực bên chân cầu đông trù thuộc địa phận xã đông anh, hà nội chưa có cầu/hầm đi bộ khiến người dân (bên phía trường tiểu học đông hội) gặp khó khăn và nguy hiểm trong việc đi sang bên phía đường đối diện phải băng qua quốc lộ 5. Do đó đề nghị cấp có thẩm quyền nghiên cứu, xây dựng cầu/hầm đi bộ để bảo đảm an toàn cho người dân",". Hiện nay khu vực bên chân cầu đông trù thuộc địa phận xã đông anh, hà nội chưa có cầu/hầm đi bộ khiến người dân (bên phía trường tiểu học đông hội) gặp khó khăn và nguy hiểm trong việc đi sang bên phía đường đối diện phải băng qua quốc lộ 5. Do đó đề nghị cấp có thẩm quyền nghiên cứu, xây dựng cầu/hầm đi bộ để bảo đảm an toàn cho người dân",https://congdanso.hanoi.gov.vn/phan-anh/de-nghi-xay-dung-cau-di-bo-dan-sinh-272842,"Hiện nay khu vực bên chân cầu đông trù thuộc địa phận xã đông anh, hà nội chưa có cầu/hầm đi bộ khiến người dân (bên phía trường tiểu học đông hội) gặp khó khăn và nguy hiểm trong việc đi sang bên phía đường đối diện phải băng qua quốc lộ 5. Do đó đề nghị cấp có thẩm quyền nghiên cứu, xây dựng cầu/hầm đi bộ để bảo đảm an toàn cho người dân","Hiện nay khu vực bên chân cầu đông trù thuộc địa phận xã đông anh, hà nội chưa có cầu/hầm đi bộ khiến người dân (bên phía trường tiểu học đông hội) gặp khó khăn và nguy hiểm trong việc đi sang bên phía đường đối diện phải băng qua quốc lộ 5. Do đó đề nghị cấp có thẩm quyền nghiên cứu, xây dựng cầu/hầm đi bộ để bảo đảm an toàn cho người dân","Hiện_nay khu_vực bên chân cầu đông trù thuộc địa_phận xã đông anh , hà_nội chưa có cầu / hầm đi bộ khiến người dân ( bên phía trường tiểu_học đông hội ) gặp khó_khăn và nguy_hiểm trong việc đi sang bên phía đường_đối diện phải băng qua quốc_lộ 5 . Do_đó_đề nghị cấp có thẩm_quyền nghiên_cứu , xây_dựng cầu / hầm đi bộ để bảo_đảm an_toàn cho người dân","hiện_nay khu_vực bên chân cầu đông trù thuộc địa_phận xã đông anh , hà_nội chưa có cầu / hầm đi bộ khiến người dân ( bên phía trường tiểu_học đông hội ) gặp khó_khăn và nguy_hiểm trong việc đi sang bên phía đường_đối diện phải băng qua quốc_lộ 5 . do_đó_đề nghị cấp có thẩm_quyền nghiên_cứu , xây_dựng cầu / hầm đi bộ để bảo_đảm an_toàn cho người dân",False
270214,Ha Noi,congdanso_hanoi,2,,"Thành phố đang quyết liệt thực hiện chỉ đạo của Thành Uỷ về tháo gỡ 5 điểm nghẽn pt Thành phố. Dù vậy, tại số 3 Vũ Phạm Hàm, phường Yên Hoà có điểm vi phạm trật tự, an toàn giao thông tồn tại nhiều năm nay. Hai đơn vị kinh doanh vận tải và bán xe ô tô hàng ngày vẫn đỗ xe trên vỉa hè và lòng đường ngay sau biển cấm. Thậm chí đỗ xe ngay điểm dừng đón trả khách của xe Buýt. Tình trạng trên kéo dài nhiều năm nay , nhưng chưa có cơ quan hữu trách nào xử lý. Gây tình trạng ách tắc, mất an toàn giao thông. Gây cản trở khó khăn cho người tham gia giao thông, người dân bức xúc. Đề nghị các cơ quan quản lý nhà nước sớm xử lý dứt điểm tình trạng này. Thực hiện đúng chỉ đạo của Thành Uỷ và Đồng chí Giám Đốc Công an Thành phố!",". Thành phố đang quyết liệt thực hiện chỉ đạo của Thành Uỷ về tháo gỡ 5 điểm nghẽn pt Thành phố. Dù vậy, tại số 3 Vũ Phạm Hàm, phường Yên Hoà có điểm vi phạm trật tự, an toàn giao thông tồn tại nhiều năm nay. Hai đơn vị kinh doanh vận tải và bán xe ô tô hàng ngày vẫn đỗ xe trên vỉa hè và lòng đường ngay sau biển cấm. Thậm chí đỗ xe ngay điểm dừng đón trả khách của xe Buýt. Tình trạng trên kéo dài nhiều năm nay , nhưng chưa có cơ quan hữu trách nào xử lý. Gây tình trạng ách tắc, mất an toàn giao thông. Gây cản trở khó khăn cho người tham gia giao thông, người dân bức xúc. Đề nghị các cơ quan quản lý nhà nước sớm xử lý dứt điểm tình trạng này. Thực hiện đúng chỉ đạo của Thành Uỷ và Đồng chí Giám Đốc Công an Thành phố!",https://congdanso.hanoi.gov.vn/phan-anh/xe-do-trai-phep-lan-chiem-long-duong-via-he-270214,"Thành phố đang quyết liệt thực hiện chỉ đạo của Thành Uỷ về tháo gỡ 5 điểm nghẽn pt Thành phố. Dù vậy, tại số 3 Vũ Phạm Hàm, phường Yên Hoà có điểm vi phạm trật tự, an toàn giao thông tồn tại nhiều năm nay. Hai đơn vị kinh doanh vận tải và bán xe ô tô hàng ngày vẫn đỗ xe trên vỉa hè và lòng đường ngay sau biển cấm. Thậm chí đỗ xe ngay điểm dừng đón trả khách của xe Buýt. Tình trạng trên kéo dài nhiều năm nay , nhưng chưa có cơ quan hữu trách nào xử lý. Gây tình trạng ách tắc, mất an toàn giao thông. Gây cản trở khó khăn cho người tham gia giao thông, người dân bức xúc. Đề nghị các cơ quan quản lý nhà nước sớm xử lý dứt điểm tình trạng này. Thực hiện đúng chỉ đạo của Thành Uỷ và Đồng chí Giám Đốc Công an Thành phố!","Thành phố đang quyết liệt thực hiện chỉ đạo của Thành Uỷ về tháo gỡ 5 điểm nghẽn pt Thành phố. Dù vậy, tại số 3 Vũ Phạm Hàm, phường Yên Hoà có điểm vi phạm trật tự, an toàn giao thông tồn tại nhiều năm nay. Hai đơn vị kinh doanh vận tải và bán xe ô tô hàng ngày vẫn đỗ xe trên vỉa hè và lòng đường ngay sau biển cấm. Thậm chí đỗ xe ngay điểm dừng đón trả khách của xe Buýt. Tình trạng trên kéo dài nhiều năm nay, nhưng chưa có cơ quan hữu trách nào xử lý. Gây tình trạng ách tắc, mất an toàn giao thông. Gây cản trở khó khăn cho người tham gia giao thông, người dân bức xúc. Đề nghị các cơ quan quản lý nhà nước sớm xử lý dứt điểm tình trạng này. Thực hiện đúng chỉ đạo của Thành Uỷ và Đồng chí Giám Đốc Công an Thành phố","Thành_phố đang quyết_liệt thực_hiện chỉ_đạo của Thành_Uỷ_về tháo_gỡ 5 điểm nghẽn pt Thành_phố . Dù_vậy , tại số 3 Vũ_Phạm_Hàm , phường Yên_Hoà có điểm vi_phạm trật_tự , an_toàn giao_thông tồn_tại nhiều năm nay . Hai_đơn vị kinh_doanh vận_tải và bán xe ô_tô hàng ngày vẫn đỗ xe trên vỉa_hè và lòng_đường ngay sau biển cấm . Thậm_chí đỗ xe ngay điểm dừng đón trả khách của xe Buýt . Tình_trạng trên kéo_dài nhiều năm nay , nhưng chưa có cơ_quan hữu_trách nào xử_lý . Gây tình_trạng ách_tắc , mất an_toàn giao_thông . Gây cản_trở khó_khăn cho người tham_gia giao_thông , người dân bức_xúc . Đề_nghị các cơ_quan quản_lý nhà_nước sớm xử_lý dứt_điểm tình_trạng này . Thực_hiện đúng chỉ_đạo của Thành_Uỷ và Đồng_chí Giám_Đốc_Công an Thành_phố","thành_phố đang quyết_liệt thực_hiện chỉ_đạo của thành_uỷ_về tháo_gỡ 5 điểm nghẽn pt thành_phố . dù_vậy , tại số 3 vũ_phạm_hàm , phường yên_hoà có điểm vi_phạm trật_tự , an_toàn giao_thông tồn_tại nhiều năm nay . hai_đơn vị kinh_doanh vận_tải và bán xe ô_tô hàng ngày vẫn đỗ xe trên vỉa_hè và lòng_đường ngay sau biển cấm . thậm_chí đỗ xe ngay điểm dừng đón trả khách của xe buýt . tình_trạng trên kéo_dài nhiều năm nay , nhưng chưa có cơ_quan hữu_trách nào xử_lý . gây tình_trạng ách_tắc , mất an_toàn giao_thông . gây cản_trở khó_khăn cho người tham_gia giao_thông , người dân bức_xúc . đề_nghị các cơ_quan quản_lý nhà_nước sớm xử_lý dứt_điểm tình_trạng này . thực_hiện đúng chỉ_đạo của thành_uỷ và đồng_chí giám_đốc_công an thành_phố",False
271068,Ha Noi,congdanso_hanoi,2,,tại ngã tư himlam xã thường tín liên tiếp sẩy ra tai nạn nghiêm trọng làm chết người . mà hệ thống đèn giao thông đã lắp đặt nhưng không đưa vào hoạt động. đã phản ánh lần thứ 2 nhưng vẫn chưa đưa vào hoạt động khiến nhân dân bức súc. lại thêm mộn mạng người ai la người đứng ra chịu trách nhiệm về hệ thống giao thông tại ngã tư điểm đen này.,. tại ngã tư himlam xã thường tín liên tiếp sẩy ra tai nạn nghiêm trọng làm chết người . mà hệ thống đèn giao thông đã lắp đặt nhưng không đưa vào hoạt động. đã phản ánh lần thứ 2 nhưng vẫn chưa đưa vào hoạt động khiến nhân dân bức súc. lại thêm mộn mạng người ai la người đứng ra chịu trách nhiệm về hệ thống giao thông tại ngã tư điểm đen này.,https://congdanso.hanoi.gov.vn/phan-anh/phan-anh-lan-thu-2-271068,tại ngã tư himlam xã thường tín liên tiếp sẩy ra tai nạn nghiêm trọng làm chết người . mà hệ thống đèn giao thông đã lắp đặt nhưng không đưa vào hoạt động. đã phản ánh lần thứ 2 nhưng vẫn chưa đưa vào hoạt động khiến nhân dân bức súc. lại thêm mộn mạng người ai la người đứng ra chịu trách nhiệm về hệ thống giao thông tại ngã tư điểm đen này.,tại ngã tư himlam xã thường tín liên tiếp sẩy ra tai nạn nghiêm trọng làm chết người. mà hệ thống đèn giao thông đã lắp đặt nhưng không đưa vào hoạt động. đã phản ánh lần thứ 2 nhưng vẫn chưa đưa vào hoạt động khiến nhân dân bức súc. lại thêm mộn mạng người ai la người đứng ra chịu trách nhiệm về hệ thống giao thông tại ngã tư điểm đen này.,tại ngã tư himlam xã thường tín liên_tiếp sẩy ra tai_nạn nghiêm_trọng làm chết người . mà hệ_thống đèn giao_thông đã lắp_đặt nhưng không đưa vào hoạt_động . đã phản_ánh lần thứ 2 nhưng vẫn chưa đưa vào hoạt_động khiến nhân_dân bức súc . lại thêm mộn mạng người ai la người đứng ra chịu trách_nhiệm về hệ_thống giao_thông tại ngã tư điểm_đen này .,tại ngã tư himlam xã thường tín liên_tiếp sẩy ra tai_nạn nghiêm_trọng làm chết người . mà hệ_thống đèn giao_thông đã lắp_đặt nhưng không đưa vào hoạt_động . đã phản_ánh lần thứ 2 nhưng vẫn chưa đưa vào hoạt_động khiến nhân_dân bức súc . lại thêm mộn mạng người ai la người đứng ra chịu trách_nhiệm về hệ_thống giao_thông tại ngã tư điểm_đen này .,False
270984,Ha Noi,congdanso_hanoi,2,,"Phản ánh nhiều lần mà cơ quan giao thông không xử lý , ngã 4 từ Bằng Liệt ra Phạm Tu ( nhất là trời mưa)",". Phản ánh nhiều lần mà cơ quan giao thông không xử lý , ngã 4 từ Bằng Liệt ra Phạm Tu ( nhất là trời mưa)",https://congdanso.hanoi.gov.vn/phan-anh/de-nghi-nap-den-giao-thong-hoac-co-can-bo-dung-phan-lan-hang-ngay-270984,"Phản ánh nhiều lần mà cơ quan giao thông không xử lý , ngã 4 từ Bằng Liệt ra Phạm Tu ( nhất là trời mưa)","Phản ánh nhiều lần mà cơ quan giao thông không xử lý, ngã 4 từ Bằng Liệt ra Phạm Tu ( nhất là trời mưa)","Phản_ánh nhiều lần mà cơ_quan giao_thông không xử_lý , ngã 4 từ Bằng_Liệt ra Phạm_Tu ( nhất_là trời mưa )","phản_ánh nhiều lần mà cơ_quan giao_thông không xử_lý , ngã 4 từ bằng_liệt ra phạm_tu ( nhất_là trời mưa )",False
269972,Ha Noi,congdanso_hanoi,2,,Xin hỏi cắm biển thế này thì đi đường nào vào Hàng Đào? hay biển phụ bị rơi mất chưa kịp lắp lại?,. Xin hỏi cắm biển thế này thì đi đường nào vào Hàng Đào? hay biển phụ bị rơi mất chưa kịp lắp lại?,https://congdanso.hanoi.gov.vn/phan-anh/bien-bao-ko-hop-ly-269972,Xin hỏi cắm biển thế này thì đi đường nào vào Hàng Đào? hay biển phụ bị rơi mất chưa kịp lắp lại?,Xin hỏi cắm biển thế này thì đi đường nào vào Hàng Đào hay biển phụ bị rơi mất chưa kịp lắp lại,Xin hỏi cắm biển thế này thì đi_đường nào vào Hàng_Đào hay biển phụ bị rơi mất chưa kịp lắp lại,xin hỏi cắm biển thế này thì đi_đường nào vào hàng_đào hay biển phụ bị rơi mất chưa kịp lắp lại,False
273508,Ha Noi,congdanso_hanoi,2,,Kính gửi sở giao thông vận tải Hà Nội. Đề nghị sở GTVT Hà Nội nghiên cứu cho các phương tiện vòng ngược lại đường văn tiến dũng tránh tắc dài vào đầu giờ sáng và tan làm buổi chiều. Trân trọng cám ơn,. Kính gửi sở giao thông vận tải Hà Nội. Đề nghị sở GTVT Hà Nội nghiên cứu cho các phương tiện vòng ngược lại đường văn tiến dũng tránh tắc dài vào đầu giờ sáng và tan làm buổi chiều. Trân trọng cám ơn,https://congdanso.hanoi.gov.vn/phan-anh/de-nghi-273508,Kính gửi sở giao thông vận tải Hà Nội. Đề nghị sở GTVT Hà Nội nghiên cứu cho các phương tiện vòng ngược lại đường văn tiến dũng tránh tắc dài vào đầu giờ sáng và tan làm buổi chiều. Trân trọng cám ơn,Kính gửi sở giao thông vận tải Hà Nội. Đề nghị sở GTVT Hà Nội nghiên cứu cho các phương tiện vòng ngược lại đường văn tiến dũng tránh tắc dài vào đầu giờ sáng và tan làm buổi chiều. Trân trọng cám ơn,Kính gửi sở giao_thông vận_tải Hà_Nội . Đề_nghị sở GTVT Hà_Nội nghiên_cứu cho các phương_tiện vòng ngược_lại đường văn tiến dũng tránh tắc dài vào đầu giờ sáng và tan làm buổi chiều . Trân_trọng cám_ơn,kính gửi sở giao_thông vận_tải hà_nội . đề_nghị sở gtvt hà_nội nghiên_cứu cho các phương_tiện vòng ngược_lại đường văn tiến dũng tránh tắc dài vào đầu giờ sáng và tan làm buổi chiều . trân_trọng cám_ơn,False
274201,Ha Noi,congdanso_hanoi,2,,"Trước kia đoạn đường chưa được đầu tư nâng cấp vẫn có lối dành cho người đi bộ sang bên đường để bắt xe bus, nay đường đươc đầu tư lại nhưng bị rào chắn bởi dải phân cách cứng và rào thêm hàng sắt cao người đi ko có lối sang phải trèo sang đường rất nguy hiểm và mất mỹ quan đô thị thiết nghĩ sở GTVT nên có phương án mở lối nhỏ cho người đi bộ sang cho thuận tiện hơn ,xin cảm ơn.",". Trước kia đoạn đường chưa được đầu tư nâng cấp vẫn có lối dành cho người đi bộ sang bên đường để bắt xe bus, nay đường đươc đầu tư lại nhưng bị rào chắn bởi dải phân cách cứng và rào thêm hàng sắt cao người đi ko có lối sang phải trèo sang đường rất nguy hiểm và mất mỹ quan đô thị thiết nghĩ sở GTVT nên có phương án mở lối nhỏ cho người đi bộ sang cho thuận tiện hơn ,xin cảm ơn.",https://congdanso.hanoi.gov.vn/phan-anh/khong-co-loi-danh-cho-nguoi-di-bo-qua-duong-sang-bat-bus-phai-treo-giai-phan-cach-274201,"Trước kia đoạn đường chưa được đầu tư nâng cấp vẫn có lối dành cho người đi bộ sang bên đường để bắt xe bus, nay đường đươc đầu tư lại nhưng bị rào chắn bởi dải phân cách cứng và rào thêm hàng sắt cao người đi ko có lối sang phải trèo sang đường rất nguy hiểm và mất mỹ quan đô thị thiết nghĩ sở GTVT nên có phương án mở lối nhỏ cho người đi bộ sang cho thuận tiện hơn ,xin cảm ơn.","Trước kia đoạn đường chưa được đầu tư nâng cấp vẫn có lối dành cho người đi bộ sang bên đường để bắt xe bus, nay đường đươc đầu tư lại nhưng bị rào chắn bởi dải phân cách cứng và rào thêm hàng sắt cao người đi ko có lối sang phải trèo sang đường rất nguy hiểm và mất mỹ quan đô thị thiết nghĩ sở GTVT nên có phương án mở lối nhỏ cho người đi bộ sang cho thuận tiện hơn, xin cảm ơn.","Trước_kia đoạn_đường chưa được_đầu tư nâng_cấp vẫn có lối dành cho người đi bộ sang bên đường_để bắt xe bus , nay đường đươc_đầu tư lại nhưng bị rào_chắn bởi dải_phân_cách cứng và rào thêm hàng sắt cao người đi ko có lối sang phải trèo sang đường rất nguy_hiểm và mất mỹ_quan đô_thị thiết_nghĩ sở GTVT nên có phương_án mở lối nhỏ cho người đi bộ sang cho thuận_tiện hơn , xin cảm_ơn .","trước_kia đoạn_đường chưa được_đầu tư nâng_cấp vẫn có lối dành cho người đi bộ sang bên đường_để bắt xe bus , nay đường đươc_đầu tư lại nhưng bị rào_chắn bởi dải_phân_cách cứng và rào thêm hàng sắt cao người đi ko có lối sang phải trèo sang đường rất nguy_hiểm và mất mỹ_quan đô_thị thiết_nghĩ sở gtvt nên có phương_án mở lối nhỏ cho người đi bộ sang cho thuận_tiện hơn , xin cảm_ơn .",False
270721,Ha Noi,congdanso_hanoi,2,,"Cách thiết lập đèn đỏ quanh ngã tư này bất hợp lý, gây ùn tắc giao thông nghiêm trọng nhiều tháng mà không được xem xét giải quyết nút giao thông này. Tôi là người ít qua chỗ này nhưng đã thấy vô lý khi đặt đèn đỏ và xanh chuyển đổi. Có nhiều nút giao thông ở Hà Nội tương tư vậy. Mong các cán bộ giao thông thường xuyên đi hiện trường, tăng trải nghiệm thực tế để cài đặt chuyển tiếp xanh đỏ cho phù hợp. Việc này xử lý rất nhanh không phải đào bới, xây sửa mất công sức nhiều, nhưg xem xét kỹ lưỡng thiết kế đèn xanh đỏ hợp lý lại đem lại hiệu quả rất lớn.",". Cách thiết lập đèn đỏ quanh ngã tư này bất hợp lý, gây ùn tắc giao thông nghiêm trọng nhiều tháng mà không được xem xét giải quyết nút giao thông này. Tôi là người ít qua chỗ này nhưng đã thấy vô lý khi đặt đèn đỏ và xanh chuyển đổi. Có nhiều nút giao thông ở Hà Nội tương tư vậy. Mong các cán bộ giao thông thường xuyên đi hiện trường, tăng trải nghiệm thực tế để cài đặt chuyển tiếp xanh đỏ cho phù hợp. Việc này xử lý rất nhanh không phải đào bới, xây sửa mất công sức nhiều, nhưg xem xét kỹ lưỡng thiết kế đèn xanh đỏ hợp lý lại đem lại hiệu quả rất lớn.",https://congdanso.hanoi.gov.vn/phan-anh/de-nghi-dieu-chinh-thiet-lap-den-do-270721,"Cách thiết lập đèn đỏ quanh ngã tư này bất hợp lý, gây ùn tắc giao thông nghiêm trọng nhiều tháng mà không được xem xét giải quyết nút giao thông này. Tôi là người ít qua chỗ này nhưng đã thấy vô lý khi đặt đèn đỏ và xanh chuyển đổi. Có nhiều nút giao thông ở Hà Nội tương tư vậy. Mong các cán bộ giao thông thường xuyên đi hiện trường, tăng trải nghiệm thực tế để cài đặt chuyển tiếp xanh đỏ cho phù hợp. Việc này xử lý rất nhanh không phải đào bới, xây sửa mất công sức nhiều, nhưg xem xét kỹ lưỡng thiết kế đèn xanh đỏ hợp lý lại đem lại hiệu quả rất lớn.","Cách thiết lập đèn đỏ quanh ngã tư này bất hợp lý, gây ùn tắc giao thông nghiêm trọng nhiều tháng mà không được xem xét giải quyết nút giao thông này. Tôi là người ít qua chỗ này nhưng đã thấy vô lý khi đặt đèn đỏ và xanh chuyển đổi. Có nhiều nút giao thông ở Hà Nội tương tư vậy. Mong các cán bộ giao thông thường xuyên đi hiện trường, tăng trải nghiệm thực tế để cài đặt chuyển tiếp xanh đỏ cho phù hợp. Việc này xử lý rất nhanh không phải đào bới, xây sửa mất công sức nhiều, nhưg xem xét kỹ lưỡng thiết kế đèn xanh đỏ hợp lý lại đem lại hiệu quả rất lớn.","Cách thiết_lập đèn_đỏ quanh ngã tư này bất hợp_lý , gây ùn_tắc giao_thông nghiêm_trọng nhiều tháng mà không được xem_xét giải_quyết nút giao_thông này . Tôi là người ít qua chỗ này nhưng đã thấy vô_lý khi đặt_đèn_đỏ và xanh chuyển_đổi . Có nhiều nút giao_thông ở Hà_Nội tương_tư vậy . Mong các cán_bộ giao_thông_thường_xuyên đi hiện_trường , tăng trải nghiệm thực_tế để cài_đặt chuyển_tiếp xanh đỏ cho phù_hợp . Việc này xử_lý rất nhanh không phải đào_bới , xây sửa mất_công_sức nhiều , nhưg xem_xét kỹ_lưỡng thiết_kế đèn_xanh đỏ hợp_lý lại đem lại hiệu_quả rất lớn .","cách thiết_lập đèn_đỏ quanh ngã tư này bất hợp_lý , gây ùn_tắc giao_thông nghiêm_trọng nhiều tháng mà không được xem_xét giải_quyết nút giao_thông này . tôi là người ít qua chỗ này nhưng đã thấy vô_lý khi đặt_đèn_đỏ và xanh chuyển_đổi . có nhiều nút giao_thông ở hà_nội tương_tư vậy . mong các cán_bộ giao_thông_thường_xuyên đi hiện_trường , tăng trải nghiệm thực_tế để cài_đặt chuyển_tiếp xanh đỏ cho phù_hợp . việc này xử_lý rất nhanh không phải đào_bới , xây sửa mất_công_sức nhiều , nhưg xem_xét kỹ_lưỡng thiết_kế đèn_xanh đỏ hợp_lý lại đem lại hiệu_quả rất lớn .",False
270143,Ha Noi,congdanso_hanoi,2,,"Đây là điểm giao nhau Yên Phụ - Cửa Bắc, và nó giao nhau 50m trước đèn đỏ. Luôn luôn có tình trạng xe rẽ trái từ Yên Phụ đan xen với xe đi thẳng và rẽ phải từ cầu vượt Thanh Niên đổ xuống. Bài học tắc đường vì nhập làn đột ngột này rất phổ biến như đường trên cao xuống ngã tư sở. Kiến nghị việc nhập làn phải thực hiện từ xa, tức là khi xuống cầu vượt, phải có làn chuyển rẽ phải luôn vào Yên Phụ, để tạo làn taxi dài khoảng 500m cho xe ổn định hướng đi, không bị đan xen vào nhau.",". Đây là điểm giao nhau Yên Phụ - Cửa Bắc, và nó giao nhau 50m trước đèn đỏ. Luôn luôn có tình trạng xe rẽ trái từ Yên Phụ đan xen với xe đi thẳng và rẽ phải từ cầu vượt Thanh Niên đổ xuống. Bài học tắc đường vì nhập làn đột ngột này rất phổ biến như đường trên cao xuống ngã tư sở. Kiến nghị việc nhập làn phải thực hiện từ xa, tức là khi xuống cầu vượt, phải có làn chuyển rẽ phải luôn vào Yên Phụ, để tạo làn taxi dài khoảng 500m cho xe ổn định hướng đi, không bị đan xen vào nhau.",https://congdanso.hanoi.gov.vn/phan-anh/diem-giao-nhau-tac-nghen-270143,"Đây là điểm giao nhau Yên Phụ - Cửa Bắc, và nó giao nhau 50m trước đèn đỏ. Luôn luôn có tình trạng xe rẽ trái từ Yên Phụ đan xen với xe đi thẳng và rẽ phải từ cầu vượt Thanh Niên đổ xuống. Bài học tắc đường vì nhập làn đột ngột này rất phổ biến như đường trên cao xuống ngã tư sở. Kiến nghị việc nhập làn phải thực hiện từ xa, tức là khi xuống cầu vượt, phải có làn chuyển rẽ phải luôn vào Yên Phụ, để tạo làn taxi dài khoảng 500m cho xe ổn định hướng đi, không bị đan xen vào nhau.","Đây là điểm giao nhau Yên Phụ - Cửa Bắc, và nó giao nhau 50m trước đèn đỏ. Luôn luôn có tình trạng xe rẽ trái từ Yên Phụ đan xen với xe đi thẳng và rẽ phải từ cầu vượt Thanh Niên đổ xuống. Bài học tắc đường vì nhập làn đột ngột này rất phổ biến như đường trên cao xuống ngã tư sở. Kiến nghị việc nhập làn phải thực hiện từ xa, tức là khi xuống cầu vượt, phải có làn chuyển rẽ phải luôn vào Yên Phụ, để tạo làn taxi dài khoảng 500m cho xe ổn định hướng đi, không bị đan xen vào nhau.","Đây là điểm giao nhau Yên_Phụ - Cửa_Bắc , và nó giao nhau 50m trước đèn_đỏ . Luôn_luôn có tình_trạng xe rẽ trái từ Yên_Phụ_đan xen với xe đi thẳng và rẽ phải từ cầu_vượt Thanh_Niên_đổ xuống . Bài_học tắc đường vì nhập làn đột_ngột này rất phổ_biến như đường trên cao xuống ngã tư sở . Kiến_nghị việc nhập làn phải thực_hiện từ xa , tức_là khi xuống cầu_vượt , phải có làn chuyển rẽ phải luôn vào Yên_Phụ , để tạo làn taxi dài khoảng 500m cho xe ổn_định hướng đi , không bị đan_xen vào nhau .","đây là điểm giao nhau yên_phụ - cửa_bắc , và nó giao nhau 50m trước đèn_đỏ . luôn_luôn có tình_trạng xe rẽ trái từ yên_phụ_đan xen với xe đi thẳng và rẽ phải từ cầu_vượt thanh_niên_đổ xuống . bài_học tắc đường vì nhập làn đột_ngột này rất phổ_biến như đường trên cao xuống ngã tư sở . kiến_nghị việc nhập làn phải thực_hiện từ xa , tức_là khi xuống cầu_vượt , phải có làn chuyển rẽ phải luôn vào yên_phụ , để tạo làn taxi dài khoảng 500m cho xe ổn_định hướng đi , không bị đan_xen vào nhau .",False
271430,Ha Noi,congdanso_hanoi,2,,Tại cửa trường học Toronto hàng ngày có rất nhiều xe oto đến đỗ từ sáng sớm đến tối gây ùn tắc giao thông và mất an toàn cho học sinh . Đề nghị cơ quan chúc năng kiểm trả sử lý,. Tại cửa trường học Toronto hàng ngày có rất nhiều xe oto đến đỗ từ sáng sớm đến tối gây ùn tắc giao thông và mất an toàn cho học sinh . Đề nghị cơ quan chúc năng kiểm trả sử lý,https://congdanso.hanoi.gov.vn/phan-anh/do-xe-can-tro-loi-ra-vao-truong-hoc-271430,Tại cửa trường học Toronto hàng ngày có rất nhiều xe oto đến đỗ từ sáng sớm đến tối gây ùn tắc giao thông và mất an toàn cho học sinh . Đề nghị cơ quan chúc năng kiểm trả sử lý,Tại cửa trường học Toronto hàng ngày có rất nhiều xe oto đến đỗ từ sáng sớm đến tối gây ùn tắc giao thông và mất an toàn cho học sinh. Đề nghị cơ quan chúc năng kiểm trả sử lý,Tại cửa trường_học Toronto hàng ngày có rất nhiều xe oto đến_đỗ từ sáng sớm đến tối gây ùn_tắc giao_thông và mất an_toàn cho học_sinh . Đề_nghị cơ_quan chúc năng kiểm trả sử lý,tại cửa trường_học toronto hàng ngày có rất nhiều xe oto đến_đỗ từ sáng sớm đến tối gây ùn_tắc giao_thông và mất an_toàn cho học_sinh . đề_nghị cơ_quan chúc năng kiểm trả sử lý,False
235984,Ha Noi,congdanso_hanoi,2,,Hai xe máy di chuyển rất ẩu trên làn ô tô gây nguy hiểm cho tài xế,. Hai xe máy di chuyển rất ẩu trên làn ô tô gây nguy hiểm cho tài xế,https://congdanso.hanoi.gov.vn/phan-anh/hai-xe-may-di-chuyen-len-lan-o-to-cau-thang-long-235984,Hai xe máy di chuyển rất ẩu trên làn ô tô gây nguy hiểm cho tài xế,Hai xe máy di chuyển rất ẩu trên làn ô tô gây nguy hiểm cho tài xế,Hai xe_máy di_chuyển rất ẩu trên làn ô_tô gây nguy_hiểm cho tài_xế,hai xe_máy di_chuyển rất ẩu trên làn ô_tô gây nguy_hiểm cho tài_xế,False
271194,Ha Noi,congdanso_hanoi,3,,Đường Đinh Núp rất nhiều xe đỗ theo chiều đường có biển cấm đỗ gây cản trở giao thông và rất dễ xảy ra tai nạn.,. Đường Đinh Núp rất nhiều xe đỗ theo chiều đường có biển cấm đỗ gây cản trở giao thông và rất dễ xảy ra tai nạn.,https://congdanso.hanoi.gov.vn/phan-anh/do-xe-gay-can-tro-giao-thong-271194,Đường Đinh Núp rất nhiều xe đỗ theo chiều đường có biển cấm đỗ gây cản trở giao thông và rất dễ xảy ra tai nạn.,Đường Đinh Núp rất nhiều xe đỗ theo chiều đường có biển cấm đỗ gây cản trở giao thông và rất dễ xảy ra tai nạn.,Đường_Đinh_Núp rất nhiều xe đỗ theo chiều đường có biển cấm đỗ gây cản_trở giao_thông và rất dễ xảy ra tai_nạn .,đường_đinh_núp rất nhiều xe đỗ theo chiều đường có biển cấm đỗ gây cản_trở giao_thông và rất dễ xảy ra tai_nạn .,False
272661,Ha Noi,congdanso_hanoi,3,,"Theo phương án phân luồng nút giao Cổ Linh Đàm Quang Trung phục vụ thi công hầm chui Cổ Linh. Cơ quan chức năng đặt biển hạn chế tốc độ ô tô 40km tại vị trí cách rào chắn 200m rất bất hợp lý và tiềm ẩn nguy cơ tai nạn giao thông vì nguyên nhân sau đây: Tốc độ tối đa trên cầu đối với ô tô là 60km/h, việc đặt biển giảm còn 40km/h rất bất hợp lý khi ô tô đang xuống dốc, dễ gây tai nạn liên hoàn. Đề nghị nghiên cứu lại tốc độ hạn chế còn 50km/h là phù hợp.",". Theo phương án phân luồng nút giao Cổ Linh Đàm Quang Trung phục vụ thi công hầm chui Cổ Linh. Cơ quan chức năng đặt biển hạn chế tốc độ ô tô 40km tại vị trí cách rào chắn 200m rất bất hợp lý và tiềm ẩn nguy cơ tai nạn giao thông vì nguyên nhân sau đây: Tốc độ tối đa trên cầu đối với ô tô là 60km/h, việc đặt biển giảm còn 40km/h rất bất hợp lý khi ô tô đang xuống dốc, dễ gây tai nạn liên hoàn. Đề nghị nghiên cứu lại tốc độ hạn chế còn 50km/h là phù hợp.",https://congdanso.hanoi.gov.vn/phan-anh/de-nghi-dieu-chinh-bien-bao-han-che-toc-do-o-to-40kmh-bat-hop-ly-tai-chan-cau-vinh-tuy-huong-long-bien-272661,"Theo phương án phân luồng nút giao Cổ Linh Đàm Quang Trung phục vụ thi công hầm chui Cổ Linh. Cơ quan chức năng đặt biển hạn chế tốc độ ô tô 40km tại vị trí cách rào chắn 200m rất bất hợp lý và tiềm ẩn nguy cơ tai nạn giao thông vì nguyên nhân sau đây: Tốc độ tối đa trên cầu đối với ô tô là 60km/h, việc đặt biển giảm còn 40km/h rất bất hợp lý khi ô tô đang xuống dốc, dễ gây tai nạn liên hoàn. Đề nghị nghiên cứu lại tốc độ hạn chế còn 50km/h là phù hợp.","Theo phương án phân luồng nút giao Cổ Linh Đàm Quang Trung phục vụ thi công hầm chui Cổ Linh. Cơ quan chức năng đặt biển hạn chế tốc độ ô tô 40km tại vị trí cách rào chắn 200m rất bất hợp lý và tiềm ẩn nguy cơ tai nạn giao thông vì nguyên nhân sau đây: Tốc độ tối đa trên cầu đối với ô tô là 60km/h, việc đặt biển giảm còn 40km/h rất bất hợp lý khi ô tô đang xuống dốc, dễ gây tai nạn liên hoàn. Đề nghị nghiên cứu lại tốc độ hạn chế còn 50km/h là phù hợp.","Theo phương_án phân_luồng nút giao Cổ_Linh_Đàm_Quang_Trung phục_vụ thi_công hầm chui Cổ_Linh . Cơ_quan_chức_năng đặt biển hạn_chế tốc_độ ô_tô 40km tại vị_trí cách rào_chắn 200m rất bất hợp_lý và tiềm_ẩn nguy_cơ tai_nạn giao_thông vì nguyên_nhân sau đây : Tốc_độ tối_đa trên cầu đối_với ô_tô là 60km / h , việc đặt biển giảm còn 40km / h rất bất hợp_lý khi ô_tô đang xuống_dốc , dễ gây tai_nạn liên_hoàn . Đề_nghị nghiên_cứu lại tốc_độ hạn_chế còn 50km / h là phù_hợp .","theo phương_án phân_luồng nút giao cổ_linh_đàm_quang_trung phục_vụ thi_công hầm chui cổ_linh . cơ_quan_chức_năng đặt biển hạn_chế tốc_độ ô_tô 40km tại vị_trí cách rào_chắn 200m rất bất hợp_lý và tiềm_ẩn nguy_cơ tai_nạn giao_thông vì nguyên_nhân sau đây : tốc_độ tối_đa trên cầu đối_với ô_tô là 60km / h , việc đặt biển giảm còn 40km / h rất bất hợp_lý khi ô_tô đang xuống_dốc , dễ gây tai_nạn liên_hoàn . đề_nghị nghiên_cứu lại tốc_độ hạn_chế còn 50km / h là phù_hợp .",False
269952,Ha Noi,congdanso_hanoi,3,,Kính gửi ubnd thành phố Hà Nội Sở xây dựng thành phố hà nội Tôi có đề nghị tới các cơ quan chức năng nghiên cứu bỏ biển cấm 1 chiều hoặc chỉ cấm 1 chiều đối với ô tô từ đoạn đường vũ đình tụng phường long biên đi qua cống chui dân sinh về tổ dân phố an lạc xã Gia Lâm vì đây là đoạn đường huyết mạch để người dân di chuyển giữa 2 địa bàn xã Gia Lâm và phường Long biên hàng ngày lượng phương tiện xe máy lưu thông qua đây rất lớn!nếu không đi đường này người dân chúng tôi sẽ phải di chuyển thêm từ 2-4km để đi đến được nơi học tập và làm việc thuộc 2 địa bàn trên! Kính mong cơ quan chức năng có thẩm quyền nghiên cứu bỏ biển cấm 1 chiều hướng từ đường Vũ Đình Tụng về tdp An Lạc xã Gia Lâm để tạo thuận tiện di chuyển cho người dân! Tôi xin cảm ơn!,. Kính gửi ubnd thành phố Hà Nội Sở xây dựng thành phố hà nội Tôi có đề nghị tới các cơ quan chức năng nghiên cứu bỏ biển cấm 1 chiều hoặc chỉ cấm 1 chiều đối với ô tô từ đoạn đường vũ đình tụng phường long biên đi qua cống chui dân sinh về tổ dân phố an lạc xã Gia Lâm vì đây là đoạn đường huyết mạch để người dân di chuyển giữa 2 địa bàn xã Gia Lâm và phường Long biên hàng ngày lượng phương tiện xe máy lưu thông qua đây rất lớn!nếu không đi đường này người dân chúng tôi sẽ phải di chuyển thêm từ 2-4km để đi đến được nơi học tập và làm việc thuộc 2 địa bàn trên! Kính mong cơ quan chức năng có thẩm quyền nghiên cứu bỏ biển cấm 1 chiều hướng từ đường Vũ Đình Tụng về tdp An Lạc xã Gia Lâm để tạo thuận tiện di chuyển cho người dân! Tôi xin cảm ơn!,https://congdanso.hanoi.gov.vn/phan-anh/bien-bao-giao-thong-khong-hop-ly-269952,Kính gửi ubnd thành phố Hà Nội Sở xây dựng thành phố hà nội Tôi có đề nghị tới các cơ quan chức năng nghiên cứu bỏ biển cấm 1 chiều hoặc chỉ cấm 1 chiều đối với ô tô từ đoạn đường vũ đình tụng phường long biên đi qua cống chui dân sinh về tổ dân phố an lạc xã Gia Lâm vì đây là đoạn đường huyết mạch để người dân di chuyển giữa 2 địa bàn xã Gia Lâm và phường Long biên hàng ngày lượng phương tiện xe máy lưu thông qua đây rất lớn!nếu không đi đường này người dân chúng tôi sẽ phải di chuyển thêm từ 2-4km để đi đến được nơi học tập và làm việc thuộc 2 địa bàn trên! Kính mong cơ quan chức năng có thẩm quyền nghiên cứu bỏ biển cấm 1 chiều hướng từ đường Vũ Đình Tụng về tdp An Lạc xã Gia Lâm để tạo thuận tiện di chuyển cho người dân! Tôi xin cảm ơn!,Kính gửi ubnd thành phố Hà Nội Sở xây dựng thành phố hà nội Tôi có đề nghị tới các cơ quan chức năng nghiên cứu bỏ biển cấm 1 chiều hoặc chỉ cấm 1 chiều đối với ô tô từ đoạn đường vũ đình tụng phường long biên đi qua cống chui dân sinh về tổ dân phố an lạc xã Gia Lâm vì đây là đoạn đường huyết mạch để người dân di chuyển giữa 2 địa bàn xã Gia Lâm và phường Long biên hàng ngày lượng phương tiện xe máy lưu thông qua đây rất lớn nếu không đi đường này người dân chúng tôi sẽ phải di chuyển thêm từ 2-4km để đi đến được nơi học tập và làm việc thuộc 2 địa bàn trên Kính mong cơ quan chức năng có thẩm quyền nghiên cứu bỏ biển cấm 1 chiều hướng từ đường Vũ Đình Tụng về tdp An Lạc xã Gia Lâm để tạo thuận tiện di chuyển cho người dân Tôi xin cảm ơn,Kính gửi ubnd thành_phố Hà_Nội_Sở xây_dựng thành_phố hà_nội Tôi có đề_nghị tới các cơ_quan_chức_năng nghiên_cứu bỏ biển cấm 1 chiều hoặc chỉ cấm 1 chiều đối_với ô_tô từ đoạn_đường vũ đình tụng phường long biên đi qua cống chui dân_sinh về tổ dân_phố an_lạc xã Gia_Lâm vì đây là đoạn_đường huyết_mạch để người dân di_chuyển giữa 2 địa_bàn xã Gia_Lâm và phường Long_biên hàng ngày lượng phương_tiện xe_máy lưu_thông_qua đây rất lớn nếu không đi_đường này người dân_chúng_tôi sẽ phải di_chuyển thêm từ 2 - 4km để_đi_đến_được nơi học_tập và làm_việc thuộc 2 địa_bàn trên Kính mong cơ_quan_chức_năng có thẩm_quyền nghiên_cứu bỏ biển cấm 1 chiều_hướng từ_đường Vũ_Đình_Tụng về tdp An_Lạc xã Gia_Lâm_để tạo thuận_tiện di_chuyển cho người dân Tôi xin cảm_ơn,kính gửi ubnd thành_phố hà_nội_sở xây_dựng thành_phố hà_nội tôi có đề_nghị tới các cơ_quan_chức_năng nghiên_cứu bỏ biển cấm 1 chiều hoặc chỉ cấm 1 chiều đối_với ô_tô từ đoạn_đường vũ đình tụng phường long biên đi qua cống chui dân_sinh về tổ dân_phố an_lạc xã gia_lâm vì đây là đoạn_đường huyết_mạch để người dân di_chuyển giữa 2 địa_bàn xã gia_lâm và phường long_biên hàng ngày lượng phương_tiện xe_máy lưu_thông_qua đây rất lớn nếu không đi_đường này người dân_chúng_tôi sẽ phải di_chuyển thêm từ 2 - 4km để_đi_đến_được nơi học_tập và làm_việc thuộc 2 địa_bàn trên kính mong cơ_quan_chức_năng có thẩm_quyền nghiên_cứu bỏ biển cấm 1 chiều_hướng từ_đường vũ_đình_tụng về tdp an_lạc xã gia_lâm_để tạo thuận_tiện di_chuyển cho người dân tôi xin cảm_ơn,False
269942,Ha Noi,congdanso_hanoi,3,,"Giờ cao điểm do xe nhiều xe ô tô đi từ Láng Hạ chờ đèn đỏ rẽ sang Láng lấn hết phía trái, kéo dài làm xe máy không thể rẽ trái dưới chân cầu để quay đầu, khiến chân cầu rất đông và xung đột. Đề nghị Sở GTVT nghiên cứu mở thêm lối rẽ riêng cho xe máy, xe đạp trước lối rẽ hiện có để giảm bớt kẹt xe. Trân trọng !",". Giờ cao điểm do xe nhiều xe ô tô đi từ Láng Hạ chờ đèn đỏ rẽ sang Láng lấn hết phía trái, kéo dài làm xe máy không thể rẽ trái dưới chân cầu để quay đầu, khiến chân cầu rất đông và xung đột. Đề nghị Sở GTVT nghiên cứu mở thêm lối rẽ riêng cho xe máy, xe đạp trước lối rẽ hiện có để giảm bớt kẹt xe. Trân trọng !",https://congdanso.hanoi.gov.vn/phan-anh/de-nghi-mo-them-loi-re-cho-xe-may-xe-dap-chan-cau-cau-vuot-lang-ha-le-van-luong-269942,"Giờ cao điểm do xe nhiều xe ô tô đi từ Láng Hạ chờ đèn đỏ rẽ sang Láng lấn hết phía trái, kéo dài làm xe máy không thể rẽ trái dưới chân cầu để quay đầu, khiến chân cầu rất đông và xung đột. Đề nghị Sở GTVT nghiên cứu mở thêm lối rẽ riêng cho xe máy, xe đạp trước lối rẽ hiện có để giảm bớt kẹt xe. Trân trọng !","Giờ cao điểm do xe nhiều xe ô tô đi từ Láng Hạ chờ đèn đỏ rẽ sang Láng lấn hết phía trái, kéo dài làm xe máy không thể rẽ trái dưới chân cầu để quay đầu, khiến chân cầu rất đông và xung đột. Đề nghị Sở GTVT nghiên cứu mở thêm lối rẽ riêng cho xe máy, xe đạp trước lối rẽ hiện có để giảm bớt kẹt xe. Trân trọng","Giờ cao_điểm do xe nhiều xe ô_tô đi từ Láng_Hạ chờ đèn_đỏ rẽ sang Láng lấn hết phía trái , kéo_dài làm xe_máy không_thể rẽ trái dưới chân cầu để quay đầu , khiến chân cầu rất đông và xung_đột . Đề_nghị Sở GTVT nghiên_cứu mở thêm lối rẽ riêng cho xe_máy , xe_đạp trước lối rẽ hiện có để giảm bớt kẹt xe . Trân_trọng","giờ cao_điểm do xe nhiều xe ô_tô đi từ láng_hạ chờ đèn_đỏ rẽ sang láng lấn hết phía trái , kéo_dài làm xe_máy không_thể rẽ trái dưới chân cầu để quay đầu , khiến chân cầu rất đông và xung_đột . đề_nghị sở gtvt nghiên_cứu mở thêm lối rẽ riêng cho xe_máy , xe_đạp trước lối rẽ hiện có để giảm bớt kẹt xe . trân_trọng",False
268640,Ha Noi,congdanso_hanoi,3,,"Hôm qua lúc 7h32 phút ngày 16/04/2026. Tôi có chở con tôi lớp 2 và lớp 4 đến trường tiểu học Trưng Vương, Hoàn Kiếm ở địa chỉ 25 Lý Thái Tổ. Tôi có đỗ xe ô tô biển ks 30B-005.22 đỗ cách cổng trường khoảng 70m để đưa 2 con đến cổng trường. Khoảng 2-3 phút sau tôi nhận được cuộc gọi điện của cảnh sát giao thông đội 1 là phạt lỗi đỗ xe bên trái đường 1 chiều, lỗi phạt 2.5 triệu đồng. Tôi có trình bày nhà tôi ở Minh Khai, Vĩnh Tuy xa trường Trưng Vương nên sáng tôi đưa con đi học và tôi di chuyển đi làm luôn, nhưng cảnh sát giao thông đội 1 không nghe trình bày hoặc nhắc nhở di chuyển ngay vì là cổng trường học, người dân xung quanh và phụ huynh góp ý cũng không nghe mà phạt luôn lập biên bản luôn, đỗ xe 2-3 phút đưa con đến cổng trường mà bị phạt mức cao là 2.5 triệu đồng khiến tôi không phục cách làm việc cứng nhắc và vô cảm, ngoài ra đồng chí Lý Nhật Phương còn nói ""gửi xe bên phải mất mấy chục, không có tiền thì đưa con đi học bằng xe máy"", tôi thiết nghĩ xã hội ngày càng phát triển, đưa con đi học ở xa nhà bằng ô tô là đảm bảo an toàn cho con, mầm non của đất nước, nhưng giữa thủ đô mà các đồng chí cảnh sát giao thông đội 1 xử lý vô cảm, không gần dân và lắng nghe dân, chả nhẽ trời mưa trời nắng các đồng chí chưa bao giờ đưa con đi học bằng ô tô? - Tôi kiến nghị Chủ tịch UBND thành phố Hà Nội nên dẹp chỗ gửi xe thu phí ở đường Lý Thái Tổ để thuận tiện cho phụ huynh đưa đón con đến trường. Hoặc trong khung giờ từ 7h->8h cho phép phụ huynh đỗ xe bên trái đường đường Lý Thái Tổ để đưa con vào lớp an toàn. Tôi xin chân thành cám ơn và mong Chủ tịch UBND thành phố Hà Nội lắng nghe nguyện vọng của nhân dân để thủ đô đẹp trong mắt bạn bè quốc tế và người dân.",". Hôm qua lúc 7h32 phút ngày 16/04/2026. Tôi có chở con tôi lớp 2 và lớp 4 đến trường tiểu học Trưng Vương, Hoàn Kiếm ở địa chỉ 25 Lý Thái Tổ. Tôi có đỗ xe ô tô biển ks 30B-005.22 đỗ cách cổng trường khoảng 70m để đưa 2 con đến cổng trường. Khoảng 2-3 phút sau tôi nhận được cuộc gọi điện của cảnh sát giao thông đội 1 là phạt lỗi đỗ xe bên trái đường 1 chiều, lỗi phạt 2.5 triệu đồng. Tôi có trình bày nhà tôi ở Minh Khai, Vĩnh Tuy xa trường Trưng Vương nên sáng tôi đưa con đi học và tôi di chuyển đi làm luôn, nhưng cảnh sát giao thông đội 1 không nghe trình bày hoặc nhắc nhở di chuyển ngay vì là cổng trường học, người dân xung quanh và phụ huynh góp ý cũng không nghe mà phạt luôn lập biên bản luôn, đỗ xe 2-3 phút đưa con đến cổng trường mà bị phạt mức cao là 2.5 triệu đồng khiến tôi không phục cách làm việc cứng nhắc và vô cảm, ngoài ra đồng chí Lý Nhật Phương còn nói ""gửi xe bên phải mất mấy chục, không có tiền thì đưa con đi học bằng xe máy"", tôi thiết nghĩ xã hội ngày càng phát triển, đưa con đi học ở xa nhà bằng ô tô là đảm bảo an toàn cho con, mầm non của đất nước, nhưng giữa thủ đô mà các đồng chí cảnh sát giao thông đội 1 xử lý vô cảm, không gần dân và lắng nghe dân, chả nhẽ trời mưa trời nắng các đồng chí chưa bao giờ đưa con đi học bằng ô tô? - Tôi kiến nghị Chủ tịch UBND thành phố Hà Nội nên dẹp chỗ gửi xe thu phí ở đường Lý Thái Tổ để thuận tiện cho phụ huynh đưa đón con đến trường. Hoặc trong khung giờ từ 7h->8h cho phép phụ huynh đỗ xe bên trái đường đường Lý Thái Tổ để đưa con vào lớp an toàn. Tôi xin chân thành cám ơn và mong Chủ tịch UBND thành phố Hà Nội lắng nghe nguyện vọng của nhân dân để thủ đô đẹp trong mắt bạn bè quốc tế và người dân.",https://congdanso.hanoi.gov.vn/phan-anh/cach-lam-viec-vo-cam-cua-canh-sat-giao-thong-doi-1-268640,"Hôm qua lúc 7h32 phút ngày 16/04/2026. Tôi có chở con tôi lớp 2 và lớp 4 đến trường tiểu học Trưng Vương, Hoàn Kiếm ở địa chỉ 25 Lý Thái Tổ. Tôi có đỗ xe ô tô biển ks 30B-005.22 đỗ cách cổng trường khoảng 70m để đưa 2 con đến cổng trường. Khoảng 2-3 phút sau tôi nhận được cuộc gọi điện của cảnh sát giao thông đội 1 là phạt lỗi đỗ xe bên trái đường 1 chiều, lỗi phạt 2.5 triệu đồng. Tôi có trình bày nhà tôi ở Minh Khai, Vĩnh Tuy xa trường Trưng Vương nên sáng tôi đưa con đi học và tôi di chuyển đi làm luôn, nhưng cảnh sát giao thông đội 1 không nghe trình bày hoặc nhắc nhở di chuyển ngay vì là cổng trường học, người dân xung quanh và phụ huynh góp ý cũng không nghe mà phạt luôn lập biên bản luôn, đỗ xe 2-3 phút đưa con đến cổng trường mà bị phạt mức cao là 2.5 triệu đồng khiến tôi không phục cách làm việc cứng nhắc và vô cảm, ngoài ra đồng chí Lý Nhật Phương còn nói ""gửi xe bên phải mất mấy chục, không có tiền thì đưa con đi học bằng xe máy"", tôi thiết nghĩ xã hội ngày càng phát triển, đưa con đi học ở xa nhà bằng ô tô là đảm bảo an toàn cho con, mầm non của đất nước, nhưng giữa thủ đô mà các đồng chí cảnh sát giao thông đội 1 xử lý vô cảm, không gần dân và lắng nghe dân, chả nhẽ trời mưa trời nắng các đồng chí chưa bao giờ đưa con đi học bằng ô tô? - Tôi kiến nghị Chủ tịch UBND thành phố Hà Nội nên dẹp chỗ gửi xe thu phí ở đường Lý Thái Tổ để thuận tiện cho phụ huynh đưa đón con đến trường. Hoặc trong khung giờ từ 7h->8h cho phép phụ huynh đỗ xe bên trái đường đường Lý Thái Tổ để đưa con vào lớp an toàn. Tôi xin chân thành cám ơn và mong Chủ tịch UBND thành phố Hà Nội lắng nghe nguyện vọng của nhân dân để thủ đô đẹp trong mắt bạn bè quốc tế và người dân.","Hôm qua lúc 7h32 phút ngày 16/04/2026. Tôi có chở con tôi lớp 2 và lớp 4 đến trường tiểu học Trưng Vương, Hoàn Kiếm ở địa chỉ 25 Lý Thái Tổ. Tôi có đỗ xe ô tô biển ks 30B-005. 22 đỗ cách cổng trường khoảng 70m để đưa 2 con đến cổng trường. Khoảng 2-3 phút sau tôi nhận được cuộc gọi điện của cảnh sát giao thông đội 1 là phạt lỗi đỗ xe bên trái đường 1 chiều, lỗi phạt 2. 5 triệu đồng. Tôi có trình bày nhà tôi ở Minh Khai, Vĩnh Tuy xa trường Trưng Vương nên sáng tôi đưa con đi học và tôi di chuyển đi làm luôn, nhưng cảnh sát giao thông đội 1 không nghe trình bày hoặc nhắc nhở di chuyển ngay vì là cổng trường học, người dân xung quanh và phụ huynh góp ý cũng không nghe mà phạt luôn lập biên bản luôn, đỗ xe 2-3 phút đưa con đến cổng trường mà bị phạt mức cao là 2. 5 triệu đồng khiến tôi không phục cách làm việc cứng nhắc và vô cảm, ngoài ra đồng chí Lý Nhật Phương còn nói gửi xe bên phải mất mấy chục, không có tiền thì đưa con đi học bằng xe máy, tôi thiết nghĩ xã hội ngày càng phát triển, đưa con đi học ở xa nhà bằng ô tô là đảm bảo an toàn cho con, mầm non của đất nước, nhưng giữa thủ đô mà các đồng chí cảnh sát giao thông đội 1 xử lý vô cảm, không gần dân và lắng nghe dân, chả nhẽ trời mưa trời nắng các đồng chí chưa bao giờ đưa con đi học bằng ô tô - Tôi kiến nghị Chủ tịch UBND thành phố Hà Nội nên dẹp chỗ gửi xe thu phí ở đường Lý Thái Tổ để thuận tiện cho phụ huynh đưa đón con đến trường. Hoặc trong khung giờ từ 7h- 8h cho phép phụ huynh đỗ xe bên trái đường đường Lý Thái Tổ để đưa con vào lớp an toàn. Tôi xin chân thành cám ơn và mong Chủ tịch UBND thành phố Hà Nội lắng nghe nguyện vọng của nhân dân để thủ đô đẹp trong mắt bạn bè quốc tế và người dân.","Hôm_qua lúc 7h32 phút ngày 16 / 04 / 2026 . Tôi có chở con tôi lớp 2 và lớp 4 đến trường tiểu_học Trưng_Vương , Hoàn_Kiếm ở địa_chỉ 25 Lý_Thái_Tổ . Tôi có đỗ xe ô_tô biển ks 30B - 005 . 22 đỗ cách cổng trường khoảng 70m để_đưa 2 con đến cổng trường . Khoảng 2 - 3 phút sau tôi nhận được cuộc_gọi điện của cảnh_sát giao_thông đội 1 là phạt lỗi đỗ xe bên trái đường 1 chiều , lỗi phạt 2 . 5 triệu đồng . Tôi có trình_bày nhà tôi ở Minh_Khai , Vĩnh_Tuy xa trường Trưng_Vương nên sáng tôi đưa con đi học và tôi di_chuyển đi làm luôn , nhưng cảnh_sát giao_thông đội 1 không nghe trình_bày hoặc nhắc_nhở di_chuyển ngay vì là cổng trường_học , người dân xung_quanh và phụ_huynh góp_ý cũng không nghe mà phạt luôn lập biên_bản luôn , đỗ xe 2 - 3 phút đưa con đến cổng trường mà bị phạt mức cao là 2 . 5 triệu đồng khiến tôi không phục cách làm_việc cứng_nhắc và vô_cảm , ngoài_ra đồng_chí Lý_Nhật_Phương còn nói gửi xe bên phải mất mấy chục , không có tiền thì đưa con đi học bằng xe_máy , tôi thiết_nghĩ xã_hội ngày_càng phát_triển , đưa con đi học ở xa nhà bằng ô_tô là đảm_bảo_an_toàn cho con , mầm_non của đất_nước , nhưng giữa thủ_đô mà các đồng_chí cảnh_sát giao_thông đội 1 xử_lý vô_cảm , không gần dân và lắng_nghe dân , chả_nhẽ trời mưa trời nắng các đồng_chí chưa bao_giờ đưa con đi học bằng ô_tô - Tôi kiến_nghị Chủ_tịch UBND thành_phố Hà_Nội nên dẹp chỗ gửi xe thu phí ở đường Lý_Thái_Tổ_để thuận_tiện cho phụ_huynh đưa_đón con đến trường . Hoặc trong khung giờ từ 7h - 8h cho phép phụ_huynh đỗ xe bên trái đường đường_Lý_Thái_Tổ_để_đưa con vào lớp an_toàn . Tôi xin chân_thành cám_ơn và mong Chủ_tịch UBND thành_phố Hà_Nội lắng_nghe nguyện_vọng của nhân_dân để thủ đô_đẹp trong mắt bạn_bè quốc_tế và người dân .","hôm_qua lúc 7h32 phút ngày 16 / 04 / 2026 . tôi có chở con tôi lớp 2 và lớp 4 đến trường tiểu_học trưng_vương , hoàn_kiếm ở địa_chỉ 25 lý_thái_tổ . tôi có đỗ xe ô_tô biển ks 30b - 005 . 22 đỗ cách cổng trường khoảng 70m để_đưa 2 con đến cổng trường . khoảng 2 - 3 phút sau tôi nhận được cuộc_gọi điện của cảnh_sát giao_thông đội 1 là phạt lỗi đỗ xe bên trái đường 1 chiều , lỗi phạt 2 . 5 triệu đồng . tôi có trình_bày nhà tôi ở minh_khai , vĩnh_tuy xa trường trưng_vương nên sáng tôi đưa con đi học và tôi di_chuyển đi làm luôn , nhưng cảnh_sát giao_thông đội 1 không nghe trình_bày hoặc nhắc_nhở di_chuyển ngay vì là cổng trường_học , người dân xung_quanh và phụ_huynh góp_ý cũng không nghe mà phạt luôn lập biên_bản luôn , đỗ xe 2 - 3 phút đưa con đến cổng trường mà bị phạt mức cao là 2 . 5 triệu đồng khiến tôi không phục cách làm_việc cứng_nhắc và vô_cảm , ngoài_ra đồng_chí lý_nhật_phương còn nói gửi xe bên phải mất mấy chục , không có tiền thì đưa con đi học bằng xe_máy , tôi thiết_nghĩ xã_hội ngày_càng phát_triển , đưa con đi học ở xa nhà bằng ô_tô là đảm_bảo_an_toàn cho con , mầm_non của đất_nước , nhưng giữa thủ_đô mà các đồng_chí cảnh_sát giao_thông đội 1 xử_lý vô_cảm , không gần dân và lắng_nghe dân , chả_nhẽ trời mưa trời nắng các đồng_chí chưa bao_giờ đưa con đi học bằng ô_tô - tôi kiến_nghị chủ_tịch ubnd thành_phố hà_nội nên dẹp chỗ gửi xe thu phí ở đường lý_thái_tổ_để thuận_tiện cho phụ_huynh đưa_đón con đến trường . hoặc trong khung giờ từ 7h - 8h cho phép phụ_huynh đỗ xe bên trái đường đường_lý_thái_tổ_để_đưa con vào lớp an_toàn . tôi xin chân_thành cám_ơn và mong chủ_tịch ubnd thành_phố hà_nội lắng_nghe nguyện_vọng của nhân_dân để thủ đô_đẹp trong mắt bạn_bè quốc_tế và người dân .",False
270647,Ha Noi,congdanso_hanoi,3,,"Sáng ngày 22/04/2026 tại số nhà 35/163 phố tư đình xảy ra hoạt động đổ bê tông tươi khung giờ 8h-10h20 gây ách tắc giao thông,vi phạm khung giờ hoạt động mà k 1 đơn vị đoàn thể nào đứng ra can thiệp(ví dụ: trật tự phường,phòng địa chính xây dựng). Trong khi nếu chỉ có 1 nhà dân nào chở 1 xe nguyên vật liệu thì lập tức bên địa chính đã có mặt từ đầu đường vào nên tôi đề nghị chấm dứt việc đổ sai giờ trong khu dân cư.",". Sáng ngày 22/04/2026 tại số nhà 35/163 phố tư đình xảy ra hoạt động đổ bê tông tươi khung giờ 8h-10h20 gây ách tắc giao thông,vi phạm khung giờ hoạt động mà k 1 đơn vị đoàn thể nào đứng ra can thiệp(ví dụ: trật tự phường,phòng địa chính xây dựng). Trong khi nếu chỉ có 1 nhà dân nào chở 1 xe nguyên vật liệu thì lập tức bên địa chính đã có mặt từ đầu đường vào nên tôi đề nghị chấm dứt việc đổ sai giờ trong khu dân cư.",https://congdanso.hanoi.gov.vn/phan-anh/xe-tron-be-tong-tuoi-hoat-dong-sai-gio-gay-ach-tac-giao-thong-270647,"Sáng ngày 22/04/2026 tại số nhà 35/163 phố tư đình xảy ra hoạt động đổ bê tông tươi khung giờ 8h-10h20 gây ách tắc giao thông,vi phạm khung giờ hoạt động mà k 1 đơn vị đoàn thể nào đứng ra can thiệp(ví dụ: trật tự phường,phòng địa chính xây dựng). Trong khi nếu chỉ có 1 nhà dân nào chở 1 xe nguyên vật liệu thì lập tức bên địa chính đã có mặt từ đầu đường vào nên tôi đề nghị chấm dứt việc đổ sai giờ trong khu dân cư.","Sáng ngày 22/04/2026 tại số nhà 35/163 phố tư đình xảy ra hoạt động đổ bê tông tươi khung giờ 8h-10h20 gây ách tắc giao thông, vi phạm khung giờ hoạt động mà k 1 đơn vị đoàn thể nào đứng ra can thiệp(ví dụ: trật tự phường, phòng địa chính xây dựng). Trong khi nếu chỉ có 1 nhà dân nào chở 1 xe nguyên vật liệu thì lập tức bên địa chính đã có mặt từ đầu đường vào nên tôi đề nghị chấm dứt việc đổ sai giờ trong khu dân cư.","Sáng ngày 22 / 04 / 2026 tại số nhà 35 / 163 phố tư đình xảy ra hoạt động_đổ bê_tông tươi khung giờ 8h - 10h20 gây ách_tắc giao_thông , vi_phạm khung giờ hoạt_động mà k 1 đơn_vị đoàn_thể_nào đứng ra can_thiệp ( ví_dụ : trật_tự phường , phòng địa_chính xây_dựng ) . Trong khi nếu chỉ có 1 nhà dân nào chở 1 xe nguyên vật_liệu thì lập_tức bên địa_chính đã có_mặt từ đầu_đường vào nên tôi đề_nghị chấm_dứt việc đổ sai giờ trong khu dân_cư .","sáng ngày 22 / 04 / 2026 tại số nhà 35 / 163 phố tư đình xảy ra hoạt động_đổ bê_tông tươi khung giờ 8h - 10h20 gây ách_tắc giao_thông , vi_phạm khung giờ hoạt_động mà k 1 đơn_vị đoàn_thể_nào đứng ra can_thiệp ( ví_dụ : trật_tự phường , phòng địa_chính xây_dựng ) . trong khi nếu chỉ có 1 nhà dân nào chở 1 xe nguyên vật_liệu thì lập_tức bên địa_chính đã có_mặt từ đầu_đường vào nên tôi đề_nghị chấm_dứt việc đổ sai giờ trong khu dân_cư .",False
271644,Ha Noi,congdanso_hanoi,3,,"Đoạn đường từ cổng chào thôn Yên Kiện, Đông Cựu, Quyết Thượng đến An Sơn đường hỏng xuống cấp nặng nề, có nhiều hố to gây nguy hiểm khi tham gia giao thông",". Đoạn đường từ cổng chào thôn Yên Kiện, Đông Cựu, Quyết Thượng đến An Sơn đường hỏng xuống cấp nặng nề, có nhiều hố to gây nguy hiểm khi tham gia giao thông",https://congdanso.hanoi.gov.vn/phan-anh/duong-hong-271644,"Đoạn đường từ cổng chào thôn Yên Kiện, Đông Cựu, Quyết Thượng đến An Sơn đường hỏng xuống cấp nặng nề, có nhiều hố to gây nguy hiểm khi tham gia giao thông","Đoạn đường từ cổng chào thôn Yên Kiện, Đông Cựu, Quyết Thượng đến An Sơn đường hỏng xuống cấp nặng nề, có nhiều hố to gây nguy hiểm khi tham gia giao thông","Đoạn_đường từ cổng_chào thôn Yên_Kiện , Đông_Cựu , Quyết_Thượng_đến_An_Sơn_đường hỏng xuống_cấp nặng_nề , có nhiều hố to gây nguy_hiểm khi tham_gia giao_thông","đoạn_đường từ cổng_chào thôn yên_kiện , đông_cựu , quyết_thượng_đến_an_sơn_đường hỏng xuống_cấp nặng_nề , có nhiều hố to gây nguy_hiểm khi tham_gia giao_thông",False
272616,Ha Noi,congdanso_hanoi,3,,"Ô tô tải này đỗ cả tháng nay không di chuyển. Gây cản trở giao thông, mất vệ sinh. Nhân viên vệ sinh môi trường không quét dọn được.",". Ô tô tải này đỗ cả tháng nay không di chuyển. Gây cản trở giao thông, mất vệ sinh. Nhân viên vệ sinh môi trường không quét dọn được.",https://congdanso.hanoi.gov.vn/phan-anh/o-to-do-lau-ngay-gay-mat-ve-sinh-can-tro-giao-thong-272616,"Ô tô tải này đỗ cả tháng nay không di chuyển. Gây cản trở giao thông, mất vệ sinh. Nhân viên vệ sinh môi trường không quét dọn được.","Ô tô tải này đỗ cả tháng nay không di chuyển. Gây cản trở giao thông, mất vệ sinh. Nhân viên vệ sinh môi trường không quét dọn được.","Ô_tô tải này đỗ cả tháng nay không di_chuyển . Gây cản_trở giao_thông , mất vệ_sinh . Nhân_viên vệ_sinh môi_trường không quét_dọn được .","ô_tô tải này đỗ cả tháng nay không di_chuyển . gây cản_trở giao_thông , mất vệ_sinh . nhân_viên vệ_sinh môi_trường không quét_dọn được .",False
270860,Ha Noi,congdanso_hanoi,3,,"Xe 29a 104 b3, 29f 010 45 thường xuyên đỗ ngược chiều, đỗ nơi cấm đỗ xe giờ cao điểm, gây cản trở giao thông, mất an toàn cho người và phương tiện ở sau ubnd phường Thanh Xuân, giữa ngõ 9 và 11 Khuất Duy Tiến. Đề nghị xử lý vi phạm.",". Xe 29a 104 b3, 29f 010 45 thường xuyên đỗ ngược chiều, đỗ nơi cấm đỗ xe giờ cao điểm, gây cản trở giao thông, mất an toàn cho người và phương tiện ở sau ubnd phường Thanh Xuân, giữa ngõ 9 và 11 Khuất Duy Tiến. Đề nghị xử lý vi phạm.",https://congdanso.hanoi.gov.vn/phan-anh/do-xe-nguoc-chieu-trai-phep-gay-mat-an-toan-nguoi-di-bo-270860,"Xe 29a 104 b3, 29f 010 45 thường xuyên đỗ ngược chiều, đỗ nơi cấm đỗ xe giờ cao điểm, gây cản trở giao thông, mất an toàn cho người và phương tiện ở sau ubnd phường Thanh Xuân, giữa ngõ 9 và 11 Khuất Duy Tiến. Đề nghị xử lý vi phạm.","Xe 29a 104 b3, 29f 010 45 thường xuyên đỗ ngược chiều, đỗ nơi cấm đỗ xe giờ cao điểm, gây cản trở giao thông, mất an toàn cho người và phương tiện ở sau ubnd phường Thanh Xuân, giữa ngõ 9 và 11 Khuất Duy Tiến. Đề nghị xử lý vi phạm.","Xe 29a 104 b3 , 29f 010 45 thường_xuyên đỗ ngược chiều , đỗ nơi cấm đỗ xe giờ cao_điểm , gây cản_trở giao_thông , mất an_toàn cho người và phương_tiện ở sau ubnd phường Thanh_Xuân , giữa ngõ 9 và 11 Khuất_Duy_Tiến . Đề_nghị xử_lý vi_phạm .","xe 29a 104 b3 , 29f 010 45 thường_xuyên đỗ ngược chiều , đỗ nơi cấm đỗ xe giờ cao_điểm , gây cản_trở giao_thông , mất an_toàn cho người và phương_tiện ở sau ubnd phường thanh_xuân , giữa ngõ 9 và 11 khuất_duy_tiến . đề_nghị xử_lý vi_phạm .",False
271502,Ha Noi,congdanso_hanoi,3,,"Có biển cấm rồi ô tô vẫn đậu chiếm hết lối đi, có cả xe biển xanh. Đúng là coi thường Pháp luật quá . .",". Có biển cấm rồi ô tô vẫn đậu chiếm hết lối đi, có cả xe biển xanh. Đúng là coi thường Pháp luật quá . .",https://congdanso.hanoi.gov.vn/phan-anh/co-bien-cam-roi-o-to-van-dau-chiem-het-loi-di-co-ca-xe-bien-xanh-271502,"Có biển cấm rồi ô tô vẫn đậu chiếm hết lối đi, có cả xe biển xanh. Đúng là coi thường Pháp luật quá . .","Có biển cấm rồi ô tô vẫn đậu chiếm hết lối đi, có cả xe biển xanh. Đúng là coi thường Pháp luật quá. .","Có biển cấm rồi ô_tô vẫn đậu chiếm hết lối đi , có cả xe biển xanh . Đúng là coi_thường Pháp_luật quá . .","có biển cấm rồi ô_tô vẫn đậu chiếm hết lối đi , có cả xe biển xanh . đúng là coi_thường pháp_luật quá . .",False
272774,Ha Noi,congdanso_hanoi,4,,Chặn đường làm bãi đỗ xe oto không cho người đi xe qua.,. Chặn đường làm bãi đỗ xe oto không cho người đi xe qua.,https://congdanso.hanoi.gov.vn/phan-anh/chan-duong-di-272774,Chặn đường làm bãi đỗ xe oto không cho người đi xe qua.,Chặn đường làm bãi đỗ xe oto không cho người đi xe qua.,Chặn_đường làm bãi đỗ xe oto không cho người đi xe qua .,chặn_đường làm bãi đỗ xe oto không cho người đi xe qua .,False
268671,Ha Noi,congdanso_hanoi,4,,"Ngã 4 đường tây thăng long thường xảy ra tai nạn. Thuộc địa bàn phường Tây Tựu và Thượng Cát. Và đường các cháu đi học. Chưa có biển báo trẻ em qua đường. 2 bên đường có trường thcs và tiểu học minh khai, bên kia đường là tiểu học Bắc từ liêm. Mong UBND phường lắp đèn xanh đỏ để an toàn cho các cháu và người dân sang đường.",". Ngã 4 đường tây thăng long thường xảy ra tai nạn. Thuộc địa bàn phường Tây Tựu và Thượng Cát. Và đường các cháu đi học. Chưa có biển báo trẻ em qua đường. 2 bên đường có trường thcs và tiểu học minh khai, bên kia đường là tiểu học Bắc từ liêm. Mong UBND phường lắp đèn xanh đỏ để an toàn cho các cháu và người dân sang đường.",https://congdanso.hanoi.gov.vn/phan-anh/nga-4-duong-tay-thang-long--nga-4-khu-do-thi-avenua-gadern-giao-jade-lake-thuong-xay-ra-tai-nan-va-duong-cac-chau-di-hoc-mong-duoc-lap-den-xanh-do-268671,"Ngã 4 đường tây thăng long thường xảy ra tai nạn. Thuộc địa bàn phường Tây Tựu và Thượng Cát. Và đường các cháu đi học. Chưa có biển báo trẻ em qua đường. 2 bên đường có trường thcs và tiểu học minh khai, bên kia đường là tiểu học Bắc từ liêm. Mong UBND phường lắp đèn xanh đỏ để an toàn cho các cháu và người dân sang đường.","Ngã 4 đường tây thăng long thường xảy ra tai nạn. Thuộc địa bàn phường Tây Tựu và Thượng Cát. Và đường các cháu đi học. Chưa có biển báo trẻ em qua đường. 2 bên đường có trường thcs và tiểu học minh khai, bên kia đường là tiểu học Bắc từ liêm. Mong UBND phường lắp đèn xanh đỏ để an toàn cho các cháu và người dân sang đường.","Ngã 4 đường tây thăng long thường xảy ra tai_nạn . Thuộc_địa bàn phường Tây_Tựu và Thượng_Cát . Và_đường các cháu đi học . Chưa có biển_báo trẻ_em qua đường . 2 bên đường có trường thcs và tiểu_học minh khai , bên kia đường là tiểu_học Bắc từ liêm . Mong UBND phường lắp đèn_xanh đỏ_để an_toàn cho các cháu và người dân sang đường .","ngã 4 đường tây thăng long thường xảy ra tai_nạn . thuộc_địa bàn phường tây_tựu và thượng_cát . và_đường các cháu đi học . chưa có biển_báo trẻ_em qua đường . 2 bên đường có trường thcs và tiểu_học minh khai , bên kia đường là tiểu_học bắc từ liêm . mong ubnd phường lắp đèn_xanh đỏ_để an_toàn cho các cháu và người dân sang đường .",False
268733,Ha Noi,congdanso_hanoi,4,,"đường 70 trước chung cư Hateco Xuân Phương có 1 vòng xuyến lớn đường 70 đang đi có 3 làn đường, đến đoạn đường cong khuất tầm nhìn, vòng xuyến lấn ra 1 làn, đường bị bóp lại thành 2 làn đường khiến tài xế bị bất ngờ, chuyển làn dễ gây ra va chạm giao thông. Thực tế đã có va chạm khiến vòng xuyến bị méo mó. Mong cơ quan chức năng sắp xếp lại nút giao này hợp lý hơn để tránh những va chạm không đáng có. Xin cảm ơn",". đường 70 trước chung cư Hateco Xuân Phương có 1 vòng xuyến lớn đường 70 đang đi có 3 làn đường, đến đoạn đường cong khuất tầm nhìn, vòng xuyến lấn ra 1 làn, đường bị bóp lại thành 2 làn đường khiến tài xế bị bất ngờ, chuyển làn dễ gây ra va chạm giao thông. Thực tế đã có va chạm khiến vòng xuyến bị méo mó. Mong cơ quan chức năng sắp xếp lại nút giao này hợp lý hơn để tránh những va chạm không đáng có. Xin cảm ơn",https://congdanso.hanoi.gov.vn/phan-anh/vong-xuyen-rong-chiem-mat-1-lan-duong-khien-phuong-tien-di-chuyen-kho-khan-xay-ra-va-cham-268733,"đường 70 trước chung cư Hateco Xuân Phương có 1 vòng xuyến lớn đường 70 đang đi có 3 làn đường, đến đoạn đường cong khuất tầm nhìn, vòng xuyến lấn ra 1 làn, đường bị bóp lại thành 2 làn đường khiến tài xế bị bất ngờ, chuyển làn dễ gây ra va chạm giao thông. Thực tế đã có va chạm khiến vòng xuyến bị méo mó. Mong cơ quan chức năng sắp xếp lại nút giao này hợp lý hơn để tránh những va chạm không đáng có. Xin cảm ơn","đường 70 trước chung cư Hateco Xuân Phương có 1 vòng xuyến lớn đường 70 đang đi có 3 làn đường, đến đoạn đường cong khuất tầm nhìn, vòng xuyến lấn ra 1 làn, đường bị bóp lại thành 2 làn đường khiến tài xế bị bất ngờ, chuyển làn dễ gây ra va chạm giao thông. Thực tế đã có va chạm khiến vòng xuyến bị méo mó. Mong cơ quan chức năng sắp xếp lại nút giao này hợp lý hơn để tránh những va chạm không đáng có. Xin cảm ơn","đường 70 trước chung_cư Hateco_Xuân_Phương có 1 vòng xuyến lớn đường 70 đang_đi có 3 làn_đường , đến_đoạn_đường cong khuất tầm nhìn , vòng xuyến lấn ra 1 làn , đường bị bóp lại thành 2 làn_đường khiến tài_xế bị bất_ngờ , chuyển làn dễ gây ra va_chạm giao_thông . Thực_tế đã có va_chạm khiến vòng xuyến bị méo_mó . Mong cơ_quan_chức_năng sắp_xếp lại nút giao này hợp_lý hơn để tránh những va_chạm không đáng có . Xin cảm_ơn","đường 70 trước chung_cư hateco_xuân_phương có 1 vòng xuyến lớn đường 70 đang_đi có 3 làn_đường , đến_đoạn_đường cong khuất tầm nhìn , vòng xuyến lấn ra 1 làn , đường bị bóp lại thành 2 làn_đường khiến tài_xế bị bất_ngờ , chuyển làn dễ gây ra va_chạm giao_thông . thực_tế đã có va_chạm khiến vòng xuyến bị méo_mó . mong cơ_quan_chức_năng sắp_xếp lại nút giao này hợp_lý hơn để tránh những va_chạm không đáng có . xin cảm_ơn",False
268144,Ha Noi,congdanso_hanoi,4,,Tại sao lại cấm ô tô trong đường khu đô thị? Và nếu được cấm thì dựa trên văn bản pháp lý nào?,. Tại sao lại cấm ô tô trong đường khu đô thị? Và nếu được cấm thì dựa trên văn bản pháp lý nào?,https://congdanso.hanoi.gov.vn/phan-anh/bien-cam-xe-o-to-268144,Tại sao lại cấm ô tô trong đường khu đô thị? Và nếu được cấm thì dựa trên văn bản pháp lý nào?,Tại sao lại cấm ô tô trong đường khu đô thị Và nếu được cấm thì dựa trên văn bản pháp lý nào,Tại_sao lại cấm ô_tô trong đường khu đô_thị Và nếu được cấm thì dựa trên văn_bản pháp_lý nào,tại_sao lại cấm ô_tô trong đường khu đô_thị và nếu được cấm thì dựa trên văn_bản pháp_lý nào,False
271481,Ha Noi,congdanso_hanoi,4,,"Vi phạm trật tự đô thị, lấn chiếm vỉa hè là hành vi sử dụng trái phép hè phố, lòng đường vào mục đích cá nhân ( đỗ xe, đặt biển hiệu cọc tiêu), gây cản trở giao thông và mỹ quan đô thị. Kính mong lực lượng chức năng xử lý .",". Vi phạm trật tự đô thị, lấn chiếm vỉa hè là hành vi sử dụng trái phép hè phố, lòng đường vào mục đích cá nhân ( đỗ xe, đặt biển hiệu cọc tiêu), gây cản trở giao thông và mỹ quan đô thị. Kính mong lực lượng chức năng xử lý .",https://congdanso.hanoi.gov.vn/phan-anh/do-xe-may-trai-phep-truoc-so-nha-92-ha-yen-quyet-yen-hoa-ha-noi-271481,"Vi phạm trật tự đô thị, lấn chiếm vỉa hè là hành vi sử dụng trái phép hè phố, lòng đường vào mục đích cá nhân ( đỗ xe, đặt biển hiệu cọc tiêu), gây cản trở giao thông và mỹ quan đô thị. Kính mong lực lượng chức năng xử lý .","Vi phạm trật tự đô thị, lấn chiếm vỉa hè là hành vi sử dụng trái phép hè phố, lòng đường vào mục đích cá nhân ( đỗ xe, đặt biển hiệu cọc tiêu), gây cản trở giao thông và mỹ quan đô thị. Kính mong lực lượng chức năng xử lý.","Vi_phạm trật_tự đô_thị , lấn_chiếm vỉa_hè là hành_vi sử_dụng trái_phép hè phố , lòng_đường vào mục_đích cá_nhân ( đỗ xe , đặt biển_hiệu cọc tiêu ) , gây cản_trở giao_thông và mỹ_quan đô_thị . Kính mong lực_lượng chức_năng xử_lý .","vi_phạm trật_tự đô_thị , lấn_chiếm vỉa_hè là hành_vi sử_dụng trái_phép hè phố , lòng_đường vào mục_đích cá_nhân ( đỗ xe , đặt biển_hiệu cọc tiêu ) , gây cản_trở giao_thông và mỹ_quan đô_thị . kính mong lực_lượng chức_năng xử_lý .",False
269144,Ha Noi,congdanso_hanoi,4,,Đã phản ánh 1 lần đường phan đình giót hà đông liên tục gặp tình trạng tắc đường do ô tô 2 chiều tránh nhau khi đường quá hẹp dẫn đếm ùn tắc hàng ngày. Đề xuất cấm ô tô 1 chiều giờ cao điểm từ hường bia bà đi vào phan đình giót để dân đỡ khổ,. Đã phản ánh 1 lần đường phan đình giót hà đông liên tục gặp tình trạng tắc đường do ô tô 2 chiều tránh nhau khi đường quá hẹp dẫn đếm ùn tắc hàng ngày. Đề xuất cấm ô tô 1 chiều giờ cao điểm từ hường bia bà đi vào phan đình giót để dân đỡ khổ,https://congdanso.hanoi.gov.vn/phan-anh/tinh-trang-tac-duong-do-o-to-2-chieu-tranh-nhau-269144,Đã phản ánh 1 lần đường phan đình giót hà đông liên tục gặp tình trạng tắc đường do ô tô 2 chiều tránh nhau khi đường quá hẹp dẫn đếm ùn tắc hàng ngày. Đề xuất cấm ô tô 1 chiều giờ cao điểm từ hường bia bà đi vào phan đình giót để dân đỡ khổ,Đã phản ánh 1 lần đường phan đình giót hà đông liên tục gặp tình trạng tắc đường do ô tô 2 chiều tránh nhau khi đường quá hẹp dẫn đếm ùn tắc hàng ngày. Đề xuất cấm ô tô 1 chiều giờ cao điểm từ hường bia bà đi vào phan đình giót để dân đỡ khổ,Đã phản_ánh 1 lần đường phan đình giót hà đông liên_tục gặp tình_trạng tắc đường do ô_tô 2 chiều tránh nhau khi đường quá hẹp dẫn đếm_ùn tắc hàng ngày . Đề_xuất cấm ô_tô 1 chiều giờ cao_điểm từ hường bia bà đi vào phan đình giót để dân đỡ khổ,đã phản_ánh 1 lần đường phan đình giót hà đông liên_tục gặp tình_trạng tắc đường do ô_tô 2 chiều tránh nhau khi đường quá hẹp dẫn đếm_ùn tắc hàng ngày . đề_xuất cấm ô_tô 1 chiều giờ cao_điểm từ hường bia bà đi vào phan đình giót để dân đỡ khổ,False
270358,Ha Noi,congdanso_hanoi,4,,Xe ô tô đỗ dọc vỉa hè chung cư Hateco và tòa án Quận Đống đa (cũ) gây ảnh hưởng đến người đi bộ,. Xe ô tô đỗ dọc vỉa hè chung cư Hateco và tòa án Quận Đống đa (cũ) gây ảnh hưởng đến người đi bộ,https://congdanso.hanoi.gov.vn/phan-anh/xe-o-to-do-via-he-270358,Xe ô tô đỗ dọc vỉa hè chung cư Hateco và tòa án Quận Đống đa (cũ) gây ảnh hưởng đến người đi bộ,Xe ô tô đỗ dọc vỉa hè chung cư Hateco và tòa án Quận Đống đa (cũ) gây ảnh hưởng đến người đi bộ,Xe ô_tô đỗ dọc vỉa_hè chung_cư Hateco và tòa_án_Quận_Đống_đa ( cũ ) gây ảnh_hưởng đến người đi bộ,xe ô_tô đỗ dọc vỉa_hè chung_cư hateco và tòa_án_quận_đống_đa ( cũ ) gây ảnh_hưởng đến người đi bộ,False
270781,Ha Noi,congdanso_hanoi,4,,"Camera này không phải là camera theo dõi số lượng xe, mà là người dân lắp đặt lên để dùng camera đó theo dõi xe đi lại của người dân và dùng hình ảnh đó để xử phạt. Tôi đề nghị công an phường và các ban liên quan kiểm tra, tháo dỡ để người dân đỡ bức xúc. Phản ảnh lần 2.",". Camera này không phải là camera theo dõi số lượng xe, mà là người dân lắp đặt lên để dùng camera đó theo dõi xe đi lại của người dân và dùng hình ảnh đó để xử phạt. Tôi đề nghị công an phường và các ban liên quan kiểm tra, tháo dỡ để người dân đỡ bức xúc. Phản ảnh lần 2.",https://congdanso.hanoi.gov.vn/phan-anh/toi-da-phan-anh-nhung-ban-duy-tu-va-doi-den-cong-an-phuong-xac-nhan-sai-270781,"Camera này không phải là camera theo dõi số lượng xe, mà là người dân lắp đặt lên để dùng camera đó theo dõi xe đi lại của người dân và dùng hình ảnh đó để xử phạt. Tôi đề nghị công an phường và các ban liên quan kiểm tra, tháo dỡ để người dân đỡ bức xúc. Phản ảnh lần 2.","Camera này không phải là camera theo dõi số lượng xe, mà là người dân lắp đặt lên để dùng camera đó theo dõi xe đi lại của người dân và dùng hình ảnh đó để xử phạt. Tôi đề nghị công an phường và các ban liên quan kiểm tra, tháo dỡ để người dân đỡ bức xúc. Phản ảnh lần 2.","Camera này không phải là camera theo_dõi số_lượng xe , mà là người dân lắp_đặt lên để dùng camera đó theo_dõi xe đi_lại của người dân và dùng hình ảnh_đó_để xử_phạt . Tôi_đề nghị công_an phường và các ban liên_quan kiểm_tra , tháo_dỡ để người dân đỡ bức_xúc . Phản_ảnh lần 2 .","camera này không phải là camera theo_dõi số_lượng xe , mà là người dân lắp_đặt lên để dùng camera đó theo_dõi xe đi_lại của người dân và dùng hình ảnh_đó_để xử_phạt . tôi_đề nghị công_an phường và các ban liên_quan kiểm_tra , tháo_dỡ để người dân đỡ bức_xúc . phản_ảnh lần 2 .",False
270138,Ha Noi,congdanso_hanoi,4,,"ngã tư đường Vũ Trọng khánh giao cắt với đường trong khu đô thị làng việt kiều châu âu lượng xe tham gia giao thông rất lớn, các phương tiện đi rất nhanh nhưng ngã tư không có đèn giao thông, địa điểm này rất nguy hiểm và đã có rất nhiều vụ tai nạn ở đây vì không có đèn cảnh báo giao thông, các phương tiện mạnh ai nấy đi, người đi bộ sang đường cũng rất nguy hiểm. Đề nghị xem xét lắp đèn giao thông.",". ngã tư đường Vũ Trọng khánh giao cắt với đường trong khu đô thị làng việt kiều châu âu lượng xe tham gia giao thông rất lớn, các phương tiện đi rất nhanh nhưng ngã tư không có đèn giao thông, địa điểm này rất nguy hiểm và đã có rất nhiều vụ tai nạn ở đây vì không có đèn cảnh báo giao thông, các phương tiện mạnh ai nấy đi, người đi bộ sang đường cũng rất nguy hiểm. Đề nghị xem xét lắp đèn giao thông.",https://congdanso.hanoi.gov.vn/phan-anh/nga-tu-giao-cat-voi-duong-lon-khong-co-den-giao-thong-nguy-hiem-270138,"ngã tư đường Vũ Trọng khánh giao cắt với đường trong khu đô thị làng việt kiều châu âu lượng xe tham gia giao thông rất lớn, các phương tiện đi rất nhanh nhưng ngã tư không có đèn giao thông, địa điểm này rất nguy hiểm và đã có rất nhiều vụ tai nạn ở đây vì không có đèn cảnh báo giao thông, các phương tiện mạnh ai nấy đi, người đi bộ sang đường cũng rất nguy hiểm. Đề nghị xem xét lắp đèn giao thông.","ngã tư đường Vũ Trọng khánh giao cắt với đường trong khu đô thị làng việt kiều châu âu lượng xe tham gia giao thông rất lớn, các phương tiện đi rất nhanh nhưng ngã tư không có đèn giao thông, địa điểm này rất nguy hiểm và đã có rất nhiều vụ tai nạn ở đây vì không có đèn cảnh báo giao thông, các phương tiện mạnh ai nấy đi, người đi bộ sang đường cũng rất nguy hiểm. Đề nghị xem xét lắp đèn giao thông.","ngã tư đường Vũ_Trọng khánh giao_cắt với đường trong khu đô_thị làng việt_kiều châu âu lượng xe tham_gia giao_thông rất lớn , các phương_tiện đi rất nhanh nhưng ngã tư không có đèn giao_thông , địa_điểm này rất nguy_hiểm và đã có rất nhiều vụ tai_nạn ở đây vì không có đèn cảnh_báo giao_thông , các phương_tiện mạnh ai_nấy đi , người đi bộ sang đường cũng rất nguy_hiểm . Đề_nghị xem_xét lắp đèn giao_thông .","ngã tư đường vũ_trọng khánh giao_cắt với đường trong khu đô_thị làng việt_kiều châu âu lượng xe tham_gia giao_thông rất lớn , các phương_tiện đi rất nhanh nhưng ngã tư không có đèn giao_thông , địa_điểm này rất nguy_hiểm và đã có rất nhiều vụ tai_nạn ở đây vì không có đèn cảnh_báo giao_thông , các phương_tiện mạnh ai_nấy đi , người đi bộ sang đường cũng rất nguy_hiểm . đề_nghị xem_xét lắp đèn giao_thông .",False
270103,Ha Noi,congdanso_hanoi,4,,Đèn giao thông ngã tư này bị hỏng phần số đếm từ rất lâu rồi mà chưa ai sửa.,. Đèn giao thông ngã tư này bị hỏng phần số đếm từ rất lâu rồi mà chưa ai sửa.,https://congdanso.hanoi.gov.vn/phan-anh/den-270103,Đèn giao thông ngã tư này bị hỏng phần số đếm từ rất lâu rồi mà chưa ai sửa.,Đèn giao thông ngã tư này bị hỏng phần số đếm từ rất lâu rồi mà chưa ai sửa.,Đèn giao_thông ngã tư này bị hỏng phần số đếm từ rất lâu rồi mà chưa ai sửa .,đèn giao_thông ngã tư này bị hỏng phần số đếm từ rất lâu rồi mà chưa ai sửa .,False
270008,Ha Noi,congdanso_hanoi,5,,"Trên chiều đi từ Hà Nội tới Phú Thọ. Đèn giao thông bị lỗi đếm số trên giá, số hiển thị hiện tại đang đứng im. Điều này gây nguy hiểm khi tham gia giao thông trong khi đèn ở cột đường thì bị cây che khuất, đi tới gần mới thấy. Tôi đã phản ánh, đèn đã được sửa nhưng vẫn bị lỗi. Kính mong cơ quan có thẩm quyền xử lí triệt để.",". Trên chiều đi từ Hà Nội tới Phú Thọ. Đèn giao thông bị lỗi đếm số trên giá, số hiển thị hiện tại đang đứng im. Điều này gây nguy hiểm khi tham gia giao thông trong khi đèn ở cột đường thì bị cây che khuất, đi tới gần mới thấy. Tôi đã phản ánh, đèn đã được sửa nhưng vẫn bị lỗi. Kính mong cơ quan có thẩm quyền xử lí triệt để.",https://congdanso.hanoi.gov.vn/phan-anh/loi-tin-hieu-den-giao-thong-270008,"Trên chiều đi từ Hà Nội tới Phú Thọ. Đèn giao thông bị lỗi đếm số trên giá, số hiển thị hiện tại đang đứng im. Điều này gây nguy hiểm khi tham gia giao thông trong khi đèn ở cột đường thì bị cây che khuất, đi tới gần mới thấy. Tôi đã phản ánh, đèn đã được sửa nhưng vẫn bị lỗi. Kính mong cơ quan có thẩm quyền xử lí triệt để.","Trên chiều đi từ Hà Nội tới Phú Thọ. Đèn giao thông bị lỗi đếm số trên giá, số hiển thị hiện tại đang đứng im. Điều này gây nguy hiểm khi tham gia giao thông trong khi đèn ở cột đường thì bị cây che khuất, đi tới gần mới thấy. Tôi đã phản ánh, đèn đã được sửa nhưng vẫn bị lỗi. Kính mong cơ quan có thẩm quyền xử lí triệt để.","Trên chiều đi từ Hà_Nội tới Phú_Thọ . Đèn giao_thông bị lỗi đếm số trên giá , số hiển_thị hiện_tại đang_đứng im . Điều này gây nguy_hiểm khi tham_gia giao_thông trong khi đèn ở cột đường thì bị cây che_khuất , đi tới gần mới thấy . Tôi_đã phản_ánh , đèn_đã_được sửa nhưng vẫn bị lỗi . Kính mong cơ_quan có thẩm_quyền xử_lí triệt_để .","trên chiều đi từ hà_nội tới phú_thọ . đèn giao_thông bị lỗi đếm số trên giá , số hiển_thị hiện_tại đang_đứng im . điều này gây nguy_hiểm khi tham_gia giao_thông trong khi đèn ở cột đường thì bị cây che_khuất , đi tới gần mới thấy . tôi_đã phản_ánh , đèn_đã_được sửa nhưng vẫn bị lỗi . kính mong cơ_quan có thẩm_quyền xử_lí triệt_để .",False
270113,Ha Noi,congdanso_hanoi,5,,Đề nghị các cơ quan có thẩm quyền tìm hướng để khỏi ảnh hường đến người dân trong khu đô thị Nguyễn du nắng lên thì rất bụi !!!,. Đề nghị các cơ quan có thẩm quyền tìm hướng để khỏi ảnh hường đến người dân trong khu đô thị Nguyễn du nắng lên thì rất bụi !!!,https://congdanso.hanoi.gov.vn/phan-anh/cac-xe-cho-dat-cat-vao-cong-truong-thi-cong-roi-vai-rat-nhieu-ra-duong-trong-khu-do-thi-270113,Đề nghị các cơ quan có thẩm quyền tìm hướng để khỏi ảnh hường đến người dân trong khu đô thị Nguyễn du nắng lên thì rất bụi !!!,Đề nghị các cơ quan có thẩm quyền tìm hướng để khỏi ảnh hường đến người dân trong khu đô thị Nguyễn du nắng lên thì rất bụi,Đề_nghị các cơ_quan có thẩm_quyền tìm hướng để khỏi ảnh hường đến người dân trong khu đô_thị Nguyễn_du nắng lên thì rất bụi,đề_nghị các cơ_quan có thẩm_quyền tìm hướng để khỏi ảnh hường đến người dân trong khu đô_thị nguyễn_du nắng lên thì rất bụi,False
274377,Ha Noi,congdanso_hanoi,5,,"Tại xóm đồng bông gần cửa hàng nội thất lý thanh, nguyên vật liệu xây dựng mương để tràn ra lòng đường. Buổi tối nếu gặp xe ô tô chiều đèn thì rất nguy hiểm",". Tại xóm đồng bông gần cửa hàng nội thất lý thanh, nguyên vật liệu xây dựng mương để tràn ra lòng đường. Buổi tối nếu gặp xe ô tô chiều đèn thì rất nguy hiểm",https://congdanso.hanoi.gov.vn/phan-anh/nguyen-vat-lieu-xay-dung-de-tran-ra-duoi-long-duong-274377,"Tại xóm đồng bông gần cửa hàng nội thất lý thanh, nguyên vật liệu xây dựng mương để tràn ra lòng đường. Buổi tối nếu gặp xe ô tô chiều đèn thì rất nguy hiểm","Tại xóm đồng bông gần cửa hàng nội thất lý thanh, nguyên vật liệu xây dựng mương để tràn ra lòng đường. Buổi tối nếu gặp xe ô tô chiều đèn thì rất nguy hiểm","Tại xóm đồng bông gần cửa_hàng nội_thất lý thanh , nguyên vật_liệu xây_dựng mương để tràn ra lòng_đường . Buổi tối nếu gặp xe ô_tô chiều đèn thì rất nguy_hiểm","tại xóm đồng bông gần cửa_hàng nội_thất lý thanh , nguyên vật_liệu xây_dựng mương để tràn ra lòng_đường . buổi tối nếu gặp xe ô_tô chiều đèn thì rất nguy_hiểm",False
271996,Ha Noi,congdanso_hanoi,5,,Ô tô lấn chiếm vỉa hè chắn lối đi bộ của người đi đường đề nghị công an thành phố Hn xử lý,. Ô tô lấn chiếm vỉa hè chắn lối đi bộ của người đi đường đề nghị công an thành phố Hn xử lý,https://congdanso.hanoi.gov.vn/phan-anh/phan-anh-tai-pho-phao-dai-lang-cat-huynh-thuc-khang-keo-dai-271996,Ô tô lấn chiếm vỉa hè chắn lối đi bộ của người đi đường đề nghị công an thành phố Hn xử lý,Ô tô lấn chiếm vỉa hè chắn lối đi bộ của người đi đường đề nghị công an thành phố Hn xử lý,Ô_tô lấn_chiếm vỉa_hè chắn lối đi bộ của người đi_đường_đề nghị công_an thành_phố Hn xử_lý,ô_tô lấn_chiếm vỉa_hè chắn lối đi bộ của người đi_đường_đề nghị công_an thành_phố hn xử_lý,False
267987,Ha Noi,congdanso_hanoi,5,,Hàng ngày nước thải vẫn dâng ngập đường làm ảnh hưởng việc đi lại của người dân và mất vệ sinh đường phố. Sự việc này diễn ra đã quá lâu và không được xử lý!,. Hàng ngày nước thải vẫn dâng ngập đường làm ảnh hưởng việc đi lại của người dân và mất vệ sinh đường phố. Sự việc này diễn ra đã quá lâu và không được xử lý!,https://congdanso.hanoi.gov.vn/phan-anh/phan-anh-lan-4-lut-tu-nga-3-duong-pho-267987,Hàng ngày nước thải vẫn dâng ngập đường làm ảnh hưởng việc đi lại của người dân và mất vệ sinh đường phố. Sự việc này diễn ra đã quá lâu và không được xử lý!,Hàng ngày nước thải vẫn dâng ngập đường làm ảnh hưởng việc đi lại của người dân và mất vệ sinh đường phố. Sự việc này diễn ra đã quá lâu và không được xử lý,Hàng ngày nước_thải vẫn dâng ngập đường làm ảnh_hưởng việc đi_lại của người dân và mất vệ_sinh đường_phố . Sự_việc này diễn ra đã quá lâu và không được xử_lý,hàng ngày nước_thải vẫn dâng ngập đường làm ảnh_hưởng việc đi_lại của người dân và mất vệ_sinh đường_phố . sự_việc này diễn ra đã quá lâu và không được xử_lý,False
273450,Ha Noi,congdanso_hanoi,5,,"Chúng tôi là tập thể các hộ dân sinh sống, sử dụng đất hợp pháp tại khu vực 2 xã Đại Xuyên và Chuyên Mỹ, Thành phố Hà Nội và cũng là những người nằm trong khu vực chịu ảnh hưởng của quy hoạch Quốc lộ 1A mới mở rộng. Trước hết chúng tôi hoàn toàn ủng hộ chủ trương của Đảng và Nhà nước trong việc đầu tư nâng cấp hệ thống hạ tầng giao thông nhằm thúc đẩy phát triển kinh tế xã hội, nâng cao khả năng kết nối và rút ngắn thời gian đi lại và cải thiện đời sống nhân dân. Ngày hôm nay, 27/04/2026, chúng tôi thấy bên phía Tập đoàn Vingroup – Công ty CP đã cho người đi cắm mốc tại khu vực chúng tôi sinh sống. Qua tìm hiểu, kết hợp với quy hoạch chi tiết tỷ lệ 1/500 của Dự án mở rộng quốc lộ 1A, chúng tôi nắm được bản đồ cắm mốc như file đính kèm theo đơn này. Cụ thể, Đoạn từ Ga Phú Xuyên về đến đường Truyền Thống vẫn lấy tiệm cận chỉ giới đường đỏ theo quy hoạch cũ được UBND Thành phố phê duyệt năm 2011 (Khu vực huyện Phú Xuyên cũ có chỉ giới đường đỏ được tính từ lan can đường sắt vào 34m và Chúng tôi hoàn toàn ủng hộ đoạn tuyến này). Nhưng bắt đầu từ đầu làng Ứng Hòa, hướng tuyến đã cố tình được bẻ cong và không lấy vào phần đất hành lang nữa mà lấy từ mép đường hiện trạng sang hoàn toàn bên phía Tây đường sắt. Vậy câu hỏi chúng tôi đặt ra ở đây là: Lý do nào khiến con đường đang bám vào hành lang cũ lại cố tình lái hướng tuyến ra ngoài để con đường bị cong hơn và tránh hành lang như thế? Phải chăng việc cố tình lái hướng tuyến tránh hành lang này để NÉ qua nhà SẾP nào đó hay có lợi ích nhóm gì trong việc này? Chúng tôi là những người dân đã sinh sống trên mảnh đất này bao đời nay, cũng nắm được việc trên toàn tuyến có những hộ đất được cấp/giao nằm trong hành lang khoảng 4-5m, (nghĩa là tính từ lan can đường sắt vào khoảng 29-30m sẽ đến phần đất sổ đỏ của một số ít hộ nêu trên) nếu vậy, để tránh việc đền bù, tại sao không thu hồi tiệm cận đến phần đất này mà giờ để phần đất hành lang còn lại đó trong sự nhếch nhách cho các hộ dân phía bên đó làm lán trại tạm?",". Chúng tôi là tập thể các hộ dân sinh sống, sử dụng đất hợp pháp tại khu vực 2 xã Đại Xuyên và Chuyên Mỹ, Thành phố Hà Nội và cũng là những người nằm trong khu vực chịu ảnh hưởng của quy hoạch Quốc lộ 1A mới mở rộng. Trước hết chúng tôi hoàn toàn ủng hộ chủ trương của Đảng và Nhà nước trong việc đầu tư nâng cấp hệ thống hạ tầng giao thông nhằm thúc đẩy phát triển kinh tế xã hội, nâng cao khả năng kết nối và rút ngắn thời gian đi lại và cải thiện đời sống nhân dân. Ngày hôm nay, 27/04/2026, chúng tôi thấy bên phía Tập đoàn Vingroup – Công ty CP đã cho người đi cắm mốc tại khu vực chúng tôi sinh sống. Qua tìm hiểu, kết hợp với quy hoạch chi tiết tỷ lệ 1/500 của Dự án mở rộng quốc lộ 1A, chúng tôi nắm được bản đồ cắm mốc như file đính kèm theo đơn này. Cụ thể, Đoạn từ Ga Phú Xuyên về đến đường Truyền Thống vẫn lấy tiệm cận chỉ giới đường đỏ theo quy hoạch cũ được UBND Thành phố phê duyệt năm 2011 (Khu vực huyện Phú Xuyên cũ có chỉ giới đường đỏ được tính từ lan can đường sắt vào 34m và Chúng tôi hoàn toàn ủng hộ đoạn tuyến này). Nhưng bắt đầu từ đầu làng Ứng Hòa, hướng tuyến đã cố tình được bẻ cong và không lấy vào phần đất hành lang nữa mà lấy từ mép đường hiện trạng sang hoàn toàn bên phía Tây đường sắt. Vậy câu hỏi chúng tôi đặt ra ở đây là: Lý do nào khiến con đường đang bám vào hành lang cũ lại cố tình lái hướng tuyến ra ngoài để con đường bị cong hơn và tránh hành lang như thế? Phải chăng việc cố tình lái hướng tuyến tránh hành lang này để NÉ qua nhà SẾP nào đó hay có lợi ích nhóm gì trong việc này? Chúng tôi là những người dân đã sinh sống trên mảnh đất này bao đời nay, cũng nắm được việc trên toàn tuyến có những hộ đất được cấp/giao nằm trong hành lang khoảng 4-5m, (nghĩa là tính từ lan can đường sắt vào khoảng 29-30m sẽ đến phần đất sổ đỏ của một số ít hộ nêu trên) nếu vậy, để tránh việc đền bù, tại sao không thu hồi tiệm cận đến phần đất này mà giờ để phần đất hành lang còn lại đó trong sự nhếch nhách cho các hộ dân phía bên đó làm lán trại tạm?",https://congdanso.hanoi.gov.vn/phan-anh/kien-nghi-ve-viec-thay-doi-huong-tuyen-ql1a-so-voi-qd-1878-ngay-13042026-273450,"Chúng tôi là tập thể các hộ dân sinh sống, sử dụng đất hợp pháp tại khu vực 2 xã Đại Xuyên và Chuyên Mỹ, Thành phố Hà Nội và cũng là những người nằm trong khu vực chịu ảnh hưởng của quy hoạch Quốc lộ 1A mới mở rộng. Trước hết chúng tôi hoàn toàn ủng hộ chủ trương của Đảng và Nhà nước trong việc đầu tư nâng cấp hệ thống hạ tầng giao thông nhằm thúc đẩy phát triển kinh tế xã hội, nâng cao khả năng kết nối và rút ngắn thời gian đi lại và cải thiện đời sống nhân dân. Ngày hôm nay, 27/04/2026, chúng tôi thấy bên phía Tập đoàn Vingroup – Công ty CP đã cho người đi cắm mốc tại khu vực chúng tôi sinh sống. Qua tìm hiểu, kết hợp với quy hoạch chi tiết tỷ lệ 1/500 của Dự án mở rộng quốc lộ 1A, chúng tôi nắm được bản đồ cắm mốc như file đính kèm theo đơn này. Cụ thể, Đoạn từ Ga Phú Xuyên về đến đường Truyền Thống vẫn lấy tiệm cận chỉ giới đường đỏ theo quy hoạch cũ được UBND Thành phố phê duyệt năm 2011 (Khu vực huyện Phú Xuyên cũ có chỉ giới đường đỏ được tính từ lan can đường sắt vào 34m và Chúng tôi hoàn toàn ủng hộ đoạn tuyến này). Nhưng bắt đầu từ đầu làng Ứng Hòa, hướng tuyến đã cố tình được bẻ cong và không lấy vào phần đất hành lang nữa mà lấy từ mép đường hiện trạng sang hoàn toàn bên phía Tây đường sắt. Vậy câu hỏi chúng tôi đặt ra ở đây là: Lý do nào khiến con đường đang bám vào hành lang cũ lại cố tình lái hướng tuyến ra ngoài để con đường bị cong hơn và tránh hành lang như thế? Phải chăng việc cố tình lái hướng tuyến tránh hành lang này để NÉ qua nhà SẾP nào đó hay có lợi ích nhóm gì trong việc này? Chúng tôi là những người dân đã sinh sống trên mảnh đất này bao đời nay, cũng nắm được việc trên toàn tuyến có những hộ đất được cấp/giao nằm trong hành lang khoảng 4-5m, (nghĩa là tính từ lan can đường sắt vào khoảng 29-30m sẽ đến phần đất sổ đỏ của một số ít hộ nêu trên) nếu vậy, để tránh việc đền bù, tại sao không thu hồi tiệm cận đến phần đất này mà giờ để phần đất hành lang còn lại đó trong sự nhếch nhách cho các hộ dân phía bên đó làm lán trại tạm?","Chúng tôi là tập thể các hộ dân sinh sống, sử dụng đất hợp pháp tại khu vực 2 xã Đại Xuyên và Chuyên Mỹ, Thành phố Hà Nội và cũng là những người nằm trong khu vực chịu ảnh hưởng của quy hoạch Quốc lộ 1A mới mở rộng. Trước hết chúng tôi hoàn toàn ủng hộ chủ trương của Đảng và Nhà nước trong việc đầu tư nâng cấp hệ thống hạ tầng giao thông nhằm thúc đẩy phát triển kinh tế xã hội, nâng cao khả năng kết nối và rút ngắn thời gian đi lại và cải thiện đời sống nhân dân. Ngày hôm nay, 27/04/2026, chúng tôi thấy bên phía Tập đoàn Vingroup Công ty CP đã cho người đi cắm mốc tại khu vực chúng tôi sinh sống. Qua tìm hiểu, kết hợp với quy hoạch chi tiết tỷ lệ 1/500 của Dự án mở rộng quốc lộ 1A, chúng tôi nắm được bản đồ cắm mốc như file đính kèm theo đơn này. Cụ thể, Đoạn từ Ga Phú Xuyên về đến đường Truyền Thống vẫn lấy tiệm cận chỉ giới đường đỏ theo quy hoạch cũ được UBND Thành phố phê duyệt năm 2011 (Khu vực huyện Phú Xuyên cũ có chỉ giới đường đỏ được tính từ lan can đường sắt vào 34m và Chúng tôi hoàn toàn ủng hộ đoạn tuyến này). Nhưng bắt đầu từ đầu làng Ứng Hòa, hướng tuyến đã cố tình được bẻ cong và không lấy vào phần đất hành lang nữa mà lấy từ mép đường hiện trạng sang hoàn toàn bên phía Tây đường sắt. Vậy câu hỏi chúng tôi đặt ra ở đây là: Lý do nào khiến con đường đang bám vào hành lang cũ lại cố tình lái hướng tuyến ra ngoài để con đường bị cong hơn và tránh hành lang như thế Phải chăng việc cố tình lái hướng tuyến tránh hành lang này để NÉ qua nhà SẾP nào đó hay có lợi ích nhóm gì trong việc này Chúng tôi là những người dân đã sinh sống trên mảnh đất này bao đời nay, cũng nắm được việc trên toàn tuyến có những hộ đất được cấp/giao nằm trong hành lang khoảng 4-5m, (nghĩa là tính từ lan can đường sắt vào khoảng 29-30m sẽ đến phần đất sổ đỏ của một số ít hộ nêu trên) nếu vậy, để tránh việc đền bù, tại sao không thu hồi tiệm cận đến phần đất này mà giờ để phần đất hành lang còn lại đó trong sự nhếch nhách cho các hộ dân phía bên đó làm lán trại tạm","Chúng_tôi là tập_thể các hộ dân_sinh_sống , sử_dụng đất hợp_pháp tại khu_vực 2 xã Đại_Xuyên và Chuyên_Mỹ , Thành_phố Hà_Nội và cũng là những người nằm trong khu_vực chịu ảnh_hưởng của quy_hoạch Quốc_lộ 1A mới mở_rộng . Trước_hết chúng_tôi hoàn_toàn ủng_hộ chủ_trương của Đảng và Nhà_nước trong việc đầu_tư nâng_cấp hệ_thống hạ_tầng giao_thông nhằm thúc_đẩy phát_triển kinh_tế xã_hội , nâng cao khả_năng kết_nối và rút ngắn thời_gian đi_lại và cải_thiện đời_sống nhân_dân . Ngày hôm_nay , 27 / 04 / 2026 , chúng_tôi thấy bên phía Tập_đoàn_Vingroup_Công ty CP đã cho người đi cắm mốc tại khu_vực chúng_tôi sinh_sống . Qua tìm_hiểu , kết_hợp với quy_hoạch chi_tiết tỷ_lệ 1 / 500 của Dự_án mở_rộng quốc_lộ 1A , chúng_tôi nắm được bản_đồ cắm mốc như file đính kèm theo đơn này . Cụ_thể , Đoạn từ Ga_Phú_Xuyên về đến_đường Truyền_Thống vẫn lấy tiệm cận chỉ_giới đường_đỏ theo quy_hoạch cũ được UBND Thành_phố phê_duyệt năm 2011 ( Khu_vực huyện Phú_Xuyên cũ có chỉ_giới đường đỏ_được tính từ lan_can đường_sắt vào 34m và Chúng_tôi hoàn_toàn ủng_hộ đoạn tuyến này ) . Nhưng bắt_đầu_từ đầu làng Ứng_Hòa , hướng tuyến đã cố_tình được bẻ cong và không lấy vào phần đất hành_lang nữa mà lấy từ mép đường hiện_trạng sang hoàn_toàn bên phía Tây_đường sắt . Vậy câu hỏi chúng_tôi đặt ra ở đây là : Lý_do nào khiến con đường_đang bám vào hành_lang cũ lại cố_tình lái hướng tuyến ra ngoài để con đường bị cong hơn và tránh hành_lang như thế Phải_chăng việc cố_tình lái hướng tuyến tránh hành_lang này để NÉ qua nhà SẾP nào đó hay có lợi_ích nhóm gì trong việc này Chúng_tôi là những người dân đã sinh_sống trên mảnh đất này bao đời nay , cũng nắm được_việc trên toàn tuyến có những hộ đất_được cấp / giao nằm trong hành_lang khoảng 4 - 5m , ( nghĩa_là tính từ lan_can đường_sắt vào_khoảng 29 - 30m sẽ đến phần đất sổ_đỏ của một_số_ít hộ nêu trên ) nếu vậy , để tránh việc đền_bù , tại_sao không thu_hồi tiệm cận đến phần đất này mà giờ để_phần đất hành_lang còn lại đó trong sự nhếch nhách cho các hộ dân phía bên đó làm lán_trại tạm","chúng_tôi là tập_thể các hộ dân_sinh_sống , sử_dụng đất hợp_pháp tại khu_vực 2 xã đại_xuyên và chuyên_mỹ , thành_phố hà_nội và cũng là những người nằm trong khu_vực chịu ảnh_hưởng của quy_hoạch quốc_lộ 1a mới mở_rộng . trước_hết chúng_tôi hoàn_toàn ủng_hộ chủ_trương của đảng và nhà_nước trong việc đầu_tư nâng_cấp hệ_thống hạ_tầng giao_thông nhằm thúc_đẩy phát_triển kinh_tế xã_hội , nâng cao khả_năng kết_nối và rút ngắn thời_gian đi_lại và cải_thiện đời_sống nhân_dân . ngày hôm_nay , 27 / 04 / 2026 , chúng_tôi thấy bên phía tập_đoàn_vingroup_công ty cp đã cho người đi cắm mốc tại khu_vực chúng_tôi sinh_sống . qua tìm_hiểu , kết_hợp với quy_hoạch chi_tiết tỷ_lệ 1 / 500 của dự_án mở_rộng quốc_lộ 1a , chúng_tôi nắm được bản_đồ cắm mốc như file đính kèm theo đơn này . cụ_thể , đoạn từ ga_phú_xuyên về đến_đường truyền_thống vẫn lấy tiệm cận chỉ_giới đường_đỏ theo quy_hoạch cũ được ubnd thành_phố phê_duyệt năm 2011 ( khu_vực huyện phú_xuyên cũ có chỉ_giới đường đỏ_được tính từ lan_can đường_sắt vào 34m và chúng_tôi hoàn_toàn ủng_hộ đoạn tuyến này ) . nhưng bắt_đầu_từ đầu làng ứng_hòa , hướng tuyến đã cố_tình được bẻ cong và không lấy vào phần đất hành_lang nữa mà lấy từ mép đường hiện_trạng sang hoàn_toàn bên phía tây_đường sắt . vậy câu hỏi chúng_tôi đặt ra ở đây là : lý_do nào khiến con đường_đang bám vào hành_lang cũ lại cố_tình lái hướng tuyến ra ngoài để con đường bị cong hơn và tránh hành_lang như thế phải_chăng việc cố_tình lái hướng tuyến tránh hành_lang này để né qua nhà sếp nào đó hay có lợi_ích nhóm gì trong việc này chúng_tôi là những người dân đã sinh_sống trên mảnh đất này bao đời nay , cũng nắm được_việc trên toàn tuyến có những hộ đất_được cấp / giao nằm trong hành_lang khoảng 4 - 5m , ( nghĩa_là tính từ lan_can đường_sắt vào_khoảng 29 - 30m sẽ đến phần đất sổ_đỏ của một_số_ít hộ nêu trên ) nếu vậy , để tránh việc đền_bù , tại_sao không thu_hồi tiệm cận đến phần đất này mà giờ để_phần đất hành_lang còn lại đó trong sự nhếch nhách cho các hộ dân phía bên đó làm lán_trại tạm",False
264933,Ha Noi,congdanso_hanoi,5,,"Hiện tại tình trạng ô tô lớn ra vào lên xuống hàng tại kho hàng Vietell suốt ngày đêm gây mất trật tự an toàn giao thông,gây nguy hiểm cho khu dân cư.Đặc biệt là trẻ em học tập tại 3 trường trên địa bàn!Vấn đề phòng cháy chữa cháy cũng không đảm bảo an toàn!Buổi tối bà con đi tập thể dục,trẻ em cũng mất chỗ vui chơi vì xe ô tô lớn ra vào liên tục vừa ô nhiễm vừa nguy hiểm!Chúng tôi đã có kiến nghị nhưng không được sử lý triệt để!Nay chúng tôi đề nghị cho đóng cửa kho,chuyển ra khỏi khu dân cư!Nếu không sử lý dứt điểm chúng tôi sẽ làm đơn gửi lên cấp cao hơn!",". Hiện tại tình trạng ô tô lớn ra vào lên xuống hàng tại kho hàng Vietell suốt ngày đêm gây mất trật tự an toàn giao thông,gây nguy hiểm cho khu dân cư.Đặc biệt là trẻ em học tập tại 3 trường trên địa bàn!Vấn đề phòng cháy chữa cháy cũng không đảm bảo an toàn!Buổi tối bà con đi tập thể dục,trẻ em cũng mất chỗ vui chơi vì xe ô tô lớn ra vào liên tục vừa ô nhiễm vừa nguy hiểm!Chúng tôi đã có kiến nghị nhưng không được sử lý triệt để!Nay chúng tôi đề nghị cho đóng cửa kho,chuyển ra khỏi khu dân cư!Nếu không sử lý dứt điểm chúng tôi sẽ làm đơn gửi lên cấp cao hơn!",https://congdanso.hanoi.gov.vn/phan-anh/mat-an-toan-giao-thongphong-chay-chua-chaytieng-on-o-to-ra-vaoo-nhiem-khong-khi-264933,"Hiện tại tình trạng ô tô lớn ra vào lên xuống hàng tại kho hàng Vietell suốt ngày đêm gây mất trật tự an toàn giao thông,gây nguy hiểm cho khu dân cư.Đặc biệt là trẻ em học tập tại 3 trường trên địa bàn!Vấn đề phòng cháy chữa cháy cũng không đảm bảo an toàn!Buổi tối bà con đi tập thể dục,trẻ em cũng mất chỗ vui chơi vì xe ô tô lớn ra vào liên tục vừa ô nhiễm vừa nguy hiểm!Chúng tôi đã có kiến nghị nhưng không được sử lý triệt để!Nay chúng tôi đề nghị cho đóng cửa kho,chuyển ra khỏi khu dân cư!Nếu không sử lý dứt điểm chúng tôi sẽ làm đơn gửi lên cấp cao hơn!","Hiện tại tình trạng ô tô lớn ra vào lên xuống hàng tại kho hàng Vietell suốt ngày đêm gây mất trật tự an toàn giao thông, gây nguy hiểm cho khu dân cư. Đặc biệt là trẻ em học tập tại 3 trường trên địa bàn Vấn đề phòng cháy chữa cháy cũng không đảm bảo an toàn Buổi tối bà con đi tập thể dục, trẻ em cũng mất chỗ vui chơi vì xe ô tô lớn ra vào liên tục vừa ô nhiễm vừa nguy hiểm Chúng tôi đã có kiến nghị nhưng không được sử lý triệt để Nay chúng tôi đề nghị cho đóng cửa kho, chuyển ra khỏi khu dân cư Nếu không sử lý dứt điểm chúng tôi sẽ làm đơn gửi lên cấp cao hơn","Hiện_tại tình_trạng ô_tô lớn ra vào lên xuống hàng tại kho hàng Vietell suốt ngày_đêm gây mất trật_tự an_toàn giao_thông , gây nguy_hiểm cho khu dân_cư . Đặc_biệt là trẻ_em học_tập tại 3 trường trên địa_bàn Vấn_đề phòng cháy chữa_cháy cũng không đảm_bảo_an_toàn Buổi tối bà_con đi tập_thể_dục , trẻ_em cũng mất chỗ vui_chơi vì xe ô_tô lớn ra vào liên_tục vừa ô_nhiễm vừa nguy_hiểm Chúng_tôi đã có kiến_nghị nhưng không được sử lý triệt để_Nay chúng_tôi đề_nghị cho đóng_cửa kho , chuyển ra khỏi khu dân_cư Nếu không sử lý dứt_điểm chúng_tôi sẽ làm đơn gửi lên cấp cao hơn","hiện_tại tình_trạng ô_tô lớn ra vào lên xuống hàng tại kho hàng vietell suốt ngày_đêm gây mất trật_tự an_toàn giao_thông , gây nguy_hiểm cho khu dân_cư . đặc_biệt là trẻ_em học_tập tại 3 trường trên địa_bàn vấn_đề phòng cháy chữa_cháy cũng không đảm_bảo_an_toàn buổi tối bà_con đi tập_thể_dục , trẻ_em cũng mất chỗ vui_chơi vì xe ô_tô lớn ra vào liên_tục vừa ô_nhiễm vừa nguy_hiểm chúng_tôi đã có kiến_nghị nhưng không được sử lý triệt để_nay chúng_tôi đề_nghị cho đóng_cửa kho , chuyển ra khỏi khu dân_cư nếu không sử lý dứt_điểm chúng_tôi sẽ làm đơn gửi lên cấp cao hơn",False
267856,Ha Noi,congdanso_hanoi,5,,14h08 ngày 4/4/2026 Xe 30L 05099 vượt phải và chén ép xe,. 14h08 ngày 4/4/2026 Xe 30L 05099 vượt phải và chén ép xe,https://congdanso.hanoi.gov.vn/phan-anh/vuot-phai-va-co-dau-hieu-chen-ep-xe-267856,14h08 ngày 4/4/2026 Xe 30L 05099 vượt phải và chén ép xe,14h08 ngày 4/4/2026 Xe 30L 05099 vượt phải và chén ép xe,14h08 ngày 4 / 4 / 2026 Xe 30L 05099 vượt phải và chén ép xe,14h08 ngày 4 / 4 / 2026 xe 30l 05099 vượt phải và chén ép xe,False
269139,Ha Noi,congdanso_hanoi,5,,"Cổng trường Tiểu học Gia Quất đang tồn tại nhiều năm việc đỗ xe, gây ách tắc, cản trở giao thông mỗi khi Phụ huynh đưa đón học sinh và học sinh; đặc biệt góc rẽ vào trường thường xuyên xe đỗ 24/24. Kiến nghị cơ quan trức năng vào cuộc để giải quyết triệt để hiện trạng này.",". Cổng trường Tiểu học Gia Quất đang tồn tại nhiều năm việc đỗ xe, gây ách tắc, cản trở giao thông mỗi khi Phụ huynh đưa đón học sinh và học sinh; đặc biệt góc rẽ vào trường thường xuyên xe đỗ 24/24. Kiến nghị cơ quan trức năng vào cuộc để giải quyết triệt để hiện trạng này.",https://congdanso.hanoi.gov.vn/phan-anh/atgt-van-minh-do-thi-269139,"Cổng trường Tiểu học Gia Quất đang tồn tại nhiều năm việc đỗ xe, gây ách tắc, cản trở giao thông mỗi khi Phụ huynh đưa đón học sinh và học sinh; đặc biệt góc rẽ vào trường thường xuyên xe đỗ 24/24. Kiến nghị cơ quan trức năng vào cuộc để giải quyết triệt để hiện trạng này.","Cổng trường Tiểu học Gia Quất đang tồn tại nhiều năm việc đỗ xe, gây ách tắc, cản trở giao thông mỗi khi Phụ huynh đưa đón học sinh và học sinh; đặc biệt góc rẽ vào trường thường xuyên xe đỗ 24/24. Kiến nghị cơ quan trức năng vào cuộc để giải quyết triệt để hiện trạng này.","Cổng trường Tiểu_học Gia_Quất_đang tồn_tại nhiều năm việc đỗ xe , gây ách_tắc , cản_trở giao_thông mỗi khi Phụ_huynh đưa_đón học_sinh và học_sinh ; đặc_biệt góc rẽ vào trường thường_xuyên xe đỗ 24 / 24 . Kiến_nghị cơ_quan trức năng vào_cuộc để giải_quyết triệt_để hiện_trạng này .","cổng trường tiểu_học gia_quất_đang tồn_tại nhiều năm việc đỗ xe , gây ách_tắc , cản_trở giao_thông mỗi khi phụ_huynh đưa_đón học_sinh và học_sinh ; đặc_biệt góc rẽ vào trường thường_xuyên xe đỗ 24 / 24 . kiến_nghị cơ_quan trức năng vào_cuộc để giải_quyết triệt_để hiện_trạng này .",False
133366,Ha Noi,congdanso_hanoi,5,,Từ cầu vượt Vân trì hướng đi về thị trấn Đông Anh người dân phá bỏ rào cản tạo lối đi tự phát từ lối cổng ra công ty bê tông Hà Thanh gây nguy hiểm khi tham gia giao thông đặc biệt khi trời tối.,. Từ cầu vượt Vân trì hướng đi về thị trấn Đông Anh người dân phá bỏ rào cản tạo lối đi tự phát từ lối cổng ra công ty bê tông Hà Thanh gây nguy hiểm khi tham gia giao thông đặc biệt khi trời tối.,https://congdanso.hanoi.gov.vn/phan-anh/loi-di-tu-phat-gay-nguy-hiem-133366,Từ cầu vượt Vân trì hướng đi về thị trấn Đông Anh người dân phá bỏ rào cản tạo lối đi tự phát từ lối cổng ra công ty bê tông Hà Thanh gây nguy hiểm khi tham gia giao thông đặc biệt khi trời tối.,Từ cầu vượt Vân trì hướng đi về thị trấn Đông Anh người dân phá bỏ rào cản tạo lối đi tự phát từ lối cổng ra công ty bê tông Hà Thanh gây nguy hiểm khi tham gia giao thông đặc biệt khi trời tối.,Từ cầu_vượt Vân trì hướng đi về thị_trấn Đông_Anh người dân phá_bỏ rào_cản tạo lối đi tự_phát từ lối cổng ra_công_ty bê_tông Hà_Thanh gây nguy_hiểm khi tham_gia giao_thông đặc_biệt khi trời tối .,từ cầu_vượt vân trì hướng đi về thị_trấn đông_anh người dân phá_bỏ rào_cản tạo lối đi tự_phát từ lối cổng ra_công_ty bê_tông hà_thanh gây nguy_hiểm khi tham_gia giao_thông đặc_biệt khi trời tối .,False
271107,Ha Noi,congdanso_hanoi,6,,"Xe 29H94319 Thường xuyên dừng đỗ ở nơi có biển cấm dừng đỗ, gây ảnh hưởng đến an toàn giao thông đường bộ, gây ách tắc giao thông",". Xe 29H94319 Thường xuyên dừng đỗ ở nơi có biển cấm dừng đỗ, gây ảnh hưởng đến an toàn giao thông đường bộ, gây ách tắc giao thông",https://congdanso.hanoi.gov.vn/phan-anh/xe-29h94319-thuong-xuyen-can-tro-giao-thong-271107,"Xe 29H94319 Thường xuyên dừng đỗ ở nơi có biển cấm dừng đỗ, gây ảnh hưởng đến an toàn giao thông đường bộ, gây ách tắc giao thông","Xe 29H94319 Thường xuyên dừng đỗ ở nơi có biển cấm dừng đỗ, gây ảnh hưởng đến an toàn giao thông đường bộ, gây ách tắc giao thông","Xe 29H94319 Thường_xuyên dừng đỗ ở nơi có biển cấm dừng đỗ , gây ảnh_hưởng đến an_toàn giao_thông đường_bộ , gây ách_tắc giao_thông","xe 29h94319 thường_xuyên dừng đỗ ở nơi có biển cấm dừng đỗ , gây ảnh_hưởng đến an_toàn giao_thông đường_bộ , gây ách_tắc giao_thông",False
270535,Ha Noi,congdanso_hanoi,6,,"Xe oto người để bên đường vào lúc 7h sáng, khiến giao thông di chuyển bị ùn tắc",". Xe oto người để bên đường vào lúc 7h sáng, khiến giao thông di chuyển bị ùn tắc",https://congdanso.hanoi.gov.vn/phan-anh/un-tac-270535,"Xe oto người để bên đường vào lúc 7h sáng, khiến giao thông di chuyển bị ùn tắc","Xe oto người để bên đường vào lúc 7h sáng, khiến giao thông di chuyển bị ùn tắc","Xe oto người để bên đường vào lúc 7h sáng , khiến giao_thông di_chuyển bị ùn_tắc","xe oto người để bên đường vào lúc 7h sáng , khiến giao_thông di_chuyển bị ùn_tắc",False
268378,Ha Noi,congdanso_hanoi,6,,"Không thể chấp nhận được khi mà toàn TP Hà Nội đang đẩy mạnh an ninh trật tự, văn minh đô thị nhưng ngay giữa trung tâm phường Bồ Đề. Tại ngõ 390 Nguyễn Văn Cừ có đến 5 toà chung cư cao cấp nhưng ng dân mặc nhiên đỗ ô tô xe máy giữa đường, long đường dù có biển cấm đỗ. Tắt máy bỏ đi gây cản trở giao thông sinh hoạt của cả nghìn con người tại đây. Điều đáng nói là sự việc này lặp đi lặp lại hàng ngày mà không ai quan tâm, Mong các cấp lãnh đạo làm triệt để để bà con đi lại dễ dàng",". Không thể chấp nhận được khi mà toàn TP Hà Nội đang đẩy mạnh an ninh trật tự, văn minh đô thị nhưng ngay giữa trung tâm phường Bồ Đề. Tại ngõ 390 Nguyễn Văn Cừ có đến 5 toà chung cư cao cấp nhưng ng dân mặc nhiên đỗ ô tô xe máy giữa đường, long đường dù có biển cấm đỗ. Tắt máy bỏ đi gây cản trở giao thông sinh hoạt của cả nghìn con người tại đây. Điều đáng nói là sự việc này lặp đi lặp lại hàng ngày mà không ai quan tâm, Mong các cấp lãnh đạo làm triệt để để bà con đi lại dễ dàng",https://congdanso.hanoi.gov.vn/phan-anh/ngo-390-nguyen-van-cu-o-to-xe-may-thuong-xuyen-do-vo-toi-va---trat-tu-o-dau-268378,"Không thể chấp nhận được khi mà toàn TP Hà Nội đang đẩy mạnh an ninh trật tự, văn minh đô thị nhưng ngay giữa trung tâm phường Bồ Đề. Tại ngõ 390 Nguyễn Văn Cừ có đến 5 toà chung cư cao cấp nhưng ng dân mặc nhiên đỗ ô tô xe máy giữa đường, long đường dù có biển cấm đỗ. Tắt máy bỏ đi gây cản trở giao thông sinh hoạt của cả nghìn con người tại đây. Điều đáng nói là sự việc này lặp đi lặp lại hàng ngày mà không ai quan tâm, Mong các cấp lãnh đạo làm triệt để để bà con đi lại dễ dàng","Không thể chấp nhận được khi mà toàn TP Hà Nội đang đẩy mạnh an ninh trật tự, văn minh đô thị nhưng ngay giữa trung tâm phường Bồ Đề. Tại ngõ 390 Nguyễn Văn Cừ có đến 5 toà chung cư cao cấp nhưng ng dân mặc nhiên đỗ ô tô xe máy giữa đường, long đường dù có biển cấm đỗ. Tắt máy bỏ đi gây cản trở giao thông sinh hoạt của cả nghìn con người tại đây. Điều đáng nói là sự việc này lặp đi lặp lại hàng ngày mà không ai quan tâm, Mong các cấp lãnh đạo làm triệt để để bà con đi lại dễ dàng","Không_thể chấp_nhận được khi mà toàn TP Hà_Nội_đang_đẩy mạnh an_ninh trật_tự , văn_minh đô_thị nhưng ngay giữa trung_tâm phường Bồ_Đề . Tại ngõ 390 Nguyễn_Văn_Cừ có đến 5 toà chung_cư cao_cấp nhưng ng dân mặc_nhiên đỗ ô_tô xe_máy giữa đường , long đường dù có biển cấm đỗ . Tắt_máy bỏ đi gây cản_trở giao_thông sinh_hoạt của cả nghìn con_người tại đây . Điều_đáng nói là sự_việc này lặp_đi lặp lại hàng ngày mà không ai quan_tâm , Mong các cấp lãnh_đạo làm triệt để_để bà_con đi_lại dễ_dàng","không_thể chấp_nhận được khi mà toàn tp hà_nội_đang_đẩy mạnh an_ninh trật_tự , văn_minh đô_thị nhưng ngay giữa trung_tâm phường bồ_đề . tại ngõ 390 nguyễn_văn_cừ có đến 5 toà chung_cư cao_cấp nhưng ng dân mặc_nhiên đỗ ô_tô xe_máy giữa đường , long đường dù có biển cấm đỗ . tắt_máy bỏ đi gây cản_trở giao_thông sinh_hoạt của cả nghìn con_người tại đây . điều_đáng nói là sự_việc này lặp_đi lặp lại hàng ngày mà không ai quan_tâm , mong các cấp lãnh_đạo làm triệt để_để bà_con đi_lại dễ_dàng",False
269634,Ha Noi,congdanso_hanoi,6,,"Kính gửi phòng CSGT TP Hà Nội, Tôi đã gặp nhiều trường hợp các phương tiện giao thông đặc biệt là oto đi ngược chiều từ ngõ 289A Khuất Duy Tiến sang Thăng Long Number One gây cản trở và nguy hiểm cho các phương tiện đang di chuyển đúng chiều. Ví dụ xe oto bks 30K-32891 trong video đính kèm. Đề nghị các đồng chí theo dõi và có hình thức xử lý làm gương. Xin cảm ơn!",". Kính gửi phòng CSGT TP Hà Nội, Tôi đã gặp nhiều trường hợp các phương tiện giao thông đặc biệt là oto đi ngược chiều từ ngõ 289A Khuất Duy Tiến sang Thăng Long Number One gây cản trở và nguy hiểm cho các phương tiện đang di chuyển đúng chiều. Ví dụ xe oto bks 30K-32891 trong video đính kèm. Đề nghị các đồng chí theo dõi và có hình thức xử lý làm gương. Xin cảm ơn!",https://congdanso.hanoi.gov.vn/phan-anh/xe-oto-di-nguoc-chieu-tu-ngo-289a-khat-duy-tien-sang-thang-long-number-one-269634,"Kính gửi phòng CSGT TP Hà Nội, Tôi đã gặp nhiều trường hợp các phương tiện giao thông đặc biệt là oto đi ngược chiều từ ngõ 289A Khuất Duy Tiến sang Thăng Long Number One gây cản trở và nguy hiểm cho các phương tiện đang di chuyển đúng chiều. Ví dụ xe oto bks 30K-32891 trong video đính kèm. Đề nghị các đồng chí theo dõi và có hình thức xử lý làm gương. Xin cảm ơn!","Kính gửi phòng CSGT TP Hà Nội, Tôi đã gặp nhiều trường hợp các phương tiện giao thông đặc biệt là oto đi ngược chiều từ ngõ 289A Khuất Duy Tiến sang Thăng Long Number One gây cản trở và nguy hiểm cho các phương tiện đang di chuyển đúng chiều. Ví dụ xe oto bks 30K-32891 trong video đính kèm. Đề nghị các đồng chí theo dõi và có hình thức xử lý làm gương. Xin cảm ơn","Kính gửi phòng CSGT TP Hà_Nội , Tôi_đã gặp nhiều trường_hợp các phương_tiện giao_thông đặc_biệt là oto đi ngược chiều từ ngõ 289A Khuất_Duy_Tiến sang Thăng_Long_Number_One gây cản_trở và nguy_hiểm cho các phương_tiện đang di_chuyển đúng chiều . Ví_dụ xe oto bks 30K - 32891 trong video đính kèm . Đề_nghị các đồng_chí theo_dõi và có hình_thức xử_lý làm_gương . Xin cảm_ơn","kính gửi phòng csgt tp hà_nội , tôi_đã gặp nhiều trường_hợp các phương_tiện giao_thông đặc_biệt là oto đi ngược chiều từ ngõ 289a khuất_duy_tiến sang thăng_long_number_one gây cản_trở và nguy_hiểm cho các phương_tiện đang di_chuyển đúng chiều . ví_dụ xe oto bks 30k - 32891 trong video đính kèm . đề_nghị các đồng_chí theo_dõi và có hình_thức xử_lý làm_gương . xin cảm_ơn",False
270593,Ha Noi,congdanso_hanoi,6,,"Ngõ 47 Hà Kế Tấn phường phương liệt 1 loạt xe đỗ dưới lòng đường, đỗ ngày đêm lấn chiếm lòng đường ảnh hưởng đến việc đi lại của người dân",". Ngõ 47 Hà Kế Tấn phường phương liệt 1 loạt xe đỗ dưới lòng đường, đỗ ngày đêm lấn chiếm lòng đường ảnh hưởng đến việc đi lại của người dân",https://congdanso.hanoi.gov.vn/phan-anh/do-xe-long-duong-270593,"Ngõ 47 Hà Kế Tấn phường phương liệt 1 loạt xe đỗ dưới lòng đường, đỗ ngày đêm lấn chiếm lòng đường ảnh hưởng đến việc đi lại của người dân","Ngõ 47 Hà Kế Tấn phường phương liệt 1 loạt xe đỗ dưới lòng đường, đỗ ngày đêm lấn chiếm lòng đường ảnh hưởng đến việc đi lại của người dân","Ngõ 47 Hà_Kế_Tấn phường phương liệt 1 loạt xe đỗ dưới lòng_đường , đỗ ngày_đêm lấn_chiếm lòng đường_ảnh hưởng đến việc đi_lại của người dân","ngõ 47 hà_kế_tấn phường phương liệt 1 loạt xe đỗ dưới lòng_đường , đỗ ngày_đêm lấn_chiếm lòng đường_ảnh hưởng đến việc đi_lại của người dân",False
273900,Ha Noi,congdanso_hanoi,6,,Vị trí cấm đỗ xe nhưng người dân cố tình cho các xe du lịch đỗ lấn chiếm đường đi,. Vị trí cấm đỗ xe nhưng người dân cố tình cho các xe du lịch đỗ lấn chiếm đường đi,https://congdanso.hanoi.gov.vn/phan-anh/lan-chiem-long-duong-273900,Vị trí cấm đỗ xe nhưng người dân cố tình cho các xe du lịch đỗ lấn chiếm đường đi,Vị trí cấm đỗ xe nhưng người dân cố tình cho các xe du lịch đỗ lấn chiếm đường đi,Vị_trí cấm đỗ xe nhưng người dân cố_tình cho các xe du_lịch đỗ lấn_chiếm đường_đi,vị_trí cấm đỗ xe nhưng người dân cố_tình cho các xe du_lịch đỗ lấn_chiếm đường_đi,False
260293,Ha Noi,congdanso_hanoi,6,,"Ngã 3 Kiểu Mai Cầu Diễn ngày nào cũng tắc nghẽn kéo dài đến tận Văn Tiến Dũng, 1 tuần có 1-2 ngày lực lượng chức năng đứng phân luồng thì thông được, còn lại tắc nghẽn giao thông, người dân đi lại khó khắn vất vả. Trời nắng nóng đường bụi bặm. Tại sao ko lắp đèn tín hiệu giao thông?",". Ngã 3 Kiểu Mai Cầu Diễn ngày nào cũng tắc nghẽn kéo dài đến tận Văn Tiến Dũng, 1 tuần có 1-2 ngày lực lượng chức năng đứng phân luồng thì thông được, còn lại tắc nghẽn giao thông, người dân đi lại khó khắn vất vả. Trời nắng nóng đường bụi bặm. Tại sao ko lắp đèn tín hiệu giao thông?",https://congdanso.hanoi.gov.vn/phan-anh/tac-nghen-giao-thong-keo-dai-tu-kieu-mai-den-van-tien-dung-260293,"Ngã 3 Kiểu Mai Cầu Diễn ngày nào cũng tắc nghẽn kéo dài đến tận Văn Tiến Dũng, 1 tuần có 1-2 ngày lực lượng chức năng đứng phân luồng thì thông được, còn lại tắc nghẽn giao thông, người dân đi lại khó khắn vất vả. Trời nắng nóng đường bụi bặm. Tại sao ko lắp đèn tín hiệu giao thông?","Ngã 3 Kiểu Mai Cầu Diễn ngày nào cũng tắc nghẽn kéo dài đến tận Văn Tiến Dũng, 1 tuần có 1-2 ngày lực lượng chức năng đứng phân luồng thì thông được, còn lại tắc nghẽn giao thông, người dân đi lại khó khắn vất vả. Trời nắng nóng đường bụi bặm. Tại sao ko lắp đèn tín hiệu giao thông","Ngã 3 Kiểu_Mai_Cầu_Diễn ngày nào cũng tắc_nghẽn kéo_dài đến tận Văn_Tiến_Dũng , 1 tuần có 1 - 2 ngày lực_lượng chức_năng đứng phân_luồng thì thông được , còn lại tắc_nghẽn giao_thông , người dân đi_lại khó khắn vất_vả . Trời nắng_nóng đường bụi_bặm . Tại_sao ko lắp đèn tín_hiệu giao_thông","ngã 3 kiểu_mai_cầu_diễn ngày nào cũng tắc_nghẽn kéo_dài đến tận văn_tiến_dũng , 1 tuần có 1 - 2 ngày lực_lượng chức_năng đứng phân_luồng thì thông được , còn lại tắc_nghẽn giao_thông , người dân đi_lại khó khắn vất_vả . trời nắng_nóng đường bụi_bặm . tại_sao ko lắp đèn tín_hiệu giao_thông",False
269808,Ha Noi,congdanso_hanoi,6,,"thời gian đèn tín hiệu giao thông đoạn cây xăng Nam Đồng, hướng đi Nguyễn Lương Bằng chưa hợp lý, đèn xanh quá ít, đèn đỏ quá lâu, gây ún tắc đường kéo dài từ sáng tới tối.",". thời gian đèn tín hiệu giao thông đoạn cây xăng Nam Đồng, hướng đi Nguyễn Lương Bằng chưa hợp lý, đèn xanh quá ít, đèn đỏ quá lâu, gây ún tắc đường kéo dài từ sáng tới tối.",https://congdanso.hanoi.gov.vn/phan-anh/de-nghi-dieu-chinh-thoi-gian-den-giao-thong-269808,"thời gian đèn tín hiệu giao thông đoạn cây xăng Nam Đồng, hướng đi Nguyễn Lương Bằng chưa hợp lý, đèn xanh quá ít, đèn đỏ quá lâu, gây ún tắc đường kéo dài từ sáng tới tối.","thời gian đèn tín hiệu giao thông đoạn cây xăng Nam Đồng, hướng đi Nguyễn Lương Bằng chưa hợp lý, đèn xanh quá ít, đèn đỏ quá lâu, gây ún tắc đường kéo dài từ sáng tới tối.","thời_gian đèn tín_hiệu giao_thông đoạn cây_xăng Nam_Đồng , hướng đi_Nguyễn_Lương_Bằng chưa hợp_lý , đèn_xanh quá ít , đèn_đỏ quá lâu , gây ún tắc đường kéo_dài từ sáng tới tối .","thời_gian đèn tín_hiệu giao_thông đoạn cây_xăng nam_đồng , hướng đi_nguyễn_lương_bằng chưa hợp_lý , đèn_xanh quá ít , đèn_đỏ quá lâu , gây ún tắc đường kéo_dài từ sáng tới tối .",False
266739,Ha Noi,congdanso_hanoi,6,,"Khi xe ô tô đi 2/3 quãng đường lên dốc đê, bên cạnh là gờ ô tô không thể vượt qua. Ô tô BKS30E68526 cố tình dừng xe đầu dốc xuống, không cho xe đang lên dốc lưu thông gây tắc đường, mất an toàn giao thông!",". Khi xe ô tô đi 2/3 quãng đường lên dốc đê, bên cạnh là gờ ô tô không thể vượt qua. Ô tô BKS30E68526 cố tình dừng xe đầu dốc xuống, không cho xe đang lên dốc lưu thông gây tắc đường, mất an toàn giao thông!",https://congdanso.hanoi.gov.vn/phan-anh/khong-nhuong-duong-cho-xe-len-doc-266739,"Khi xe ô tô đi 2/3 quãng đường lên dốc đê, bên cạnh là gờ ô tô không thể vượt qua. Ô tô BKS30E68526 cố tình dừng xe đầu dốc xuống, không cho xe đang lên dốc lưu thông gây tắc đường, mất an toàn giao thông!","Khi xe ô tô đi 2/3 quãng đường lên dốc đê, bên cạnh là gờ ô tô không thể vượt qua. Ô tô BKS30E68526 cố tình dừng xe đầu dốc xuống, không cho xe đang lên dốc lưu thông gây tắc đường, mất an toàn giao thông","Khi xe ô_tô đi 2 / 3 quãng đường lên dốc đê , bên cạnh là gờ ô_tô không_thể vượt qua . Ô_tô BKS30E68526 cố_tình dừng xe đầu dốc xuống , không cho xe đang lên dốc lưu_thông gây tắc đường , mất an_toàn giao_thông","khi xe ô_tô đi 2 / 3 quãng đường lên dốc đê , bên cạnh là gờ ô_tô không_thể vượt qua . ô_tô bks30e68526 cố_tình dừng xe đầu dốc xuống , không cho xe đang lên dốc lưu_thông gây tắc đường , mất an_toàn giao_thông",False
266057,Ha Noi,congdanso_hanoi,6,,"Tôi đã gửi ba phản ánh lên cấp chính quyền của Hà Nội để giải quyết nhưng đến hôm nay xe chạy tốc độ càng nhiều , trọng tải lớn liên tục suốt ngày , đêm rất mong nhà nước và cấp trên có thẩm quyền giải quyết giúp dân, mất ăn, mất ngủ, nhà rung lắc ,suốt ngày suốt đêm tiếng ồn ,bụi người dân tha thiết mong cấp có thẩm quyền xử lý giúp dân càng nhanh càng tốt",". Tôi đã gửi ba phản ánh lên cấp chính quyền của Hà Nội để giải quyết nhưng đến hôm nay xe chạy tốc độ càng nhiều , trọng tải lớn liên tục suốt ngày , đêm rất mong nhà nước và cấp trên có thẩm quyền giải quyết giúp dân, mất ăn, mất ngủ, nhà rung lắc ,suốt ngày suốt đêm tiếng ồn ,bụi người dân tha thiết mong cấp có thẩm quyền xử lý giúp dân càng nhanh càng tốt",https://congdanso.hanoi.gov.vn/phan-anh/phan-anh-tai-lk378-lo16khu-c-dv-hoa-binh-266057,"Tôi đã gửi ba phản ánh lên cấp chính quyền của Hà Nội để giải quyết nhưng đến hôm nay xe chạy tốc độ càng nhiều , trọng tải lớn liên tục suốt ngày , đêm rất mong nhà nước và cấp trên có thẩm quyền giải quyết giúp dân, mất ăn, mất ngủ, nhà rung lắc ,suốt ngày suốt đêm tiếng ồn ,bụi người dân tha thiết mong cấp có thẩm quyền xử lý giúp dân càng nhanh càng tốt","Tôi đã gửi ba phản ánh lên cấp chính quyền của Hà Nội để giải quyết nhưng đến hôm nay xe chạy tốc độ càng nhiều, trọng tải lớn liên tục suốt ngày, đêm rất mong nhà nước và cấp trên có thẩm quyền giải quyết giúp dân, mất ăn, mất ngủ, nhà rung lắc, suốt ngày suốt đêm tiếng ồn, bụi người dân tha thiết mong cấp có thẩm quyền xử lý giúp dân càng nhanh càng tốt","Tôi_đã gửi ba phản_ánh lên cấp chính_quyền của Hà_Nội_để giải_quyết nhưng đến hôm_nay xe chạy tốc_độ càng nhiều , trọng_tải lớn liên_tục suốt ngày , đêm rất mong nhà_nước và cấp trên có thẩm_quyền giải_quyết giúp dân , mất ăn , mất_ngủ , nhà rung lắc , suốt ngày suốt đêm tiếng ồn , bụi người dân tha_thiết mong cấp có thẩm_quyền xử_lý giúp dân càng nhanh càng tốt","tôi_đã gửi ba phản_ánh lên cấp chính_quyền của hà_nội_để giải_quyết nhưng đến hôm_nay xe chạy tốc_độ càng nhiều , trọng_tải lớn liên_tục suốt ngày , đêm rất mong nhà_nước và cấp trên có thẩm_quyền giải_quyết giúp dân , mất ăn , mất_ngủ , nhà rung lắc , suốt ngày suốt đêm tiếng ồn , bụi người dân tha_thiết mong cấp có thẩm_quyền xử_lý giúp dân càng nhanh càng tốt",False
266263,Ha Noi,congdanso_hanoi,7,,Vi phạm giao thông đường 21b,. Vi phạm giao thông đường 21b,https://congdanso.hanoi.gov.vn/phan-anh/vi-pham-giao-thong-266263,Vi phạm giao thông đường 21b,Vi phạm giao thông đường 21b,Vi_phạm giao_thông đường 21b,vi_phạm giao_thông đường 21b,False
265899,Ha Noi,congdanso_hanoi,7,,"Kính gửi : UBND phường Yên Nghĩa Kính gửi: Công an phường Yên Nghĩa Hiện nay, tại tuyến đường quanh khu đô thị HH2 ABCDE tình trạng xe tải, xe ben lưu thông với mật độ dày đặc đang gây ra những hệ lụy nghiêm trọng: Ô nhiễm môi trường: Các xe chở vật liệu xây dựng không được che chắn kỹ lưỡng làm rơi vãi đất đá, gây bụi mù mịt, ảnh hưởng trực tiếp đến sức khỏe (đặc biệt là người già và trẻ nhỏ) và việc kinh doanh, sinh hoạt của người dân. Mất an toàn giao thông: Nhiều xe tải chạy với tốc độ cao, lấn làn, bấm còi hơi âm lượng lớn, đặc biệt vào các khung giờ cao điểm và ban đêm, gây nguy hiểm trực tiếp cho người tham gia giao thông và làm mất giấc ngủ của cư dân. Xuống cấp hạ tầng: Trọng tải lớn của các phương tiện này đang làm bề mặt đường bị bong tróc, tạo thành các ""ổ gà"", tiềm ẩn nguy cơ tai nạn. 2. Yêu cầu kiến nghị Để đảm bảo môi trường sống trong lành và an toàn cho nhân dân, tôi kính đề nghị UBND Phường và các cơ quan chức năng xem xét, thực hiện các biện pháp sau: Tăng cường tuần tra, kiểm soát: Xử lý nghiêm các trường hợp xe quá khổ, quá tải, xe không che chắn để rơi vãi vật liệu. Lắp đặt biển báo hạn chế: Xem xét đặt biển cấm theo giờ hoặc biển hạn chế trọng tải đối với xe ben, xe tải vào các tuyến đường dân sinh. Vệ sinh môi trường: Yêu cầu các đơn vị chủ quản phương tiện hoặc đơn vị thi công có biện pháp rửa đường và dọn dẹp vật liệu rơi vãi trên đường, thông các đường cống thoát nước vì sắp tới mùa mưa sẽ gây ngập lụt cục bộ tại khu vực do đất cát rơi xuống. Lắp đặt camera giám sát: Để phạt nguội các hành vi vi phạm trật tự an toàn giao thông tại khu vực này. Tôi cam kết những thông tin phản ánh trên là hoàn toàn đúng sự thật và sẵn sàng phối hợp với quý cơ quan để xác minh khi cần thiết. Kính mong Quý cơ quan sớm có biện pháp giải quyết kịp thời để ổn định đời sống nhân dân. Tôi xin chân thành cảm ơn!",". Kính gửi : UBND phường Yên Nghĩa Kính gửi: Công an phường Yên Nghĩa Hiện nay, tại tuyến đường quanh khu đô thị HH2 ABCDE tình trạng xe tải, xe ben lưu thông với mật độ dày đặc đang gây ra những hệ lụy nghiêm trọng: Ô nhiễm môi trường: Các xe chở vật liệu xây dựng không được che chắn kỹ lưỡng làm rơi vãi đất đá, gây bụi mù mịt, ảnh hưởng trực tiếp đến sức khỏe (đặc biệt là người già và trẻ nhỏ) và việc kinh doanh, sinh hoạt của người dân. Mất an toàn giao thông: Nhiều xe tải chạy với tốc độ cao, lấn làn, bấm còi hơi âm lượng lớn, đặc biệt vào các khung giờ cao điểm và ban đêm, gây nguy hiểm trực tiếp cho người tham gia giao thông và làm mất giấc ngủ của cư dân. Xuống cấp hạ tầng: Trọng tải lớn của các phương tiện này đang làm bề mặt đường bị bong tróc, tạo thành các ""ổ gà"", tiềm ẩn nguy cơ tai nạn. 2. Yêu cầu kiến nghị Để đảm bảo môi trường sống trong lành và an toàn cho nhân dân, tôi kính đề nghị UBND Phường và các cơ quan chức năng xem xét, thực hiện các biện pháp sau: Tăng cường tuần tra, kiểm soát: Xử lý nghiêm các trường hợp xe quá khổ, quá tải, xe không che chắn để rơi vãi vật liệu. Lắp đặt biển báo hạn chế: Xem xét đặt biển cấm theo giờ hoặc biển hạn chế trọng tải đối với xe ben, xe tải vào các tuyến đường dân sinh. Vệ sinh môi trường: Yêu cầu các đơn vị chủ quản phương tiện hoặc đơn vị thi công có biện pháp rửa đường và dọn dẹp vật liệu rơi vãi trên đường, thông các đường cống thoát nước vì sắp tới mùa mưa sẽ gây ngập lụt cục bộ tại khu vực do đất cát rơi xuống. Lắp đặt camera giám sát: Để phạt nguội các hành vi vi phạm trật tự an toàn giao thông tại khu vực này. Tôi cam kết những thông tin phản ánh trên là hoàn toàn đúng sự thật và sẵn sàng phối hợp với quý cơ quan để xác minh khi cần thiết. Kính mong Quý cơ quan sớm có biện pháp giải quyết kịp thời để ổn định đời sống nhân dân. Tôi xin chân thành cảm ơn!",https://congdanso.hanoi.gov.vn/phan-anh/moi-truong-khu-dan-cu-o-nhiem-bui-ngiem-trong-265899,"Kính gửi : UBND phường Yên Nghĩa Kính gửi: Công an phường Yên Nghĩa Hiện nay, tại tuyến đường quanh khu đô thị HH2 ABCDE tình trạng xe tải, xe ben lưu thông với mật độ dày đặc đang gây ra những hệ lụy nghiêm trọng: Ô nhiễm môi trường: Các xe chở vật liệu xây dựng không được che chắn kỹ lưỡng làm rơi vãi đất đá, gây bụi mù mịt, ảnh hưởng trực tiếp đến sức khỏe (đặc biệt là người già và trẻ nhỏ) và việc kinh doanh, sinh hoạt của người dân. Mất an toàn giao thông: Nhiều xe tải chạy với tốc độ cao, lấn làn, bấm còi hơi âm lượng lớn, đặc biệt vào các khung giờ cao điểm và ban đêm, gây nguy hiểm trực tiếp cho người tham gia giao thông và làm mất giấc ngủ của cư dân. Xuống cấp hạ tầng: Trọng tải lớn của các phương tiện này đang làm bề mặt đường bị bong tróc, tạo thành các ""ổ gà"", tiềm ẩn nguy cơ tai nạn. 2. Yêu cầu kiến nghị Để đảm bảo môi trường sống trong lành và an toàn cho nhân dân, tôi kính đề nghị UBND Phường và các cơ quan chức năng xem xét, thực hiện các biện pháp sau: Tăng cường tuần tra, kiểm soát: Xử lý nghiêm các trường hợp xe quá khổ, quá tải, xe không che chắn để rơi vãi vật liệu. Lắp đặt biển báo hạn chế: Xem xét đặt biển cấm theo giờ hoặc biển hạn chế trọng tải đối với xe ben, xe tải vào các tuyến đường dân sinh. Vệ sinh môi trường: Yêu cầu các đơn vị chủ quản phương tiện hoặc đơn vị thi công có biện pháp rửa đường và dọn dẹp vật liệu rơi vãi trên đường, thông các đường cống thoát nước vì sắp tới mùa mưa sẽ gây ngập lụt cục bộ tại khu vực do đất cát rơi xuống. Lắp đặt camera giám sát: Để phạt nguội các hành vi vi phạm trật tự an toàn giao thông tại khu vực này. Tôi cam kết những thông tin phản ánh trên là hoàn toàn đúng sự thật và sẵn sàng phối hợp với quý cơ quan để xác minh khi cần thiết. Kính mong Quý cơ quan sớm có biện pháp giải quyết kịp thời để ổn định đời sống nhân dân. Tôi xin chân thành cảm ơn!","Kính gửi: UBND phường Yên Nghĩa Kính gửi: Công an phường Yên Nghĩa Hiện nay, tại tuyến đường quanh khu đô thị HH2 ABCDE tình trạng xe tải, xe ben lưu thông với mật độ dày đặc đang gây ra những hệ lụy nghiêm trọng: Ô nhiễm môi trường: Các xe chở vật liệu xây dựng không được che chắn kỹ lưỡng làm rơi vãi đất đá, gây bụi mù mịt, ảnh hưởng trực tiếp đến sức khỏe (đặc biệt là người già và trẻ nhỏ) và việc kinh doanh, sinh hoạt của người dân. Mất an toàn giao thông: Nhiều xe tải chạy với tốc độ cao, lấn làn, bấm còi hơi âm lượng lớn, đặc biệt vào các khung giờ cao điểm và ban đêm, gây nguy hiểm trực tiếp cho người tham gia giao thông và làm mất giấc ngủ của cư dân. Xuống cấp hạ tầng: Trọng tải lớn của các phương tiện này đang làm bề mặt đường bị bong tróc, tạo thành các ổ gà, tiềm ẩn nguy cơ tai nạn. 2. Yêu cầu kiến nghị Để đảm bảo môi trường sống trong lành và an toàn cho nhân dân, tôi kính đề nghị UBND Phường và các cơ quan chức năng xem xét, thực hiện các biện pháp sau: Tăng cường tuần tra, kiểm soát: Xử lý nghiêm các trường hợp xe quá khổ, quá tải, xe không che chắn để rơi vãi vật liệu. Lắp đặt biển báo hạn chế: Xem xét đặt biển cấm theo giờ hoặc biển hạn chế trọng tải đối với xe ben, xe tải vào các tuyến đường dân sinh. Vệ sinh môi trường: Yêu cầu các đơn vị chủ quản phương tiện hoặc đơn vị thi công có biện pháp rửa đường và dọn dẹp vật liệu rơi vãi trên đường, thông các đường cống thoát nước vì sắp tới mùa mưa sẽ gây ngập lụt cục bộ tại khu vực do đất cát rơi xuống. Lắp đặt camera giám sát: Để phạt nguội các hành vi vi phạm trật tự an toàn giao thông tại khu vực này. Tôi cam kết những thông tin phản ánh trên là hoàn toàn đúng sự thật và sẵn sàng phối hợp với quý cơ quan để xác minh khi cần thiết. Kính mong Quý cơ quan sớm có biện pháp giải quyết kịp thời để ổn định đời sống nhân dân. Tôi xin chân thành cảm ơn","Kính gửi : UBND phường Yên_Nghĩa_Kính gửi : Công_an phường Yên_Nghĩa_Hiện nay , tại tuyến đường quanh khu đô_thị HH2 ABCDE tình_trạng xe_tải , xe ben lưu_thông với mật_độ dày đặc_đang gây ra những hệ_lụy nghiêm_trọng : Ô_nhiễm môi_trường : Các xe chở vật_liệu xây_dựng không được che_chắn kỹ_lưỡng làm rơi_vãi đất_đá , gây bụi mù_mịt , ảnh_hưởng trực_tiếp đến sức_khỏe ( đặc_biệt là người già và trẻ nhỏ ) và việc kinh_doanh , sinh_hoạt của người dân . Mất an_toàn giao_thông : Nhiều xe_tải chạy với tốc_độ cao , lấn làn , bấm còi hơi âm_lượng lớn , đặc_biệt vào các khung giờ cao_điểm và ban_đêm , gây nguy_hiểm trực_tiếp cho người tham_gia giao_thông và làm mất giấc_ngủ của cư_dân . Xuống_cấp hạ_tầng : Trọng_tải lớn của các phương_tiện này đang làm bề_mặt_đường bị bong tróc , tạo thành các ổ_gà , tiềm_ẩn nguy_cơ tai_nạn . 2 . Yêu_cầu kiến_nghị Để_đảm bảo môi_trường sống trong_lành và an_toàn cho nhân_dân , tôi kính đề_nghị UBND Phường và các cơ_quan_chức_năng xem_xét , thực_hiện các biện_pháp sau : Tăng_cường tuần_tra , kiểm_soát : Xử_lý nghiêm các trường_hợp xe quá_khổ , quá_tải , xe không che_chắn để rơi_vãi vật_liệu . Lắp_đặt biển_báo hạn_chế : Xem_xét đặt biển cấm theo giờ hoặc biển hạn_chế trọng_tải đối_với xe ben , xe_tải vào các tuyến đường dân_sinh . Vệ_sinh môi_trường : Yêu_cầu các đơn_vị chủ_quản phương_tiện hoặc đơn_vị thi_công có biện_pháp rửa đường và dọn_dẹp vật_liệu rơi_vãi trên đường , thông các đường cống thoát nước vì sắp tới mùa mưa sẽ gây ngập_lụt cục_bộ tại khu_vực do đất_cát rơi xuống . Lắp_đặt camera giám_sát : Để phạt nguội các hành_vi vi_phạm trật_tự an_toàn giao_thông tại khu_vực này . Tôi cam_kết những thông_tin phản_ánh trên là hoàn_toàn đúng sự_thật và sẵn_sàng phối_hợp với quý cơ_quan để xác_minh khi cần_thiết . Kính_mong Quý cơ_quan sớm có biện_pháp giải_quyết kịp_thời để_ổn_định_đời sống nhân_dân . Tôi xin chân_thành cảm_ơn","kính gửi : ubnd phường yên_nghĩa_kính gửi : công_an phường yên_nghĩa_hiện nay , tại tuyến đường quanh khu đô_thị hh2 abcde tình_trạng xe_tải , xe ben lưu_thông với mật_độ dày đặc_đang gây ra những hệ_lụy nghiêm_trọng : ô_nhiễm môi_trường : các xe chở vật_liệu xây_dựng không được che_chắn kỹ_lưỡng làm rơi_vãi đất_đá , gây bụi mù_mịt , ảnh_hưởng trực_tiếp đến sức_khỏe ( đặc_biệt là người già và trẻ nhỏ ) và việc kinh_doanh , sinh_hoạt của người dân . mất an_toàn giao_thông : nhiều xe_tải chạy với tốc_độ cao , lấn làn , bấm còi hơi âm_lượng lớn , đặc_biệt vào các khung giờ cao_điểm và ban_đêm , gây nguy_hiểm trực_tiếp cho người tham_gia giao_thông và làm mất giấc_ngủ của cư_dân . xuống_cấp hạ_tầng : trọng_tải lớn của các phương_tiện này đang làm bề_mặt_đường bị bong tróc , tạo thành các ổ_gà , tiềm_ẩn nguy_cơ tai_nạn . 2 . yêu_cầu kiến_nghị để_đảm bảo môi_trường sống trong_lành và an_toàn cho nhân_dân , tôi kính đề_nghị ubnd phường và các cơ_quan_chức_năng xem_xét , thực_hiện các biện_pháp sau : tăng_cường tuần_tra , kiểm_soát : xử_lý nghiêm các trường_hợp xe quá_khổ , quá_tải , xe không che_chắn để rơi_vãi vật_liệu . lắp_đặt biển_báo hạn_chế : xem_xét đặt biển cấm theo giờ hoặc biển hạn_chế trọng_tải đối_với xe ben , xe_tải vào các tuyến đường dân_sinh . vệ_sinh môi_trường : yêu_cầu các đơn_vị chủ_quản phương_tiện hoặc đơn_vị thi_công có biện_pháp rửa đường và dọn_dẹp vật_liệu rơi_vãi trên đường , thông các đường cống thoát nước vì sắp tới mùa mưa sẽ gây ngập_lụt cục_bộ tại khu_vực do đất_cát rơi xuống . lắp_đặt camera giám_sát : để phạt nguội các hành_vi vi_phạm trật_tự an_toàn giao_thông tại khu_vực này . tôi cam_kết những thông_tin phản_ánh trên là hoàn_toàn đúng sự_thật và sẵn_sàng phối_hợp với quý cơ_quan để xác_minh khi cần_thiết . kính_mong quý cơ_quan sớm có biện_pháp giải_quyết kịp_thời để_ổn_định_đời sống nhân_dân . tôi xin chân_thành cảm_ơn",False
269118,Ha Noi,congdanso_hanoi,7,,"12h49 ngày 18/4/2026 trên đường cự Khối thuộc phường long biên, xe tải có biển số 38C19166 đã có hành vi lái xe thiếu an toàn: sử dụng điện thoại thò hẳn ra ngoài xe khi đang lái + quay đầu nơi giao nhau thiếu quan sát, không bật xi nhan…",". 12h49 ngày 18/4/2026 trên đường cự Khối thuộc phường long biên, xe tải có biển số 38C19166 đã có hành vi lái xe thiếu an toàn: sử dụng điện thoại thò hẳn ra ngoài xe khi đang lái + quay đầu nơi giao nhau thiếu quan sát, không bật xi nhan…",https://congdanso.hanoi.gov.vn/phan-anh/vi-pham-giao-thong-gay-nguy-hiem-269118,"12h49 ngày 18/4/2026 trên đường cự Khối thuộc phường long biên, xe tải có biển số 38C19166 đã có hành vi lái xe thiếu an toàn: sử dụng điện thoại thò hẳn ra ngoài xe khi đang lái + quay đầu nơi giao nhau thiếu quan sát, không bật xi nhan…","12h49 ngày 18/4/2026 trên đường cự Khối thuộc phường long biên, xe tải có biển số 38C19166 đã có hành vi lái xe thiếu an toàn: sử dụng điện thoại thò hẳn ra ngoài xe khi đang lái quay đầu nơi giao nhau thiếu quan sát, không bật xi nhan","12h49 ngày 18 / 4 / 2026 trên đường cự Khối thuộc phường long biên , xe_tải có biển số 38C19166 đã có hành_vi lái_xe thiếu an_toàn : sử_dụng điện_thoại thò hẳn ra ngoài xe khi đang lái quay đầu nơi giao nhau thiếu quan_sát , không bật xi_nhan","12h49 ngày 18 / 4 / 2026 trên đường cự khối thuộc phường long biên , xe_tải có biển số 38c19166 đã có hành_vi lái_xe thiếu an_toàn : sử_dụng điện_thoại thò hẳn ra ngoài xe khi đang lái quay đầu nơi giao nhau thiếu quan_sát , không bật xi_nhan",False
251395,Ha Noi,congdanso_hanoi,7,,"Tôi phản ánh việc đặt biển cấm ô tô tại khu vực số 24 đường Võ Chí Công chưa phù hợp với thực tế giao thông. Toàn tuyến Võ Chí Công ô tô vẫn lưu thông bình thường, tuy nhiên tại vị trí này lại cắm biển cấm ô tô gây mâu thuẫn trong tổ chức giao thông, khiến người tham gia giao thông dễ hiểu nhầm và có nguy cơ vi phạm không rõ ràng. Kính đề nghị cơ quan chức năng kiểm tra, rà soát và điều chỉnh lại biển báo cho phù hợp nhằm đảm bảo an toàn và thống nhất giao thông.",". Tôi phản ánh việc đặt biển cấm ô tô tại khu vực số 24 đường Võ Chí Công chưa phù hợp với thực tế giao thông. Toàn tuyến Võ Chí Công ô tô vẫn lưu thông bình thường, tuy nhiên tại vị trí này lại cắm biển cấm ô tô gây mâu thuẫn trong tổ chức giao thông, khiến người tham gia giao thông dễ hiểu nhầm và có nguy cơ vi phạm không rõ ràng. Kính đề nghị cơ quan chức năng kiểm tra, rà soát và điều chỉnh lại biển báo cho phù hợp nhằm đảm bảo an toàn và thống nhất giao thông.",https://congdanso.hanoi.gov.vn/phan-anh/phan-anh-bien-cam-o-to-bat-hop-ly-tai-so-24-vo-chi-cong-251395,"Tôi phản ánh việc đặt biển cấm ô tô tại khu vực số 24 đường Võ Chí Công chưa phù hợp với thực tế giao thông. Toàn tuyến Võ Chí Công ô tô vẫn lưu thông bình thường, tuy nhiên tại vị trí này lại cắm biển cấm ô tô gây mâu thuẫn trong tổ chức giao thông, khiến người tham gia giao thông dễ hiểu nhầm và có nguy cơ vi phạm không rõ ràng. Kính đề nghị cơ quan chức năng kiểm tra, rà soát và điều chỉnh lại biển báo cho phù hợp nhằm đảm bảo an toàn và thống nhất giao thông.","Tôi phản ánh việc đặt biển cấm ô tô tại khu vực số 24 đường Võ Chí Công chưa phù hợp với thực tế giao thông. Toàn tuyến Võ Chí Công ô tô vẫn lưu thông bình thường, tuy nhiên tại vị trí này lại cắm biển cấm ô tô gây mâu thuẫn trong tổ chức giao thông, khiến người tham gia giao thông dễ hiểu nhầm và có nguy cơ vi phạm không rõ ràng. Kính đề nghị cơ quan chức năng kiểm tra, rà soát và điều chỉnh lại biển báo cho phù hợp nhằm đảm bảo an toàn và thống nhất giao thông.","Tôi phản_ánh việc đặt biển cấm ô_tô tại khu_vực số 24 đường Võ_Chí_Công chưa phù_hợp với thực_tế giao_thông . Toàn tuyến Võ_Chí_Công ô_tô vẫn lưu_thông bình_thường , tuy_nhiên tại vị_trí này lại cắm biển cấm ô_tô gây mâu_thuẫn trong tổ_chức giao_thông , khiến người tham_gia giao_thông dễ hiểu nhầm và có nguy_cơ vi_phạm không rõ_ràng . Kính_đề nghị cơ_quan_chức_năng kiểm_tra , rà_soát và điều_chỉnh lại biển_báo cho phù_hợp nhằm đảm_bảo_an_toàn và thống_nhất giao_thông .","tôi phản_ánh việc đặt biển cấm ô_tô tại khu_vực số 24 đường võ_chí_công chưa phù_hợp với thực_tế giao_thông . toàn tuyến võ_chí_công ô_tô vẫn lưu_thông bình_thường , tuy_nhiên tại vị_trí này lại cắm biển cấm ô_tô gây mâu_thuẫn trong tổ_chức giao_thông , khiến người tham_gia giao_thông dễ hiểu nhầm và có nguy_cơ vi_phạm không rõ_ràng . kính_đề nghị cơ_quan_chức_năng kiểm_tra , rà_soát và điều_chỉnh lại biển_báo cho phù_hợp nhằm đảm_bảo_an_toàn và thống_nhất giao_thông .",False
258902,Ha Noi,congdanso_hanoi,7,,Lấn chiếm vỉa hè để bán hàng,. Lấn chiếm vỉa hè để bán hàng,https://congdanso.hanoi.gov.vn/phan-anh/lan-chiem-via-he-de-ban-hang-258902,Lấn chiếm vỉa hè để bán hàng,Lấn chiếm vỉa hè để bán hàng,Lấn_chiếm vỉa_hè để bán hàng,lấn_chiếm vỉa_hè để bán hàng,False
240909,Ha Noi,congdanso_hanoi,7,,"Nắp cống vỉa hè bị sụp rất nguy hiểm, có nhiều trẻ con và người đi lại, đã có cháu bị ngã và rất nguy hiểm, mong cơ quan chức năng sửa lại",". Nắp cống vỉa hè bị sụp rất nguy hiểm, có nhiều trẻ con và người đi lại, đã có cháu bị ngã và rất nguy hiểm, mong cơ quan chức năng sửa lại",https://congdanso.hanoi.gov.vn/phan-anh/via-he-bi-hong-240909,"Nắp cống vỉa hè bị sụp rất nguy hiểm, có nhiều trẻ con và người đi lại, đã có cháu bị ngã và rất nguy hiểm, mong cơ quan chức năng sửa lại","Nắp cống vỉa hè bị sụp rất nguy hiểm, có nhiều trẻ con và người đi lại, đã có cháu bị ngã và rất nguy hiểm, mong cơ quan chức năng sửa lại","Nắp cống vỉa_hè bị sụp rất nguy_hiểm , có nhiều trẻ_con và người đi_lại , đã có cháu bị ngã và rất nguy_hiểm , mong cơ_quan_chức_năng sửa lại","nắp cống vỉa_hè bị sụp rất nguy_hiểm , có nhiều trẻ_con và người đi_lại , đã có cháu bị ngã và rất nguy_hiểm , mong cơ_quan_chức_năng sửa lại",False
263345,Ha Noi,congdanso_hanoi,7,,Đoạn đường này rất hay xảy ra tai nạn mà không thấy 1 chính quyền các cấp nào vào can thiệp để làm giảm tốc dọc 2 bên bờ mương đan hoài Điểm này cũng không phải đông dân qua lại nên tôi nghĩ không cần thiết phải làm đèn xanh đèn đỏ mà chỉ cần làm giảm tốc dọc 2 bên bờ mương,. Đoạn đường này rất hay xảy ra tai nạn mà không thấy 1 chính quyền các cấp nào vào can thiệp để làm giảm tốc dọc 2 bên bờ mương đan hoài Điểm này cũng không phải đông dân qua lại nên tôi nghĩ không cần thiết phải làm đèn xanh đèn đỏ mà chỉ cần làm giảm tốc dọc 2 bên bờ mương,https://congdanso.hanoi.gov.vn/phan-anh/phan-anh-duong-hay-xay-ra-tai-nan-giao-thong-doc-duong-n6-giao-voi-muong-dan-hoai-263345,Đoạn đường này rất hay xảy ra tai nạn mà không thấy 1 chính quyền các cấp nào vào can thiệp để làm giảm tốc dọc 2 bên bờ mương đan hoài Điểm này cũng không phải đông dân qua lại nên tôi nghĩ không cần thiết phải làm đèn xanh đèn đỏ mà chỉ cần làm giảm tốc dọc 2 bên bờ mương,Đoạn đường này rất hay xảy ra tai nạn mà không thấy 1 chính quyền các cấp nào vào can thiệp để làm giảm tốc dọc 2 bên bờ mương đan hoài Điểm này cũng không phải đông dân qua lại nên tôi nghĩ không cần thiết phải làm đèn xanh đèn đỏ mà chỉ cần làm giảm tốc dọc 2 bên bờ mương,Đoạn_đường này rất hay xảy ra tai_nạn mà không thấy 1 chính_quyền các cấp nào vào can_thiệp để làm giảm_tốc dọc 2 bên bờ mương đan hoài Điểm này cũng không phải đông dân qua_lại nên tôi nghĩ không cần_thiết phải làm đèn_xanh đèn_đỏ mà chỉ cần làm giảm_tốc dọc 2 bên bờ mương,đoạn_đường này rất hay xảy ra tai_nạn mà không thấy 1 chính_quyền các cấp nào vào can_thiệp để làm giảm_tốc dọc 2 bên bờ mương đan hoài điểm này cũng không phải đông dân qua_lại nên tôi nghĩ không cần_thiết phải làm đèn_xanh đèn_đỏ mà chỉ cần làm giảm_tốc dọc 2 bên bờ mương,False
271415,Ha Noi,congdanso_hanoi,7,,"Hà Nội, ngày 24/4/2026 Kính gửi Sở xây dựng Hà Nội (Lần thứ hai) Từ năm 2024 đến nay tại dãy nhà số 92,94,96 phố Cửa Bắc sau khi Công ty Điện lực Hà Nội xây dựng bốt điện trước số nhà 94 Cửa Bắc (đường điện đào chạy ngang đường) Sở đã cho bê tông nhựa trám vào 02 vết cắt ngang đường, nhưng do các xe tải siêu trường, siêu trọng, xe trộn bê tông, các xe có trọng tải lớn vv...hằng đêm từ 21h30-4h00 sáng chạy với tốc độ cao (hơn 2 năm nay), chở nặng làm lún nền đường từ ngã tư Cửa Bắc + Phan Đình Phùng đến ngã tư Quán Thánh + Cửa Bắc gây tiếng động""rầm rầm"" đêm khuya mỗi khi xe tải chạy qua làm ""rung lắc"" nhà các hộ dân (trong khi đoạn đường Hàng Bún cắt Nguyễn Khắc Nhu không lún, không có xe siêu trường, siêu trọng, xe tải nặng chạy qua vừa được thảm nhựa lại). Đề nghị quý cơ quan sớm khắc phục trải bê tông nhựa đoạn đường từ ngã tư Cửa Bắc + Phan Đình Phùng đến ngã tư Quán Thánh + Cửa Bắc. Xin chân thành cảm ơn",". Hà Nội, ngày 24/4/2026 Kính gửi Sở xây dựng Hà Nội (Lần thứ hai) Từ năm 2024 đến nay tại dãy nhà số 92,94,96 phố Cửa Bắc sau khi Công ty Điện lực Hà Nội xây dựng bốt điện trước số nhà 94 Cửa Bắc (đường điện đào chạy ngang đường) Sở đã cho bê tông nhựa trám vào 02 vết cắt ngang đường, nhưng do các xe tải siêu trường, siêu trọng, xe trộn bê tông, các xe có trọng tải lớn vv...hằng đêm từ 21h30-4h00 sáng chạy với tốc độ cao (hơn 2 năm nay), chở nặng làm lún nền đường từ ngã tư Cửa Bắc + Phan Đình Phùng đến ngã tư Quán Thánh + Cửa Bắc gây tiếng động""rầm rầm"" đêm khuya mỗi khi xe tải chạy qua làm ""rung lắc"" nhà các hộ dân (trong khi đoạn đường Hàng Bún cắt Nguyễn Khắc Nhu không lún, không có xe siêu trường, siêu trọng, xe tải nặng chạy qua vừa được thảm nhựa lại). Đề nghị quý cơ quan sớm khắc phục trải bê tông nhựa đoạn đường từ ngã tư Cửa Bắc + Phan Đình Phùng đến ngã tư Quán Thánh + Cửa Bắc. Xin chân thành cảm ơn",https://congdanso.hanoi.gov.vn/phan-anh/de-nghi-trai-tham-duong-cua-bac-271415,"Hà Nội, ngày 24/4/2026 Kính gửi Sở xây dựng Hà Nội (Lần thứ hai) Từ năm 2024 đến nay tại dãy nhà số 92,94,96 phố Cửa Bắc sau khi Công ty Điện lực Hà Nội xây dựng bốt điện trước số nhà 94 Cửa Bắc (đường điện đào chạy ngang đường) Sở đã cho bê tông nhựa trám vào 02 vết cắt ngang đường, nhưng do các xe tải siêu trường, siêu trọng, xe trộn bê tông, các xe có trọng tải lớn vv...hằng đêm từ 21h30-4h00 sáng chạy với tốc độ cao (hơn 2 năm nay), chở nặng làm lún nền đường từ ngã tư Cửa Bắc + Phan Đình Phùng đến ngã tư Quán Thánh + Cửa Bắc gây tiếng động""rầm rầm"" đêm khuya mỗi khi xe tải chạy qua làm ""rung lắc"" nhà các hộ dân (trong khi đoạn đường Hàng Bún cắt Nguyễn Khắc Nhu không lún, không có xe siêu trường, siêu trọng, xe tải nặng chạy qua vừa được thảm nhựa lại). Đề nghị quý cơ quan sớm khắc phục trải bê tông nhựa đoạn đường từ ngã tư Cửa Bắc + Phan Đình Phùng đến ngã tư Quán Thánh + Cửa Bắc. Xin chân thành cảm ơn","Hà Nội, ngày 24/4/2026 Kính gửi Sở xây dựng Hà Nội (Lần thứ hai) Từ năm 2024 đến nay tại dãy nhà số 92, 94, 96 phố Cửa Bắc sau khi Công ty Điện lực Hà Nội xây dựng bốt điện trước số nhà 94 Cửa Bắc (đường điện đào chạy ngang đường) Sở đã cho bê tông nhựa trám vào 02 vết cắt ngang đường, nhưng do các xe tải siêu trường, siêu trọng, xe trộn bê tông, các xe có trọng tải lớn vv. . . hằng đêm từ 21h30-4h00 sáng chạy với tốc độ cao (hơn 2 năm nay), chở nặng làm lún nền đường từ ngã tư Cửa Bắc Phan Đình Phùng đến ngã tư Quán Thánh Cửa Bắc gây tiếng động rầm rầm đêm khuya mỗi khi xe tải chạy qua làm rung lắc nhà các hộ dân (trong khi đoạn đường Hàng Bún cắt Nguyễn Khắc Nhu không lún, không có xe siêu trường, siêu trọng, xe tải nặng chạy qua vừa được thảm nhựa lại). Đề nghị quý cơ quan sớm khắc phục trải bê tông nhựa đoạn đường từ ngã tư Cửa Bắc Phan Đình Phùng đến ngã tư Quán Thánh Cửa Bắc. Xin chân thành cảm ơn","Hà_Nội , ngày 24 / 4 / 2026 Kính gửi Sở xây_dựng Hà_Nội ( Lần thứ hai ) Từ năm 2024 đến nay tại dãy nhà số 92 , 94 , 96 phố Cửa_Bắc sau khi Công_ty Điện_lực Hà_Nội xây_dựng bốt điện trước số nhà 94 Cửa_Bắc ( đường điện_đào chạy ngang đường ) Sở_đã cho bê_tông nhựa trám vào 02 vết cắt ngang đường , nhưng do các xe_tải siêu_trường , siêu_trọng , xe trộn bê_tông , các xe có trọng_tải lớn vv . . . hằng đêm từ 21h30 - 4h00 sáng chạy với tốc_độ cao ( hơn 2 năm nay ) , chở nặng làm lún nền đường từ ngã tư Cửa_Bắc_Phan_Đình_Phùng_đến ngã tư Quán_Thánh_Cửa_Bắc gây tiếng_động rầm_rầm đêm khuya mỗi khi xe_tải chạy qua làm rung lắc nhà các hộ dân ( trong khi đoạn_đường Hàng_Bún cắt Nguyễn_Khắc_Nhu không lún , không có xe siêu_trường , siêu_trọng , xe_tải nặng chạy qua vừa được thảm nhựa lại ) . Đề_nghị quý cơ_quan sớm khắc_phục trải bê_tông nhựa đoạn_đường từ ngã tư Cửa_Bắc_Phan_Đình_Phùng_đến ngã tư Quán_Thánh_Cửa_Bắc . Xin chân_thành cảm_ơn","hà_nội , ngày 24 / 4 / 2026 kính gửi sở xây_dựng hà_nội ( lần thứ hai ) từ năm 2024 đến nay tại dãy nhà số 92 , 94 , 96 phố cửa_bắc sau khi công_ty điện_lực hà_nội xây_dựng bốt điện trước số nhà 94 cửa_bắc ( đường điện_đào chạy ngang đường ) sở_đã cho bê_tông nhựa trám vào 02 vết cắt ngang đường , nhưng do các xe_tải siêu_trường , siêu_trọng , xe trộn bê_tông , các xe có trọng_tải lớn vv . . . hằng đêm từ 21h30 - 4h00 sáng chạy với tốc_độ cao ( hơn 2 năm nay ) , chở nặng làm lún nền đường từ ngã tư cửa_bắc_phan_đình_phùng_đến ngã tư quán_thánh_cửa_bắc gây tiếng_động rầm_rầm đêm khuya mỗi khi xe_tải chạy qua làm rung lắc nhà các hộ dân ( trong khi đoạn_đường hàng_bún cắt nguyễn_khắc_nhu không lún , không có xe siêu_trường , siêu_trọng , xe_tải nặng chạy qua vừa được thảm nhựa lại ) . đề_nghị quý cơ_quan sớm khắc_phục trải bê_tông nhựa đoạn_đường từ ngã tư cửa_bắc_phan_đình_phùng_đến ngã tư quán_thánh_cửa_bắc . xin chân_thành cảm_ơn",False
268176,Ha Noi,congdanso_hanoi,7,,"Xe oto đỗ trong Vườn hoa Thượng Thanh, phường Bồ Đề, Hà Nội (sáng nay ngày 16/4/2026)",". Xe oto đỗ trong Vườn hoa Thượng Thanh, phường Bồ Đề, Hà Nội (sáng nay ngày 16/4/2026)",https://congdanso.hanoi.gov.vn/phan-anh/o-to-do-vi-pham-trat-tu-do-thi-268176,"Xe oto đỗ trong Vườn hoa Thượng Thanh, phường Bồ Đề, Hà Nội (sáng nay ngày 16/4/2026)","Xe oto đỗ trong Vườn hoa Thượng Thanh, phường Bồ Đề, Hà Nội (sáng nay ngày 16/4/2026)","Xe oto đỗ trong Vườn hoa Thượng_Thanh , phường Bồ_Đề , Hà_Nội ( sáng nay ngày 16 / 4 / 2026 )","xe oto đỗ trong vườn hoa thượng_thanh , phường bồ_đề , hà_nội ( sáng nay ngày 16 / 4 / 2026 )",False
269044,Ha Noi,congdanso_hanoi,7,,"Oto đỗ lòng đường gây ách tắc giao thông vào giờ cao điểm. Chỗ này thường xuyên taxi, xe công nghệ đậu nhưng ít khi thấy bị xử lý. Việc này hàng ngày tôi đi qua diễn ra trong một thời gian dài.",". Oto đỗ lòng đường gây ách tắc giao thông vào giờ cao điểm. Chỗ này thường xuyên taxi, xe công nghệ đậu nhưng ít khi thấy bị xử lý. Việc này hàng ngày tôi đi qua diễn ra trong một thời gian dài.",https://congdanso.hanoi.gov.vn/phan-anh/oto-taxi-xe-cong-nghe-do-xe-truoc-truong-dh-bach-khoa-mat-cong-parabol-269044,"Oto đỗ lòng đường gây ách tắc giao thông vào giờ cao điểm. Chỗ này thường xuyên taxi, xe công nghệ đậu nhưng ít khi thấy bị xử lý. Việc này hàng ngày tôi đi qua diễn ra trong một thời gian dài.","Oto đỗ lòng đường gây ách tắc giao thông vào giờ cao điểm. Chỗ này thường xuyên taxi, xe công nghệ đậu nhưng ít khi thấy bị xử lý. Việc này hàng ngày tôi đi qua diễn ra trong một thời gian dài.","Oto_đỗ lòng_đường gây ách_tắc giao_thông vào giờ cao_điểm . Chỗ này thường_xuyên taxi , xe công_nghệ đậu nhưng ít khi thấy bị xử_lý . Việc này hàng ngày tôi đi qua diễn ra trong một thời_gian dài .","oto_đỗ lòng_đường gây ách_tắc giao_thông vào giờ cao_điểm . chỗ này thường_xuyên taxi , xe công_nghệ đậu nhưng ít khi thấy bị xử_lý . việc này hàng ngày tôi đi qua diễn ra trong một thời_gian dài .",False
224674,Ha Noi,congdanso_hanoi,8,,"Cạnh số nhà 21,ngõ 1,tuyến số 2 ,khu 1 (Xóm sát nhà văn hoá số 4 làng Giang xá,xã Hoài Đức). Từ nhiều năm có 1 chuồng chó để trên đường đi của xóm,nuôi 3 đến 4 con chó gây mất mĩ quan đô thị và vệ sinh môi trường,cản trở giao thông. Đồng thời gây nguy hiểm cho người và phương tiện đi lại. Đặc biệt là các cháu nhỏ k dám đi qua. Tiếng chó sủa ngày đêm mỗi khi có người đi gây ô nhiễm tiếng ồn. Để nghị chính quyền,các ban nghành giải quyết dứt điểm và triệt để. Tôi xin chân thành cảm ơn!",". Cạnh số nhà 21,ngõ 1,tuyến số 2 ,khu 1 (Xóm sát nhà văn hoá số 4 làng Giang xá,xã Hoài Đức). Từ nhiều năm có 1 chuồng chó để trên đường đi của xóm,nuôi 3 đến 4 con chó gây mất mĩ quan đô thị và vệ sinh môi trường,cản trở giao thông. Đồng thời gây nguy hiểm cho người và phương tiện đi lại. Đặc biệt là các cháu nhỏ k dám đi qua. Tiếng chó sủa ngày đêm mỗi khi có người đi gây ô nhiễm tiếng ồn. Để nghị chính quyền,các ban nghành giải quyết dứt điểm và triệt để. Tôi xin chân thành cảm ơn!",https://congdanso.hanoi.gov.vn/phan-anh/de-chuong-cho-tren-loi-di-cua-xom-224674,"Cạnh số nhà 21,ngõ 1,tuyến số 2 ,khu 1 (Xóm sát nhà văn hoá số 4 làng Giang xá,xã Hoài Đức). Từ nhiều năm có 1 chuồng chó để trên đường đi của xóm,nuôi 3 đến 4 con chó gây mất mĩ quan đô thị và vệ sinh môi trường,cản trở giao thông. Đồng thời gây nguy hiểm cho người và phương tiện đi lại. Đặc biệt là các cháu nhỏ k dám đi qua. Tiếng chó sủa ngày đêm mỗi khi có người đi gây ô nhiễm tiếng ồn. Để nghị chính quyền,các ban nghành giải quyết dứt điểm và triệt để. Tôi xin chân thành cảm ơn!","Cạnh số nhà 21, ngõ 1, tuyến số 2, khu 1 (Xóm sát nhà văn hoá số 4 làng Giang xá, xã Hoài Đức). Từ nhiều năm có 1 chuồng chó để trên đường đi của xóm, nuôi 3 đến 4 con chó gây mất mĩ quan đô thị và vệ sinh môi trường, cản trở giao thông. Đồng thời gây nguy hiểm cho người và phương tiện đi lại. Đặc biệt là các cháu nhỏ k dám đi qua. Tiếng chó sủa ngày đêm mỗi khi có người đi gây ô nhiễm tiếng ồn. Để nghị chính quyền, các ban nghành giải quyết dứt điểm và triệt để. Tôi xin chân thành cảm ơn","Cạnh số nhà 21 , ngõ 1 , tuyến số 2 , khu 1 ( Xóm sát nhà_văn_hoá số 4 làng Giang_xá , xã Hoài_Đức ) . Từ nhiều năm có 1 chuồng chó để trên đường_đi của xóm , nuôi 3 đến 4 con chó gây mất mĩ_quan đô_thị và vệ_sinh môi_trường , cản_trở giao_thông . Đồng_thời gây nguy_hiểm cho người và phương_tiện đi_lại . Đặc_biệt là các cháu nhỏ k dám đi qua . Tiếng chó sủa ngày_đêm mỗi khi có người đi gây ô_nhiễm tiếng ồn . Để nghị chính_quyền , các ban nghành giải_quyết dứt_điểm và triệt_để . Tôi xin chân_thành cảm_ơn","cạnh số nhà 21 , ngõ 1 , tuyến số 2 , khu 1 ( xóm sát nhà_văn_hoá số 4 làng giang_xá , xã hoài_đức ) . từ nhiều năm có 1 chuồng chó để trên đường_đi của xóm , nuôi 3 đến 4 con chó gây mất mĩ_quan đô_thị và vệ_sinh môi_trường , cản_trở giao_thông . đồng_thời gây nguy_hiểm cho người và phương_tiện đi_lại . đặc_biệt là các cháu nhỏ k dám đi qua . tiếng chó sủa ngày_đêm mỗi khi có người đi gây ô_nhiễm tiếng ồn . để nghị chính_quyền , các ban nghành giải_quyết dứt_điểm và triệt_để . tôi xin chân_thành cảm_ơn",False
267776,Ha Noi,congdanso_hanoi,8,,"Tuyến đường từ đê Đáy đi gốc đa thôn nguyễn trãi, xã văn võ cũ, nay xã hòa phú. Mới được đầu tư tu sửa xong do quá trình thi công không được giám sát lên chất lượng đường đã xuống cấp nghiêm trọng. Đặc biệt tuyến có thiết kế lắp cống ở giữa đường nhưng làm không đảm bảo kỹ thuật, chất lượng kém đã hư hỏng, vỡ nhiều lắp tấm đan ở nhiều vị trí gây ra nhiều vụ tai nạn giao thông. Đề nghị cơ quan có thẩm quyền giúp đỡ nhân dân.",". Tuyến đường từ đê Đáy đi gốc đa thôn nguyễn trãi, xã văn võ cũ, nay xã hòa phú. Mới được đầu tư tu sửa xong do quá trình thi công không được giám sát lên chất lượng đường đã xuống cấp nghiêm trọng. Đặc biệt tuyến có thiết kế lắp cống ở giữa đường nhưng làm không đảm bảo kỹ thuật, chất lượng kém đã hư hỏng, vỡ nhiều lắp tấm đan ở nhiều vị trí gây ra nhiều vụ tai nạn giao thông. Đề nghị cơ quan có thẩm quyền giúp đỡ nhân dân.",https://congdanso.hanoi.gov.vn/phan-anh/ho-ga-xuong-cap-nghiem-trong-gay-mat-an-toan-giao-thong-tai-nan-giao-thong-267776,"Tuyến đường từ đê Đáy đi gốc đa thôn nguyễn trãi, xã văn võ cũ, nay xã hòa phú. Mới được đầu tư tu sửa xong do quá trình thi công không được giám sát lên chất lượng đường đã xuống cấp nghiêm trọng. Đặc biệt tuyến có thiết kế lắp cống ở giữa đường nhưng làm không đảm bảo kỹ thuật, chất lượng kém đã hư hỏng, vỡ nhiều lắp tấm đan ở nhiều vị trí gây ra nhiều vụ tai nạn giao thông. Đề nghị cơ quan có thẩm quyền giúp đỡ nhân dân.","Tuyến đường từ đê Đáy đi gốc đa thôn nguyễn trãi, xã văn võ cũ, nay xã hòa phú. Mới được đầu tư tu sửa xong do quá trình thi công không được giám sát lên chất lượng đường đã xuống cấp nghiêm trọng. Đặc biệt tuyến có thiết kế lắp cống ở giữa đường nhưng làm không đảm bảo kỹ thuật, chất lượng kém đã hư hỏng, vỡ nhiều lắp tấm đan ở nhiều vị trí gây ra nhiều vụ tai nạn giao thông. Đề nghị cơ quan có thẩm quyền giúp đỡ nhân dân.","Tuyến_đường từ đê_Đáy_đi gốc đa thôn nguyễn trãi , xã văn_võ cũ , nay xã hòa phú . Mới_được_đầu tư tu_sửa xong do quá_trình thi_công không được giám_sát lên chất_lượng đường_đã xuống_cấp nghiêm_trọng . Đặc_biệt tuyến có thiết_kế lắp cống ở giữa đường nhưng làm không đảm_bảo kỹ_thuật , chất_lượng kém đã hư_hỏng , vỡ nhiều lắp tấm đan ở nhiều vị_trí gây ra nhiều vụ tai_nạn giao_thông . Đề_nghị cơ_quan có thẩm_quyền giúp_đỡ nhân_dân .","tuyến_đường từ đê_đáy_đi gốc đa thôn nguyễn trãi , xã văn_võ cũ , nay xã hòa phú . mới_được_đầu tư tu_sửa xong do quá_trình thi_công không được giám_sát lên chất_lượng đường_đã xuống_cấp nghiêm_trọng . đặc_biệt tuyến có thiết_kế lắp cống ở giữa đường nhưng làm không đảm_bảo kỹ_thuật , chất_lượng kém đã hư_hỏng , vỡ nhiều lắp tấm đan ở nhiều vị_trí gây ra nhiều vụ tai_nạn giao_thông . đề_nghị cơ_quan có thẩm_quyền giúp_đỡ nhân_dân .",False
265991,Ha Noi,congdanso_hanoi,8,,"Mình đứng ở đây 15 phút, từ 19h23 đến bây giờ (19h38 là vừa thoát ra khỏi chỗ ùn ứ), có 1 người dân đứng ra điều tiết giùm trong suốt khoảng thời gian đấy mà không thấy CA phường hay đội điều tiết đâu? Trong khi đoạn ngã 4 Trương Định giao với Ngõ Trại Cá và đường Hoàng Mai luôn là tâm điểm ùn ứ từ 17h30 - 20h mỗi ngày trong suốt mấy năm nay rồi. Mình mong thành phố sớm có phương án giải quyết để điều tiết giao thông!",". Mình đứng ở đây 15 phút, từ 19h23 đến bây giờ (19h38 là vừa thoát ra khỏi chỗ ùn ứ), có 1 người dân đứng ra điều tiết giùm trong suốt khoảng thời gian đấy mà không thấy CA phường hay đội điều tiết đâu? Trong khi đoạn ngã 4 Trương Định giao với Ngõ Trại Cá và đường Hoàng Mai luôn là tâm điểm ùn ứ từ 17h30 - 20h mỗi ngày trong suốt mấy năm nay rồi. Mình mong thành phố sớm có phương án giải quyết để điều tiết giao thông!",https://congdanso.hanoi.gov.vn/phan-anh/un-tac-giao-thong---khong-thay-cadoi-dieu-tiet-cua-phuong-265991,"Mình đứng ở đây 15 phút, từ 19h23 đến bây giờ (19h38 là vừa thoát ra khỏi chỗ ùn ứ), có 1 người dân đứng ra điều tiết giùm trong suốt khoảng thời gian đấy mà không thấy CA phường hay đội điều tiết đâu? Trong khi đoạn ngã 4 Trương Định giao với Ngõ Trại Cá và đường Hoàng Mai luôn là tâm điểm ùn ứ từ 17h30 - 20h mỗi ngày trong suốt mấy năm nay rồi. Mình mong thành phố sớm có phương án giải quyết để điều tiết giao thông!","Mình đứng ở đây 15 phút, từ 19h23 đến bây giờ (19h38 là vừa thoát ra khỏi chỗ ùn ứ), có 1 người dân đứng ra điều tiết giùm trong suốt khoảng thời gian đấy mà không thấy CA phường hay đội điều tiết đâu Trong khi đoạn ngã 4 Trương Định giao với Ngõ Trại Cá và đường Hoàng Mai luôn là tâm điểm ùn ứ từ 17h30 - 20h mỗi ngày trong suốt mấy năm nay rồi. Mình mong thành phố sớm có phương án giải quyết để điều tiết giao thông","Mình_đứng ở đây 15 phút , từ 19h23 đến bây_giờ ( 19h38 là vừa thoát ra khỏi chỗ ùn ứ ) , có 1 người dân đứng ra_điều_tiết giùm trong suốt khoảng thời_gian đấy mà không thấy CA phường hay đội_điều tiết đâu_Trong khi đoạn ngã 4 Trương_Định giao với Ngõ_Trại_Cá và đường Hoàng_Mai luôn là tâm điểm_ùn ứ từ 17h30 - 20h mỗi ngày trong suốt mấy năm nay rồi . Mình mong thành_phố sớm có phương_án giải_quyết để_điều tiết giao_thông","mình_đứng ở đây 15 phút , từ 19h23 đến bây_giờ ( 19h38 là vừa thoát ra khỏi chỗ ùn ứ ) , có 1 người dân đứng ra_điều_tiết giùm trong suốt khoảng thời_gian đấy mà không thấy ca phường hay đội_điều tiết đâu_trong khi đoạn ngã 4 trương_định giao với ngõ_trại_cá và đường hoàng_mai luôn là tâm điểm_ùn ứ từ 17h30 - 20h mỗi ngày trong suốt mấy năm nay rồi . mình mong thành_phố sớm có phương_án giải_quyết để_điều tiết giao_thông",False
268813,Ha Noi,congdanso_hanoi,8,,Xe ô tô thường xuyên đỗ dưới lòng đường mặc dù có biển cấm. Kính mong cơ quan chức năng xử lý triệt để nghiêm minh.,. Xe ô tô thường xuyên đỗ dưới lòng đường mặc dù có biển cấm. Kính mong cơ quan chức năng xử lý triệt để nghiêm minh.,https://congdanso.hanoi.gov.vn/phan-anh/do-xe-o-to-duoi-long-duong-268813,Xe ô tô thường xuyên đỗ dưới lòng đường mặc dù có biển cấm. Kính mong cơ quan chức năng xử lý triệt để nghiêm minh.,Xe ô tô thường xuyên đỗ dưới lòng đường mặc dù có biển cấm. Kính mong cơ quan chức năng xử lý triệt để nghiêm minh.,Xe ô_tô thường_xuyên đỗ dưới lòng_đường mặc_dù có biển cấm . Kính mong cơ_quan_chức_năng xử_lý triệt_để nghiêm_minh .,xe ô_tô thường_xuyên đỗ dưới lòng_đường mặc_dù có biển cấm . kính mong cơ_quan_chức_năng xử_lý triệt_để nghiêm_minh .,False
246242,Ha Noi,congdanso_hanoi,8,,Xe con 14A414.50 đi vào làn xe máy cấm ô tô trên cầu thăng long,. Xe con 14A414.50 đi vào làn xe máy cấm ô tô trên cầu thăng long,https://congdanso.hanoi.gov.vn/phan-anh/xe-oto-di-vao-lan-xe-may-tren-cau-thang-long-246242,Xe con 14A414.50 đi vào làn xe máy cấm ô tô trên cầu thăng long,Xe con 14A414. 50 đi vào làn xe máy cấm ô tô trên cầu thăng long,Xe_con 14A414 . 50 đi vào làn xe_máy cấm ô_tô trên cầu thăng_long,xe_con 14a414 . 50 đi vào làn xe_máy cấm ô_tô trên cầu thăng_long,False
271406,Ha Noi,congdanso_hanoi,8,,"Đỗ xe ô tô dưới lòng đường gây khó khăn cho cư dân đi lại, quán này có quan hệ hay bảo kê gì không mà liên tục vi phạm? Mong các lực lượng chức năng xử lý triệt để.",". Đỗ xe ô tô dưới lòng đường gây khó khăn cho cư dân đi lại, quán này có quan hệ hay bảo kê gì không mà liên tục vi phạm? Mong các lực lượng chức năng xử lý triệt để.",https://congdanso.hanoi.gov.vn/phan-anh/do-xe-o-to-duoi-long-duong-gay-kho-khan-cho-cu-dan-di-lai-271406,"Đỗ xe ô tô dưới lòng đường gây khó khăn cho cư dân đi lại, quán này có quan hệ hay bảo kê gì không mà liên tục vi phạm? Mong các lực lượng chức năng xử lý triệt để.","Đỗ xe ô tô dưới lòng đường gây khó khăn cho cư dân đi lại, quán này có quan hệ hay bảo kê gì không mà liên tục vi phạm Mong các lực lượng chức năng xử lý triệt để.","Đỗ xe ô_tô dưới lòng_đường gây khó_khăn cho cư_dân đi_lại , quán này có quan_hệ hay bảo_kê gì không mà liên_tục vi_phạm Mong các lực_lượng chức_năng xử_lý triệt_để .","đỗ xe ô_tô dưới lòng_đường gây khó_khăn cho cư_dân đi_lại , quán này có quan_hệ hay bảo_kê gì không mà liên_tục vi_phạm mong các lực_lượng chức_năng xử_lý triệt_để .",False
271507,Ha Noi,congdanso_hanoi,8,,Có biển cấm đỗ xe nhưng xe này vẫn ngang nhiên thường xuyên đỗ cả sáng cả tối,. Có biển cấm đỗ xe nhưng xe này vẫn ngang nhiên thường xuyên đỗ cả sáng cả tối,https://congdanso.hanoi.gov.vn/phan-anh/co-bien-cam-do-xe-nhung-van-ngang-nhien-do-ca-sang-ca-toi-271507,Có biển cấm đỗ xe nhưng xe này vẫn ngang nhiên thường xuyên đỗ cả sáng cả tối,Có biển cấm đỗ xe nhưng xe này vẫn ngang nhiên thường xuyên đỗ cả sáng cả tối,Có biển cấm đỗ xe nhưng xe này vẫn ngang_nhiên thường_xuyên đỗ cả sáng cả tối,có biển cấm đỗ xe nhưng xe này vẫn ngang_nhiên thường_xuyên đỗ cả sáng cả tối,False
271021,Ha Noi,congdanso_hanoi,8,,"Kính gửi: UBND phường Láng, Công an phường Láng, các cơ quan chức năng. Tôi xin được phản ánh tình hình giao thông tại khu vực ngõ Láng Trung như sau: Trong thời gian gần đây tại vị trí trước cửa số nhà 31, 33, 35, 37 ngõ Láng Trung thường xuyên xuất hiện tình trạng đỗ xe ô tô tại nơi vị trí ngõ hẹp. Tình trạng đỗ xe ô tô nêu trên đã gây cản trở, ách tắc giao thông các giờ cao điểm buổi sáng và buổi chiều khi có lưu lượng tham gia giao thông cao, đồng thời làm gia tăng nguy cơ gây mất an toàn giao thông tại khu vực trên. Kính mong cơ quan chức năng tuyên truyền và có biện pháp ngăn ngừa tình trạng trên. Trân trọng cám ơn!",". Kính gửi: UBND phường Láng, Công an phường Láng, các cơ quan chức năng. Tôi xin được phản ánh tình hình giao thông tại khu vực ngõ Láng Trung như sau: Trong thời gian gần đây tại vị trí trước cửa số nhà 31, 33, 35, 37 ngõ Láng Trung thường xuyên xuất hiện tình trạng đỗ xe ô tô tại nơi vị trí ngõ hẹp. Tình trạng đỗ xe ô tô nêu trên đã gây cản trở, ách tắc giao thông các giờ cao điểm buổi sáng và buổi chiều khi có lưu lượng tham gia giao thông cao, đồng thời làm gia tăng nguy cơ gây mất an toàn giao thông tại khu vực trên. Kính mong cơ quan chức năng tuyên truyền và có biện pháp ngăn ngừa tình trạng trên. Trân trọng cám ơn!",https://congdanso.hanoi.gov.vn/phan-anh/vi-pham-giao-thong-271021,"Kính gửi: UBND phường Láng, Công an phường Láng, các cơ quan chức năng. Tôi xin được phản ánh tình hình giao thông tại khu vực ngõ Láng Trung như sau: Trong thời gian gần đây tại vị trí trước cửa số nhà 31, 33, 35, 37 ngõ Láng Trung thường xuyên xuất hiện tình trạng đỗ xe ô tô tại nơi vị trí ngõ hẹp. Tình trạng đỗ xe ô tô nêu trên đã gây cản trở, ách tắc giao thông các giờ cao điểm buổi sáng và buổi chiều khi có lưu lượng tham gia giao thông cao, đồng thời làm gia tăng nguy cơ gây mất an toàn giao thông tại khu vực trên. Kính mong cơ quan chức năng tuyên truyền và có biện pháp ngăn ngừa tình trạng trên. Trân trọng cám ơn!","Kính gửi: UBND phường Láng, Công an phường Láng, các cơ quan chức năng. Tôi xin được phản ánh tình hình giao thông tại khu vực ngõ Láng Trung như sau: Trong thời gian gần đây tại vị trí trước cửa số nhà 31, 33, 35, 37 ngõ Láng Trung thường xuyên xuất hiện tình trạng đỗ xe ô tô tại nơi vị trí ngõ hẹp. Tình trạng đỗ xe ô tô nêu trên đã gây cản trở, ách tắc giao thông các giờ cao điểm buổi sáng và buổi chiều khi có lưu lượng tham gia giao thông cao, đồng thời làm gia tăng nguy cơ gây mất an toàn giao thông tại khu vực trên. Kính mong cơ quan chức năng tuyên truyền và có biện pháp ngăn ngừa tình trạng trên. Trân trọng cám ơn","Kính gửi : UBND phường Láng , Công_an phường Láng , các cơ_quan_chức_năng . Tôi xin được phản_ánh tình_hình giao_thông tại khu_vực ngõ Láng_Trung như sau : Trong thời_gian gần đây tại vị_trí trước cửa số nhà 31 , 33 , 35 , 37 ngõ Láng_Trung thường_xuyên xuất_hiện tình_trạng đỗ xe ô_tô tại nơi vị_trí ngõ hẹp . Tình_trạng đỗ xe ô_tô nêu trên đã gây cản_trở , ách_tắc giao_thông các giờ cao_điểm buổi sáng và buổi chiều khi có lưu_lượng tham_gia giao_thông cao , đồng_thời làm gia_tăng nguy_cơ gây mất an_toàn giao_thông tại khu_vực trên . Kính mong cơ_quan_chức_năng tuyên_truyền và có biện_pháp ngăn_ngừa tình_trạng trên . Trân_trọng cám_ơn","kính gửi : ubnd phường láng , công_an phường láng , các cơ_quan_chức_năng . tôi xin được phản_ánh tình_hình giao_thông tại khu_vực ngõ láng_trung như sau : trong thời_gian gần đây tại vị_trí trước cửa số nhà 31 , 33 , 35 , 37 ngõ láng_trung thường_xuyên xuất_hiện tình_trạng đỗ xe ô_tô tại nơi vị_trí ngõ hẹp . tình_trạng đỗ xe ô_tô nêu trên đã gây cản_trở , ách_tắc giao_thông các giờ cao_điểm buổi sáng và buổi chiều khi có lưu_lượng tham_gia giao_thông cao , đồng_thời làm gia_tăng nguy_cơ gây mất an_toàn giao_thông tại khu_vực trên . kính mong cơ_quan_chức_năng tuyên_truyền và có biện_pháp ngăn_ngừa tình_trạng trên . trân_trọng cám_ơn",False
271316,Ha Noi,congdanso_hanoi,8,,"Oto thường xuyên đỗ tại vị trí ngõ hẹp gây cản trở giao thông, có nguy cơ gây mất an toàn giao thông. Đề nghị cơ quan chức năng nhắc nhở xử lý",". Oto thường xuyên đỗ tại vị trí ngõ hẹp gây cản trở giao thông, có nguy cơ gây mất an toàn giao thông. Đề nghị cơ quan chức năng nhắc nhở xử lý",https://congdanso.hanoi.gov.vn/phan-anh/can-tro-giao-thong-271316,"Oto thường xuyên đỗ tại vị trí ngõ hẹp gây cản trở giao thông, có nguy cơ gây mất an toàn giao thông. Đề nghị cơ quan chức năng nhắc nhở xử lý","Oto thường xuyên đỗ tại vị trí ngõ hẹp gây cản trở giao thông, có nguy cơ gây mất an toàn giao thông. Đề nghị cơ quan chức năng nhắc nhở xử lý","Oto thường_xuyên đỗ tại vị_trí ngõ hẹp gây cản_trở giao_thông , có nguy_cơ gây mất an_toàn giao_thông . Đề_nghị cơ_quan_chức_năng nhắc_nhở xử_lý","oto thường_xuyên đỗ tại vị_trí ngõ hẹp gây cản_trở giao_thông , có nguy_cơ gây mất an_toàn giao_thông . đề_nghị cơ_quan_chức_năng nhắc_nhở xử_lý",False
271734,Ha Noi,congdanso_hanoi,8,,Hiện nay ngõ Láng Trung vẫn xuất hiện tình trạng đỗ xe oto tại vị trí đường ngõ hẹp cản trở giao thông tiềm ẩn nguy cơ gây mất an toàn giao thông vi phạm khoản 4 điều 18 luật trật tự an toàn giao thông 2024 (không được dừng đỗ xe tại nơi phần đường có chiều rộng chỉ đủ cho một làn xe cơ giới). Tôi đã kiến nghị nhiều lần tuy nhiên tình trạng trên vẫn tiếp tục tái diễn nhiều lần. Kính mong cơ quan chức năng kịp thời nhắc nhở tuyên truyền các chủ phương tiện trên. Trân trọng cám ơn!,. Hiện nay ngõ Láng Trung vẫn xuất hiện tình trạng đỗ xe oto tại vị trí đường ngõ hẹp cản trở giao thông tiềm ẩn nguy cơ gây mất an toàn giao thông vi phạm khoản 4 điều 18 luật trật tự an toàn giao thông 2024 (không được dừng đỗ xe tại nơi phần đường có chiều rộng chỉ đủ cho một làn xe cơ giới). Tôi đã kiến nghị nhiều lần tuy nhiên tình trạng trên vẫn tiếp tục tái diễn nhiều lần. Kính mong cơ quan chức năng kịp thời nhắc nhở tuyên truyền các chủ phương tiện trên. Trân trọng cám ơn!,https://congdanso.hanoi.gov.vn/phan-anh/vi-pham-giao-thong-271734,Hiện nay ngõ Láng Trung vẫn xuất hiện tình trạng đỗ xe oto tại vị trí đường ngõ hẹp cản trở giao thông tiềm ẩn nguy cơ gây mất an toàn giao thông vi phạm khoản 4 điều 18 luật trật tự an toàn giao thông 2024 (không được dừng đỗ xe tại nơi phần đường có chiều rộng chỉ đủ cho một làn xe cơ giới). Tôi đã kiến nghị nhiều lần tuy nhiên tình trạng trên vẫn tiếp tục tái diễn nhiều lần. Kính mong cơ quan chức năng kịp thời nhắc nhở tuyên truyền các chủ phương tiện trên. Trân trọng cám ơn!,Hiện nay ngõ Láng Trung vẫn xuất hiện tình trạng đỗ xe oto tại vị trí đường ngõ hẹp cản trở giao thông tiềm ẩn nguy cơ gây mất an toàn giao thông vi phạm khoản 4 điều 18 luật trật tự an toàn giao thông 2024 (không được dừng đỗ xe tại nơi phần đường có chiều rộng chỉ đủ cho một làn xe cơ giới). Tôi đã kiến nghị nhiều lần tuy nhiên tình trạng trên vẫn tiếp tục tái diễn nhiều lần. Kính mong cơ quan chức năng kịp thời nhắc nhở tuyên truyền các chủ phương tiện trên. Trân trọng cám ơn,Hiện_nay ngõ Láng_Trung vẫn xuất_hiện tình_trạng đỗ xe oto tại vị_trí đường ngõ hẹp cản_trở giao_thông tiềm_ẩn nguy_cơ gây mất an_toàn giao_thông vi_phạm khoản 4 điều 18 luật trật_tự an_toàn giao_thông 2024 ( không được dừng đỗ xe tại nơi phần đường có chiều rộng chỉ đủ cho một làn xe cơ_giới ) . Tôi_đã kiến_nghị nhiều lần tuy_nhiên tình_trạng trên vẫn tiếp_tục tái_diễn nhiều lần . Kính mong cơ_quan_chức_năng kịp_thời nhắc_nhở tuyên_truyền các chủ phương_tiện trên . Trân_trọng cám_ơn,hiện_nay ngõ láng_trung vẫn xuất_hiện tình_trạng đỗ xe oto tại vị_trí đường ngõ hẹp cản_trở giao_thông tiềm_ẩn nguy_cơ gây mất an_toàn giao_thông vi_phạm khoản 4 điều 18 luật trật_tự an_toàn giao_thông 2024 ( không được dừng đỗ xe tại nơi phần đường có chiều rộng chỉ đủ cho một làn xe cơ_giới ) . tôi_đã kiến_nghị nhiều lần tuy_nhiên tình_trạng trên vẫn tiếp_tục tái_diễn nhiều lần . kính mong cơ_quan_chức_năng kịp_thời nhắc_nhở tuyên_truyền các chủ phương_tiện trên . trân_trọng cám_ơn,False
271401,Ha Noi,congdanso_hanoi,9,,"Trước cửa số nhà 33, 35, 37 ngõ Láng Trung, phường Láng thường xuyên xuất hiện oto đỗ xe tại vị trí ngõ hẹp, đoạn đường co hẹp gây ách tắc, cản trở gia tăng nguy cơ mất an toàn giao thông. Kính đề nghị cơ quan chức năng giải quyết tình hình trên. Trân trọng cám ơn.",". Trước cửa số nhà 33, 35, 37 ngõ Láng Trung, phường Láng thường xuyên xuất hiện oto đỗ xe tại vị trí ngõ hẹp, đoạn đường co hẹp gây ách tắc, cản trở gia tăng nguy cơ mất an toàn giao thông. Kính đề nghị cơ quan chức năng giải quyết tình hình trên. Trân trọng cám ơn.",https://congdanso.hanoi.gov.vn/phan-anh/vi-pham-an-toan-giao-thong-271401,"Trước cửa số nhà 33, 35, 37 ngõ Láng Trung, phường Láng thường xuyên xuất hiện oto đỗ xe tại vị trí ngõ hẹp, đoạn đường co hẹp gây ách tắc, cản trở gia tăng nguy cơ mất an toàn giao thông. Kính đề nghị cơ quan chức năng giải quyết tình hình trên. Trân trọng cám ơn.","Trước cửa số nhà 33, 35, 37 ngõ Láng Trung, phường Láng thường xuyên xuất hiện oto đỗ xe tại vị trí ngõ hẹp, đoạn đường co hẹp gây ách tắc, cản trở gia tăng nguy cơ mất an toàn giao thông. Kính đề nghị cơ quan chức năng giải quyết tình hình trên. Trân trọng cám ơn.","Trước cửa số nhà 33 , 35 , 37 ngõ Láng_Trung , phường Láng thường_xuyên xuất_hiện oto đỗ xe tại vị_trí ngõ hẹp , đoạn_đường co hẹp gây ách_tắc , cản_trở_gia_tăng nguy_cơ mất an_toàn giao_thông . Kính_đề nghị cơ_quan_chức_năng giải_quyết tình_hình trên . Trân_trọng cám_ơn .","trước cửa số nhà 33 , 35 , 37 ngõ láng_trung , phường láng thường_xuyên xuất_hiện oto đỗ xe tại vị_trí ngõ hẹp , đoạn_đường co hẹp gây ách_tắc , cản_trở_gia_tăng nguy_cơ mất an_toàn giao_thông . kính_đề nghị cơ_quan_chức_năng giải_quyết tình_hình trên . trân_trọng cám_ơn .",False
266268,Ha Noi,congdanso_hanoi,9,,"Xe ô tô biển kiểm soát 17A-411-12đỗ ở vị trí có biển cấm đỗ,trước cửa ngân hàng Pgbank gần ngõ 118 Ỷ Lan, xã Gia Lâm, Hà Nội, thời gian 16h25 ngày 10/4/2026",". Xe ô tô biển kiểm soát 17A-411-12đỗ ở vị trí có biển cấm đỗ,trước cửa ngân hàng Pgbank gần ngõ 118 Ỷ Lan, xã Gia Lâm, Hà Nội, thời gian 16h25 ngày 10/4/2026",https://congdanso.hanoi.gov.vn/phan-anh/xe-o-to-do-o-vi-tri-co-bien-cam-do-266268,"Xe ô tô biển kiểm soát 17A-411-12đỗ ở vị trí có biển cấm đỗ,trước cửa ngân hàng Pgbank gần ngõ 118 Ỷ Lan, xã Gia Lâm, Hà Nội, thời gian 16h25 ngày 10/4/2026","Xe ô tô biển kiểm soát 17A-411-12đỗ ở vị trí có biển cấm đỗ, trước cửa ngân hàng Pgbank gần ngõ 118 Ỷ Lan, xã Gia Lâm, Hà Nội, thời gian 16h25 ngày 10/4/2026","Xe ô_tô biển kiểm_soát 17A - 411 - 12đỗ ở vị_trí có biển cấm đỗ , trước cửa ngân_hàng Pgbank gần ngõ 118 Ỷ_Lan , xã Gia_Lâm , Hà_Nội , thời_gian 16h25 ngày 10 / 4 / 2026","xe ô_tô biển kiểm_soát 17a - 411 - 12đỗ ở vị_trí có biển cấm đỗ , trước cửa ngân_hàng pgbank gần ngõ 118 ỷ_lan , xã gia_lâm , hà_nội , thời_gian 16h25 ngày 10 / 4 / 2026",False
267555,Ha Noi,congdanso_hanoi,9,,"PHẢN ÁNH VI PHẠM TRẬT TỰ AN TOÀN GIAO THÔNG TẠI KHU ĐÔ THỊ THANH HÀ Hiện nay, tại khu đô thị Thanh Hà (khu vực các tòa chung cư), tình trạng ô tô dừng, đỗ sai quy định, lấn chiếm lòng đường diễn ra phổ biến, đặc biệt tại các khúc cua và điểm giao cắt. Việc đỗ xe tràn lan đã che khuất tầm nhìn, thu hẹp mặt đường, gây cản trở giao thông và tiềm ẩn nguy cơ tai nạn cao. Thực tế, trong thời gian qua đã xảy ra nhiều vụ va chạm giữa các phương tiện (ô tô – ô tô, ô tô – xe máy, xe máy – xe máy). Bản thân tôi cũng là nạn nhân trong vụ tai nạn ngày 10/4 do tầm nhìn bị che khuất bởi xe ô tô đỗ sai quy định, gây chấn thương. Căn cứ Nghị định 100/2019/NĐ-CP (được sửa đổi, bổ sung bởi Nghị định 123/2021/NĐ-CP) và Luật Giao thông đường bộ 2008, hành vi dừng, đỗ xe không đúng nơi quy định, che khuất tầm nhìn, gây cản trở giao thông là hành vi vi phạm pháp luật và cần được xử lý nghiêm minh. Kính đề nghị các cơ quan chức năng khẩn trương kiểm tra, xử lý dứt điểm tình trạng trên; tăng cường tuần tra, xử phạt các trường hợp vi phạm; đồng thời tổ chức lại giao thông nội khu, bổ sung biển báo, kẻ vạch cấm dừng đỗ tại các vị trí nguy hiểm nhằm đảm bảo an toàn cho người dân. Trân trọng cảm ơn!",". PHẢN ÁNH VI PHẠM TRẬT TỰ AN TOÀN GIAO THÔNG TẠI KHU ĐÔ THỊ THANH HÀ Hiện nay, tại khu đô thị Thanh Hà (khu vực các tòa chung cư), tình trạng ô tô dừng, đỗ sai quy định, lấn chiếm lòng đường diễn ra phổ biến, đặc biệt tại các khúc cua và điểm giao cắt. Việc đỗ xe tràn lan đã che khuất tầm nhìn, thu hẹp mặt đường, gây cản trở giao thông và tiềm ẩn nguy cơ tai nạn cao. Thực tế, trong thời gian qua đã xảy ra nhiều vụ va chạm giữa các phương tiện (ô tô – ô tô, ô tô – xe máy, xe máy – xe máy). Bản thân tôi cũng là nạn nhân trong vụ tai nạn ngày 10/4 do tầm nhìn bị che khuất bởi xe ô tô đỗ sai quy định, gây chấn thương. Căn cứ Nghị định 100/2019/NĐ-CP (được sửa đổi, bổ sung bởi Nghị định 123/2021/NĐ-CP) và Luật Giao thông đường bộ 2008, hành vi dừng, đỗ xe không đúng nơi quy định, che khuất tầm nhìn, gây cản trở giao thông là hành vi vi phạm pháp luật và cần được xử lý nghiêm minh. Kính đề nghị các cơ quan chức năng khẩn trương kiểm tra, xử lý dứt điểm tình trạng trên; tăng cường tuần tra, xử phạt các trường hợp vi phạm; đồng thời tổ chức lại giao thông nội khu, bổ sung biển báo, kẻ vạch cấm dừng đỗ tại các vị trí nguy hiểm nhằm đảm bảo an toàn cho người dân. Trân trọng cảm ơn!",https://congdanso.hanoi.gov.vn/phan-anh/phan-anh-ve-viec-cac-chu-xe-o-to-khong-gui-xe-theo-dung-quy-dinh-ma-do-het-xe-tran-len-long-duong-lan-chiem-long-duong-gay-che-khuat-tam-nhin-va-da-xay-ra-rat-nhieu-vu-tai-nan-o-noi-day-267555,"PHẢN ÁNH VI PHẠM TRẬT TỰ AN TOÀN GIAO THÔNG TẠI KHU ĐÔ THỊ THANH HÀ Hiện nay, tại khu đô thị Thanh Hà (khu vực các tòa chung cư), tình trạng ô tô dừng, đỗ sai quy định, lấn chiếm lòng đường diễn ra phổ biến, đặc biệt tại các khúc cua và điểm giao cắt. Việc đỗ xe tràn lan đã che khuất tầm nhìn, thu hẹp mặt đường, gây cản trở giao thông và tiềm ẩn nguy cơ tai nạn cao. Thực tế, trong thời gian qua đã xảy ra nhiều vụ va chạm giữa các phương tiện (ô tô – ô tô, ô tô – xe máy, xe máy – xe máy). Bản thân tôi cũng là nạn nhân trong vụ tai nạn ngày 10/4 do tầm nhìn bị che khuất bởi xe ô tô đỗ sai quy định, gây chấn thương. Căn cứ Nghị định 100/2019/NĐ-CP (được sửa đổi, bổ sung bởi Nghị định 123/2021/NĐ-CP) và Luật Giao thông đường bộ 2008, hành vi dừng, đỗ xe không đúng nơi quy định, che khuất tầm nhìn, gây cản trở giao thông là hành vi vi phạm pháp luật và cần được xử lý nghiêm minh. Kính đề nghị các cơ quan chức năng khẩn trương kiểm tra, xử lý dứt điểm tình trạng trên; tăng cường tuần tra, xử phạt các trường hợp vi phạm; đồng thời tổ chức lại giao thông nội khu, bổ sung biển báo, kẻ vạch cấm dừng đỗ tại các vị trí nguy hiểm nhằm đảm bảo an toàn cho người dân. Trân trọng cảm ơn!","PHẢN ÁNH VI PHẠM TRẬT TỰ AN TOÀN GIAO THÔNG TẠI KHU ĐÔ THỊ THANH HÀ Hiện nay, tại khu đô thị Thanh Hà (khu vực các tòa chung cư), tình trạng ô tô dừng, đỗ sai quy định, lấn chiếm lòng đường diễn ra phổ biến, đặc biệt tại các khúc cua và điểm giao cắt. Việc đỗ xe tràn lan đã che khuất tầm nhìn, thu hẹp mặt đường, gây cản trở giao thông và tiềm ẩn nguy cơ tai nạn cao. Thực tế, trong thời gian qua đã xảy ra nhiều vụ va chạm giữa các phương tiện (ô tô ô tô, ô tô xe máy, xe máy xe máy). Bản thân tôi cũng là nạn nhân trong vụ tai nạn ngày 10/4 do tầm nhìn bị che khuất bởi xe ô tô đỗ sai quy định, gây chấn thương. Căn cứ Nghị định 100/2019/NĐ-CP (được sửa đổi, bổ sung bởi Nghị định 123/2021/NĐ-CP) và Luật Giao thông đường bộ 2008, hành vi dừng, đỗ xe không đúng nơi quy định, che khuất tầm nhìn, gây cản trở giao thông là hành vi vi phạm pháp luật và cần được xử lý nghiêm minh. Kính đề nghị các cơ quan chức năng khẩn trương kiểm tra, xử lý dứt điểm tình trạng trên; tăng cường tuần tra, xử phạt các trường hợp vi phạm; đồng thời tổ chức lại giao thông nội khu, bổ sung biển báo, kẻ vạch cấm dừng đỗ tại các vị trí nguy hiểm nhằm đảm bảo an toàn cho người dân. Trân trọng cảm ơn","PHẢN_ÁNH VI_PHẠM TRẬT_TỰ AN_TOÀN GIAO_THÔNG TẠI KHU ĐÔ_THỊ THANH HÀ Hiện_nay , tại khu đô_thị Thanh_Hà ( khu_vực các tòa chung_cư ) , tình_trạng ô_tô dừng , đỗ sai quy_định , lấn_chiếm lòng_đường diễn ra phổ_biến , đặc_biệt tại các khúc cua và điểm giao_cắt . Việc_đỗ xe tràn_lan đã che_khuất tầm nhìn , thu_hẹp mặt_đường , gây cản_trở giao_thông và tiềm_ẩn nguy_cơ tai_nạn cao . Thực_tế , trong thời_gian qua đã xảy ra nhiều vụ va_chạm giữa các phương_tiện ( ô_tô ô_tô , ô_tô xe_máy , xe_máy xe_máy ) . Bản_thân tôi cũng là nạn_nhân trong vụ tai_nạn ngày 10 / 4 do tầm nhìn bị che_khuất bởi xe ô_tô đỗ sai quy_định , gây chấn_thương . Căn_cứ Nghị_định 100 / 2019 / NĐ - CP ( được sửa_đổi , bổ_sung bởi Nghị_định 123 / 2021 / NĐ - CP ) và Luật_Giao thông đường_bộ 2008 , hành_vi dừng , đỗ xe không đúng nơi quy_định , che_khuất tầm nhìn , gây cản_trở giao_thông là hành_vi vi_phạm_pháp_luật và cần được xử_lý nghiêm_minh . Kính_đề nghị các cơ_quan_chức_năng khẩn_trương kiểm_tra , xử_lý dứt_điểm tình_trạng trên ; tăng_cường tuần_tra , xử_phạt các trường_hợp vi_phạm ; đồng_thời tổ_chức lại giao_thông nội khu , bổ_sung biển_báo , kẻ vạch cấm dừng đỗ tại các vị_trí nguy_hiểm nhằm đảm_bảo_an_toàn cho người dân . Trân_trọng cảm_ơn","phản_ánh vi_phạm trật_tự an_toàn giao_thông tại khu đô_thị thanh hà hiện_nay , tại khu đô_thị thanh_hà ( khu_vực các tòa chung_cư ) , tình_trạng ô_tô dừng , đỗ sai quy_định , lấn_chiếm lòng_đường diễn ra phổ_biến , đặc_biệt tại các khúc cua và điểm giao_cắt . việc_đỗ xe tràn_lan đã che_khuất tầm nhìn , thu_hẹp mặt_đường , gây cản_trở giao_thông và tiềm_ẩn nguy_cơ tai_nạn cao . thực_tế , trong thời_gian qua đã xảy ra nhiều vụ va_chạm giữa các phương_tiện ( ô_tô ô_tô , ô_tô xe_máy , xe_máy xe_máy ) . bản_thân tôi cũng là nạn_nhân trong vụ tai_nạn ngày 10 / 4 do tầm nhìn bị che_khuất bởi xe ô_tô đỗ sai quy_định , gây chấn_thương . căn_cứ nghị_định 100 / 2019 / nđ - cp ( được sửa_đổi , bổ_sung bởi nghị_định 123 / 2021 / nđ - cp ) và luật_giao thông đường_bộ 2008 , hành_vi dừng , đỗ xe không đúng nơi quy_định , che_khuất tầm nhìn , gây cản_trở giao_thông là hành_vi vi_phạm_pháp_luật và cần được xử_lý nghiêm_minh . kính_đề nghị các cơ_quan_chức_năng khẩn_trương kiểm_tra , xử_lý dứt_điểm tình_trạng trên ; tăng_cường tuần_tra , xử_phạt các trường_hợp vi_phạm ; đồng_thời tổ_chức lại giao_thông nội khu , bổ_sung biển_báo , kẻ vạch cấm dừng đỗ tại các vị_trí nguy_hiểm nhằm đảm_bảo_an_toàn cho người dân . trân_trọng cảm_ơn",False
269728,Ha Noi,congdanso_hanoi,9,,"Xe tải 29E35643 thường xuyên đỗ ngược đường, bất chấp phương tiện bên cạnh đã đỗ gây cản trở giao thông",". Xe tải 29E35643 thường xuyên đỗ ngược đường, bất chấp phương tiện bên cạnh đã đỗ gây cản trở giao thông",https://congdanso.hanoi.gov.vn/phan-anh/can-tro-giao-thong-269728,"Xe tải 29E35643 thường xuyên đỗ ngược đường, bất chấp phương tiện bên cạnh đã đỗ gây cản trở giao thông","Xe tải 29E35643 thường xuyên đỗ ngược đường, bất chấp phương tiện bên cạnh đã đỗ gây cản trở giao thông","Xe_tải 29E35643 thường_xuyên đỗ ngược đường , bất_chấp phương_tiện bên cạnh đã_đỗ gây cản_trở giao_thông","xe_tải 29e35643 thường_xuyên đỗ ngược đường , bất_chấp phương_tiện bên cạnh đã_đỗ gây cản_trở giao_thông",False
268042,Ha Noi,congdanso_hanoi,9,,"Ngõ 75, ngõ 91 Trần Quang Diệu có biển cấm dừng cấm đỗ nhưng xe để như bãi xe. Đã gửi kiến nghị rất nhiều lần. TP đang ra quân xử lí dừng đỗ. Đề nghị các cơ quan làm đúng",". Ngõ 75, ngõ 91 Trần Quang Diệu có biển cấm dừng cấm đỗ nhưng xe để như bãi xe. Đã gửi kiến nghị rất nhiều lần. TP đang ra quân xử lí dừng đỗ. Đề nghị các cơ quan làm đúng",https://congdanso.hanoi.gov.vn/phan-anh/do-xe-sai-quy-dinh-da-phan-anh-nhieu-lan-268042,"Ngõ 75, ngõ 91 Trần Quang Diệu có biển cấm dừng cấm đỗ nhưng xe để như bãi xe. Đã gửi kiến nghị rất nhiều lần. TP đang ra quân xử lí dừng đỗ. Đề nghị các cơ quan làm đúng","Ngõ 75, ngõ 91 Trần Quang Diệu có biển cấm dừng cấm đỗ nhưng xe để như bãi xe. Đã gửi kiến nghị rất nhiều lần. TP đang ra quân xử lí dừng đỗ. Đề nghị các cơ quan làm đúng","Ngõ 75 , ngõ 91 Trần_Quang_Diệu có biển cấm dừng cấm đỗ nhưng xe để như bãi xe . Đã gửi kiến_nghị rất nhiều lần . TP đang ra_quân xử_lí dừng đỗ . Đề_nghị các cơ_quan làm đúng","ngõ 75 , ngõ 91 trần_quang_diệu có biển cấm dừng cấm đỗ nhưng xe để như bãi xe . đã gửi kiến_nghị rất nhiều lần . tp đang ra_quân xử_lí dừng đỗ . đề_nghị các cơ_quan làm đúng",False
263187,Ha Noi,congdanso_hanoi,9,,"Nút đèn bố trí vạch kẻ đường không hợp lý, dành hẳn 1 làn đường chỉ có mũi tên rẽ trái trong khi lưu lượng phương tiện rẽ rất ít hoặc có những thời điểm gần như không có, các phương tiện dồn hết về làn đi thẳng làm ách tắc giao thông, cản trở lưu lượng. Đề nghị cán bộ phụ trách ra hiện trường ghi lại lưu lượng phương tiện rẽ trái trong một ngày, so với lưu lượng phương tiện đi thẳng từ đó sửa vạch kẻ đường thành mũi tên đi thẳng và rẽ trái.",". Nút đèn bố trí vạch kẻ đường không hợp lý, dành hẳn 1 làn đường chỉ có mũi tên rẽ trái trong khi lưu lượng phương tiện rẽ rất ít hoặc có những thời điểm gần như không có, các phương tiện dồn hết về làn đi thẳng làm ách tắc giao thông, cản trở lưu lượng. Đề nghị cán bộ phụ trách ra hiện trường ghi lại lưu lượng phương tiện rẽ trái trong một ngày, so với lưu lượng phương tiện đi thẳng từ đó sửa vạch kẻ đường thành mũi tên đi thẳng và rẽ trái.",https://congdanso.hanoi.gov.vn/phan-anh/den-giao-thong-bat-hop-ly-263187,"Nút đèn bố trí vạch kẻ đường không hợp lý, dành hẳn 1 làn đường chỉ có mũi tên rẽ trái trong khi lưu lượng phương tiện rẽ rất ít hoặc có những thời điểm gần như không có, các phương tiện dồn hết về làn đi thẳng làm ách tắc giao thông, cản trở lưu lượng. Đề nghị cán bộ phụ trách ra hiện trường ghi lại lưu lượng phương tiện rẽ trái trong một ngày, so với lưu lượng phương tiện đi thẳng từ đó sửa vạch kẻ đường thành mũi tên đi thẳng và rẽ trái.","Nút đèn bố trí vạch kẻ đường không hợp lý, dành hẳn 1 làn đường chỉ có mũi tên rẽ trái trong khi lưu lượng phương tiện rẽ rất ít hoặc có những thời điểm gần như không có, các phương tiện dồn hết về làn đi thẳng làm ách tắc giao thông, cản trở lưu lượng. Đề nghị cán bộ phụ trách ra hiện trường ghi lại lưu lượng phương tiện rẽ trái trong một ngày, so với lưu lượng phương tiện đi thẳng từ đó sửa vạch kẻ đường thành mũi tên đi thẳng và rẽ trái.","Nút_đèn bố_trí vạch kẻ đường không hợp_lý , dành hẳn 1 làn_đường chỉ có mũi_tên rẽ trái trong khi lưu_lượng phương_tiện rẽ rất ít hoặc có những thời_điểm gần như_không có , các phương_tiện dồn hết về làn đi thẳng làm ách_tắc giao_thông , cản_trở lưu_lượng . Đề_nghị cán_bộ phụ_trách ra hiện_trường ghi lại lưu_lượng phương_tiện rẽ trái trong một ngày , so với lưu_lượng phương_tiện đi thẳng từ đó sửa vạch kẻ đường thành mũi_tên đi thẳng và rẽ trái .","nút_đèn bố_trí vạch kẻ đường không hợp_lý , dành hẳn 1 làn_đường chỉ có mũi_tên rẽ trái trong khi lưu_lượng phương_tiện rẽ rất ít hoặc có những thời_điểm gần như_không có , các phương_tiện dồn hết về làn đi thẳng làm ách_tắc giao_thông , cản_trở lưu_lượng . đề_nghị cán_bộ phụ_trách ra hiện_trường ghi lại lưu_lượng phương_tiện rẽ trái trong một ngày , so với lưu_lượng phương_tiện đi thẳng từ đó sửa vạch kẻ đường thành mũi_tên đi thẳng và rẽ trái .",False
269988,Ha Noi,congdanso_hanoi,9,,Ô tô vi phạm đỗ ngược chiều tại nơi có biển cấm đỗ.,. Ô tô vi phạm đỗ ngược chiều tại nơi có biển cấm đỗ.,https://congdanso.hanoi.gov.vn/phan-anh/vi-pham-giao-thong---106-nguyen-ngoc-nai-269988,Ô tô vi phạm đỗ ngược chiều tại nơi có biển cấm đỗ.,Ô tô vi phạm đỗ ngược chiều tại nơi có biển cấm đỗ.,Ô_tô vi_phạm đỗ ngược chiều tại nơi có biển cấm đỗ .,ô_tô vi_phạm đỗ ngược chiều tại nơi có biển cấm đỗ .,False
268729,Ha Noi,congdanso_hanoi,9,,"Lấn chiếm vỉa hè làm bãi đỗ xe, gây tắc đường dù không phải giờ cao điểm.",". Lấn chiếm vỉa hè làm bãi đỗ xe, gây tắc đường dù không phải giờ cao điểm.",https://congdanso.hanoi.gov.vn/phan-anh/lan-chiem-via-he-gay-tac-duong-268729,"Lấn chiếm vỉa hè làm bãi đỗ xe, gây tắc đường dù không phải giờ cao điểm.","Lấn chiếm vỉa hè làm bãi đỗ xe, gây tắc đường dù không phải giờ cao điểm.","Lấn_chiếm vỉa_hè làm bãi đỗ xe , gây tắc đường dù không phải giờ cao_điểm .","lấn_chiếm vỉa_hè làm bãi đỗ xe , gây tắc đường dù không phải giờ cao_điểm .",False
271419,Ha Noi,congdanso_hanoi,9,,"Xe ô tô đỗ lộn xộn, 2 hàng cản trở giao thông ngõ 17 hoàng ngọc phách",". Xe ô tô đỗ lộn xộn, 2 hàng cản trở giao thông ngõ 17 hoàng ngọc phách",https://congdanso.hanoi.gov.vn/phan-anh/xe-o-to-do-lon-xon-2-hang-271419,"Xe ô tô đỗ lộn xộn, 2 hàng cản trở giao thông ngõ 17 hoàng ngọc phách","Xe ô tô đỗ lộn xộn, 2 hàng cản trở giao thông ngõ 17 hoàng ngọc phách","Xe ô_tô đỗ lộn_xộn , 2 hàng cản_trở giao_thông ngõ 17 hoàng ngọc phách","xe ô_tô đỗ lộn_xộn , 2 hàng cản_trở giao_thông ngõ 17 hoàng ngọc phách",False
257875,Ha Noi,congdanso_hanoi,9,,"Kính gửi: Sở Giao thông , UBND phường Phương Liệt và các cơ quan quản lý liên quan. Tôi viết thư này để phản ánh tình trạng ùn tắc giao thông nghiêm trọng đang diễn ra tại tuyến đường Trịnh Đình Cửu và Hà Kế Tấn (đoạn từ cầu Định Công đến ngã 3 Lê Trọng Tấn). Xuyên suốt tuần qua, tình trạng ùn tắc đã chạm ngưỡng báo động đặc biệt buổi sáng giờ cao điểm. Qua quan sát thực tế, nguyên nhân không phải do hạ tầng quá tải mà do quy trình điều tiết đèn giao thông chưa hợp lý. Trước đây, sự linh hoạt của lực lượng chức năng tại hiện trường đã giúp dòng xe lưu thông nhịp nhàng. Từ đầu tuần nay, việc thiếu vắng sự điều phối này kết hợp với nhịp đèn xanh-đỏ bất hợp lý trên hai con đường này đã khiến tình trạng ùn tắc trở nên nghiêm trọng. Mỗi phút tắc đường là một sự lãng phí về tiền bạc, xăng dầu và đặc biệt là sự bào mòn sức khỏe của nhân dân. Chính vì vậy, rất mong các Quý cơ quan nhanh chóng: Điều chỉnh chu kỳ đèn tín hiệu phù hợp với lưu lượng thực tế từng khung giờ. Thiết lập cơ chế vận hành linh hoạt cho phép rẽ/di chuyển tại các điểm không gây xung đột giao thông. Kính mong UBND phường và Sở Giao thông sớm vào cuộc để trả lại sự thông thoáng cho tuyến đường này. Trân trọng cảm ơn!",". Kính gửi: Sở Giao thông , UBND phường Phương Liệt và các cơ quan quản lý liên quan. Tôi viết thư này để phản ánh tình trạng ùn tắc giao thông nghiêm trọng đang diễn ra tại tuyến đường Trịnh Đình Cửu và Hà Kế Tấn (đoạn từ cầu Định Công đến ngã 3 Lê Trọng Tấn). Xuyên suốt tuần qua, tình trạng ùn tắc đã chạm ngưỡng báo động đặc biệt buổi sáng giờ cao điểm. Qua quan sát thực tế, nguyên nhân không phải do hạ tầng quá tải mà do quy trình điều tiết đèn giao thông chưa hợp lý. Trước đây, sự linh hoạt của lực lượng chức năng tại hiện trường đã giúp dòng xe lưu thông nhịp nhàng. Từ đầu tuần nay, việc thiếu vắng sự điều phối này kết hợp với nhịp đèn xanh-đỏ bất hợp lý trên hai con đường này đã khiến tình trạng ùn tắc trở nên nghiêm trọng. Mỗi phút tắc đường là một sự lãng phí về tiền bạc, xăng dầu và đặc biệt là sự bào mòn sức khỏe của nhân dân. Chính vì vậy, rất mong các Quý cơ quan nhanh chóng: Điều chỉnh chu kỳ đèn tín hiệu phù hợp với lưu lượng thực tế từng khung giờ. Thiết lập cơ chế vận hành linh hoạt cho phép rẽ/di chuyển tại các điểm không gây xung đột giao thông. Kính mong UBND phường và Sở Giao thông sớm vào cuộc để trả lại sự thông thoáng cho tuyến đường này. Trân trọng cảm ơn!",https://congdanso.hanoi.gov.vn/phan-anh/un-tac-nghiem-trong-duong-ha-ke-tan-va-trinh-dinh-cuu-257875,"Kính gửi: Sở Giao thông , UBND phường Phương Liệt và các cơ quan quản lý liên quan. Tôi viết thư này để phản ánh tình trạng ùn tắc giao thông nghiêm trọng đang diễn ra tại tuyến đường Trịnh Đình Cửu và Hà Kế Tấn (đoạn từ cầu Định Công đến ngã 3 Lê Trọng Tấn). Xuyên suốt tuần qua, tình trạng ùn tắc đã chạm ngưỡng báo động đặc biệt buổi sáng giờ cao điểm. Qua quan sát thực tế, nguyên nhân không phải do hạ tầng quá tải mà do quy trình điều tiết đèn giao thông chưa hợp lý. Trước đây, sự linh hoạt của lực lượng chức năng tại hiện trường đã giúp dòng xe lưu thông nhịp nhàng. Từ đầu tuần nay, việc thiếu vắng sự điều phối này kết hợp với nhịp đèn xanh-đỏ bất hợp lý trên hai con đường này đã khiến tình trạng ùn tắc trở nên nghiêm trọng. Mỗi phút tắc đường là một sự lãng phí về tiền bạc, xăng dầu và đặc biệt là sự bào mòn sức khỏe của nhân dân. Chính vì vậy, rất mong các Quý cơ quan nhanh chóng: Điều chỉnh chu kỳ đèn tín hiệu phù hợp với lưu lượng thực tế từng khung giờ. Thiết lập cơ chế vận hành linh hoạt cho phép rẽ/di chuyển tại các điểm không gây xung đột giao thông. Kính mong UBND phường và Sở Giao thông sớm vào cuộc để trả lại sự thông thoáng cho tuyến đường này. Trân trọng cảm ơn!","Kính gửi: Sở Giao thông, UBND phường Phương Liệt và các cơ quan quản lý liên quan. Tôi viết thư này để phản ánh tình trạng ùn tắc giao thông nghiêm trọng đang diễn ra tại tuyến đường Trịnh Đình Cửu và Hà Kế Tấn (đoạn từ cầu Định Công đến ngã 3 Lê Trọng Tấn). Xuyên suốt tuần qua, tình trạng ùn tắc đã chạm ngưỡng báo động đặc biệt buổi sáng giờ cao điểm. Qua quan sát thực tế, nguyên nhân không phải do hạ tầng quá tải mà do quy trình điều tiết đèn giao thông chưa hợp lý. Trước đây, sự linh hoạt của lực lượng chức năng tại hiện trường đã giúp dòng xe lưu thông nhịp nhàng. Từ đầu tuần nay, việc thiếu vắng sự điều phối này kết hợp với nhịp đèn xanh-đỏ bất hợp lý trên hai con đường này đã khiến tình trạng ùn tắc trở nên nghiêm trọng. Mỗi phút tắc đường là một sự lãng phí về tiền bạc, xăng dầu và đặc biệt là sự bào mòn sức khỏe của nhân dân. Chính vì vậy, rất mong các Quý cơ quan nhanh chóng: Điều chỉnh chu kỳ đèn tín hiệu phù hợp với lưu lượng thực tế từng khung giờ. Thiết lập cơ chế vận hành linh hoạt cho phép rẽ/di chuyển tại các điểm không gây xung đột giao thông. Kính mong UBND phường và Sở Giao thông sớm vào cuộc để trả lại sự thông thoáng cho tuyến đường này. Trân trọng cảm ơn","Kính gửi : Sở_Giao thông , UBND phường Phương_Liệt và các cơ_quan quản_lý liên_quan . Tôi viết thư này để phản_ánh tình_trạng ùn_tắc giao_thông nghiêm_trọng đang diễn ra tại tuyến đường Trịnh_Đình_Cửu và Hà_Kế_Tấn ( đoạn từ cầu Định_Công_đến ngã 3 Lê_Trọng_Tấn ) . Xuyên suốt tuần qua , tình_trạng ùn_tắc đã chạm ngưỡng báo động_đặc biệt buổi sáng giờ cao_điểm . Qua quan_sát thực_tế , nguyên_nhân không phải do hạ_tầng quá_tải mà do quy_trình điều_tiết đèn giao_thông chưa hợp_lý . Trước_đây , sự linh_hoạt của lực_lượng chức_năng tại hiện_trường đã giúp dòng xe lưu_thông nhịp_nhàng . Từ_đầu tuần nay , việc thiếu_vắng sự điều_phối này kết_hợp với nhịp đèn_xanh - đỏ bất hợp_lý trên hai con đường này đã khiến tình_trạng ùn_tắc trở_nên nghiêm_trọng . Mỗi phút tắc đường là một sự lãng_phí về tiền_bạc , xăng dầu và đặc_biệt là sự bào_mòn sức_khỏe của nhân_dân . Chính vì_vậy , rất mong các Quý cơ_quan nhanh_chóng : Điều_chỉnh chu_kỳ đèn tín_hiệu phù_hợp với lưu_lượng thực_tế từng khung giờ . Thiết_lập cơ_chế vận_hành linh_hoạt cho phép rẽ / di_chuyển tại các điểm không gây xung_đột giao_thông . Kính mong UBND phường và Sở_Giao thông sớm vào_cuộc để trả lại sự thông_thoáng cho tuyến đường này . Trân_trọng cảm_ơn","kính gửi : sở_giao thông , ubnd phường phương_liệt và các cơ_quan quản_lý liên_quan . tôi viết thư này để phản_ánh tình_trạng ùn_tắc giao_thông nghiêm_trọng đang diễn ra tại tuyến đường trịnh_đình_cửu và hà_kế_tấn ( đoạn từ cầu định_công_đến ngã 3 lê_trọng_tấn ) . xuyên suốt tuần qua , tình_trạng ùn_tắc đã chạm ngưỡng báo động_đặc biệt buổi sáng giờ cao_điểm . qua quan_sát thực_tế , nguyên_nhân không phải do hạ_tầng quá_tải mà do quy_trình điều_tiết đèn giao_thông chưa hợp_lý . trước_đây , sự linh_hoạt của lực_lượng chức_năng tại hiện_trường đã giúp dòng xe lưu_thông nhịp_nhàng . từ_đầu tuần nay , việc thiếu_vắng sự điều_phối này kết_hợp với nhịp đèn_xanh - đỏ bất hợp_lý trên hai con đường này đã khiến tình_trạng ùn_tắc trở_nên nghiêm_trọng . mỗi phút tắc đường là một sự lãng_phí về tiền_bạc , xăng dầu và đặc_biệt là sự bào_mòn sức_khỏe của nhân_dân . chính vì_vậy , rất mong các quý cơ_quan nhanh_chóng : điều_chỉnh chu_kỳ đèn tín_hiệu phù_hợp với lưu_lượng thực_tế từng khung giờ . thiết_lập cơ_chế vận_hành linh_hoạt cho phép rẽ / di_chuyển tại các điểm không gây xung_đột giao_thông . kính mong ubnd phường và sở_giao thông sớm vào_cuộc để trả lại sự thông_thoáng cho tuyến đường này . trân_trọng cảm_ơn",False
231011,Ha Noi,congdanso_hanoi,10,,"Xe oto tải rẽ vào đường cấm rẽ, gây nguy hiểm và ùn tắc cho các phương tiện khác trên vành đai 3 trên cao",". Xe oto tải rẽ vào đường cấm rẽ, gây nguy hiểm và ùn tắc cho các phương tiện khác trên vành đai 3 trên cao",https://congdanso.hanoi.gov.vn/phan-anh/vi-pham-giao-thong-231011,"Xe oto tải rẽ vào đường cấm rẽ, gây nguy hiểm và ùn tắc cho các phương tiện khác trên vành đai 3 trên cao","Xe oto tải rẽ vào đường cấm rẽ, gây nguy hiểm và ùn tắc cho các phương tiện khác trên vành đai 3 trên cao","Xe oto tải rẽ vào đường cấm rẽ , gây nguy_hiểm và ùn_tắc cho các phương_tiện khác trên vành_đai 3 trên cao","xe oto tải rẽ vào đường cấm rẽ , gây nguy_hiểm và ùn_tắc cho các phương_tiện khác trên vành_đai 3 trên cao",False
268183,Ha Noi,congdanso_hanoi,10,,Ngày nào cũng có từ 1 đến 2 xe dừng đỗ bốc trả hàng chuyển phát nhanh tại điểm này ngay ngã 3 La Phù xã an Khánh dưới chân cột đèn tín hiệu giao thông gây cản trở hướng đi từ hà đông - quốc oai,. Ngày nào cũng có từ 1 đến 2 xe dừng đỗ bốc trả hàng chuyển phát nhanh tại điểm này ngay ngã 3 La Phù xã an Khánh dưới chân cột đèn tín hiệu giao thông gây cản trở hướng đi từ hà đông - quốc oai,https://congdanso.hanoi.gov.vn/phan-anh/trat-tu-an-toan-giao-thong-268183,Ngày nào cũng có từ 1 đến 2 xe dừng đỗ bốc trả hàng chuyển phát nhanh tại điểm này ngay ngã 3 La Phù xã an Khánh dưới chân cột đèn tín hiệu giao thông gây cản trở hướng đi từ hà đông - quốc oai,Ngày nào cũng có từ 1 đến 2 xe dừng đỗ bốc trả hàng chuyển phát nhanh tại điểm này ngay ngã 3 La Phù xã an Khánh dưới chân cột đèn tín hiệu giao thông gây cản trở hướng đi từ hà đông - quốc oai,Ngày nào cũng có từ 1 đến 2 xe dừng đỗ bốc trả hàng chuyển_phát nhanh tại điểm này ngay ngã 3 La_Phù xã an Khánh dưới chân cột đèn tín_hiệu giao_thông gây cản_trở hướng đi từ hà_đông - quốc oai,ngày nào cũng có từ 1 đến 2 xe dừng đỗ bốc trả hàng chuyển_phát nhanh tại điểm này ngay ngã 3 la_phù xã an khánh dưới chân cột đèn tín_hiệu giao_thông gây cản_trở hướng đi từ hà_đông - quốc oai,False
269997,Ha Noi,congdanso_hanoi,10,,"Điển hình đỗ xe thiếu ý thức , ngang ngược đầu ngã ba . Phố đường tàu rất đông , mà vẫn đỗ đầu ngã ba , rất coi thường mọi người dfi lại , và rất nhiều xe dịch vụ biển tỉnh 89, 99 và 18 đỗ dừng đón trả khách ngay giữa đường . Đề nghị quý cơ quan sử lý nghiêm mất xe này .",". Điển hình đỗ xe thiếu ý thức , ngang ngược đầu ngã ba . Phố đường tàu rất đông , mà vẫn đỗ đầu ngã ba , rất coi thường mọi người dfi lại , và rất nhiều xe dịch vụ biển tỉnh 89, 99 và 18 đỗ dừng đón trả khách ngay giữa đường . Đề nghị quý cơ quan sử lý nghiêm mất xe này .",https://congdanso.hanoi.gov.vn/phan-anh/do-xe-o-to-sai-quy-luat-269997,"Điển hình đỗ xe thiếu ý thức , ngang ngược đầu ngã ba . Phố đường tàu rất đông , mà vẫn đỗ đầu ngã ba , rất coi thường mọi người dfi lại , và rất nhiều xe dịch vụ biển tỉnh 89, 99 và 18 đỗ dừng đón trả khách ngay giữa đường . Đề nghị quý cơ quan sử lý nghiêm mất xe này .","Điển hình đỗ xe thiếu ý thức, ngang ngược đầu ngã ba. Phố đường tàu rất đông, mà vẫn đỗ đầu ngã ba, rất coi thường mọi người dfi lại, và rất nhiều xe dịch vụ biển tỉnh 89, 99 và 18 đỗ dừng đón trả khách ngay giữa đường. Đề nghị quý cơ quan sử lý nghiêm mất xe này.","Điển_hình đỗ xe thiếu ý_thức , ngang_ngược đầu ngã ba . Phố_đường tàu rất đông , mà vẫn đỗ_đầu ngã ba , rất coi_thường mọi người dfi lại , và rất nhiều xe dịch_vụ biển tỉnh 89 , 99 và 18 đỗ dừng đón trả khách ngay giữa đường . Đề_nghị quý cơ_quan sử lý nghiêm mất xe này .","điển_hình đỗ xe thiếu ý_thức , ngang_ngược đầu ngã ba . phố_đường tàu rất đông , mà vẫn đỗ_đầu ngã ba , rất coi_thường mọi người dfi lại , và rất nhiều xe dịch_vụ biển tỉnh 89 , 99 và 18 đỗ dừng đón trả khách ngay giữa đường . đề_nghị quý cơ_quan sử lý nghiêm mất xe này .",False
270315,Ha Noi,congdanso_hanoi,10,,Quán Nam bitet 20 hàng giầy làm hàng và để xe lấn chiếm vỉa hè. Đề nghị quý phường xử lý.,. Quán Nam bitet 20 hàng giầy làm hàng và để xe lấn chiếm vỉa hè. Đề nghị quý phường xử lý.,https://congdanso.hanoi.gov.vn/phan-anh/lan-chiem-via-he-270315,Quán Nam bitet 20 hàng giầy làm hàng và để xe lấn chiếm vỉa hè. Đề nghị quý phường xử lý.,Quán Nam bitet 20 hàng giầy làm hàng và để xe lấn chiếm vỉa hè. Đề nghị quý phường xử lý.,Quán_Nam bitet 20 hàng giầy làm_hàng và để xe lấn_chiếm vỉa_hè . Đề_nghị quý phường xử_lý .,quán_nam bitet 20 hàng giầy làm_hàng và để xe lấn_chiếm vỉa_hè . đề_nghị quý phường xử_lý .,False
86801,Ha Noi,congdanso_hanoi,10,,"Khu vực cổng trường tiểu học Cổ Nhuế 2A gần cổng sân bóng Cổ Nhuế thường xuyên có rất nhiều ô tô đỗ dưới lòng đường gây cản trở ách tắc giao thông, mất an toàn giao thông vào buổi sáng và chiều khi trẻ tan học Kính đề nghị UBND Phường Cổ Nhuế 2, Công An Phường Cổ Nhuế 2 xử lý dứt điểm vấn đề này, trả lại không gian khu vực trường học, đảm bảo an toàn khi tan học cho học sinh khi đến trường và khi ra về",". Khu vực cổng trường tiểu học Cổ Nhuế 2A gần cổng sân bóng Cổ Nhuế thường xuyên có rất nhiều ô tô đỗ dưới lòng đường gây cản trở ách tắc giao thông, mất an toàn giao thông vào buổi sáng và chiều khi trẻ tan học Kính đề nghị UBND Phường Cổ Nhuế 2, Công An Phường Cổ Nhuế 2 xử lý dứt điểm vấn đề này, trả lại không gian khu vực trường học, đảm bảo an toàn khi tan học cho học sinh khi đến trường và khi ra về",https://congdanso.hanoi.gov.vn/phan-anh/do-xe-duoi-long-duong-gay-un-tac-86801,"Khu vực cổng trường tiểu học Cổ Nhuế 2A gần cổng sân bóng Cổ Nhuế thường xuyên có rất nhiều ô tô đỗ dưới lòng đường gây cản trở ách tắc giao thông, mất an toàn giao thông vào buổi sáng và chiều khi trẻ tan học Kính đề nghị UBND Phường Cổ Nhuế 2, Công An Phường Cổ Nhuế 2 xử lý dứt điểm vấn đề này, trả lại không gian khu vực trường học, đảm bảo an toàn khi tan học cho học sinh khi đến trường và khi ra về","Khu vực cổng trường tiểu học Cổ Nhuế 2A gần cổng sân bóng Cổ Nhuế thường xuyên có rất nhiều ô tô đỗ dưới lòng đường gây cản trở ách tắc giao thông, mất an toàn giao thông vào buổi sáng và chiều khi trẻ tan học Kính đề nghị UBND Phường Cổ Nhuế 2, Công An Phường Cổ Nhuế 2 xử lý dứt điểm vấn đề này, trả lại không gian khu vực trường học, đảm bảo an toàn khi tan học cho học sinh khi đến trường và khi ra về","Khu_vực cổng trường tiểu_học Cổ_Nhuế 2A gần cổng sân bóng Cổ_Nhuế thường_xuyên có rất nhiều ô_tô đỗ dưới lòng_đường gây cản_trở ách_tắc giao_thông , mất an_toàn giao_thông vào buổi sáng và chiều khi trẻ tan học Kính_đề nghị UBND Phường_Cổ_Nhuế 2 , Công_An_Phường_Cổ_Nhuế 2 xử_lý dứt_điểm vấn_đề này , trả lại không_gian khu_vực trường_học , đảm_bảo_an_toàn khi tan học cho học_sinh khi đến trường và khi ra về","khu_vực cổng trường tiểu_học cổ_nhuế 2a gần cổng sân bóng cổ_nhuế thường_xuyên có rất nhiều ô_tô đỗ dưới lòng_đường gây cản_trở ách_tắc giao_thông , mất an_toàn giao_thông vào buổi sáng và chiều khi trẻ tan học kính_đề nghị ubnd phường_cổ_nhuế 2 , công_an_phường_cổ_nhuế 2 xử_lý dứt_điểm vấn_đề này , trả lại không_gian khu_vực trường_học , đảm_bảo_an_toàn khi tan học cho học_sinh khi đến trường và khi ra về",False
267341,Ha Noi,congdanso_hanoi,10,,Tình trạng đỗ xe sai quy định tràn lan đang sảy ra thường xuyên tại kđt thanh hà mong các cấp chính quyền có biện pháp để chấm dứt tình trạng này.,. Tình trạng đỗ xe sai quy định tràn lan đang sảy ra thường xuyên tại kđt thanh hà mong các cấp chính quyền có biện pháp để chấm dứt tình trạng này.,https://congdanso.hanoi.gov.vn/phan-anh/do-xe-sai-quy-dinh-267341,Tình trạng đỗ xe sai quy định tràn lan đang sảy ra thường xuyên tại kđt thanh hà mong các cấp chính quyền có biện pháp để chấm dứt tình trạng này.,Tình trạng đỗ xe sai quy định tràn lan đang sảy ra thường xuyên tại kđt thanh hà mong các cấp chính quyền có biện pháp để chấm dứt tình trạng này.,Tình_trạng đỗ xe sai quy_định tràn_lan đang sảy ra thường_xuyên tại kđt thanh hà mong các cấp chính_quyền có biện_pháp để chấm_dứt tình_trạng này .,tình_trạng đỗ xe sai quy_định tràn_lan đang sảy ra thường_xuyên tại kđt thanh hà mong các cấp chính_quyền có biện_pháp để chấm_dứt tình_trạng này .,False
267339,Ha Noi,congdanso_hanoi,10,,"Mong cơ quan chức năng xã vào việc về các xe đưa đón học sinh trên địa bàn xã , các xe ( cụ thể 7-8xe oto 24 chỗ biển vàng) đỗ ngay cái các ngã tư lớn trong khu đô thị gây ảnh hưởng việc tham gia giao thông, gây tai nạn cho cư dân vì khuất tầm nhìn, cư dân đã lên tiếng nhiều nhưng vẫn không được xử lý, đây là vụ việc xảy ra sáng ngày 14/4/2026 2 xe máy va chạm vs nhau. . Mong cơ quan chức năng vào cuộc xử lý giúp dân",". Mong cơ quan chức năng xã vào việc về các xe đưa đón học sinh trên địa bàn xã , các xe ( cụ thể 7-8xe oto 24 chỗ biển vàng) đỗ ngay cái các ngã tư lớn trong khu đô thị gây ảnh hưởng việc tham gia giao thông, gây tai nạn cho cư dân vì khuất tầm nhìn, cư dân đã lên tiếng nhiều nhưng vẫn không được xử lý, đây là vụ việc xảy ra sáng ngày 14/4/2026 2 xe máy va chạm vs nhau. . Mong cơ quan chức năng vào cuộc xử lý giúp dân",https://congdanso.hanoi.gov.vn/phan-anh/viec-xe-don-hoc-sinh-do-bua-bai-ngay-trong-khu-do-thi-267339,"Mong cơ quan chức năng xã vào việc về các xe đưa đón học sinh trên địa bàn xã , các xe ( cụ thể 7-8xe oto 24 chỗ biển vàng) đỗ ngay cái các ngã tư lớn trong khu đô thị gây ảnh hưởng việc tham gia giao thông, gây tai nạn cho cư dân vì khuất tầm nhìn, cư dân đã lên tiếng nhiều nhưng vẫn không được xử lý, đây là vụ việc xảy ra sáng ngày 14/4/2026 2 xe máy va chạm vs nhau. . Mong cơ quan chức năng vào cuộc xử lý giúp dân","Mong cơ quan chức năng xã vào việc về các xe đưa đón học sinh trên địa bàn xã, các xe ( cụ thể 7-8xe oto 24 chỗ biển vàng) đỗ ngay cái các ngã tư lớn trong khu đô thị gây ảnh hưởng việc tham gia giao thông, gây tai nạn cho cư dân vì khuất tầm nhìn, cư dân đã lên tiếng nhiều nhưng vẫn không được xử lý, đây là vụ việc xảy ra sáng ngày 14/4/2026 2 xe máy va chạm vs nhau. . Mong cơ quan chức năng vào cuộc xử lý giúp dân","Mong cơ_quan_chức_năng xã vào việc về các xe đưa_đón học_sinh trên địa_bàn xã , các xe ( cụ_thể 7 - 8xe oto 24 chỗ biển vàng ) đỗ ngay cái các ngã tư lớn trong khu đô_thị gây ảnh_hưởng việc tham_gia giao_thông , gây tai_nạn cho cư_dân vì khuất tầm nhìn , cư_dân đã lên_tiếng nhiều nhưng vẫn không được xử_lý , đây là vụ_việc xảy ra sáng ngày 14 / 4 / 2026 2 xe_máy va_chạm vs nhau . . Mong cơ_quan_chức_năng vào_cuộc xử_lý giúp dân","mong cơ_quan_chức_năng xã vào việc về các xe đưa_đón học_sinh trên địa_bàn xã , các xe ( cụ_thể 7 - 8xe oto 24 chỗ biển vàng ) đỗ ngay cái các ngã tư lớn trong khu đô_thị gây ảnh_hưởng việc tham_gia giao_thông , gây tai_nạn cho cư_dân vì khuất tầm nhìn , cư_dân đã lên_tiếng nhiều nhưng vẫn không được xử_lý , đây là vụ_việc xảy ra sáng ngày 14 / 4 / 2026 2 xe_máy va_chạm vs nhau . . mong cơ_quan_chức_năng vào_cuộc xử_lý giúp dân",False
268430,Ha Noi,congdanso_hanoi,10,,"Ô tô thường xuyên đỗ tràn lan hàng hai hàng ba lấn hết nửa phần đường ở ngã ba chu huy mân-hội xá và ngã tư chu huy mân-đường hoa phượng vinhomes riverside (đối diện vincom plaza) gây khuất tầm nhìn dẫn đến tai nạn giao thông. Việc này tái diễn liên tục, vắng bóng Công an phường hoặc đội trật tự là lại tái diễn. Ngoài ra các tài xế xe công nghệ thường xuyên đỗ hàng hai (ngay đoạn giao cắt bùng binh) để vào quán nước vỉa hè ngay đó. Đề nghị lực lượng CAP xử lý nghiêm hơn, phạt nặng hơn niêm phong cẩu kéo xe về chứ gọi ra nhắc nhở không giải quyết được. Trong ảnh có rất rõ biển số xe Đề nghị phạt nguội các chủ xe này",". Ô tô thường xuyên đỗ tràn lan hàng hai hàng ba lấn hết nửa phần đường ở ngã ba chu huy mân-hội xá và ngã tư chu huy mân-đường hoa phượng vinhomes riverside (đối diện vincom plaza) gây khuất tầm nhìn dẫn đến tai nạn giao thông. Việc này tái diễn liên tục, vắng bóng Công an phường hoặc đội trật tự là lại tái diễn. Ngoài ra các tài xế xe công nghệ thường xuyên đỗ hàng hai (ngay đoạn giao cắt bùng binh) để vào quán nước vỉa hè ngay đó. Đề nghị lực lượng CAP xử lý nghiêm hơn, phạt nặng hơn niêm phong cẩu kéo xe về chứ gọi ra nhắc nhở không giải quyết được. Trong ảnh có rất rõ biển số xe Đề nghị phạt nguội các chủ xe này",https://congdanso.hanoi.gov.vn/phan-anh/o-to-do-tran-lan-o-diem-giao-cat-gay-khuat-tam-nhin-dan-den-tai-nan-giao-thong-268430,"Ô tô thường xuyên đỗ tràn lan hàng hai hàng ba lấn hết nửa phần đường ở ngã ba chu huy mân-hội xá và ngã tư chu huy mân-đường hoa phượng vinhomes riverside (đối diện vincom plaza) gây khuất tầm nhìn dẫn đến tai nạn giao thông. Việc này tái diễn liên tục, vắng bóng Công an phường hoặc đội trật tự là lại tái diễn. Ngoài ra các tài xế xe công nghệ thường xuyên đỗ hàng hai (ngay đoạn giao cắt bùng binh) để vào quán nước vỉa hè ngay đó. Đề nghị lực lượng CAP xử lý nghiêm hơn, phạt nặng hơn niêm phong cẩu kéo xe về chứ gọi ra nhắc nhở không giải quyết được. Trong ảnh có rất rõ biển số xe Đề nghị phạt nguội các chủ xe này","Ô tô thường xuyên đỗ tràn lan hàng hai hàng ba lấn hết nửa phần đường ở ngã ba chu huy mân-hội xá và ngã tư chu huy mân-đường hoa phượng vinhomes riverside (đối diện vincom plaza) gây khuất tầm nhìn dẫn đến tai nạn giao thông. Việc này tái diễn liên tục, vắng bóng Công an phường hoặc đội trật tự là lại tái diễn. Ngoài ra các tài xế xe công nghệ thường xuyên đỗ hàng hai (ngay đoạn giao cắt bùng binh) để vào quán nước vỉa hè ngay đó. Đề nghị lực lượng CAP xử lý nghiêm hơn, phạt nặng hơn niêm phong cẩu kéo xe về chứ gọi ra nhắc nhở không giải quyết được. Trong ảnh có rất rõ biển số xe Đề nghị phạt nguội các chủ xe này","Ô_tô thường_xuyên đỗ tràn_lan hàng hai hàng ba lấn hết_nửa phần đường ở ngã ba chu huy mân - hội_xá và ngã tư chu huy mân - đường hoa phượng vinhomes riverside ( đối_diện vincom plaza ) gây khuất tầm nhìn dẫn đến tai_nạn giao_thông . Việc này tái_diễn liên_tục , vắng bóng Công_an phường hoặc đội trật_tự là lại tái_diễn . Ngoài_ra các tài_xế xe công_nghệ thường_xuyên đỗ hàng hai ( ngay đoạn giao_cắt bùng_binh ) để vào quán nước vỉa_hè ngay đó . Đề_nghị_lực_lượng CAP xử_lý nghiêm hơn , phạt nặng hơn niêm_phong cẩu kéo xe về chứ gọi ra nhắc_nhở không giải_quyết được . Trong_ảnh có rất rõ biển số xe Đề_nghị phạt nguội các chủ xe này","ô_tô thường_xuyên đỗ tràn_lan hàng hai hàng ba lấn hết_nửa phần đường ở ngã ba chu huy mân - hội_xá và ngã tư chu huy mân - đường hoa phượng vinhomes riverside ( đối_diện vincom plaza ) gây khuất tầm nhìn dẫn đến tai_nạn giao_thông . việc này tái_diễn liên_tục , vắng bóng công_an phường hoặc đội trật_tự là lại tái_diễn . ngoài_ra các tài_xế xe công_nghệ thường_xuyên đỗ hàng hai ( ngay đoạn giao_cắt bùng_binh ) để vào quán nước vỉa_hè ngay đó . đề_nghị_lực_lượng cap xử_lý nghiêm hơn , phạt nặng hơn niêm_phong cẩu kéo xe về chứ gọi ra nhắc_nhở không giải_quyết được . trong_ảnh có rất rõ biển số xe đề_nghị phạt nguội các chủ xe này",False
268164,Ha Noi,congdanso_hanoi,10,,"Phố Hàn Thuyên là một phô nhỏ thường xuyên bị kẹt xe do xe ô tô, vậy nên chỉ đc đậu xe theo ngày( có biển cấm đậu xe ngày chẵn và ngày lẻ), có nghĩa là chỉ đc đậu 1 bên đg có thu phí, nhưng hiện nay xe đậu tràn lan cả 2 bên đg, các lực lượng chức năng đi qua liên tục nhưng ko thấy nhắc nhở, chúng tôi cũng nhận đc phản hồi là đã xử lý nhưng xe vẫn đậu cả 2 bên ( phản ánh lần 2).",". Phố Hàn Thuyên là một phô nhỏ thường xuyên bị kẹt xe do xe ô tô, vậy nên chỉ đc đậu xe theo ngày( có biển cấm đậu xe ngày chẵn và ngày lẻ), có nghĩa là chỉ đc đậu 1 bên đg có thu phí, nhưng hiện nay xe đậu tràn lan cả 2 bên đg, các lực lượng chức năng đi qua liên tục nhưng ko thấy nhắc nhở, chúng tôi cũng nhận đc phản hồi là đã xử lý nhưng xe vẫn đậu cả 2 bên ( phản ánh lần 2).",https://congdanso.hanoi.gov.vn/phan-anh/dau-xe-o-to-duoi-long-duong-ko-theo-qui-dinh-268164,"Phố Hàn Thuyên là một phô nhỏ thường xuyên bị kẹt xe do xe ô tô, vậy nên chỉ đc đậu xe theo ngày( có biển cấm đậu xe ngày chẵn và ngày lẻ), có nghĩa là chỉ đc đậu 1 bên đg có thu phí, nhưng hiện nay xe đậu tràn lan cả 2 bên đg, các lực lượng chức năng đi qua liên tục nhưng ko thấy nhắc nhở, chúng tôi cũng nhận đc phản hồi là đã xử lý nhưng xe vẫn đậu cả 2 bên ( phản ánh lần 2).","Phố Hàn Thuyên là một phô nhỏ thường xuyên bị kẹt xe do xe ô tô, vậy nên chỉ đc đậu xe theo ngày( có biển cấm đậu xe ngày chẵn và ngày lẻ), có nghĩa là chỉ đc đậu 1 bên đg có thu phí, nhưng hiện nay xe đậu tràn lan cả 2 bên đg, các lực lượng chức năng đi qua liên tục nhưng ko thấy nhắc nhở, chúng tôi cũng nhận đc phản hồi là đã xử lý nhưng xe vẫn đậu cả 2 bên ( phản ánh lần 2).","Phố_Hàn_Thuyên là một phô nhỏ thường_xuyên bị kẹt xe do xe ô_tô , vậy nên chỉ đc_đậu xe theo ngày ( có biển cấm đậu xe ngày chẵn và ngày lẻ ) , có_nghĩa_là chỉ đc_đậu 1 bên đg có thu phí , nhưng hiện_nay xe đậu tràn_lan cả 2 bên đg , các lực_lượng chức_năng đi qua liên_tục nhưng ko thấy nhắc_nhở , chúng_tôi cũng nhận đc phản_hồi là đã xử_lý nhưng xe vẫn đậu cả 2 bên ( phản_ánh lần 2 ) .","phố_hàn_thuyên là một phô nhỏ thường_xuyên bị kẹt xe do xe ô_tô , vậy nên chỉ đc_đậu xe theo ngày ( có biển cấm đậu xe ngày chẵn và ngày lẻ ) , có_nghĩa_là chỉ đc_đậu 1 bên đg có thu phí , nhưng hiện_nay xe đậu tràn_lan cả 2 bên đg , các lực_lượng chức_năng đi qua liên_tục nhưng ko thấy nhắc_nhở , chúng_tôi cũng nhận đc phản_hồi là đã xử_lý nhưng xe vẫn đậu cả 2 bên ( phản_ánh lần 2 ) .",False
269778,Ha Noi,congdanso_hanoi,10,,"tôi là chủ hộ kinh dianh hoa lụa ở địa chỉ 44 hàm long , gần khách sạn 42 hàm llong , chủ nhà đó có xe ô tô thuòng xuyên mang đỗ trước cửa hàng của tôi và trước cổng cơ quan tạp trí mỹ thuật . địa chỉ 44 hàm long tôi nhắc nhở vì các hộ chúng tôi không cí lối lên xuống , chủ xe cứ đỗ hiên ngang , còn thách thức gọi công an xuống , tôi nghĩ vì chủ khách sạn có thế lực kên mới có khách sạn to như vậy và gông nghênh như này , tôi xin các cấp các nghành có trách nhiệm giải quyết để cho người dân và hộ kinh doanh , và người dân có đường lên xuống thuận tiện , tôi vin cám ơn",". tôi là chủ hộ kinh dianh hoa lụa ở địa chỉ 44 hàm long , gần khách sạn 42 hàm llong , chủ nhà đó có xe ô tô thuòng xuyên mang đỗ trước cửa hàng của tôi và trước cổng cơ quan tạp trí mỹ thuật . địa chỉ 44 hàm long tôi nhắc nhở vì các hộ chúng tôi không cí lối lên xuống , chủ xe cứ đỗ hiên ngang , còn thách thức gọi công an xuống , tôi nghĩ vì chủ khách sạn có thế lực kên mới có khách sạn to như vậy và gông nghênh như này , tôi xin các cấp các nghành có trách nhiệm giải quyết để cho người dân và hộ kinh doanh , và người dân có đường lên xuống thuận tiện , tôi vin cám ơn",https://congdanso.hanoi.gov.vn/phan-anh/chu-cua-mot-khach-san-42-ham-long-mang-xe-ra-dau-truoc-cua-hang-cua-ho-kinh-doanh-269778,"tôi là chủ hộ kinh dianh hoa lụa ở địa chỉ 44 hàm long , gần khách sạn 42 hàm llong , chủ nhà đó có xe ô tô thuòng xuyên mang đỗ trước cửa hàng của tôi và trước cổng cơ quan tạp trí mỹ thuật . địa chỉ 44 hàm long tôi nhắc nhở vì các hộ chúng tôi không cí lối lên xuống , chủ xe cứ đỗ hiên ngang , còn thách thức gọi công an xuống , tôi nghĩ vì chủ khách sạn có thế lực kên mới có khách sạn to như vậy và gông nghênh như này , tôi xin các cấp các nghành có trách nhiệm giải quyết để cho người dân và hộ kinh doanh , và người dân có đường lên xuống thuận tiện , tôi vin cám ơn","tôi là chủ hộ kinh dianh hoa lụa ở địa chỉ 44 hàm long, gần khách sạn 42 hàm llong, chủ nhà đó có xe ô tô thuòng xuyên mang đỗ trước cửa hàng của tôi và trước cổng cơ quan tạp trí mỹ thuật. địa chỉ 44 hàm long tôi nhắc nhở vì các hộ chúng tôi không cí lối lên xuống, chủ xe cứ đỗ hiên ngang, còn thách thức gọi công an xuống, tôi nghĩ vì chủ khách sạn có thế lực kên mới có khách sạn to như vậy và gông nghênh như này, tôi xin các cấp các nghành có trách nhiệm giải quyết để cho người dân và hộ kinh doanh, và người dân có đường lên xuống thuận tiện, tôi vin cám ơn","tôi là chủ_hộ kinh dianh hoa lụa ở địa_chỉ 44 hàm long , gần khách_sạn 42 hàm llong , chủ nhà đó có xe ô_tô thuòng xuyên mang đỗ trước cửa_hàng của tôi và trước cổng cơ_quan tạp trí mỹ_thuật . địa_chỉ 44 hàm long tôi nhắc_nhở vì các hộ chúng_tôi không cí lối lên xuống , chủ xe cứ đỗ hiên_ngang , còn thách_thức gọi công_an xuống , tôi nghĩ vì chủ_khách_sạn có thế_lực kên mới có khách_sạn to như_vậy và gông nghênh như này , tôi xin các cấp các nghành có trách_nhiệm giải_quyết để cho người dân và hộ kinh_doanh , và người dân có đường lên xuống thuận_tiện , tôi vin cám_ơn","tôi là chủ_hộ kinh dianh hoa lụa ở địa_chỉ 44 hàm long , gần khách_sạn 42 hàm llong , chủ nhà đó có xe ô_tô thuòng xuyên mang đỗ trước cửa_hàng của tôi và trước cổng cơ_quan tạp trí mỹ_thuật . địa_chỉ 44 hàm long tôi nhắc_nhở vì các hộ chúng_tôi không cí lối lên xuống , chủ xe cứ đỗ hiên_ngang , còn thách_thức gọi công_an xuống , tôi nghĩ vì chủ_khách_sạn có thế_lực kên mới có khách_sạn to như_vậy và gông nghênh như này , tôi xin các cấp các nghành có trách_nhiệm giải_quyết để cho người dân và hộ kinh_doanh , và người dân có đường lên xuống thuận_tiện , tôi vin cám_ơn",False
269637,Ha Noi,congdanso_hanoi,11,,Xe oto biển số 30M- 988.71 và 30A -048.03 thường xuyên đỗ chiếm dụng lòng đường trái phép gây ách tắc giao thông nghiêm trọng vào giờ cao điểm Đề nghị xử lý theo quy định,. Xe oto biển số 30M- 988.71 và 30A -048.03 thường xuyên đỗ chiếm dụng lòng đường trái phép gây ách tắc giao thông nghiêm trọng vào giờ cao điểm Đề nghị xử lý theo quy định,https://congdanso.hanoi.gov.vn/phan-anh/do-xe-oto-chiem-dung-long-duong-sai-quy-dinh-269637,Xe oto biển số 30M- 988.71 và 30A -048.03 thường xuyên đỗ chiếm dụng lòng đường trái phép gây ách tắc giao thông nghiêm trọng vào giờ cao điểm Đề nghị xử lý theo quy định,Xe oto biển số 30M- 988. 71 và 30A -048. 03 thường xuyên đỗ chiếm dụng lòng đường trái phép gây ách tắc giao thông nghiêm trọng vào giờ cao điểm Đề nghị xử lý theo quy định,Xe oto biển số 30M - 988 . 71 và 30A - 048 . 03 thường_xuyên đỗ chiếm_dụng lòng_đường trái_phép gây ách_tắc giao_thông nghiêm_trọng vào giờ cao điểm_Đề nghị xử_lý theo quy_định,xe oto biển số 30m - 988 . 71 và 30a - 048 . 03 thường_xuyên đỗ chiếm_dụng lòng_đường trái_phép gây ách_tắc giao_thông nghiêm_trọng vào giờ cao điểm_đề nghị xử_lý theo quy_định,False
268000,Ha Noi,congdanso_hanoi,11,,"Phản ánh tình trạng đỗ xe oto bừa bãi tại đoạn đường có biển cấm đỗ xe trong ngõ 103 Lý Sơn, xung quanh Chung cư Quân đội K33. Đoạn đường ngõ hẹp chỉ vừa 3 làn ô tô nhưng xe đỗ hết 2 làn, 2 bên đường, ngay dưới biển cấm đỗ ô tô. Tình trạng này diễn ra thường xuyên gây nguy hiểm cho người dân Chung cư K33 và khu dân cư lân cận. Kính đề nghị cơ quan chức năng xử lý dứt điểm đảm bảo an toàn cho dân cư. Trân trọng cảm ơn!",". Phản ánh tình trạng đỗ xe oto bừa bãi tại đoạn đường có biển cấm đỗ xe trong ngõ 103 Lý Sơn, xung quanh Chung cư Quân đội K33. Đoạn đường ngõ hẹp chỉ vừa 3 làn ô tô nhưng xe đỗ hết 2 làn, 2 bên đường, ngay dưới biển cấm đỗ ô tô. Tình trạng này diễn ra thường xuyên gây nguy hiểm cho người dân Chung cư K33 và khu dân cư lân cận. Kính đề nghị cơ quan chức năng xử lý dứt điểm đảm bảo an toàn cho dân cư. Trân trọng cảm ơn!",https://congdanso.hanoi.gov.vn/phan-anh/phan-anh-tinh-trang-do-xe-o-to-bua-bai-tai-doan-duong-co-bien-cam-do-xe-trong-ngo-103-ly-son-gay-nguy-hiem-cho-nguoi-dan-sinh-song-trong-khu-vuc-268000,"Phản ánh tình trạng đỗ xe oto bừa bãi tại đoạn đường có biển cấm đỗ xe trong ngõ 103 Lý Sơn, xung quanh Chung cư Quân đội K33. Đoạn đường ngõ hẹp chỉ vừa 3 làn ô tô nhưng xe đỗ hết 2 làn, 2 bên đường, ngay dưới biển cấm đỗ ô tô. Tình trạng này diễn ra thường xuyên gây nguy hiểm cho người dân Chung cư K33 và khu dân cư lân cận. Kính đề nghị cơ quan chức năng xử lý dứt điểm đảm bảo an toàn cho dân cư. Trân trọng cảm ơn!","Phản ánh tình trạng đỗ xe oto bừa bãi tại đoạn đường có biển cấm đỗ xe trong ngõ 103 Lý Sơn, xung quanh Chung cư Quân đội K33. Đoạn đường ngõ hẹp chỉ vừa 3 làn ô tô nhưng xe đỗ hết 2 làn, 2 bên đường, ngay dưới biển cấm đỗ ô tô. Tình trạng này diễn ra thường xuyên gây nguy hiểm cho người dân Chung cư K33 và khu dân cư lân cận. Kính đề nghị cơ quan chức năng xử lý dứt điểm đảm bảo an toàn cho dân cư. Trân trọng cảm ơn","Phản_ánh tình_trạng đỗ xe oto bừa_bãi tại đoạn_đường có biển cấm đỗ xe trong ngõ 103 Lý_Sơn , xung_quanh Chung_cư Quân_đội K33 . Đoạn_đường ngõ hẹp chỉ vừa 3 làn ô_tô nhưng xe đỗ hết 2 làn , 2 bên đường , ngay dưới biển cấm đỗ ô_tô . Tình_trạng này diễn ra thường_xuyên gây nguy_hiểm cho người dân Chung_cư K33 và khu dân_cư lân_cận . Kính_đề nghị cơ_quan_chức_năng xử_lý dứt điểm_đảm bảo_an_toàn cho dân_cư . Trân_trọng cảm_ơn","phản_ánh tình_trạng đỗ xe oto bừa_bãi tại đoạn_đường có biển cấm đỗ xe trong ngõ 103 lý_sơn , xung_quanh chung_cư quân_đội k33 . đoạn_đường ngõ hẹp chỉ vừa 3 làn ô_tô nhưng xe đỗ hết 2 làn , 2 bên đường , ngay dưới biển cấm đỗ ô_tô . tình_trạng này diễn ra thường_xuyên gây nguy_hiểm cho người dân chung_cư k33 và khu dân_cư lân_cận . kính_đề nghị cơ_quan_chức_năng xử_lý dứt điểm_đảm bảo_an_toàn cho dân_cư . trân_trọng cảm_ơn",False
271392,Ha Noi,congdanso_hanoi,11,,Xe ô tô29c85463 nhiều lần công an đã nhắc nhở nhưng vẫn hàng ngày đỗ lấn chiếm lòng đường.,. Xe ô tô29c85463 nhiều lần công an đã nhắc nhở nhưng vẫn hàng ngày đỗ lấn chiếm lòng đường.,https://congdanso.hanoi.gov.vn/phan-anh/xe-o-to-nhieu-lan-vi-pham-271392,Xe ô tô29c85463 nhiều lần công an đã nhắc nhở nhưng vẫn hàng ngày đỗ lấn chiếm lòng đường.,Xe ô tô29c85463 nhiều lần công an đã nhắc nhở nhưng vẫn hàng ngày đỗ lấn chiếm lòng đường.,Xe_ô tô29c85463 nhiều lần công_an đã nhắc_nhở nhưng vẫn hàng ngày đỗ lấn_chiếm lòng_đường .,xe_ô tô29c85463 nhiều lần công_an đã nhắc_nhở nhưng vẫn hàng ngày đỗ lấn_chiếm lòng_đường .,False
177657,Ha Noi,congdanso_hanoi,11,,"Xe máy BKS 29V1-879.73 đi lên đường vành đai 2 trên cao đoạn qua phố Minh Khai, hướng về cầu Vĩnh Tuy lúc 16h06 ngày 12/07/2025",". Xe máy BKS 29V1-879.73 đi lên đường vành đai 2 trên cao đoạn qua phố Minh Khai, hướng về cầu Vĩnh Tuy lúc 16h06 ngày 12/07/2025",https://congdanso.hanoi.gov.vn/phan-anh/xe-may-di-len-duong-vd-2-tren-cao-doan-huong-ve-cau-vinh-tuy-177657,"Xe máy BKS 29V1-879.73 đi lên đường vành đai 2 trên cao đoạn qua phố Minh Khai, hướng về cầu Vĩnh Tuy lúc 16h06 ngày 12/07/2025","Xe máy BKS 29V1-879. 73 đi lên đường vành đai 2 trên cao đoạn qua phố Minh Khai, hướng về cầu Vĩnh Tuy lúc 16h06 ngày 12/07/2025","Xe_máy BKS 29V1 - 879 . 73 đi lên đường vành_đai 2 trên cao đoạn qua phố Minh_Khai , hướng về cầu Vĩnh_Tuy lúc 16h06 ngày 12 / 07 / 2025","xe_máy bks 29v1 - 879 . 73 đi lên đường vành_đai 2 trên cao đoạn qua phố minh_khai , hướng về cầu vĩnh_tuy lúc 16h06 ngày 12 / 07 / 2025",False
267688,Ha Noi,congdanso_hanoi,11,,"Kính gửi: – UBND phường Bồ Đề, TP Hà Nội – Công an phường Bồ Đề Nội dung phản ánh: Tôi xin phản ánh tình trạng lấn chiếm vỉa hè tại địa điểm: 📍 Ngân hàng TPBank – số 560 Nguyễn Văn Cừ, phường Bồ Đề. Qua ghi nhận thực tế (hình ảnh kèm theo), tại khu vực trước cửa ngân hàng: – Bảo vệ và các phương tiện (xe máy, xe đạp) chiếm dụng phần lớn vỉa hè; – Có người ngồi, để xe trực tiếp trên lối đi bộ; – Người đi bộ buộc phải di chuyển xuống lòng đường. Hệ quả: – Gây cản trở lối đi của người đi bộ; – Tiềm ẩn nguy cơ mất an toàn giao thông; – Ảnh hưởng đến trật tự, mỹ quan đô thị. Tình trạng này diễn ra thường xuyên, kéo dài, không phải nhất thời. Đề nghị: – Kiểm tra, nhắc nhở và xử lý hành vi lấn chiếm vỉa hè; – Yêu cầu đơn vị kinh doanh bố trí khu vực trông giữ xe đúng quy định; – Đảm bảo trả lại vỉa hè thông thoáng cho người đi bộ. Tôi xin gửi kèm hình ảnh làm căn cứ. Trân trọng.",". Kính gửi: – UBND phường Bồ Đề, TP Hà Nội – Công an phường Bồ Đề Nội dung phản ánh: Tôi xin phản ánh tình trạng lấn chiếm vỉa hè tại địa điểm: 📍 Ngân hàng TPBank – số 560 Nguyễn Văn Cừ, phường Bồ Đề. Qua ghi nhận thực tế (hình ảnh kèm theo), tại khu vực trước cửa ngân hàng: – Bảo vệ và các phương tiện (xe máy, xe đạp) chiếm dụng phần lớn vỉa hè; – Có người ngồi, để xe trực tiếp trên lối đi bộ; – Người đi bộ buộc phải di chuyển xuống lòng đường. Hệ quả: – Gây cản trở lối đi của người đi bộ; – Tiềm ẩn nguy cơ mất an toàn giao thông; – Ảnh hưởng đến trật tự, mỹ quan đô thị. Tình trạng này diễn ra thường xuyên, kéo dài, không phải nhất thời. Đề nghị: – Kiểm tra, nhắc nhở và xử lý hành vi lấn chiếm vỉa hè; – Yêu cầu đơn vị kinh doanh bố trí khu vực trông giữ xe đúng quy định; – Đảm bảo trả lại vỉa hè thông thoáng cho người đi bộ. Tôi xin gửi kèm hình ảnh làm căn cứ. Trân trọng.",https://congdanso.hanoi.gov.vn/phan-anh/lan-chiem-via-he-tai-560-nguyen-van-cu-267688,"Kính gửi: – UBND phường Bồ Đề, TP Hà Nội – Công an phường Bồ Đề Nội dung phản ánh: Tôi xin phản ánh tình trạng lấn chiếm vỉa hè tại địa điểm: 📍 Ngân hàng TPBank – số 560 Nguyễn Văn Cừ, phường Bồ Đề. Qua ghi nhận thực tế (hình ảnh kèm theo), tại khu vực trước cửa ngân hàng: – Bảo vệ và các phương tiện (xe máy, xe đạp) chiếm dụng phần lớn vỉa hè; – Có người ngồi, để xe trực tiếp trên lối đi bộ; – Người đi bộ buộc phải di chuyển xuống lòng đường. Hệ quả: – Gây cản trở lối đi của người đi bộ; – Tiềm ẩn nguy cơ mất an toàn giao thông; – Ảnh hưởng đến trật tự, mỹ quan đô thị. Tình trạng này diễn ra thường xuyên, kéo dài, không phải nhất thời. Đề nghị: – Kiểm tra, nhắc nhở và xử lý hành vi lấn chiếm vỉa hè; – Yêu cầu đơn vị kinh doanh bố trí khu vực trông giữ xe đúng quy định; – Đảm bảo trả lại vỉa hè thông thoáng cho người đi bộ. Tôi xin gửi kèm hình ảnh làm căn cứ. Trân trọng.","Kính gửi: UBND phường Bồ Đề, TP Hà Nội Công an phường Bồ Đề Nội dung phản ánh: Tôi xin phản ánh tình trạng lấn chiếm vỉa hè tại địa điểm: Ngân hàng TPBank số 560 Nguyễn Văn Cừ, phường Bồ Đề. Qua ghi nhận thực tế (hình ảnh kèm theo), tại khu vực trước cửa ngân hàng: Bảo vệ và các phương tiện (xe máy, xe đạp) chiếm dụng phần lớn vỉa hè; Có người ngồi, để xe trực tiếp trên lối đi bộ; Người đi bộ buộc phải di chuyển xuống lòng đường. Hệ quả: Gây cản trở lối đi của người đi bộ; Tiềm ẩn nguy cơ mất an toàn giao thông; Ảnh hưởng đến trật tự, mỹ quan đô thị. Tình trạng này diễn ra thường xuyên, kéo dài, không phải nhất thời. Đề nghị: Kiểm tra, nhắc nhở và xử lý hành vi lấn chiếm vỉa hè; Yêu cầu đơn vị kinh doanh bố trí khu vực trông giữ xe đúng quy định; Đảm bảo trả lại vỉa hè thông thoáng cho người đi bộ. Tôi xin gửi kèm hình ảnh làm căn cứ. Trân trọng.","Kính gửi : UBND phường Bồ_Đề , TP Hà_Nội_Công an phường Bồ_Đề_Nội dung phản_ánh : Tôi xin phản_ánh tình_trạng lấn_chiếm vỉa_hè tại địa_điểm : Ngân_hàng TPBank số 560 Nguyễn_Văn_Cừ , phường Bồ_Đề . Qua ghi_nhận thực_tế ( hình_ảnh kèm theo ) , tại khu_vực trước cửa ngân_hàng : Bảo_vệ và các phương_tiện ( xe_máy , xe_đạp ) chiếm_dụng phần_lớn vỉa_hè ; Có người ngồi , để xe trực_tiếp trên lối đi bộ ; Người_đi bộ buộc phải di_chuyển xuống lòng_đường . Hệ_quả : Gây cản_trở_lối đi của người đi bộ ; Tiềm_ẩn nguy_cơ mất an_toàn giao_thông ; Ảnh_hưởng đến trật_tự , mỹ_quan đô_thị . Tình_trạng này diễn ra thường_xuyên , kéo_dài , không phải nhất_thời . Đề_nghị : Kiểm_tra , nhắc_nhở và xử_lý hành_vi lấn_chiếm vỉa_hè ; Yêu_cầu đơn_vị kinh_doanh bố_trí khu_vực trông giữ xe đúng quy_định ; Đảm_bảo trả lại vỉa_hè thông_thoáng cho người đi bộ . Tôi xin gửi kèm hình_ảnh làm căn_cứ . Trân_trọng .","kính gửi : ubnd phường bồ_đề , tp hà_nội_công an phường bồ_đề_nội dung phản_ánh : tôi xin phản_ánh tình_trạng lấn_chiếm vỉa_hè tại địa_điểm : ngân_hàng tpbank số 560 nguyễn_văn_cừ , phường bồ_đề . qua ghi_nhận thực_tế ( hình_ảnh kèm theo ) , tại khu_vực trước cửa ngân_hàng : bảo_vệ và các phương_tiện ( xe_máy , xe_đạp ) chiếm_dụng phần_lớn vỉa_hè ; có người ngồi , để xe trực_tiếp trên lối đi bộ ; người_đi bộ buộc phải di_chuyển xuống lòng_đường . hệ_quả : gây cản_trở_lối đi của người đi bộ ; tiềm_ẩn nguy_cơ mất an_toàn giao_thông ; ảnh_hưởng đến trật_tự , mỹ_quan đô_thị . tình_trạng này diễn ra thường_xuyên , kéo_dài , không phải nhất_thời . đề_nghị : kiểm_tra , nhắc_nhở và xử_lý hành_vi lấn_chiếm vỉa_hè ; yêu_cầu đơn_vị kinh_doanh bố_trí khu_vực trông giữ xe đúng quy_định ; đảm_bảo trả lại vỉa_hè thông_thoáng cho người đi bộ . tôi xin gửi kèm hình_ảnh làm căn_cứ . trân_trọng .",False
267449,Ha Noi,congdanso_hanoi,11,,"Sau vụ cháy cầu Vĩnh Tuy, thành phố đã yêu cầu nghiêm cấm việc tận dụng đậu đỗ xe dưới gầm cầu. Tuy nhiên, tại trụ cầu 52, đối diện toà nhà vp6, tình trạng này vẫn tái diễn. Nhiều xe ô tô đậu cả ngày lẫn đêm, cản trở tầm nhìn, tiềm ẩn tngt. Đặc biệt, 1 xe vf màu đỏ 30k78945 đậu xuyên ngày đêm, ngay khúc cua ra đường hoàng liệt. Đề nghị phường có biện pháp xử lý những xe vi phạm.",". Sau vụ cháy cầu Vĩnh Tuy, thành phố đã yêu cầu nghiêm cấm việc tận dụng đậu đỗ xe dưới gầm cầu. Tuy nhiên, tại trụ cầu 52, đối diện toà nhà vp6, tình trạng này vẫn tái diễn. Nhiều xe ô tô đậu cả ngày lẫn đêm, cản trở tầm nhìn, tiềm ẩn tngt. Đặc biệt, 1 xe vf màu đỏ 30k78945 đậu xuyên ngày đêm, ngay khúc cua ra đường hoàng liệt. Đề nghị phường có biện pháp xử lý những xe vi phạm.",https://congdanso.hanoi.gov.vn/phan-anh/hang-loat-xe-o-to-dau-trai-phep-267449,"Sau vụ cháy cầu Vĩnh Tuy, thành phố đã yêu cầu nghiêm cấm việc tận dụng đậu đỗ xe dưới gầm cầu. Tuy nhiên, tại trụ cầu 52, đối diện toà nhà vp6, tình trạng này vẫn tái diễn. Nhiều xe ô tô đậu cả ngày lẫn đêm, cản trở tầm nhìn, tiềm ẩn tngt. Đặc biệt, 1 xe vf màu đỏ 30k78945 đậu xuyên ngày đêm, ngay khúc cua ra đường hoàng liệt. Đề nghị phường có biện pháp xử lý những xe vi phạm.","Sau vụ cháy cầu Vĩnh Tuy, thành phố đã yêu cầu nghiêm cấm việc tận dụng đậu đỗ xe dưới gầm cầu. Tuy nhiên, tại trụ cầu 52, đối diện toà nhà vp6, tình trạng này vẫn tái diễn. Nhiều xe ô tô đậu cả ngày lẫn đêm, cản trở tầm nhìn, tiềm ẩn tngt. Đặc biệt, 1 xe vf màu đỏ 30k78945 đậu xuyên ngày đêm, ngay khúc cua ra đường hoàng liệt. Đề nghị phường có biện pháp xử lý những xe vi phạm.","Sau vụ cháy cầu Vĩnh_Tuy , thành_phố đã yêu_cầu nghiêm_cấm việc tận_dụng đậu_đỗ xe dưới gầm cầu . Tuy_nhiên , tại trụ cầu 52 , đối_diện toà nhà vp6 , tình_trạng này vẫn tái_diễn . Nhiều xe ô_tô đậu cả ngày lẫn đêm , cản_trở_tầm nhìn , tiềm_ẩn tngt . Đặc_biệt , 1 xe vf màu đỏ 30k78945 đậu xuyên ngày_đêm , ngay khúc cua ra đường_hoàng liệt . Đề_nghị phường có biện_pháp xử_lý những xe vi_phạm .","sau vụ cháy cầu vĩnh_tuy , thành_phố đã yêu_cầu nghiêm_cấm việc tận_dụng đậu_đỗ xe dưới gầm cầu . tuy_nhiên , tại trụ cầu 52 , đối_diện toà nhà vp6 , tình_trạng này vẫn tái_diễn . nhiều xe ô_tô đậu cả ngày lẫn đêm , cản_trở_tầm nhìn , tiềm_ẩn tngt . đặc_biệt , 1 xe vf màu đỏ 30k78945 đậu xuyên ngày_đêm , ngay khúc cua ra đường_hoàng liệt . đề_nghị phường có biện_pháp xử_lý những xe vi_phạm .",False
266350,Ha Noi,congdanso_hanoi,11,,"Vị trí đặt biển ngay phía Highland Lê Duẩn, bị che lấp bởi cây trên vỉa hè. Biển được đặt rất khuất và nhiều lái xe bị vi phạm do cây che lấp, không hiện rõ. Biển báo cấm ô tô rẽ trái từ Lê Duẩn sang Điện Biên Phủ (nếu xe ô tô đi từ Cao Bá Quát rẽ trái ra Lê Duẩn - hướng về Trần Phú) *** đối diện Hưng Thịnh decal, số 6 Lê Duẩn",". Vị trí đặt biển ngay phía Highland Lê Duẩn, bị che lấp bởi cây trên vỉa hè. Biển được đặt rất khuất và nhiều lái xe bị vi phạm do cây che lấp, không hiện rõ. Biển báo cấm ô tô rẽ trái từ Lê Duẩn sang Điện Biên Phủ (nếu xe ô tô đi từ Cao Bá Quát rẽ trái ra Lê Duẩn - hướng về Trần Phú) *** đối diện Hưng Thịnh decal, số 6 Lê Duẩn",https://congdanso.hanoi.gov.vn/phan-anh/bien-bao-giao-thong-cam-o-to-re-trai-266350,"Vị trí đặt biển ngay phía Highland Lê Duẩn, bị che lấp bởi cây trên vỉa hè. Biển được đặt rất khuất và nhiều lái xe bị vi phạm do cây che lấp, không hiện rõ. Biển báo cấm ô tô rẽ trái từ Lê Duẩn sang Điện Biên Phủ (nếu xe ô tô đi từ Cao Bá Quát rẽ trái ra Lê Duẩn - hướng về Trần Phú) *** đối diện Hưng Thịnh decal, số 6 Lê Duẩn","Vị trí đặt biển ngay phía Highland Lê Duẩn, bị che lấp bởi cây trên vỉa hè. Biển được đặt rất khuất và nhiều lái xe bị vi phạm do cây che lấp, không hiện rõ. Biển báo cấm ô tô rẽ trái từ Lê Duẩn sang Điện Biên Phủ (nếu xe ô tô đi từ Cao Bá Quát rẽ trái ra Lê Duẩn - hướng về Trần Phú) đối diện Hưng Thịnh decal, số 6 Lê Duẩn","Vị_trí đặt biển ngay phía Highland_Lê_Duẩn , bị che_lấp bởi cây trên vỉa_hè . Biển_được_đặt rất khuất và nhiều lái_xe bị vi_phạm do cây che_lấp , không hiện rõ . Biển_báo cấm ô_tô rẽ trái từ Lê_Duẩn sang Điện_Biên_Phủ ( nếu xe ô_tô đi từ Cao_Bá_Quát rẽ trái ra Lê_Duẩn - hướng về Trần_Phú ) đối_diện Hưng_Thịnh decal , số 6 Lê_Duẩn","vị_trí đặt biển ngay phía highland_lê_duẩn , bị che_lấp bởi cây trên vỉa_hè . biển_được_đặt rất khuất và nhiều lái_xe bị vi_phạm do cây che_lấp , không hiện rõ . biển_báo cấm ô_tô rẽ trái từ lê_duẩn sang điện_biên_phủ ( nếu xe ô_tô đi từ cao_bá_quát rẽ trái ra lê_duẩn - hướng về trần_phú ) đối_diện hưng_thịnh decal , số 6 lê_duẩn",False
268321,Ha Noi,congdanso_hanoi,11,,"Hiện nay có nhiều xe ô tô đỗ lấn chiếm lòng đường, vỉ hè ,trông giư xe dưới lòng đường ko đủ điều kiện ,yêu cầu kiểm tra giấy giấy phép . Hàng quán nước lấn chiếm vỉ hè gây mất an ninh trật tự. Kinh đề nghị các cơ quan có thẩm quyền dẹp bỏ, để lòng đường thông thoáng đảm bảo phòng chống cháy nổ",". Hiện nay có nhiều xe ô tô đỗ lấn chiếm lòng đường, vỉ hè ,trông giư xe dưới lòng đường ko đủ điều kiện ,yêu cầu kiểm tra giấy giấy phép . Hàng quán nước lấn chiếm vỉ hè gây mất an ninh trật tự. Kinh đề nghị các cơ quan có thẩm quyền dẹp bỏ, để lòng đường thông thoáng đảm bảo phòng chống cháy nổ",https://congdanso.hanoi.gov.vn/phan-anh/xe-o-to-do-va-hang-quan-lan-chiem-long-duong-vi-he-268321,"Hiện nay có nhiều xe ô tô đỗ lấn chiếm lòng đường, vỉ hè ,trông giư xe dưới lòng đường ko đủ điều kiện ,yêu cầu kiểm tra giấy giấy phép . Hàng quán nước lấn chiếm vỉ hè gây mất an ninh trật tự. Kinh đề nghị các cơ quan có thẩm quyền dẹp bỏ, để lòng đường thông thoáng đảm bảo phòng chống cháy nổ","Hiện nay có nhiều xe ô tô đỗ lấn chiếm lòng đường, vỉ hè, trông giư xe dưới lòng đường ko đủ điều kiện, yêu cầu kiểm tra giấy giấy phép. Hàng quán nước lấn chiếm vỉ hè gây mất an ninh trật tự. Kinh đề nghị các cơ quan có thẩm quyền dẹp bỏ, để lòng đường thông thoáng đảm bảo phòng chống cháy nổ","Hiện_nay có nhiều xe ô_tô đỗ lấn_chiếm lòng_đường , vỉ hè , trông giư xe dưới lòng_đường ko đủ_điều kiện , yêu_cầu kiểm_tra giấy giấy_phép . Hàng_quán nước lấn_chiếm vỉ hè gây mất an_ninh trật_tự . Kinh_đề nghị các cơ_quan có thẩm_quyền dẹp bỏ , để lòng_đường thông_thoáng đảm_bảo phòng_chống cháy nổ","hiện_nay có nhiều xe ô_tô đỗ lấn_chiếm lòng_đường , vỉ hè , trông giư xe dưới lòng_đường ko đủ_điều kiện , yêu_cầu kiểm_tra giấy giấy_phép . hàng_quán nước lấn_chiếm vỉ hè gây mất an_ninh trật_tự . kinh_đề nghị các cơ_quan có thẩm_quyền dẹp bỏ , để lòng_đường thông_thoáng đảm_bảo phòng_chống cháy nổ",False
268633,Ha Noi,congdanso_hanoi,11,,Xe ô tô biển số 30F-083.08 thường xuyên đỗ tại ngõ có biển cấm đỗ. Vị trí đỗ gây khuất tầm nhìn cho người đi từ trong ngách ra và xe lưu thông trên ngõ. Đã xảy ra va chạm xe khi lưu thông do xe này đỗ chắn tầm nhìn của các xe khác khi lưu thông.,. Xe ô tô biển số 30F-083.08 thường xuyên đỗ tại ngõ có biển cấm đỗ. Vị trí đỗ gây khuất tầm nhìn cho người đi từ trong ngách ra và xe lưu thông trên ngõ. Đã xảy ra va chạm xe khi lưu thông do xe này đỗ chắn tầm nhìn của các xe khác khi lưu thông.,https://congdanso.hanoi.gov.vn/phan-anh/xe-o-to-30f-08308-do-khong-dung-quy-dinh-268633,Xe ô tô biển số 30F-083.08 thường xuyên đỗ tại ngõ có biển cấm đỗ. Vị trí đỗ gây khuất tầm nhìn cho người đi từ trong ngách ra và xe lưu thông trên ngõ. Đã xảy ra va chạm xe khi lưu thông do xe này đỗ chắn tầm nhìn của các xe khác khi lưu thông.,Xe ô tô biển số 30F-083. 08 thường xuyên đỗ tại ngõ có biển cấm đỗ. Vị trí đỗ gây khuất tầm nhìn cho người đi từ trong ngách ra và xe lưu thông trên ngõ. Đã xảy ra va chạm xe khi lưu thông do xe này đỗ chắn tầm nhìn của các xe khác khi lưu thông.,Xe ô_tô biển số 30F - 083 . 08 thường_xuyên đỗ tại ngõ có biển cấm đỗ . Vị_trí đỗ gây khuất tầm nhìn cho người đi từ trong ngách ra và xe lưu_thông trên ngõ . Đã xảy ra va_chạm xe khi lưu_thông do xe này đỗ chắn tầm nhìn của các xe khác khi lưu_thông .,xe ô_tô biển số 30f - 083 . 08 thường_xuyên đỗ tại ngõ có biển cấm đỗ . vị_trí đỗ gây khuất tầm nhìn cho người đi từ trong ngách ra và xe lưu_thông trên ngõ . đã xảy ra va_chạm xe khi lưu_thông do xe này đỗ chắn tầm nhìn của các xe khác khi lưu_thông .,False
268171,Ha Noi,congdanso_hanoi,11,,"Tôi đề xuất cơ quan chức năng nghiên cứu phương án tạo lối rẽ trái quay đầu qua đoạn dải phân cách dưới gầm cầu vượt và đường trên cao đoạn ngã tư Phạm Hùng x Tôn Thất Thuyết. Tạo thuận lợi cho các xe hướng đi từ ngã 4 Xuân Thuỷ, Hồ Tùng Mậu đi tới ngã 4 Tôn Thất Thuyết muốn rẽ trái quay đầu không phải đợi hết đèn đỏ, chống ùn tắc cho cả làn xe trên cầu vượt rẽ xuống muốn đi thẳng qua ngã 4 này",". Tôi đề xuất cơ quan chức năng nghiên cứu phương án tạo lối rẽ trái quay đầu qua đoạn dải phân cách dưới gầm cầu vượt và đường trên cao đoạn ngã tư Phạm Hùng x Tôn Thất Thuyết. Tạo thuận lợi cho các xe hướng đi từ ngã 4 Xuân Thuỷ, Hồ Tùng Mậu đi tới ngã 4 Tôn Thất Thuyết muốn rẽ trái quay đầu không phải đợi hết đèn đỏ, chống ùn tắc cho cả làn xe trên cầu vượt rẽ xuống muốn đi thẳng qua ngã 4 này",https://congdanso.hanoi.gov.vn/phan-anh/giai-phap-giam-un-tac-giao-thong-268171,"Tôi đề xuất cơ quan chức năng nghiên cứu phương án tạo lối rẽ trái quay đầu qua đoạn dải phân cách dưới gầm cầu vượt và đường trên cao đoạn ngã tư Phạm Hùng x Tôn Thất Thuyết. Tạo thuận lợi cho các xe hướng đi từ ngã 4 Xuân Thuỷ, Hồ Tùng Mậu đi tới ngã 4 Tôn Thất Thuyết muốn rẽ trái quay đầu không phải đợi hết đèn đỏ, chống ùn tắc cho cả làn xe trên cầu vượt rẽ xuống muốn đi thẳng qua ngã 4 này","Tôi đề xuất cơ quan chức năng nghiên cứu phương án tạo lối rẽ trái quay đầu qua đoạn dải phân cách dưới gầm cầu vượt và đường trên cao đoạn ngã tư Phạm Hùng x Tôn Thất Thuyết. Tạo thuận lợi cho các xe hướng đi từ ngã 4 Xuân Thuỷ, Hồ Tùng Mậu đi tới ngã 4 Tôn Thất Thuyết muốn rẽ trái quay đầu không phải đợi hết đèn đỏ, chống ùn tắc cho cả làn xe trên cầu vượt rẽ xuống muốn đi thẳng qua ngã 4 này","Tôi_đề xuất cơ_quan_chức_năng nghiên_cứu phương_án tạo lối rẽ trái quay đầu qua đoạn dải_phân_cách dưới gầm cầu_vượt và đường trên cao đoạn ngã tư Phạm_Hùng x Tôn_Thất_Thuyết . Tạo thuận_lợi cho các xe hướng đi từ ngã 4 Xuân_Thuỷ , Hồ_Tùng_Mậu_đi tới ngã 4 Tôn_Thất_Thuyết muốn rẽ trái quay đầu không phải đợi hết đèn_đỏ , chống ùn_tắc cho cả làn xe trên cầu_vượt rẽ xuống muốn đi thẳng qua ngã 4 này","tôi_đề xuất cơ_quan_chức_năng nghiên_cứu phương_án tạo lối rẽ trái quay đầu qua đoạn dải_phân_cách dưới gầm cầu_vượt và đường trên cao đoạn ngã tư phạm_hùng x tôn_thất_thuyết . tạo thuận_lợi cho các xe hướng đi từ ngã 4 xuân_thuỷ , hồ_tùng_mậu_đi tới ngã 4 tôn_thất_thuyết muốn rẽ trái quay đầu không phải đợi hết đèn_đỏ , chống ùn_tắc cho cả làn xe trên cầu_vượt rẽ xuống muốn đi thẳng qua ngã 4 này",False
267792,Ha Noi,congdanso_hanoi,12,,"Đỗ xe dưới biển cấm, vi phạm luật giao thông, găy khó khăn cản trở giao thông",". Đỗ xe dưới biển cấm, vi phạm luật giao thông, găy khó khăn cản trở giao thông",https://congdanso.hanoi.gov.vn/phan-anh/do-xe-trai-phep-267792,"Đỗ xe dưới biển cấm, vi phạm luật giao thông, găy khó khăn cản trở giao thông","Đỗ xe dưới biển cấm, vi phạm luật giao thông, găy khó khăn cản trở giao thông","Đỗ xe dưới biển cấm , vi phạm_luật giao_thông , găy khó_khăn cản_trở giao_thông","đỗ xe dưới biển cấm , vi phạm_luật giao_thông , găy khó_khăn cản_trở giao_thông",False
263188,Ha Noi,congdanso_hanoi,12,,"Trên đường lối cạnh trường Tiểu học Kim Chung B và đường trục chính gần cổng trường THCS Kim Chung có lỗ hổng to ở giữa đường Cản trở và gây nguy hiểm cho người qua đường Đặc biệt là các em học sinh Di chuyển chật hẹp, khó khăn Nắp cống đã mất 1 năm nhưng chưa thấy xử lý, dù đã có phản ánh Rất mong các Ban ngành lãnh đạo đẩy nhanh xử lý để đảm bảo cho các em học sinh và phụ huynh cũng như người dân qua lại",". Trên đường lối cạnh trường Tiểu học Kim Chung B và đường trục chính gần cổng trường THCS Kim Chung có lỗ hổng to ở giữa đường Cản trở và gây nguy hiểm cho người qua đường Đặc biệt là các em học sinh Di chuyển chật hẹp, khó khăn Nắp cống đã mất 1 năm nhưng chưa thấy xử lý, dù đã có phản ánh Rất mong các Ban ngành lãnh đạo đẩy nhanh xử lý để đảm bảo cho các em học sinh và phụ huynh cũng như người dân qua lại",https://congdanso.hanoi.gov.vn/phan-anh/lo-hong-to-tren-duong-gan-khu-vuc-truong-cap-1-cap-2-kim-chung-263188,"Trên đường lối cạnh trường Tiểu học Kim Chung B và đường trục chính gần cổng trường THCS Kim Chung có lỗ hổng to ở giữa đường Cản trở và gây nguy hiểm cho người qua đường Đặc biệt là các em học sinh Di chuyển chật hẹp, khó khăn Nắp cống đã mất 1 năm nhưng chưa thấy xử lý, dù đã có phản ánh Rất mong các Ban ngành lãnh đạo đẩy nhanh xử lý để đảm bảo cho các em học sinh và phụ huynh cũng như người dân qua lại","Trên đường lối cạnh trường Tiểu học Kim Chung B và đường trục chính gần cổng trường THCS Kim Chung có lỗ hổng to ở giữa đường Cản trở và gây nguy hiểm cho người qua đường Đặc biệt là các em học sinh Di chuyển chật hẹp, khó khăn Nắp cống đã mất 1 năm nhưng chưa thấy xử lý, dù đã có phản ánh Rất mong các Ban ngành lãnh đạo đẩy nhanh xử lý để đảm bảo cho các em học sinh và phụ huynh cũng như người dân qua lại","Trên_đường lối cạnh trường Tiểu_học Kim_Chung B và đường_trục chính gần cổng trường THCS Kim_Chung có lỗ_hổng to ở giữa đường_Cản trở và gây nguy_hiểm cho người qua đường_Đặc biệt là các em học_sinh Di_chuyển chật_hẹp , khó_khăn Nắp cống đã mất 1 năm nhưng chưa thấy xử_lý , dù đã có phản_ánh_Rất mong các Ban_ngành lãnh đạo_đẩy nhanh xử_lý để_đảm bảo cho các em học_sinh và phụ_huynh cũng như người dân qua_lại","trên_đường lối cạnh trường tiểu_học kim_chung b và đường_trục chính gần cổng trường thcs kim_chung có lỗ_hổng to ở giữa đường_cản trở và gây nguy_hiểm cho người qua đường_đặc biệt là các em học_sinh di_chuyển chật_hẹp , khó_khăn nắp cống đã mất 1 năm nhưng chưa thấy xử_lý , dù đã có phản_ánh_rất mong các ban_ngành lãnh đạo_đẩy nhanh xử_lý để_đảm bảo cho các em học_sinh và phụ_huynh cũng như người dân qua_lại",False
225679,Ha Noi,congdanso_hanoi,12,,"Trước chung cư PHC 158 Nguyễn Sơn thường xuyên cho ô tô đỗ dưới lòng đường, khiến ách tắc và cản trở tầm quan sát của cư dân từ trong các ngõ đi ra đường Nguyễn Sơn, thường xuyên xảy ra và không có lực lượng chức năng nhắc nhở",". Trước chung cư PHC 158 Nguyễn Sơn thường xuyên cho ô tô đỗ dưới lòng đường, khiến ách tắc và cản trở tầm quan sát của cư dân từ trong các ngõ đi ra đường Nguyễn Sơn, thường xuyên xảy ra và không có lực lượng chức năng nhắc nhở",https://congdanso.hanoi.gov.vn/phan-anh/o-to-do-duoi-long-duong-anh-huong-an-toan-giao-thong-225679,"Trước chung cư PHC 158 Nguyễn Sơn thường xuyên cho ô tô đỗ dưới lòng đường, khiến ách tắc và cản trở tầm quan sát của cư dân từ trong các ngõ đi ra đường Nguyễn Sơn, thường xuyên xảy ra và không có lực lượng chức năng nhắc nhở","Trước chung cư PHC 158 Nguyễn Sơn thường xuyên cho ô tô đỗ dưới lòng đường, khiến ách tắc và cản trở tầm quan sát của cư dân từ trong các ngõ đi ra đường Nguyễn Sơn, thường xuyên xảy ra và không có lực lượng chức năng nhắc nhở","Trước chung_cư PHC 158 Nguyễn_Sơn thường_xuyên cho ô_tô đỗ dưới lòng_đường , khiến ách_tắc và cản_trở tầm quan_sát của cư_dân từ trong các ngõ đi ra đường Nguyễn_Sơn , thường_xuyên xảy ra và không có lực_lượng chức_năng nhắc_nhở","trước chung_cư phc 158 nguyễn_sơn thường_xuyên cho ô_tô đỗ dưới lòng_đường , khiến ách_tắc và cản_trở tầm quan_sát của cư_dân từ trong các ngõ đi ra đường nguyễn_sơn , thường_xuyên xảy ra và không có lực_lượng chức_năng nhắc_nhở",False
273083,Ha Noi,congdanso_hanoi,12,,"Tuyến đường bê tông dài khoảng 1km từ Thôn 9 đi Chợ So xuống cấp trầm trọng khi xảy ra tình trạng nút gãy mặt đường, sụt lún, chưa có hộ lan rất dễ lao xuống kênh T10 và tiềm ẩn nguy cơ mất an toàn giao thông do có rất nhiều phương tiện cơ giới đi lại thường xuyên. Để đảm bảo ATGT cũng như đồng bộ với tuyến đường nhựa cắt ngang qua như Đường 419 đi Phú Hạng. Hiện các thôn khác trong xã Hưng Đạo cơ bản đều được thảm nhựa vào tận ngõ! Mong cơ quan có thẩm quyền sớm nâng cấp tuyến đường này từ bê tông thành đường nhựa và có đèn đường để phù hợp với tiến trình nông thôn mới. Xin cảm ơn!",". Tuyến đường bê tông dài khoảng 1km từ Thôn 9 đi Chợ So xuống cấp trầm trọng khi xảy ra tình trạng nút gãy mặt đường, sụt lún, chưa có hộ lan rất dễ lao xuống kênh T10 và tiềm ẩn nguy cơ mất an toàn giao thông do có rất nhiều phương tiện cơ giới đi lại thường xuyên. Để đảm bảo ATGT cũng như đồng bộ với tuyến đường nhựa cắt ngang qua như Đường 419 đi Phú Hạng. Hiện các thôn khác trong xã Hưng Đạo cơ bản đều được thảm nhựa vào tận ngõ! Mong cơ quan có thẩm quyền sớm nâng cấp tuyến đường này từ bê tông thành đường nhựa và có đèn đường để phù hợp với tiến trình nông thôn mới. Xin cảm ơn!",https://congdanso.hanoi.gov.vn/phan-anh/duong-tu-cho-so-di-thon-9-be-tong-sut-lun-nut-gay-273083,"Tuyến đường bê tông dài khoảng 1km từ Thôn 9 đi Chợ So xuống cấp trầm trọng khi xảy ra tình trạng nút gãy mặt đường, sụt lún, chưa có hộ lan rất dễ lao xuống kênh T10 và tiềm ẩn nguy cơ mất an toàn giao thông do có rất nhiều phương tiện cơ giới đi lại thường xuyên. Để đảm bảo ATGT cũng như đồng bộ với tuyến đường nhựa cắt ngang qua như Đường 419 đi Phú Hạng. Hiện các thôn khác trong xã Hưng Đạo cơ bản đều được thảm nhựa vào tận ngõ! Mong cơ quan có thẩm quyền sớm nâng cấp tuyến đường này từ bê tông thành đường nhựa và có đèn đường để phù hợp với tiến trình nông thôn mới. Xin cảm ơn!","Tuyến đường bê tông dài khoảng 1km từ Thôn 9 đi Chợ So xuống cấp trầm trọng khi xảy ra tình trạng nút gãy mặt đường, sụt lún, chưa có hộ lan rất dễ lao xuống kênh T10 và tiềm ẩn nguy cơ mất an toàn giao thông do có rất nhiều phương tiện cơ giới đi lại thường xuyên. Để đảm bảo ATGT cũng như đồng bộ với tuyến đường nhựa cắt ngang qua như Đường 419 đi Phú Hạng. Hiện các thôn khác trong xã Hưng Đạo cơ bản đều được thảm nhựa vào tận ngõ Mong cơ quan có thẩm quyền sớm nâng cấp tuyến đường này từ bê tông thành đường nhựa và có đèn đường để phù hợp với tiến trình nông thôn mới. Xin cảm ơn","Tuyến_đường bê_tông dài khoảng 1km từ Thôn 9 đi_Chợ_So xuống_cấp trầm_trọng khi xảy ra tình_trạng nút gãy mặt_đường , sụt lún , chưa có hộ lan rất dễ lao xuống kênh T10 và tiềm_ẩn nguy_cơ mất an_toàn giao_thông do có rất nhiều phương_tiện cơ_giới đi_lại thường_xuyên . Để_đảm bảo ATGT cũng như đồng_bộ với tuyến đường_nhựa cắt ngang qua như Đường 419 đi_Phú_Hạng . Hiện các thôn khác trong xã Hưng_Đạo cơ_bản đều_được thảm nhựa vào tận ngõ Mong cơ_quan có thẩm_quyền sớm nâng_cấp tuyến đường này từ bê_tông thành đường_nhựa và có đèn_đường_để phù_hợp với tiến_trình nông_thôn mới . Xin cảm_ơn","tuyến_đường bê_tông dài khoảng 1km từ thôn 9 đi_chợ_so xuống_cấp trầm_trọng khi xảy ra tình_trạng nút gãy mặt_đường , sụt lún , chưa có hộ lan rất dễ lao xuống kênh t10 và tiềm_ẩn nguy_cơ mất an_toàn giao_thông do có rất nhiều phương_tiện cơ_giới đi_lại thường_xuyên . để_đảm bảo atgt cũng như đồng_bộ với tuyến đường_nhựa cắt ngang qua như đường 419 đi_phú_hạng . hiện các thôn khác trong xã hưng_đạo cơ_bản đều_được thảm nhựa vào tận ngõ mong cơ_quan có thẩm_quyền sớm nâng_cấp tuyến đường này từ bê_tông thành đường_nhựa và có đèn_đường_để phù_hợp với tiến_trình nông_thôn mới . xin cảm_ơn",False
264383,Ha Noi,congdanso_hanoi,12,,"Kính gửi: UBND xã Phúc Thọ và Công an khu vực Thôn Bảo Vệ 1 Tôi tiếp tục phản ánh về tình trạng một hộ dân sử dụng xe ba gác đỗ chiếm dụng lòng đường tại khu vực cuối ngõ Xóm Giếng, thôn Bảo Vệ 1, xã Phúc Thọ. Cụ thể, xe ba gác thường xuyên đỗ chắn khoảng 1/2 lòng đường, ngay trước lối ra vào nhà tôi, gây cản trở nghiêm trọng việc đi lại, tiềm ẩn nguy cơ mất an toàn giao thông và ảnh hưởng trực tiếp đến sinh hoạt của gia đình tôi. Tình trạng này đã diễn ra liên tục trong thời gian dài (gần 1 năm), mặc dù tôi đã: • Nhiều lần phản ánh qua ứng dụng phản ánh hiện trường • Trực tiếp liên hệ, trao đổi với công an khu vực Tuy nhiên, đến nay sự việc vẫn chưa được xử lý dứt điểm, hành vi vi phạm vẫn tiếp tục tái diễn, gây bức xúc trong đời sống sinh hoạt hàng ngày đi lại ra vào của gia đình tôi . Hành vi chiếm dụng lòng đường làm nơi đỗ xe là vi phạm quy định về sử dụng lòng đường, vỉa hè và trật tự an toàn giao thông theo quy định của pháp luật hiện hành. Tôi kính đề nghị: 1. Kiểm tra, xác minh và xử lý dứt điểm hành vi vi phạm nêu trên 2. Có biện pháp ngăn chặn tái diễn, đảm bảo lối đi chung thông thoáng 3. Phản hồi kết quả xử lý cụ thể tới người dân Trường hợp tình trạng này tiếp tục không được giải quyết, tôi sẽ tiếp tục gửi phản ánh tới các cấp cao hơn để đảm bảo quyền lợi chính đáng của người dân. Tôi có đầy đủ hình ảnh, video ghi lại quá trình vi phạm kèm theo. Rất mong cơ quan chức năng quan tâm và xử lý dứt điểm. Xin trân trọng cảm ơn!",". Kính gửi: UBND xã Phúc Thọ và Công an khu vực Thôn Bảo Vệ 1 Tôi tiếp tục phản ánh về tình trạng một hộ dân sử dụng xe ba gác đỗ chiếm dụng lòng đường tại khu vực cuối ngõ Xóm Giếng, thôn Bảo Vệ 1, xã Phúc Thọ. Cụ thể, xe ba gác thường xuyên đỗ chắn khoảng 1/2 lòng đường, ngay trước lối ra vào nhà tôi, gây cản trở nghiêm trọng việc đi lại, tiềm ẩn nguy cơ mất an toàn giao thông và ảnh hưởng trực tiếp đến sinh hoạt của gia đình tôi. Tình trạng này đã diễn ra liên tục trong thời gian dài (gần 1 năm), mặc dù tôi đã: • Nhiều lần phản ánh qua ứng dụng phản ánh hiện trường • Trực tiếp liên hệ, trao đổi với công an khu vực Tuy nhiên, đến nay sự việc vẫn chưa được xử lý dứt điểm, hành vi vi phạm vẫn tiếp tục tái diễn, gây bức xúc trong đời sống sinh hoạt hàng ngày đi lại ra vào của gia đình tôi . Hành vi chiếm dụng lòng đường làm nơi đỗ xe là vi phạm quy định về sử dụng lòng đường, vỉa hè và trật tự an toàn giao thông theo quy định của pháp luật hiện hành. Tôi kính đề nghị: 1. Kiểm tra, xác minh và xử lý dứt điểm hành vi vi phạm nêu trên 2. Có biện pháp ngăn chặn tái diễn, đảm bảo lối đi chung thông thoáng 3. Phản hồi kết quả xử lý cụ thể tới người dân Trường hợp tình trạng này tiếp tục không được giải quyết, tôi sẽ tiếp tục gửi phản ánh tới các cấp cao hơn để đảm bảo quyền lợi chính đáng của người dân. Tôi có đầy đủ hình ảnh, video ghi lại quá trình vi phạm kèm theo. Rất mong cơ quan chức năng quan tâm và xử lý dứt điểm. Xin trân trọng cảm ơn!",https://congdanso.hanoi.gov.vn/phan-anh/de-nghi-xu-ly-dut-diem-hanh-vi-chiem-dung-long-duong-keo-dai-da-phan-anh-nhieu-lan-nhung-chua-duoc-giai-quyet-264383,"Kính gửi: UBND xã Phúc Thọ và Công an khu vực Thôn Bảo Vệ 1 Tôi tiếp tục phản ánh về tình trạng một hộ dân sử dụng xe ba gác đỗ chiếm dụng lòng đường tại khu vực cuối ngõ Xóm Giếng, thôn Bảo Vệ 1, xã Phúc Thọ. Cụ thể, xe ba gác thường xuyên đỗ chắn khoảng 1/2 lòng đường, ngay trước lối ra vào nhà tôi, gây cản trở nghiêm trọng việc đi lại, tiềm ẩn nguy cơ mất an toàn giao thông và ảnh hưởng trực tiếp đến sinh hoạt của gia đình tôi. Tình trạng này đã diễn ra liên tục trong thời gian dài (gần 1 năm), mặc dù tôi đã: • Nhiều lần phản ánh qua ứng dụng phản ánh hiện trường • Trực tiếp liên hệ, trao đổi với công an khu vực Tuy nhiên, đến nay sự việc vẫn chưa được xử lý dứt điểm, hành vi vi phạm vẫn tiếp tục tái diễn, gây bức xúc trong đời sống sinh hoạt hàng ngày đi lại ra vào của gia đình tôi . Hành vi chiếm dụng lòng đường làm nơi đỗ xe là vi phạm quy định về sử dụng lòng đường, vỉa hè và trật tự an toàn giao thông theo quy định của pháp luật hiện hành. Tôi kính đề nghị: 1. Kiểm tra, xác minh và xử lý dứt điểm hành vi vi phạm nêu trên 2. Có biện pháp ngăn chặn tái diễn, đảm bảo lối đi chung thông thoáng 3. Phản hồi kết quả xử lý cụ thể tới người dân Trường hợp tình trạng này tiếp tục không được giải quyết, tôi sẽ tiếp tục gửi phản ánh tới các cấp cao hơn để đảm bảo quyền lợi chính đáng của người dân. Tôi có đầy đủ hình ảnh, video ghi lại quá trình vi phạm kèm theo. Rất mong cơ quan chức năng quan tâm và xử lý dứt điểm. Xin trân trọng cảm ơn!","Kính gửi: UBND xã Phúc Thọ và Công an khu vực Thôn Bảo Vệ 1 Tôi tiếp tục phản ánh về tình trạng một hộ dân sử dụng xe ba gác đỗ chiếm dụng lòng đường tại khu vực cuối ngõ Xóm Giếng, thôn Bảo Vệ 1, xã Phúc Thọ. Cụ thể, xe ba gác thường xuyên đỗ chắn khoảng 1/2 lòng đường, ngay trước lối ra vào nhà tôi, gây cản trở nghiêm trọng việc đi lại, tiềm ẩn nguy cơ mất an toàn giao thông và ảnh hưởng trực tiếp đến sinh hoạt của gia đình tôi. Tình trạng này đã diễn ra liên tục trong thời gian dài (gần 1 năm), mặc dù tôi đã: Nhiều lần phản ánh qua ứng dụng phản ánh hiện trường Trực tiếp liên hệ, trao đổi với công an khu vực Tuy nhiên, đến nay sự việc vẫn chưa được xử lý dứt điểm, hành vi vi phạm vẫn tiếp tục tái diễn, gây bức xúc trong đời sống sinh hoạt hàng ngày đi lại ra vào của gia đình tôi. Hành vi chiếm dụng lòng đường làm nơi đỗ xe là vi phạm quy định về sử dụng lòng đường, vỉa hè và trật tự an toàn giao thông theo quy định của pháp luật hiện hành. Tôi kính đề nghị: 1. Kiểm tra, xác minh và xử lý dứt điểm hành vi vi phạm nêu trên 2. Có biện pháp ngăn chặn tái diễn, đảm bảo lối đi chung thông thoáng 3. Phản hồi kết quả xử lý cụ thể tới người dân Trường hợp tình trạng này tiếp tục không được giải quyết, tôi sẽ tiếp tục gửi phản ánh tới các cấp cao hơn để đảm bảo quyền lợi chính đáng của người dân. Tôi có đầy đủ hình ảnh, video ghi lại quá trình vi phạm kèm theo. Rất mong cơ quan chức năng quan tâm và xử lý dứt điểm. Xin trân trọng cảm ơn","Kính gửi : UBND xã Phúc_Thọ và Công_an khu_vực Thôn_Bảo_Vệ 1 Tôi tiếp_tục phản_ánh về tình_trạng một hộ dân sử_dụng xe ba_gác đỗ chiếm_dụng lòng_đường tại khu_vực cuối ngõ Xóm_Giếng , thôn Bảo_Vệ 1 , xã Phúc_Thọ . Cụ_thể , xe ba_gác thường_xuyên đỗ chắn khoảng 1 / 2 lòng_đường , ngay trước lối ra vào nhà tôi , gây cản_trở nghiêm_trọng việc đi_lại , tiềm_ẩn nguy_cơ mất an_toàn giao_thông và ảnh_hưởng trực_tiếp đến sinh_hoạt của gia_đình tôi . Tình_trạng này đã diễn ra liên_tục trong thời_gian dài ( gần 1 năm ) , mặc_dù tôi đã : Nhiều lần phản_ánh qua ứng_dụng phản_ánh hiện_trường Trực_tiếp liên_hệ , trao_đổi với công_an khu_vực Tuy_nhiên , đến nay sự_việc vẫn chưa được xử_lý dứt_điểm , hành_vi vi_phạm vẫn tiếp_tục tái_diễn , gây bức_xúc trong đời_sống sinh_hoạt hàng ngày đi_lại ra vào của gia_đình tôi . Hành_vi chiếm_dụng lòng_đường làm nơi đỗ xe là vi_phạm_quy_định về sử_dụng lòng_đường , vỉa_hè và trật_tự an_toàn giao_thông theo quy_định của pháp_luật hiện_hành . Tôi kính đề_nghị : 1 . Kiểm_tra , xác_minh và xử_lý dứt_điểm hành_vi vi_phạm nêu trên 2 . Có biện_pháp ngăn_chặn tái_diễn , đảm_bảo lối đi chung thông_thoáng 3 . Phản_hồi kết_quả xử_lý cụ_thể tới người dân Trường_hợp tình_trạng này tiếp_tục không được giải_quyết , tôi sẽ tiếp_tục gửi phản_ánh tới các cấp cao hơn để_đảm bảo quyền_lợi chính_đáng của người dân . Tôi có đầy_đủ hình_ảnh , video ghi lại quá_trình vi_phạm kèm theo . Rất mong cơ_quan_chức_năng quan_tâm và xử_lý dứt_điểm . Xin trân_trọng cảm_ơn","kính gửi : ubnd xã phúc_thọ và công_an khu_vực thôn_bảo_vệ 1 tôi tiếp_tục phản_ánh về tình_trạng một hộ dân sử_dụng xe ba_gác đỗ chiếm_dụng lòng_đường tại khu_vực cuối ngõ xóm_giếng , thôn bảo_vệ 1 , xã phúc_thọ . cụ_thể , xe ba_gác thường_xuyên đỗ chắn khoảng 1 / 2 lòng_đường , ngay trước lối ra vào nhà tôi , gây cản_trở nghiêm_trọng việc đi_lại , tiềm_ẩn nguy_cơ mất an_toàn giao_thông và ảnh_hưởng trực_tiếp đến sinh_hoạt của gia_đình tôi . tình_trạng này đã diễn ra liên_tục trong thời_gian dài ( gần 1 năm ) , mặc_dù tôi đã : nhiều lần phản_ánh qua ứng_dụng phản_ánh hiện_trường trực_tiếp liên_hệ , trao_đổi với công_an khu_vực tuy_nhiên , đến nay sự_việc vẫn chưa được xử_lý dứt_điểm , hành_vi vi_phạm vẫn tiếp_tục tái_diễn , gây bức_xúc trong đời_sống sinh_hoạt hàng ngày đi_lại ra vào của gia_đình tôi . hành_vi chiếm_dụng lòng_đường làm nơi đỗ xe là vi_phạm_quy_định về sử_dụng lòng_đường , vỉa_hè và trật_tự an_toàn giao_thông theo quy_định của pháp_luật hiện_hành . tôi kính đề_nghị : 1 . kiểm_tra , xác_minh và xử_lý dứt_điểm hành_vi vi_phạm nêu trên 2 . có biện_pháp ngăn_chặn tái_diễn , đảm_bảo lối đi chung thông_thoáng 3 . phản_hồi kết_quả xử_lý cụ_thể tới người dân trường_hợp tình_trạng này tiếp_tục không được giải_quyết , tôi sẽ tiếp_tục gửi phản_ánh tới các cấp cao hơn để_đảm bảo quyền_lợi chính_đáng của người dân . tôi có đầy_đủ hình_ảnh , video ghi lại quá_trình vi_phạm kèm theo . rất mong cơ_quan_chức_năng quan_tâm và xử_lý dứt_điểm . xin trân_trọng cảm_ơn",False
269587,Ha Noi,congdanso_hanoi,12,,"Xe ô tô đỗ 2 bên đường cản trở giao thông có thể gây nguy hiểm, nhiều trường hợp va chạm đã xảy ra ở đây. Tình trạng này diễn ra thường xuyên",". Xe ô tô đỗ 2 bên đường cản trở giao thông có thể gây nguy hiểm, nhiều trường hợp va chạm đã xảy ra ở đây. Tình trạng này diễn ra thường xuyên",https://congdanso.hanoi.gov.vn/phan-anh/xe-o-to-do-2-ben-duong-gay-can-tro-giao-thong-269587,"Xe ô tô đỗ 2 bên đường cản trở giao thông có thể gây nguy hiểm, nhiều trường hợp va chạm đã xảy ra ở đây. Tình trạng này diễn ra thường xuyên","Xe ô tô đỗ 2 bên đường cản trở giao thông có thể gây nguy hiểm, nhiều trường hợp va chạm đã xảy ra ở đây. Tình trạng này diễn ra thường xuyên","Xe ô_tô đỗ 2 bên đường cản_trở giao_thông có_thể gây nguy_hiểm , nhiều trường_hợp va_chạm đã xảy ra ở đây . Tình_trạng này diễn ra thường_xuyên","xe ô_tô đỗ 2 bên đường cản_trở giao_thông có_thể gây nguy_hiểm , nhiều trường_hợp va_chạm đã xảy ra ở đây . tình_trạng này diễn ra thường_xuyên",False
262826,Ha Noi,congdanso_hanoi,12,,"Ô tô con nhãn hiệu VF3 biển kiểm soát 30M-92152 vượt ẩu, lấn làn, đi ngược chiều tại nút giao Vũ Đức Thận - Đào Đình Luyện. Đề nghị cơ quan chức năng xử lý nghiêm.",". Ô tô con nhãn hiệu VF3 biển kiểm soát 30M-92152 vượt ẩu, lấn làn, đi ngược chiều tại nút giao Vũ Đức Thận - Đào Đình Luyện. Đề nghị cơ quan chức năng xử lý nghiêm.",https://congdanso.hanoi.gov.vn/phan-anh/vi-pham-luat-giao-thong-262826,"Ô tô con nhãn hiệu VF3 biển kiểm soát 30M-92152 vượt ẩu, lấn làn, đi ngược chiều tại nút giao Vũ Đức Thận - Đào Đình Luyện. Đề nghị cơ quan chức năng xử lý nghiêm.","Ô tô con nhãn hiệu VF3 biển kiểm soát 30M-92152 vượt ẩu, lấn làn, đi ngược chiều tại nút giao Vũ Đức Thận - Đào Đình Luyện. Đề nghị cơ quan chức năng xử lý nghiêm.","Ô_tô_con nhãn_hiệu VF3 biển kiểm_soát 30M - 92152 vượt ẩu , lấn làn , đi ngược chiều tại nút giao Vũ_Đức_Thận - Đào_Đình_Luyện . Đề_nghị cơ_quan_chức_năng xử_lý nghiêm .","ô_tô_con nhãn_hiệu vf3 biển kiểm_soát 30m - 92152 vượt ẩu , lấn làn , đi ngược chiều tại nút giao vũ_đức_thận - đào_đình_luyện . đề_nghị cơ_quan_chức_năng xử_lý nghiêm .",False
269926,Ha Noi,congdanso_hanoi,12,,"xe ô tô biển 30F 50101 này đỗ ngày đêm trên tuyến phố cấm đỗ, đỗ chắn trước cửa nhà dân chắn lối ra vào, đã nhắc nhiều lần nhưng chủ nhà ngó lơ, mong chính quyền xử lí sớm",". xe ô tô biển 30F 50101 này đỗ ngày đêm trên tuyến phố cấm đỗ, đỗ chắn trước cửa nhà dân chắn lối ra vào, đã nhắc nhiều lần nhưng chủ nhà ngó lơ, mong chính quyền xử lí sớm",https://congdanso.hanoi.gov.vn/phan-anh/do-xe-sai-quy-dinh-269926,"xe ô tô biển 30F 50101 này đỗ ngày đêm trên tuyến phố cấm đỗ, đỗ chắn trước cửa nhà dân chắn lối ra vào, đã nhắc nhiều lần nhưng chủ nhà ngó lơ, mong chính quyền xử lí sớm","xe ô tô biển 30F 50101 này đỗ ngày đêm trên tuyến phố cấm đỗ, đỗ chắn trước cửa nhà dân chắn lối ra vào, đã nhắc nhiều lần nhưng chủ nhà ngó lơ, mong chính quyền xử lí sớm","xe ô_tô biển 30F 50101 này đỗ ngày_đêm trên tuyến phố cấm đỗ , đỗ chắn trước cửa_nhà dân chắn lối ra vào , đã nhắc nhiều lần nhưng chủ nhà ngó lơ , mong chính_quyền xử_lí sớm","xe ô_tô biển 30f 50101 này đỗ ngày_đêm trên tuyến phố cấm đỗ , đỗ chắn trước cửa_nhà dân chắn lối ra vào , đã nhắc nhiều lần nhưng chủ nhà ngó lơ , mong chính_quyền xử_lí sớm",False
268626,Ha Noi,congdanso_hanoi,12,,biển thò ra qua dài ảnh hưởng đến người đi bộ vỉ hè,. biển thò ra qua dài ảnh hưởng đến người đi bộ vỉ hè,https://congdanso.hanoi.gov.vn/phan-anh/bien-quang-cao-qua-gioi-han-268626,biển thò ra qua dài ảnh hưởng đến người đi bộ vỉ hè,biển thò ra qua dài ảnh hưởng đến người đi bộ vỉ hè,biển thò ra qua dài ảnh_hưởng đến người đi bộ vỉ hè,biển thò ra qua dài ảnh_hưởng đến người đi bộ vỉ hè,False
269365,Ha Noi,congdanso_hanoi,12,,"Ô tô lấn chiếm lòng đường, để xe 2 ngày đêm không di chuyển gây ách tắc giao thông, hộ gia đình không lấy xe ra được và các chị lao công cũng không quét được đường.",". Ô tô lấn chiếm lòng đường, để xe 2 ngày đêm không di chuyển gây ách tắc giao thông, hộ gia đình không lấy xe ra được và các chị lao công cũng không quét được đường.",https://congdanso.hanoi.gov.vn/phan-anh/o-to-do-long-duong-2-ngay-khong-di-chuyen-o-doan-bi-cam-269365,"Ô tô lấn chiếm lòng đường, để xe 2 ngày đêm không di chuyển gây ách tắc giao thông, hộ gia đình không lấy xe ra được và các chị lao công cũng không quét được đường.","Ô tô lấn chiếm lòng đường, để xe 2 ngày đêm không di chuyển gây ách tắc giao thông, hộ gia đình không lấy xe ra được và các chị lao công cũng không quét được đường.","Ô_tô lấn_chiếm lòng_đường , để xe 2 ngày_đêm không di_chuyển gây ách_tắc giao_thông , hộ gia_đình không lấy xe ra được và các chị lao_công cũng không quét được_đường .","ô_tô lấn_chiếm lòng_đường , để xe 2 ngày_đêm không di_chuyển gây ách_tắc giao_thông , hộ gia_đình không lấy xe ra được và các chị lao_công cũng không quét được_đường .",False
270858,Ha Noi,congdanso_hanoi,13,,"Xe ô tô BKS 30E-075.21 đỗ chắn lối đi và lối PCCC tại ngõ 49 ngách 64 Huỳnh Thúc Kháng, phường Láng, quận Đống Đa. Tình trạng tái diễn nhiều lần. Đề nghị kiểm tra xử lý.",". Xe ô tô BKS 30E-075.21 đỗ chắn lối đi và lối PCCC tại ngõ 49 ngách 64 Huỳnh Thúc Kháng, phường Láng, quận Đống Đa. Tình trạng tái diễn nhiều lần. Đề nghị kiểm tra xử lý.",https://congdanso.hanoi.gov.vn/phan-anh/xe-o-to-do-trong-ngo-chan-loi-di-va-loi-pccc-270858,"Xe ô tô BKS 30E-075.21 đỗ chắn lối đi và lối PCCC tại ngõ 49 ngách 64 Huỳnh Thúc Kháng, phường Láng, quận Đống Đa. Tình trạng tái diễn nhiều lần. Đề nghị kiểm tra xử lý.","Xe ô tô BKS 30E-075. 21 đỗ chắn lối đi và lối PCCC tại ngõ 49 ngách 64 Huỳnh Thúc Kháng, phường Láng, quận Đống Đa. Tình trạng tái diễn nhiều lần. Đề nghị kiểm tra xử lý.","Xe ô_tô BKS 30E - 075 . 21 đỗ chắn lối đi và lối PCCC tại ngõ 49 ngách 64 Huỳnh_Thúc_Kháng , phường Láng , quận Đống_Đa . Tình_trạng tái_diễn nhiều lần . Đề_nghị kiểm_tra xử_lý .","xe ô_tô bks 30e - 075 . 21 đỗ chắn lối đi và lối pccc tại ngõ 49 ngách 64 huỳnh_thúc_kháng , phường láng , quận đống_đa . tình_trạng tái_diễn nhiều lần . đề_nghị kiểm_tra xử_lý .",False
262514,Ha Noi,congdanso_hanoi,13,,Kính gửi: UBND Phường Thanh xuân Công an Phường Thanh xuân Sau 2 tháng phản ánh lần 2 về tình trạng đỗ xe ô tô dọc ngõ 90A đường Nguyễn Tuân. Tôi không thấy có bất kỳ thay đổi nào. Đặc biệt khu vực cạnh trường THCS Thanh xuân Trung. Các xe ô tô đỗ dọc cả một đoạn dài hàng 100m. Không hiểu Công an Phường Thanh xuân xử lý kiêủ gì. Tôi yêu cầu Phường phải chỉ đạo xử lý và phạt thật nặng các xe cố tình vi phạm. Đây là khu vực trường học. Bên này đã cho phép đỗ ô tô. Giờ các xe còn đỗ cả bên trái đường này thì đi kiểu gì. Không may hoả hoạn trường học. Xe chữa cháy vào kiểu gì.??? Yêu cầu cấm tuyệt đối đặc biệt đỗ xe qua đêm. Vì dân ở đây cứ coi đây là chỗ đỗ xe hợp pháp. Đây là lần 3 tôi phản ánh nên hy vọng không phải phản ánh lần nào nữa. Xin cảm ơn.,. Kính gửi: UBND Phường Thanh xuân Công an Phường Thanh xuân Sau 2 tháng phản ánh lần 2 về tình trạng đỗ xe ô tô dọc ngõ 90A đường Nguyễn Tuân. Tôi không thấy có bất kỳ thay đổi nào. Đặc biệt khu vực cạnh trường THCS Thanh xuân Trung. Các xe ô tô đỗ dọc cả một đoạn dài hàng 100m. Không hiểu Công an Phường Thanh xuân xử lý kiêủ gì. Tôi yêu cầu Phường phải chỉ đạo xử lý và phạt thật nặng các xe cố tình vi phạm. Đây là khu vực trường học. Bên này đã cho phép đỗ ô tô. Giờ các xe còn đỗ cả bên trái đường này thì đi kiểu gì. Không may hoả hoạn trường học. Xe chữa cháy vào kiểu gì.??? Yêu cầu cấm tuyệt đối đặc biệt đỗ xe qua đêm. Vì dân ở đây cứ coi đây là chỗ đỗ xe hợp pháp. Đây là lần 3 tôi phản ánh nên hy vọng không phải phản ánh lần nào nữa. Xin cảm ơn.,https://congdanso.hanoi.gov.vn/phan-anh/phan-anh-lan-thu-3-ve-viec-do-xe-o-to-doc-tuyen-duong-co-bien-cam-do-262514,Kính gửi: UBND Phường Thanh xuân Công an Phường Thanh xuân Sau 2 tháng phản ánh lần 2 về tình trạng đỗ xe ô tô dọc ngõ 90A đường Nguyễn Tuân. Tôi không thấy có bất kỳ thay đổi nào. Đặc biệt khu vực cạnh trường THCS Thanh xuân Trung. Các xe ô tô đỗ dọc cả một đoạn dài hàng 100m. Không hiểu Công an Phường Thanh xuân xử lý kiêủ gì. Tôi yêu cầu Phường phải chỉ đạo xử lý và phạt thật nặng các xe cố tình vi phạm. Đây là khu vực trường học. Bên này đã cho phép đỗ ô tô. Giờ các xe còn đỗ cả bên trái đường này thì đi kiểu gì. Không may hoả hoạn trường học. Xe chữa cháy vào kiểu gì.??? Yêu cầu cấm tuyệt đối đặc biệt đỗ xe qua đêm. Vì dân ở đây cứ coi đây là chỗ đỗ xe hợp pháp. Đây là lần 3 tôi phản ánh nên hy vọng không phải phản ánh lần nào nữa. Xin cảm ơn.,Kính gửi: UBND Phường Thanh xuân Công an Phường Thanh xuân Sau 2 tháng phản ánh lần 2 về tình trạng đỗ xe ô tô dọc ngõ 90A đường Nguyễn Tuân. Tôi không thấy có bất kỳ thay đổi nào. Đặc biệt khu vực cạnh trường THCS Thanh xuân Trung. Các xe ô tô đỗ dọc cả một đoạn dài hàng 100m. Không hiểu Công an Phường Thanh xuân xử lý kiêủ gì. Tôi yêu cầu Phường phải chỉ đạo xử lý và phạt thật nặng các xe cố tình vi phạm. Đây là khu vực trường học. Bên này đã cho phép đỗ ô tô. Giờ các xe còn đỗ cả bên trái đường này thì đi kiểu gì. Không may hoả hoạn trường học. Xe chữa cháy vào kiểu gì. Yêu cầu cấm tuyệt đối đặc biệt đỗ xe qua đêm. Vì dân ở đây cứ coi đây là chỗ đỗ xe hợp pháp. Đây là lần 3 tôi phản ánh nên hy vọng không phải phản ánh lần nào nữa. Xin cảm ơn.,Kính gửi : UBND Phường_Thanh xuân Công_an Phường_Thanh xuân Sau 2 tháng phản_ánh lần 2 về tình_trạng đỗ xe ô_tô dọc ngõ 90A đường Nguyễn_Tuân . Tôi không thấy có bất_kỳ thay_đổi nào . Đặc_biệt khu_vực cạnh trường THCS Thanh_xuân Trung . Các xe ô_tô đỗ dọc cả một đoạn dài hàng 100m . Không hiểu Công_an Phường_Thanh xuân xử_lý kiêủ gì . Tôi yêu_cầu Phường phải chỉ_đạo xử_lý và phạt thật nặng các xe cố_tình vi_phạm . Đây là khu_vực trường_học . Bên này đã cho phép đỗ ô_tô . Giờ các xe còn đỗ cả bên trái đường này thì đi kiểu gì . Không may hoả_hoạn trường_học . Xe chữa_cháy vào kiểu gì . Yêu_cầu cấm tuyệt đối_đặc biệt đỗ xe qua đêm . Vì dân ở đây cứ coi đây là chỗ đỗ xe hợp_pháp . Đây là lần 3 tôi phản_ánh nên hy_vọng không phải phản_ánh lần nào nữa . Xin cảm_ơn .,kính gửi : ubnd phường_thanh xuân công_an phường_thanh xuân sau 2 tháng phản_ánh lần 2 về tình_trạng đỗ xe ô_tô dọc ngõ 90a đường nguyễn_tuân . tôi không thấy có bất_kỳ thay_đổi nào . đặc_biệt khu_vực cạnh trường thcs thanh_xuân trung . các xe ô_tô đỗ dọc cả một đoạn dài hàng 100m . không hiểu công_an phường_thanh xuân xử_lý kiêủ gì . tôi yêu_cầu phường phải chỉ_đạo xử_lý và phạt thật nặng các xe cố_tình vi_phạm . đây là khu_vực trường_học . bên này đã cho phép đỗ ô_tô . giờ các xe còn đỗ cả bên trái đường này thì đi kiểu gì . không may hoả_hoạn trường_học . xe chữa_cháy vào kiểu gì . yêu_cầu cấm tuyệt đối_đặc biệt đỗ xe qua đêm . vì dân ở đây cứ coi đây là chỗ đỗ xe hợp_pháp . đây là lần 3 tôi phản_ánh nên hy_vọng không phải phản_ánh lần nào nữa . xin cảm_ơn .,False
270240,Ha Noi,congdanso_hanoi,13,,Oto thường sáng sớm đỗ lấn chiếm lòng đường khiến đoạn đường đầu nguyên trãi liên tục bị tắc. Kính đề nghị cơ quan chức năng sớm vào cuộc để giải toả ách tắc,. Oto thường sáng sớm đỗ lấn chiếm lòng đường khiến đoạn đường đầu nguyên trãi liên tục bị tắc. Kính đề nghị cơ quan chức năng sớm vào cuộc để giải toả ách tắc,https://congdanso.hanoi.gov.vn/phan-anh/xe-o-to-do-tren-long-duong-can-tro-giao-thong-270240,Oto thường sáng sớm đỗ lấn chiếm lòng đường khiến đoạn đường đầu nguyên trãi liên tục bị tắc. Kính đề nghị cơ quan chức năng sớm vào cuộc để giải toả ách tắc,Oto thường sáng sớm đỗ lấn chiếm lòng đường khiến đoạn đường đầu nguyên trãi liên tục bị tắc. Kính đề nghị cơ quan chức năng sớm vào cuộc để giải toả ách tắc,Oto thường sáng sớm đỗ lấn_chiếm lòng_đường khiến đoạn_đường_đầu nguyên trãi liên_tục bị tắc . Kính_đề nghị cơ_quan_chức_năng sớm vào_cuộc để giải_toả ách_tắc,oto thường sáng sớm đỗ lấn_chiếm lòng_đường khiến đoạn_đường_đầu nguyên trãi liên_tục bị tắc . kính_đề nghị cơ_quan_chức_năng sớm vào_cuộc để giải_toả ách_tắc,False
269010,Ha Noi,congdanso_hanoi,13,,"Xe tải bốc hàng của Viettelpost ngày nào cũng đỗ xe chắn nửa đường vạch liền chỗ ngã 3 đèn xanh đèn đỏ, ngã 3 rẽ vào La Phù, DT72 hướng đi Ngãi Cầu",". Xe tải bốc hàng của Viettelpost ngày nào cũng đỗ xe chắn nửa đường vạch liền chỗ ngã 3 đèn xanh đèn đỏ, ngã 3 rẽ vào La Phù, DT72 hướng đi Ngãi Cầu",https://congdanso.hanoi.gov.vn/phan-anh/xe-tai-boc-hang-viettel-do-can-tro-giao-thong-hang-ngay-269010,"Xe tải bốc hàng của Viettelpost ngày nào cũng đỗ xe chắn nửa đường vạch liền chỗ ngã 3 đèn xanh đèn đỏ, ngã 3 rẽ vào La Phù, DT72 hướng đi Ngãi Cầu","Xe tải bốc hàng của Viettelpost ngày nào cũng đỗ xe chắn nửa đường vạch liền chỗ ngã 3 đèn xanh đèn đỏ, ngã 3 rẽ vào La Phù, DT72 hướng đi Ngãi Cầu","Xe_tải bốc hàng của Viettelpost ngày nào cũng đỗ xe chắn nửa đường vạch liền chỗ ngã 3 đèn_xanh đèn_đỏ , ngã 3 rẽ vào La_Phù , DT72 hướng đi_Ngãi_Cầu","xe_tải bốc hàng của viettelpost ngày nào cũng đỗ xe chắn nửa đường vạch liền chỗ ngã 3 đèn_xanh đèn_đỏ , ngã 3 rẽ vào la_phù , dt72 hướng đi_ngãi_cầu",False
265923,Ha Noi,congdanso_hanoi,13,,"Đoạn đường hoàng tăng bí cấm xe tải trọng 3,5t vào các giờ cao điểm nhưng các phương tiện tải trọng lớn vẫn đi vào và giáp danh phường đông ngạc và phường thượng cát có cây cầu đi qua tải trọng cho phép dưới 10tấn nhưng những chiếc xe lớn mấy chục tấn và xe ben 3 chân 4 chân xe trộn bê tông bất chấp giờ giấc và biển cấm vẫn ngày đêm chạy qua gây mất an toàn cho người dân và các phương tiện tham gia giao thông",". Đoạn đường hoàng tăng bí cấm xe tải trọng 3,5t vào các giờ cao điểm nhưng các phương tiện tải trọng lớn vẫn đi vào và giáp danh phường đông ngạc và phường thượng cát có cây cầu đi qua tải trọng cho phép dưới 10tấn nhưng những chiếc xe lớn mấy chục tấn và xe ben 3 chân 4 chân xe trộn bê tông bất chấp giờ giấc và biển cấm vẫn ngày đêm chạy qua gây mất an toàn cho người dân và các phương tiện tham gia giao thông",https://congdanso.hanoi.gov.vn/phan-anh/xe-tai-chay-vao-gio-cao-diem-va-xe-trong-tai-lon-chay-qua-cau-cam-tai-trong-gay-nguy-hiem-mat-an-toan-265923,"Đoạn đường hoàng tăng bí cấm xe tải trọng 3,5t vào các giờ cao điểm nhưng các phương tiện tải trọng lớn vẫn đi vào và giáp danh phường đông ngạc và phường thượng cát có cây cầu đi qua tải trọng cho phép dưới 10tấn nhưng những chiếc xe lớn mấy chục tấn và xe ben 3 chân 4 chân xe trộn bê tông bất chấp giờ giấc và biển cấm vẫn ngày đêm chạy qua gây mất an toàn cho người dân và các phương tiện tham gia giao thông","Đoạn đường hoàng tăng bí cấm xe tải trọng 3, 5t vào các giờ cao điểm nhưng các phương tiện tải trọng lớn vẫn đi vào và giáp danh phường đông ngạc và phường thượng cát có cây cầu đi qua tải trọng cho phép dưới 10tấn nhưng những chiếc xe lớn mấy chục tấn và xe ben 3 chân 4 chân xe trộn bê tông bất chấp giờ giấc và biển cấm vẫn ngày đêm chạy qua gây mất an toàn cho người dân và các phương tiện tham gia giao thông","Đoạn_đường hoàng tăng bí cấm xe_tải_trọng 3 , 5t vào các giờ cao_điểm nhưng các phương_tiện tải_trọng lớn vẫn đi vào và giáp danh phường đông ngạc và phường thượng cát có cây cầu đi qua tải_trọng cho phép dưới 10tấn nhưng những chiếc xe lớn mấy chục tấn và xe ben 3 chân 4 chân xe trộn bê_tông bất_chấp giờ_giấc và biển cấm vẫn ngày_đêm chạy qua gây mất an_toàn cho người dân và các phương_tiện tham_gia giao_thông","đoạn_đường hoàng tăng bí cấm xe_tải_trọng 3 , 5t vào các giờ cao_điểm nhưng các phương_tiện tải_trọng lớn vẫn đi vào và giáp danh phường đông ngạc và phường thượng cát có cây cầu đi qua tải_trọng cho phép dưới 10tấn nhưng những chiếc xe lớn mấy chục tấn và xe ben 3 chân 4 chân xe trộn bê_tông bất_chấp giờ_giấc và biển cấm vẫn ngày_đêm chạy qua gây mất an_toàn cho người dân và các phương_tiện tham_gia giao_thông",False
265793,Ha Noi,congdanso_hanoi,13,,30M13074 đi vào đường cấm tải,. 30M13074 đi vào đường cấm tải,https://congdanso.hanoi.gov.vn/phan-anh/vpgt-265793,30M13074 đi vào đường cấm tải,30M13074 đi vào đường cấm tải,30M13074 đi vào đường cấm tải,30m13074 đi vào đường cấm tải,False
265714,Ha Noi,congdanso_hanoi,13,,cấm xe to giờ cao điểm mà xe to cứ đi vào gây tắc giao thông,. cấm xe to giờ cao điểm mà xe to cứ đi vào gây tắc giao thông,https://congdanso.hanoi.gov.vn/phan-anh/giao-thong-265714,cấm xe to giờ cao điểm mà xe to cứ đi vào gây tắc giao thông,cấm xe to giờ cao điểm mà xe to cứ đi vào gây tắc giao thông,cấm xe to giờ cao_điểm mà xe to cứ đi vào gây tắc giao_thông,cấm xe to giờ cao_điểm mà xe to cứ đi vào gây tắc giao_thông,False
265712,Ha Noi,congdanso_hanoi,13,,"Vào lúc 06h45 ngày 10/04/2026 tại số nhà 34 ngõ 25 đường Quang Tiến, phường Tây Mỗ, thành phố Hà nội: - xe ô tô bán tải bs: 29C - 700.55 đỗ xe người chiều, gây cản trở giao thông với người dân tại ngõ 25 đường Quang Tiến .",". Vào lúc 06h45 ngày 10/04/2026 tại số nhà 34 ngõ 25 đường Quang Tiến, phường Tây Mỗ, thành phố Hà nội: - xe ô tô bán tải bs: 29C - 700.55 đỗ xe người chiều, gây cản trở giao thông với người dân tại ngõ 25 đường Quang Tiến .",https://congdanso.hanoi.gov.vn/phan-anh/do-xe-nguoc-chieu-gay-can-tro-giao-thong-265712,"Vào lúc 06h45 ngày 10/04/2026 tại số nhà 34 ngõ 25 đường Quang Tiến, phường Tây Mỗ, thành phố Hà nội: - xe ô tô bán tải bs: 29C - 700.55 đỗ xe người chiều, gây cản trở giao thông với người dân tại ngõ 25 đường Quang Tiến .","Vào lúc 06h45 ngày 10/04/2026 tại số nhà 34 ngõ 25 đường Quang Tiến, phường Tây Mỗ, thành phố Hà nội: - xe ô tô bán tải bs: 29C - 700. 55 đỗ xe người chiều, gây cản trở giao thông với người dân tại ngõ 25 đường Quang Tiến.","Vào lúc 06h45 ngày 10 / 04 / 2026 tại số nhà 34 ngõ 25 đường Quang_Tiến , phường Tây_Mỗ , thành_phố Hà_nội : - xe ô_tô bán tải bs : 29C - 700 . 55 đỗ xe người chiều , gây cản_trở giao_thông với người dân tại ngõ 25 đường Quang_Tiến .","vào lúc 06h45 ngày 10 / 04 / 2026 tại số nhà 34 ngõ 25 đường quang_tiến , phường tây_mỗ , thành_phố hà_nội : - xe ô_tô bán tải bs : 29c - 700 . 55 đỗ xe người chiều , gây cản_trở giao_thông với người dân tại ngõ 25 đường quang_tiến .",False
265553,Ha Noi,congdanso_hanoi,13,,Ô tô biển kiểm soát 29E-132.18 cắt đầu chuyển làn khi chưa đủ điều kiện và gây nguy hiểm cho người tham gia giao thông tại chân cầu vượt Mai Dịch phía Đại Học Ngoại Ngữ,. Ô tô biển kiểm soát 29E-132.18 cắt đầu chuyển làn khi chưa đủ điều kiện và gây nguy hiểm cho người tham gia giao thông tại chân cầu vượt Mai Dịch phía Đại Học Ngoại Ngữ,https://congdanso.hanoi.gov.vn/phan-anh/o-to-cat-dau-chuyen-lan-gay-nguy-hiem-265553,Ô tô biển kiểm soát 29E-132.18 cắt đầu chuyển làn khi chưa đủ điều kiện và gây nguy hiểm cho người tham gia giao thông tại chân cầu vượt Mai Dịch phía Đại Học Ngoại Ngữ,Ô tô biển kiểm soát 29E-132. 18 cắt đầu chuyển làn khi chưa đủ điều kiện và gây nguy hiểm cho người tham gia giao thông tại chân cầu vượt Mai Dịch phía Đại Học Ngoại Ngữ,Ô_tô biển kiểm_soát 29E - 132 . 18 cắt đầu chuyển làn khi chưa đủ_điều kiện và gây nguy_hiểm cho người tham_gia giao_thông tại chân cầu_vượt Mai_Dịch phía Đại_Học_Ngoại_Ngữ,ô_tô biển kiểm_soát 29e - 132 . 18 cắt đầu chuyển làn khi chưa đủ_điều kiện và gây nguy_hiểm cho người tham_gia giao_thông tại chân cầu_vượt mai_dịch phía đại_học_ngoại_ngữ,False
232643,Ha Noi,congdanso_hanoi,13,,"Đèn giao thông ở nút giao Lạc Long Quân -Âu Cơ bị lỗi, Đèn đỏ - Xanh đếm giây bị lỗi gây khó khăn cho người tham gia giao thông. Ngày 22/12/2025, vào hồi 21h -21h 30 phút, tôi lái xe ô tô biển kiểm soát 30H 403 98 có đi qua nút giao này, do đèn tín hiệu giao thông bị lỗi dẫn đến tôi có vượt qua ngã tư khi đèn chuyển vàng-đỏ. Tôi đề nghị thành phố xem xét xử lý tình trạng đèn giao thông bị lỗi là xem xét không xử lý vi phạm đối với tôi do đèn giao thông bị lỗi dẫn đến vượt qua ngã tư khi đèn chuyển vàng - đỏ. Tôi có video nhưng ko thể upload do vượt dung lượng cho phép.",". Đèn giao thông ở nút giao Lạc Long Quân -Âu Cơ bị lỗi, Đèn đỏ - Xanh đếm giây bị lỗi gây khó khăn cho người tham gia giao thông. Ngày 22/12/2025, vào hồi 21h -21h 30 phút, tôi lái xe ô tô biển kiểm soát 30H 403 98 có đi qua nút giao này, do đèn tín hiệu giao thông bị lỗi dẫn đến tôi có vượt qua ngã tư khi đèn chuyển vàng-đỏ. Tôi đề nghị thành phố xem xét xử lý tình trạng đèn giao thông bị lỗi là xem xét không xử lý vi phạm đối với tôi do đèn giao thông bị lỗi dẫn đến vượt qua ngã tư khi đèn chuyển vàng - đỏ. Tôi có video nhưng ko thể upload do vượt dung lượng cho phép.",https://congdanso.hanoi.gov.vn/phan-anh/den-giao-thong-bi-loi-232643,"Đèn giao thông ở nút giao Lạc Long Quân -Âu Cơ bị lỗi, Đèn đỏ - Xanh đếm giây bị lỗi gây khó khăn cho người tham gia giao thông. Ngày 22/12/2025, vào hồi 21h -21h 30 phút, tôi lái xe ô tô biển kiểm soát 30H 403 98 có đi qua nút giao này, do đèn tín hiệu giao thông bị lỗi dẫn đến tôi có vượt qua ngã tư khi đèn chuyển vàng-đỏ. Tôi đề nghị thành phố xem xét xử lý tình trạng đèn giao thông bị lỗi là xem xét không xử lý vi phạm đối với tôi do đèn giao thông bị lỗi dẫn đến vượt qua ngã tư khi đèn chuyển vàng - đỏ. Tôi có video nhưng ko thể upload do vượt dung lượng cho phép.","Đèn giao thông ở nút giao Lạc Long Quân -Âu Cơ bị lỗi, Đèn đỏ - Xanh đếm giây bị lỗi gây khó khăn cho người tham gia giao thông. Ngày 22/12/2025, vào hồi 21h -21h 30 phút, tôi lái xe ô tô biển kiểm soát 30H 403 98 có đi qua nút giao này, do đèn tín hiệu giao thông bị lỗi dẫn đến tôi có vượt qua ngã tư khi đèn chuyển vàng-đỏ. Tôi đề nghị thành phố xem xét xử lý tình trạng đèn giao thông bị lỗi là xem xét không xử lý vi phạm đối với tôi do đèn giao thông bị lỗi dẫn đến vượt qua ngã tư khi đèn chuyển vàng - đỏ. Tôi có video nhưng ko thể upload do vượt dung lượng cho phép.","Đèn giao_thông ở nút giao Lạc_Long_Quân - Âu_Cơ bị lỗi , Đèn_đỏ - Xanh_đếm giây bị lỗi gây khó_khăn cho người tham_gia giao_thông . Ngày 22 / 12 / 2025 , vào hồi 21h - 21h 30 phút , tôi lái_xe ô_tô biển kiểm_soát 30H 403 98 có đi qua nút giao này , do đèn tín_hiệu giao_thông bị lỗi dẫn đến tôi có vượt qua ngã tư khi đèn chuyển vàng - đỏ . Tôi_đề nghị thành_phố xem_xét xử_lý tình_trạng đèn giao_thông bị lỗi là xem_xét không xử_lý vi_phạm đối_với tôi do đèn giao_thông bị lỗi dẫn đến vượt qua ngã tư khi đèn chuyển vàng - đỏ . Tôi có video nhưng ko thể upload do vượt dung_lượng cho phép .","đèn giao_thông ở nút giao lạc_long_quân - âu_cơ bị lỗi , đèn_đỏ - xanh_đếm giây bị lỗi gây khó_khăn cho người tham_gia giao_thông . ngày 22 / 12 / 2025 , vào hồi 21h - 21h 30 phút , tôi lái_xe ô_tô biển kiểm_soát 30h 403 98 có đi qua nút giao này , do đèn tín_hiệu giao_thông bị lỗi dẫn đến tôi có vượt qua ngã tư khi đèn chuyển vàng - đỏ . tôi_đề nghị thành_phố xem_xét xử_lý tình_trạng đèn giao_thông bị lỗi là xem_xét không xử_lý vi_phạm đối_với tôi do đèn giao_thông bị lỗi dẫn đến vượt qua ngã tư khi đèn chuyển vàng - đỏ . tôi có video nhưng ko thể upload do vượt dung_lượng cho phép .",False
265122,Ha Noi,congdanso_hanoi,14,,"Kính gửi iHaNoi, Tôi xin phản ánh tình trạng đỗ xe sai quy định ở gần cầu Yên Hoà. Lần nào đi qua chỗ này buổi sáng cũng tắc nghẽn giao thông vì xe ô tô đỗ tràn xuống đường (dù đã có biển cấm dừng đỗ). Đặc biệt là hôm nào mưa thì còn gây ùn tắc nghiêm trọng. Mong cơ quan chức năng xem xét và xử lý để giúp người dân tham gia giao thông được thuận tiện hơn.",". Kính gửi iHaNoi, Tôi xin phản ánh tình trạng đỗ xe sai quy định ở gần cầu Yên Hoà. Lần nào đi qua chỗ này buổi sáng cũng tắc nghẽn giao thông vì xe ô tô đỗ tràn xuống đường (dù đã có biển cấm dừng đỗ). Đặc biệt là hôm nào mưa thì còn gây ùn tắc nghiêm trọng. Mong cơ quan chức năng xem xét và xử lý để giúp người dân tham gia giao thông được thuận tiện hơn.",https://congdanso.hanoi.gov.vn/phan-anh/phan-anh-do-xe-sai-quy-dinh-265122,"Kính gửi iHaNoi, Tôi xin phản ánh tình trạng đỗ xe sai quy định ở gần cầu Yên Hoà. Lần nào đi qua chỗ này buổi sáng cũng tắc nghẽn giao thông vì xe ô tô đỗ tràn xuống đường (dù đã có biển cấm dừng đỗ). Đặc biệt là hôm nào mưa thì còn gây ùn tắc nghiêm trọng. Mong cơ quan chức năng xem xét và xử lý để giúp người dân tham gia giao thông được thuận tiện hơn.","Kính gửi iHaNoi, Tôi xin phản ánh tình trạng đỗ xe sai quy định ở gần cầu Yên Hoà. Lần nào đi qua chỗ này buổi sáng cũng tắc nghẽn giao thông vì xe ô tô đỗ tràn xuống đường (dù đã có biển cấm dừng đỗ). Đặc biệt là hôm nào mưa thì còn gây ùn tắc nghiêm trọng. Mong cơ quan chức năng xem xét và xử lý để giúp người dân tham gia giao thông được thuận tiện hơn.","Kính gửi iHaNoi , Tôi xin phản_ánh tình_trạng đỗ xe sai quy_định ở gần cầu Yên_Hoà . Lần nào đi qua chỗ này buổi sáng cũng tắc_nghẽn giao_thông vì xe ô_tô đỗ tràn xuống_đường ( dù đã có biển cấm dừng đỗ ) . Đặc_biệt là hôm nào mưa thì còn gây ùn_tắc nghiêm_trọng . Mong cơ_quan_chức_năng xem_xét và xử_lý để giúp người dân tham_gia giao_thông được thuận_tiện hơn .","kính gửi ihanoi , tôi xin phản_ánh tình_trạng đỗ xe sai quy_định ở gần cầu yên_hoà . lần nào đi qua chỗ này buổi sáng cũng tắc_nghẽn giao_thông vì xe ô_tô đỗ tràn xuống_đường ( dù đã có biển cấm dừng đỗ ) . đặc_biệt là hôm nào mưa thì còn gây ùn_tắc nghiêm_trọng . mong cơ_quan_chức_năng xem_xét và xử_lý để giúp người dân tham_gia giao_thông được thuận_tiện hơn .",False
265334,Ha Noi,congdanso_hanoi,14,,"xe ô tô dừng đỗ lấn chiếm vỉa hè, lòng đường gây ùn tắc giao thông",". xe ô tô dừng đỗ lấn chiếm vỉa hè, lòng đường gây ùn tắc giao thông",https://congdanso.hanoi.gov.vn/phan-anh/xe-o-to-do-sai-quy-dinh-265334,"xe ô tô dừng đỗ lấn chiếm vỉa hè, lòng đường gây ùn tắc giao thông","xe ô tô dừng đỗ lấn chiếm vỉa hè, lòng đường gây ùn tắc giao thông","xe ô_tô dừng đỗ lấn_chiếm vỉa_hè , lòng_đường gây ùn_tắc giao_thông","xe ô_tô dừng đỗ lấn_chiếm vỉa_hè , lòng_đường gây ùn_tắc giao_thông",False
261380,Ha Noi,congdanso_hanoi,14,,Tại khu vực này thường xuyên có các ô tô đi ngược chiều từ ngõ 289A Khuất Duy Tiến sang Toà nhà Thăng Long Number 1 gây nguy hiểm cho người đi bộ trên vỉa hè,. Tại khu vực này thường xuyên có các ô tô đi ngược chiều từ ngõ 289A Khuất Duy Tiến sang Toà nhà Thăng Long Number 1 gây nguy hiểm cho người đi bộ trên vỉa hè,https://congdanso.hanoi.gov.vn/phan-anh/xe-o-to-di-nguoc-chieu-va-di-tren-via-he-tai-khuat-duy-tien-truoc-toa-nha-thang-long-no-1-261380,Tại khu vực này thường xuyên có các ô tô đi ngược chiều từ ngõ 289A Khuất Duy Tiến sang Toà nhà Thăng Long Number 1 gây nguy hiểm cho người đi bộ trên vỉa hè,Tại khu vực này thường xuyên có các ô tô đi ngược chiều từ ngõ 289A Khuất Duy Tiến sang Toà nhà Thăng Long Number 1 gây nguy hiểm cho người đi bộ trên vỉa hè,Tại khu_vực này thường_xuyên có các ô_tô đi ngược chiều từ ngõ 289A Khuất_Duy_Tiến sang Toà nhà Thăng_Long_Number 1 gây nguy_hiểm cho người đi bộ trên vỉa_hè,tại khu_vực này thường_xuyên có các ô_tô đi ngược chiều từ ngõ 289a khuất_duy_tiến sang toà nhà thăng_long_number 1 gây nguy_hiểm cho người đi bộ trên vỉa_hè,False
269391,Ha Noi,congdanso_hanoi,14,,"Kính đề nghị thành phố và lực lượng CSGT có biện pháp kiểm soát và xử lý mạnh tay hơn với các trường hợp vi phạm giao thông làn BRT trên đường Lê Văn Lương. Cá nhân tôi và những người tham gia giao thông khác theo quan sát của tôi thường xuyên rơi vào tình huống nguy hiểm dễ xảy ra tai nạn giao thông khi rẽ/quay đầu tại vùng cho phép trên tuyến đường Lê Văn Lương. Rất nhiều các phương tiện chủ yếu là xe máy di chuyển trong làn BRT và thậm chí còn di chuyển với tốc độ cao. Khi các phương tiện đi đúng luật muốn rẽ hoặc quay đầu rất dễ bị các phương tiện vi phạm luật giao thông đâm trực diện từ phía sau. Ngoài ra, các phương tiện phạm luật thường xuyên gây xung đột giao thông với các phương tiện đi đúng luật tại điểm giao cắt gây ùn tắc vào giờ cao điểm. Tôi kính mong thành phố và lực lượng chức năng sớm có biển pháp xử lý triệt để vi phạm trên tuyến đường này để bảo đảm an toàn giao thông và giảm ùn tắc giao thông",". Kính đề nghị thành phố và lực lượng CSGT có biện pháp kiểm soát và xử lý mạnh tay hơn với các trường hợp vi phạm giao thông làn BRT trên đường Lê Văn Lương. Cá nhân tôi và những người tham gia giao thông khác theo quan sát của tôi thường xuyên rơi vào tình huống nguy hiểm dễ xảy ra tai nạn giao thông khi rẽ/quay đầu tại vùng cho phép trên tuyến đường Lê Văn Lương. Rất nhiều các phương tiện chủ yếu là xe máy di chuyển trong làn BRT và thậm chí còn di chuyển với tốc độ cao. Khi các phương tiện đi đúng luật muốn rẽ hoặc quay đầu rất dễ bị các phương tiện vi phạm luật giao thông đâm trực diện từ phía sau. Ngoài ra, các phương tiện phạm luật thường xuyên gây xung đột giao thông với các phương tiện đi đúng luật tại điểm giao cắt gây ùn tắc vào giờ cao điểm. Tôi kính mong thành phố và lực lượng chức năng sớm có biển pháp xử lý triệt để vi phạm trên tuyến đường này để bảo đảm an toàn giao thông và giảm ùn tắc giao thông",https://congdanso.hanoi.gov.vn/phan-anh/tinh-trang-vi-pham-giao-thong-lan-brt-tren-duong-le-van-luong-269391,"Kính đề nghị thành phố và lực lượng CSGT có biện pháp kiểm soát và xử lý mạnh tay hơn với các trường hợp vi phạm giao thông làn BRT trên đường Lê Văn Lương. Cá nhân tôi và những người tham gia giao thông khác theo quan sát của tôi thường xuyên rơi vào tình huống nguy hiểm dễ xảy ra tai nạn giao thông khi rẽ/quay đầu tại vùng cho phép trên tuyến đường Lê Văn Lương. Rất nhiều các phương tiện chủ yếu là xe máy di chuyển trong làn BRT và thậm chí còn di chuyển với tốc độ cao. Khi các phương tiện đi đúng luật muốn rẽ hoặc quay đầu rất dễ bị các phương tiện vi phạm luật giao thông đâm trực diện từ phía sau. Ngoài ra, các phương tiện phạm luật thường xuyên gây xung đột giao thông với các phương tiện đi đúng luật tại điểm giao cắt gây ùn tắc vào giờ cao điểm. Tôi kính mong thành phố và lực lượng chức năng sớm có biển pháp xử lý triệt để vi phạm trên tuyến đường này để bảo đảm an toàn giao thông và giảm ùn tắc giao thông","Kính đề nghị thành phố và lực lượng CSGT có biện pháp kiểm soát và xử lý mạnh tay hơn với các trường hợp vi phạm giao thông làn BRT trên đường Lê Văn Lương. Cá nhân tôi và những người tham gia giao thông khác theo quan sát của tôi thường xuyên rơi vào tình huống nguy hiểm dễ xảy ra tai nạn giao thông khi rẽ/quay đầu tại vùng cho phép trên tuyến đường Lê Văn Lương. Rất nhiều các phương tiện chủ yếu là xe máy di chuyển trong làn BRT và thậm chí còn di chuyển với tốc độ cao. Khi các phương tiện đi đúng luật muốn rẽ hoặc quay đầu rất dễ bị các phương tiện vi phạm luật giao thông đâm trực diện từ phía sau. Ngoài ra, các phương tiện phạm luật thường xuyên gây xung đột giao thông với các phương tiện đi đúng luật tại điểm giao cắt gây ùn tắc vào giờ cao điểm. Tôi kính mong thành phố và lực lượng chức năng sớm có biển pháp xử lý triệt để vi phạm trên tuyến đường này để bảo đảm an toàn giao thông và giảm ùn tắc giao thông","Kính_đề nghị thành_phố và lực_lượng CSGT có biện_pháp kiểm_soát và xử_lý mạnh_tay hơn với các trường_hợp vi_phạm giao_thông làn BRT trên đường Lê_Văn_Lương . Cá_nhân tôi và những người tham_gia giao_thông khác theo quan_sát của tôi thường_xuyên rơi vào tình_huống nguy_hiểm dễ xảy ra tai_nạn giao_thông khi rẽ / quay đầu tại vùng cho phép trên tuyến đường Lê_Văn_Lương . Rất nhiều các phương_tiện chủ_yếu là xe_máy di_chuyển trong làn BRT và thậm_chí còn di_chuyển với tốc_độ cao . Khi các phương_tiện đi_đúng luật muốn rẽ hoặc quay đầu rất dễ bị các phương_tiện vi phạm_luật giao_thông đâm trực_diện từ phía sau . Ngoài_ra , các phương_tiện phạm_luật thường_xuyên gây xung_đột giao_thông với các phương_tiện đi_đúng luật tại điểm giao_cắt gây ùn_tắc vào giờ cao_điểm . Tôi kính mong thành_phố và lực_lượng chức_năng sớm có biển pháp xử_lý triệt_để vi_phạm trên tuyến đường này để bảo_đảm an_toàn giao_thông và giảm ùn_tắc giao_thông","kính_đề nghị thành_phố và lực_lượng csgt có biện_pháp kiểm_soát và xử_lý mạnh_tay hơn với các trường_hợp vi_phạm giao_thông làn brt trên đường lê_văn_lương . cá_nhân tôi và những người tham_gia giao_thông khác theo quan_sát của tôi thường_xuyên rơi vào tình_huống nguy_hiểm dễ xảy ra tai_nạn giao_thông khi rẽ / quay đầu tại vùng cho phép trên tuyến đường lê_văn_lương . rất nhiều các phương_tiện chủ_yếu là xe_máy di_chuyển trong làn brt và thậm_chí còn di_chuyển với tốc_độ cao . khi các phương_tiện đi_đúng luật muốn rẽ hoặc quay đầu rất dễ bị các phương_tiện vi phạm_luật giao_thông đâm trực_diện từ phía sau . ngoài_ra , các phương_tiện phạm_luật thường_xuyên gây xung_đột giao_thông với các phương_tiện đi_đúng luật tại điểm giao_cắt gây ùn_tắc vào giờ cao_điểm . tôi kính mong thành_phố và lực_lượng chức_năng sớm có biển pháp xử_lý triệt_để vi_phạm trên tuyến đường này để bảo_đảm an_toàn giao_thông và giảm ùn_tắc giao_thông",False
267911,Ha Noi,congdanso_hanoi,14,,"Tại khu sân chơi và sân bóng thuộc khu đấu gia qsd đất ở mậu lương, xe cá nhân và xe tải của viettel post đậu lấn chiếm hết lòng, lề đường, làm dân khi lại rất khó khăn, bất tiện",". Tại khu sân chơi và sân bóng thuộc khu đấu gia qsd đất ở mậu lương, xe cá nhân và xe tải của viettel post đậu lấn chiếm hết lòng, lề đường, làm dân khi lại rất khó khăn, bất tiện",https://congdanso.hanoi.gov.vn/phan-anh/phan-anh-xe-dau-het-long-duong-267911,"Tại khu sân chơi và sân bóng thuộc khu đấu gia qsd đất ở mậu lương, xe cá nhân và xe tải của viettel post đậu lấn chiếm hết lòng, lề đường, làm dân khi lại rất khó khăn, bất tiện","Tại khu sân chơi và sân bóng thuộc khu đấu gia qsd đất ở mậu lương, xe cá nhân và xe tải của viettel post đậu lấn chiếm hết lòng, lề đường, làm dân khi lại rất khó khăn, bất tiện","Tại khu sân_chơi và sân bóng thuộc khu_đấu gia qsd đất ở mậu lương , xe cá_nhân và xe_tải của viettel post đậu lấn_chiếm hết_lòng , lề_đường , làm dân khi lại rất khó_khăn , bất_tiện","tại khu sân_chơi và sân bóng thuộc khu_đấu gia qsd đất ở mậu lương , xe cá_nhân và xe_tải của viettel post đậu lấn_chiếm hết_lòng , lề_đường , làm dân khi lại rất khó_khăn , bất_tiện",False
270095,Ha Noi,congdanso_hanoi,14,,Đề nghị công án phường Khương Đình giải quyết dứt điểm hiện trạng này.,. Đề nghị công án phường Khương Đình giải quyết dứt điểm hiện trạng này.,https://congdanso.hanoi.gov.vn/phan-anh/do-o-to-ngay-bien-cam-do-xe-gay-anh-huong-phu-huynh-truong-mam-non-non-khuong-dinh-dua-don-tre-em-di-hoc-270095,Đề nghị công án phường Khương Đình giải quyết dứt điểm hiện trạng này.,Đề nghị công án phường Khương Đình giải quyết dứt điểm hiện trạng này.,Đề_nghị công án phường Khương_Đình giải_quyết dứt_điểm hiện_trạng này .,đề_nghị công án phường khương_đình giải_quyết dứt_điểm hiện_trạng này .,False
267282,Ha Noi,congdanso_hanoi,14,,"Kính gửi: UBND Phường Bồ Đề Hiện nay, tại khu vực quanh Tòa nhà N03, đặc biệt ngõ 390 Nguyễn Văn Cừ, thường xuyên xảy ra tình trạng xe máy, ô tô dừng đỗ lấn chiếm lòng đường, gây cản trở giao thông, mất an toàn. Tình trạng này diễn ra nhiều vào giờ cao điểm hàng ngày. Kính đề nghị UBND Phường kiểm tra, xử lý và có biện pháp chấn chỉnh. Trân trọng.",". Kính gửi: UBND Phường Bồ Đề Hiện nay, tại khu vực quanh Tòa nhà N03, đặc biệt ngõ 390 Nguyễn Văn Cừ, thường xuyên xảy ra tình trạng xe máy, ô tô dừng đỗ lấn chiếm lòng đường, gây cản trở giao thông, mất an toàn. Tình trạng này diễn ra nhiều vào giờ cao điểm hàng ngày. Kính đề nghị UBND Phường kiểm tra, xử lý và có biện pháp chấn chỉnh. Trân trọng.",https://congdanso.hanoi.gov.vn/phan-anh/phan-anh-ve-tinh-trang-xe-may-o-to-do-duoi-long-duong-gay-can-tro-mat-an-toan-giao-thong-tai-ngo-390-nguyen-van-cu-267282,"Kính gửi: UBND Phường Bồ Đề Hiện nay, tại khu vực quanh Tòa nhà N03, đặc biệt ngõ 390 Nguyễn Văn Cừ, thường xuyên xảy ra tình trạng xe máy, ô tô dừng đỗ lấn chiếm lòng đường, gây cản trở giao thông, mất an toàn. Tình trạng này diễn ra nhiều vào giờ cao điểm hàng ngày. Kính đề nghị UBND Phường kiểm tra, xử lý và có biện pháp chấn chỉnh. Trân trọng.","Kính gửi: UBND Phường Bồ Đề Hiện nay, tại khu vực quanh Tòa nhà N03, đặc biệt ngõ 390 Nguyễn Văn Cừ, thường xuyên xảy ra tình trạng xe máy, ô tô dừng đỗ lấn chiếm lòng đường, gây cản trở giao thông, mất an toàn. Tình trạng này diễn ra nhiều vào giờ cao điểm hàng ngày. Kính đề nghị UBND Phường kiểm tra, xử lý và có biện pháp chấn chỉnh. Trân trọng.","Kính gửi : UBND Phường_Bồ_Đề_Hiện nay , tại khu_vực quanh Tòa nhà N03 , đặc_biệt ngõ 390 Nguyễn_Văn_Cừ , thường_xuyên xảy ra tình_trạng xe_máy , ô_tô dừng đỗ lấn_chiếm lòng_đường , gây cản_trở giao_thông , mất an_toàn . Tình_trạng này diễn ra nhiều vào giờ cao_điểm hàng ngày . Kính_đề nghị UBND Phường kiểm_tra , xử_lý và có biện_pháp chấn_chỉnh . Trân_trọng .","kính gửi : ubnd phường_bồ_đề_hiện nay , tại khu_vực quanh tòa nhà n03 , đặc_biệt ngõ 390 nguyễn_văn_cừ , thường_xuyên xảy ra tình_trạng xe_máy , ô_tô dừng đỗ lấn_chiếm lòng_đường , gây cản_trở giao_thông , mất an_toàn . tình_trạng này diễn ra nhiều vào giờ cao_điểm hàng ngày . kính_đề nghị ubnd phường kiểm_tra , xử_lý và có biện_pháp chấn_chỉnh . trân_trọng .",False
268041,Ha Noi,congdanso_hanoi,14,,"Đường Dương Lâm và Đoạn đường giữa 2 tòa chung cư CT2B và CT3B trong khu đô thị Văn Quán Hà Đông có đặt biển cấm đỗ xe nhưng thường xuyên có xe ô tô đỗ trong đoạn đường cấm đỗ. Gần đây, an ninh trật tự đi dẹp lấn chiếm vỉa hè lòng đường rất có hiệu quả nhưng vẫn còn bị xót vài đoạn đường có xe ô tô đậu sai quy định. Trân trọng !",". Đường Dương Lâm và Đoạn đường giữa 2 tòa chung cư CT2B và CT3B trong khu đô thị Văn Quán Hà Đông có đặt biển cấm đỗ xe nhưng thường xuyên có xe ô tô đỗ trong đoạn đường cấm đỗ. Gần đây, an ninh trật tự đi dẹp lấn chiếm vỉa hè lòng đường rất có hiệu quả nhưng vẫn còn bị xót vài đoạn đường có xe ô tô đậu sai quy định. Trân trọng !",https://congdanso.hanoi.gov.vn/phan-anh/do-xe-o-to-tai-noi-co-bien-cam-do-268041,"Đường Dương Lâm và Đoạn đường giữa 2 tòa chung cư CT2B và CT3B trong khu đô thị Văn Quán Hà Đông có đặt biển cấm đỗ xe nhưng thường xuyên có xe ô tô đỗ trong đoạn đường cấm đỗ. Gần đây, an ninh trật tự đi dẹp lấn chiếm vỉa hè lòng đường rất có hiệu quả nhưng vẫn còn bị xót vài đoạn đường có xe ô tô đậu sai quy định. Trân trọng !","Đường Dương Lâm và Đoạn đường giữa 2 tòa chung cư CT2B và CT3B trong khu đô thị Văn Quán Hà Đông có đặt biển cấm đỗ xe nhưng thường xuyên có xe ô tô đỗ trong đoạn đường cấm đỗ. Gần đây, an ninh trật tự đi dẹp lấn chiếm vỉa hè lòng đường rất có hiệu quả nhưng vẫn còn bị xót vài đoạn đường có xe ô tô đậu sai quy định. Trân trọng","Đường_Dương_Lâm và Đoạn_đường giữa 2 tòa chung_cư CT2B và CT3B trong khu đô_thị Văn_Quán_Hà_Đông có đặt biển cấm đỗ xe nhưng thường_xuyên có xe ô_tô đỗ trong đoạn_đường cấm đỗ . Gần_đây , an_ninh trật_tự đi dẹp lấn_chiếm vỉa_hè lòng_đường rất có hiệu_quả nhưng vẫn còn bị xót vài đoạn_đường có xe ô_tô đậu sai quy_định . Trân_trọng","đường_dương_lâm và đoạn_đường giữa 2 tòa chung_cư ct2b và ct3b trong khu đô_thị văn_quán_hà_đông có đặt biển cấm đỗ xe nhưng thường_xuyên có xe ô_tô đỗ trong đoạn_đường cấm đỗ . gần_đây , an_ninh trật_tự đi dẹp lấn_chiếm vỉa_hè lòng_đường rất có hiệu_quả nhưng vẫn còn bị xót vài đoạn_đường có xe ô_tô đậu sai quy_định . trân_trọng",False
269399,Ha Noi,congdanso_hanoi,14,,"Kính gửi: • Ủy ban nhân dân xã Vĩnh Thanh, Hà Nội • Công an xã Vĩnh Thanh • Các cơ quan chức năng có liên quan Tôi là công dân sinh sống tại khu vực xã Vĩnh Thanh, Hà Nội. Nay tôi làm đơn này phản ánh và kính đề nghị Quý cơ quan quan tâm kiểm tra, xử lý tình trạng vi phạm trật tự giao thông và vệ sinh môi trường đang diễn ra thường xuyên tại khu vực đường Tàm Xá, khu công viên Vĩnh Ngọc (thuộc địa bàn xã Tàm Xá cũ, nay là xã Vĩnh Thanh), cụ thể như sau: 1. Tình trạng đỗ xe không đúng quy định, gây cản trở giao thông Hiện nay tại khu vực đường ngoài và đường trong xung quanh khu công viên Vĩnh Ngọc, nhiều xe tải, xe công trình và các phương tiện khác thường xuyên đỗ xe ngày đêm, chiếm dụng lòng đường, gây cản trở giao thông, ảnh hưởng việc đi lại của người dân. Việc đỗ xe kéo dài liên tục không chỉ làm mất mỹ quan đô thị mà còn tiềm ẩn nguy cơ va chạm giao thông, đặc biệt vào các khung giờ đông người qua lại. 2. Xe công trình làm rơi vãi đất cát, gây bụi bẩn ô nhiễm Nhiều xe chở vật liệu từ các công trình ở nơi khác đi qua khu vực này thường xuyên để rơi vãi đất, cát ra mặt đường. Khi trời nắng, bụi bay mù mịt; khi trời mưa, đường trơn trượt, lầy lội, gây mất vệ sinh môi trường và ảnh hưởng nghiêm trọng đến sinh hoạt của người dân xung quanh. 3. Gây mất an toàn cho người dân tập thể dục tại công viên Khu công viên là nơi người dân, người cao tuổi, trẻ em thường xuyên đi bộ, tập thể dục hàng ngày. Tuy nhiên việc xe tải, xe công trình đỗ kín hai bên đường, ra vào liên tục đã gây nguy hiểm, mất an toàn cho người dân khi tham gia các hoạt động thể dục thể thao. Kính đề nghị cơ quan chức năng: 1. Kiểm tra, xử lý tình trạng đỗ xe sai quy định, chiếm dụng lòng đường tại khu vực nêu trên. 2. Yêu cầu các xe công trình che chắn vật liệu, không để rơi vãi đất cát ra đường; tổ chức vệ sinh tưới nước khu vực thường xuyên. Kính mong Quý cơ quan kiểm tra, giải quyết đảm bảo trật tự an toàn giao thông, vệ sinh môi trường và quyền lợi chính đáng của người dân.",". Kính gửi: • Ủy ban nhân dân xã Vĩnh Thanh, Hà Nội • Công an xã Vĩnh Thanh • Các cơ quan chức năng có liên quan Tôi là công dân sinh sống tại khu vực xã Vĩnh Thanh, Hà Nội. Nay tôi làm đơn này phản ánh và kính đề nghị Quý cơ quan quan tâm kiểm tra, xử lý tình trạng vi phạm trật tự giao thông và vệ sinh môi trường đang diễn ra thường xuyên tại khu vực đường Tàm Xá, khu công viên Vĩnh Ngọc (thuộc địa bàn xã Tàm Xá cũ, nay là xã Vĩnh Thanh), cụ thể như sau: 1. Tình trạng đỗ xe không đúng quy định, gây cản trở giao thông Hiện nay tại khu vực đường ngoài và đường trong xung quanh khu công viên Vĩnh Ngọc, nhiều xe tải, xe công trình và các phương tiện khác thường xuyên đỗ xe ngày đêm, chiếm dụng lòng đường, gây cản trở giao thông, ảnh hưởng việc đi lại của người dân. Việc đỗ xe kéo dài liên tục không chỉ làm mất mỹ quan đô thị mà còn tiềm ẩn nguy cơ va chạm giao thông, đặc biệt vào các khung giờ đông người qua lại. 2. Xe công trình làm rơi vãi đất cát, gây bụi bẩn ô nhiễm Nhiều xe chở vật liệu từ các công trình ở nơi khác đi qua khu vực này thường xuyên để rơi vãi đất, cát ra mặt đường. Khi trời nắng, bụi bay mù mịt; khi trời mưa, đường trơn trượt, lầy lội, gây mất vệ sinh môi trường và ảnh hưởng nghiêm trọng đến sinh hoạt của người dân xung quanh. 3. Gây mất an toàn cho người dân tập thể dục tại công viên Khu công viên là nơi người dân, người cao tuổi, trẻ em thường xuyên đi bộ, tập thể dục hàng ngày. Tuy nhiên việc xe tải, xe công trình đỗ kín hai bên đường, ra vào liên tục đã gây nguy hiểm, mất an toàn cho người dân khi tham gia các hoạt động thể dục thể thao. Kính đề nghị cơ quan chức năng: 1. Kiểm tra, xử lý tình trạng đỗ xe sai quy định, chiếm dụng lòng đường tại khu vực nêu trên. 2. Yêu cầu các xe công trình che chắn vật liệu, không để rơi vãi đất cát ra đường; tổ chức vệ sinh tưới nước khu vực thường xuyên. Kính mong Quý cơ quan kiểm tra, giải quyết đảm bảo trật tự an toàn giao thông, vệ sinh môi trường và quyền lợi chính đáng của người dân.",https://congdanso.hanoi.gov.vn/phan-anh/ve-viec-do-xe-khong-dung-quy-dinh-gay-can-tro-giao-thong-mat-an-toan-va-o-nhiem-moi-truong-tai-khu-vuc-duong-tam-xa-khu-cong-vien-vinh-ngoc--tam-xa-nay-thuoc-xa-vinh-thanh-ha-noi-269399,"Kính gửi: • Ủy ban nhân dân xã Vĩnh Thanh, Hà Nội • Công an xã Vĩnh Thanh • Các cơ quan chức năng có liên quan Tôi là công dân sinh sống tại khu vực xã Vĩnh Thanh, Hà Nội. Nay tôi làm đơn này phản ánh và kính đề nghị Quý cơ quan quan tâm kiểm tra, xử lý tình trạng vi phạm trật tự giao thông và vệ sinh môi trường đang diễn ra thường xuyên tại khu vực đường Tàm Xá, khu công viên Vĩnh Ngọc (thuộc địa bàn xã Tàm Xá cũ, nay là xã Vĩnh Thanh), cụ thể như sau: 1. Tình trạng đỗ xe không đúng quy định, gây cản trở giao thông Hiện nay tại khu vực đường ngoài và đường trong xung quanh khu công viên Vĩnh Ngọc, nhiều xe tải, xe công trình và các phương tiện khác thường xuyên đỗ xe ngày đêm, chiếm dụng lòng đường, gây cản trở giao thông, ảnh hưởng việc đi lại của người dân. Việc đỗ xe kéo dài liên tục không chỉ làm mất mỹ quan đô thị mà còn tiềm ẩn nguy cơ va chạm giao thông, đặc biệt vào các khung giờ đông người qua lại. 2. Xe công trình làm rơi vãi đất cát, gây bụi bẩn ô nhiễm Nhiều xe chở vật liệu từ các công trình ở nơi khác đi qua khu vực này thường xuyên để rơi vãi đất, cát ra mặt đường. Khi trời nắng, bụi bay mù mịt; khi trời mưa, đường trơn trượt, lầy lội, gây mất vệ sinh môi trường và ảnh hưởng nghiêm trọng đến sinh hoạt của người dân xung quanh. 3. Gây mất an toàn cho người dân tập thể dục tại công viên Khu công viên là nơi người dân, người cao tuổi, trẻ em thường xuyên đi bộ, tập thể dục hàng ngày. Tuy nhiên việc xe tải, xe công trình đỗ kín hai bên đường, ra vào liên tục đã gây nguy hiểm, mất an toàn cho người dân khi tham gia các hoạt động thể dục thể thao. Kính đề nghị cơ quan chức năng: 1. Kiểm tra, xử lý tình trạng đỗ xe sai quy định, chiếm dụng lòng đường tại khu vực nêu trên. 2. Yêu cầu các xe công trình che chắn vật liệu, không để rơi vãi đất cát ra đường; tổ chức vệ sinh tưới nước khu vực thường xuyên. Kính mong Quý cơ quan kiểm tra, giải quyết đảm bảo trật tự an toàn giao thông, vệ sinh môi trường và quyền lợi chính đáng của người dân.","Kính gửi: Ủy ban nhân dân xã Vĩnh Thanh, Hà Nội Công an xã Vĩnh Thanh Các cơ quan chức năng có liên quan Tôi là công dân sinh sống tại khu vực xã Vĩnh Thanh, Hà Nội. Nay tôi làm đơn này phản ánh và kính đề nghị Quý cơ quan quan tâm kiểm tra, xử lý tình trạng vi phạm trật tự giao thông và vệ sinh môi trường đang diễn ra thường xuyên tại khu vực đường Tàm Xá, khu công viên Vĩnh Ngọc (thuộc địa bàn xã Tàm Xá cũ, nay là xã Vĩnh Thanh), cụ thể như sau: 1. Tình trạng đỗ xe không đúng quy định, gây cản trở giao thông Hiện nay tại khu vực đường ngoài và đường trong xung quanh khu công viên Vĩnh Ngọc, nhiều xe tải, xe công trình và các phương tiện khác thường xuyên đỗ xe ngày đêm, chiếm dụng lòng đường, gây cản trở giao thông, ảnh hưởng việc đi lại của người dân. Việc đỗ xe kéo dài liên tục không chỉ làm mất mỹ quan đô thị mà còn tiềm ẩn nguy cơ va chạm giao thông, đặc biệt vào các khung giờ đông người qua lại. 2. Xe công trình làm rơi vãi đất cát, gây bụi bẩn ô nhiễm Nhiều xe chở vật liệu từ các công trình ở nơi khác đi qua khu vực này thường xuyên để rơi vãi đất, cát ra mặt đường. Khi trời nắng, bụi bay mù mịt; khi trời mưa, đường trơn trượt, lầy lội, gây mất vệ sinh môi trường và ảnh hưởng nghiêm trọng đến sinh hoạt của người dân xung quanh. 3. Gây mất an toàn cho người dân tập thể dục tại công viên Khu công viên là nơi người dân, người cao tuổi, trẻ em thường xuyên đi bộ, tập thể dục hàng ngày. Tuy nhiên việc xe tải, xe công trình đỗ kín hai bên đường, ra vào liên tục đã gây nguy hiểm, mất an toàn cho người dân khi tham gia các hoạt động thể dục thể thao. Kính đề nghị cơ quan chức năng: 1. Kiểm tra, xử lý tình trạng đỗ xe sai quy định, chiếm dụng lòng đường tại khu vực nêu trên. 2. Yêu cầu các xe công trình che chắn vật liệu, không để rơi vãi đất cát ra đường; tổ chức vệ sinh tưới nước khu vực thường xuyên. Kính mong Quý cơ quan kiểm tra, giải quyết đảm bảo trật tự an toàn giao thông, vệ sinh môi trường và quyền lợi chính đáng của người dân.","Kính gửi : Ủy_ban nhân_dân xã Vĩnh_Thanh , Hà_Nội_Công_an xã Vĩnh_Thanh_Các cơ_quan_chức_năng có liên_quan Tôi là công_dân_sinh_sống tại khu_vực xã Vĩnh_Thanh , Hà_Nội . Nay tôi làm đơn này phản_ánh và kính đề_nghị Quý cơ_quan quan_tâm kiểm_tra , xử_lý tình_trạng vi_phạm trật_tự giao_thông và vệ_sinh môi_trường đang diễn ra thường_xuyên tại khu_vực đường Tàm_Xá , khu công_viên Vĩnh_Ngọc ( thuộc địa_bàn xã Tàm_Xá cũ , nay là xã Vĩnh_Thanh ) , cụ_thể như sau : 1 . Tình_trạng đỗ xe không đúng quy_định , gây cản_trở giao_thông Hiện_nay tại khu_vực đường ngoài và đường trong xung_quanh khu công_viên Vĩnh_Ngọc , nhiều xe_tải , xe công_trình và các phương_tiện khác thường_xuyên đỗ xe ngày_đêm , chiếm_dụng lòng_đường , gây cản_trở giao_thông , ảnh_hưởng việc đi_lại của người dân . Việc_đỗ xe_kéo_dài liên_tục không chỉ làm mất mỹ_quan đô_thị mà còn tiềm_ẩn nguy_cơ va_chạm giao_thông , đặc_biệt vào các khung giờ đông người qua_lại . 2 . Xe công_trình làm rơi_vãi đất_cát , gây bụi bẩn ô_nhiễm Nhiều xe chở vật_liệu từ các công_trình ở nơi khác đi qua khu_vực này thường_xuyên để rơi_vãi đất , cát ra_mặt_đường . Khi trời nắng , bụi bay mù_mịt ; khi trời mưa , đường trơn trượt , lầy_lội , gây mất vệ_sinh môi_trường và ảnh_hưởng nghiêm_trọng đến sinh_hoạt của người dân xung_quanh . 3 . Gây mất an_toàn cho người dân tập_thể_dục tại công_viên Khu công_viên là nơi người dân , người cao_tuổi , trẻ_em thường_xuyên đi bộ , tập_thể_dục hàng ngày . Tuy_nhiên việc xe_tải , xe công_trình đỗ kín hai bên đường , ra vào liên_tục đã gây nguy_hiểm , mất an_toàn cho người dân khi tham_gia các hoạt_động thể_dục thể_thao . Kính_đề nghị cơ_quan_chức_năng : 1 . Kiểm_tra , xử_lý tình_trạng đỗ xe sai quy_định , chiếm_dụng lòng_đường tại khu_vực nêu trên . 2 . Yêu_cầu các xe công_trình che_chắn vật_liệu , không để rơi_vãi đất_cát ra đường ; tổ_chức vệ_sinh tưới nước khu_vực thường_xuyên . Kính_mong Quý cơ_quan kiểm_tra , giải_quyết đảm_bảo trật_tự an_toàn giao_thông , vệ_sinh môi_trường và quyền_lợi chính_đáng của người dân .","kính gửi : ủy_ban nhân_dân xã vĩnh_thanh , hà_nội_công_an xã vĩnh_thanh_các cơ_quan_chức_năng có liên_quan tôi là công_dân_sinh_sống tại khu_vực xã vĩnh_thanh , hà_nội . nay tôi làm đơn này phản_ánh và kính đề_nghị quý cơ_quan quan_tâm kiểm_tra , xử_lý tình_trạng vi_phạm trật_tự giao_thông và vệ_sinh môi_trường đang diễn ra thường_xuyên tại khu_vực đường tàm_xá , khu công_viên vĩnh_ngọc ( thuộc địa_bàn xã tàm_xá cũ , nay là xã vĩnh_thanh ) , cụ_thể như sau : 1 . tình_trạng đỗ xe không đúng quy_định , gây cản_trở giao_thông hiện_nay tại khu_vực đường ngoài và đường trong xung_quanh khu công_viên vĩnh_ngọc , nhiều xe_tải , xe công_trình và các phương_tiện khác thường_xuyên đỗ xe ngày_đêm , chiếm_dụng lòng_đường , gây cản_trở giao_thông , ảnh_hưởng việc đi_lại của người dân . việc_đỗ xe_kéo_dài liên_tục không chỉ làm mất mỹ_quan đô_thị mà còn tiềm_ẩn nguy_cơ va_chạm giao_thông , đặc_biệt vào các khung giờ đông người qua_lại . 2 . xe công_trình làm rơi_vãi đất_cát , gây bụi bẩn ô_nhiễm nhiều xe chở vật_liệu từ các công_trình ở nơi khác đi qua khu_vực này thường_xuyên để rơi_vãi đất , cát ra_mặt_đường . khi trời nắng , bụi bay mù_mịt ; khi trời mưa , đường trơn trượt , lầy_lội , gây mất vệ_sinh môi_trường và ảnh_hưởng nghiêm_trọng đến sinh_hoạt của người dân xung_quanh . 3 . gây mất an_toàn cho người dân tập_thể_dục tại công_viên khu công_viên là nơi người dân , người cao_tuổi , trẻ_em thường_xuyên đi bộ , tập_thể_dục hàng ngày . tuy_nhiên việc xe_tải , xe công_trình đỗ kín hai bên đường , ra vào liên_tục đã gây nguy_hiểm , mất an_toàn cho người dân khi tham_gia các hoạt_động thể_dục thể_thao . kính_đề nghị cơ_quan_chức_năng : 1 . kiểm_tra , xử_lý tình_trạng đỗ xe sai quy_định , chiếm_dụng lòng_đường tại khu_vực nêu trên . 2 . yêu_cầu các xe công_trình che_chắn vật_liệu , không để rơi_vãi đất_cát ra đường ; tổ_chức vệ_sinh tưới nước khu_vực thường_xuyên . kính_mong quý cơ_quan kiểm_tra , giải_quyết đảm_bảo trật_tự an_toàn giao_thông , vệ_sinh môi_trường và quyền_lợi chính_đáng của người dân .",False
266998,Ha Noi,congdanso_hanoi,14,,Dọc đường Lâm Hạ - Bồ Đề có rất nhiều ô tô đỗ hai bên đường tại đoạn đường cấm đô. Ra vào các hàng quán gây cản trở nguy hiểm cho người đi đường!,. Dọc đường Lâm Hạ - Bồ Đề có rất nhiều ô tô đỗ hai bên đường tại đoạn đường cấm đô. Ra vào các hàng quán gây cản trở nguy hiểm cho người đi đường!,https://congdanso.hanoi.gov.vn/phan-anh/phan-anh-tai-cong-ty-co-phan-trang-thiet-bi-y-te-vinh-khang-157-p-lam-ha-phuong-bo-de-thanh-pho-ha-noi-266998,Dọc đường Lâm Hạ - Bồ Đề có rất nhiều ô tô đỗ hai bên đường tại đoạn đường cấm đô. Ra vào các hàng quán gây cản trở nguy hiểm cho người đi đường!,Dọc đường Lâm Hạ - Bồ Đề có rất nhiều ô tô đỗ hai bên đường tại đoạn đường cấm đô. Ra vào các hàng quán gây cản trở nguy hiểm cho người đi đường,Dọc_đường Lâm_Hạ - Bồ_Đề có rất nhiều ô_tô đỗ hai bên đường tại đoạn_đường cấm đô . Ra vào các hàng_quán gây cản_trở_nguy_hiểm cho người đi_đường,dọc_đường lâm_hạ - bồ_đề có rất nhiều ô_tô đỗ hai bên đường tại đoạn_đường cấm đô . ra vào các hàng_quán gây cản_trở_nguy_hiểm cho người đi_đường,False
269480,Ha Noi,congdanso_hanoi,15,,"Vào hổi 13:16 ngày 19/4/2026, tại trước cửa nhà L29-LK7 khu đấu giá Mậu Lương, Kiến Hưng, Hà Nội. Chủ xe 30G45691 đỗ xe gây cản trở giao thông và có thái độ và ý thức coi thường pháp luật và cản trở lối đi chung của cư dân khu phố. Tôi đã cố tình nháy đèn để chủ xe biết, chủ xe có thấy tín hiệu nhưng vẫn bỏ vào nhà và không quan tâm khi đã nhận tín hiệu. Việc này đã kiến nghị tổ dân phố có nhắc nhở rồi nhưng vẫn cố tình vi phạm.",". Vào hổi 13:16 ngày 19/4/2026, tại trước cửa nhà L29-LK7 khu đấu giá Mậu Lương, Kiến Hưng, Hà Nội. Chủ xe 30G45691 đỗ xe gây cản trở giao thông và có thái độ và ý thức coi thường pháp luật và cản trở lối đi chung của cư dân khu phố. Tôi đã cố tình nháy đèn để chủ xe biết, chủ xe có thấy tín hiệu nhưng vẫn bỏ vào nhà và không quan tâm khi đã nhận tín hiệu. Việc này đã kiến nghị tổ dân phố có nhắc nhở rồi nhưng vẫn cố tình vi phạm.",https://congdanso.hanoi.gov.vn/phan-anh/thai-do-va-y-thuc-coi-thuong-phap-luat-269480,"Vào hổi 13:16 ngày 19/4/2026, tại trước cửa nhà L29-LK7 khu đấu giá Mậu Lương, Kiến Hưng, Hà Nội. Chủ xe 30G45691 đỗ xe gây cản trở giao thông và có thái độ và ý thức coi thường pháp luật và cản trở lối đi chung của cư dân khu phố. Tôi đã cố tình nháy đèn để chủ xe biết, chủ xe có thấy tín hiệu nhưng vẫn bỏ vào nhà và không quan tâm khi đã nhận tín hiệu. Việc này đã kiến nghị tổ dân phố có nhắc nhở rồi nhưng vẫn cố tình vi phạm.","Vào hổi 13: 16 ngày 19/4/2026, tại trước cửa nhà L29-LK7 khu đấu giá Mậu Lương, Kiến Hưng, Hà Nội. Chủ xe 30G45691 đỗ xe gây cản trở giao thông và có thái độ và ý thức coi thường pháp luật và cản trở lối đi chung của cư dân khu phố. Tôi đã cố tình nháy đèn để chủ xe biết, chủ xe có thấy tín hiệu nhưng vẫn bỏ vào nhà và không quan tâm khi đã nhận tín hiệu. Việc này đã kiến nghị tổ dân phố có nhắc nhở rồi nhưng vẫn cố tình vi phạm.","Vào hổi 13 : 16 ngày 19 / 4 / 2026 , tại trước cửa_nhà L29 - LK7 khu đấu_giá Mậu_Lương , Kiến_Hưng , Hà_Nội . Chủ xe 30G45691 đỗ xe gây cản_trở giao_thông và có thái_độ và ý_thức coi_thường pháp_luật và cản_trở_lối đi chung của cư_dân khu_phố . Tôi_đã cố_tình nháy đèn_để chủ xe biết , chủ xe có thấy tín_hiệu nhưng vẫn bỏ vào nhà và không quan_tâm khi đã nhận tín_hiệu . Việc này đã kiến_nghị tổ dân_phố có nhắc_nhở rồi nhưng vẫn cố_tình vi_phạm .","vào hổi 13 : 16 ngày 19 / 4 / 2026 , tại trước cửa_nhà l29 - lk7 khu đấu_giá mậu_lương , kiến_hưng , hà_nội . chủ xe 30g45691 đỗ xe gây cản_trở giao_thông và có thái_độ và ý_thức coi_thường pháp_luật và cản_trở_lối đi chung của cư_dân khu_phố . tôi_đã cố_tình nháy đèn_để chủ xe biết , chủ xe có thấy tín_hiệu nhưng vẫn bỏ vào nhà và không quan_tâm khi đã nhận tín_hiệu . việc này đã kiến_nghị tổ dân_phố có nhắc_nhở rồi nhưng vẫn cố_tình vi_phạm .",False
269805,Ha Noi,congdanso_hanoi,15,,Đề nghị cơ quan chức năng xử lý trường hợp xe đỗ lên phần đường ưu tiên cho người đi bộ sang đường. Địa điểm 25 Tô Hiến Thành - Hai Bà Trưng - Hà Nội Thời điểm 11h00 ngày 20/04/2026,. Đề nghị cơ quan chức năng xử lý trường hợp xe đỗ lên phần đường ưu tiên cho người đi bộ sang đường. Địa điểm 25 Tô Hiến Thành - Hai Bà Trưng - Hà Nội Thời điểm 11h00 ngày 20/04/2026,https://congdanso.hanoi.gov.vn/phan-anh/xe-oto-do-de-len-vach-uu-tien-phan-duong-cho-nguoi-di-bo-sang-duong-269805,Đề nghị cơ quan chức năng xử lý trường hợp xe đỗ lên phần đường ưu tiên cho người đi bộ sang đường. Địa điểm 25 Tô Hiến Thành - Hai Bà Trưng - Hà Nội Thời điểm 11h00 ngày 20/04/2026,Đề nghị cơ quan chức năng xử lý trường hợp xe đỗ lên phần đường ưu tiên cho người đi bộ sang đường. Địa điểm 25 Tô Hiến Thành - Hai Bà Trưng - Hà Nội Thời điểm 11h00 ngày 20/04/2026,Đề_nghị cơ_quan_chức_năng xử_lý trường_hợp xe đỗ lên phần đường_ưu tiên cho người đi bộ sang đường . Địa_điểm 25 Tô_Hiến_Thành - Hai_Bà_Trưng - Hà_Nội_Thời_điểm 11h00 ngày 20 / 04 / 2026,đề_nghị cơ_quan_chức_năng xử_lý trường_hợp xe đỗ lên phần đường_ưu tiên cho người đi bộ sang đường . địa_điểm 25 tô_hiến_thành - hai_bà_trưng - hà_nội_thời_điểm 11h00 ngày 20 / 04 / 2026,False
270376,Ha Noi,congdanso_hanoi,15,,Xe ô tô đỗ chắn lối lên xe Bus của người dân. Đề nghị các cơ quan chức năng giải quyết tình trạng này.,. Xe ô tô đỗ chắn lối lên xe Bus của người dân. Đề nghị các cơ quan chức năng giải quyết tình trạng này.,https://congdanso.hanoi.gov.vn/phan-anh/o-to-do-chan-diem-xe-buu-vuon-hoa-pasteur-270376,Xe ô tô đỗ chắn lối lên xe Bus của người dân. Đề nghị các cơ quan chức năng giải quyết tình trạng này.,Xe ô tô đỗ chắn lối lên xe Bus của người dân. Đề nghị các cơ quan chức năng giải quyết tình trạng này.,Xe ô_tô đỗ chắn lối lên xe Bus của người dân . Đề_nghị các cơ_quan_chức_năng giải_quyết tình_trạng này .,xe ô_tô đỗ chắn lối lên xe bus của người dân . đề_nghị các cơ_quan_chức_năng giải_quyết tình_trạng này .,False
268685,Ha Noi,congdanso_hanoi,15,,"Ngày 17 tháng 4 năm 2026, xe Innova mang biển kiểm soát 30M 640-34 đỗ trái chiều đường đi từ sáng đến hơn 14h cùng. Gày. Chắn cửa ra vào nhà số 3 phố Vũ Hữu Lợi, phường Hai Bà Trưng. Đề nghị cơ quan chức năng xử lý vi phạm.",". Ngày 17 tháng 4 năm 2026, xe Innova mang biển kiểm soát 30M 640-34 đỗ trái chiều đường đi từ sáng đến hơn 14h cùng. Gày. Chắn cửa ra vào nhà số 3 phố Vũ Hữu Lợi, phường Hai Bà Trưng. Đề nghị cơ quan chức năng xử lý vi phạm.",https://congdanso.hanoi.gov.vn/phan-anh/do-xe-trai-le-duong-chan-cong-268685,"Ngày 17 tháng 4 năm 2026, xe Innova mang biển kiểm soát 30M 640-34 đỗ trái chiều đường đi từ sáng đến hơn 14h cùng. Gày. Chắn cửa ra vào nhà số 3 phố Vũ Hữu Lợi, phường Hai Bà Trưng. Đề nghị cơ quan chức năng xử lý vi phạm.","Ngày 17 tháng 4 năm 2026, xe Innova mang biển kiểm soát 30M 640-34 đỗ trái chiều đường đi từ sáng đến hơn 14h cùng. Gày. Chắn cửa ra vào nhà số 3 phố Vũ Hữu Lợi, phường Hai Bà Trưng. Đề nghị cơ quan chức năng xử lý vi phạm.","Ngày 17 tháng 4 năm 2026 , xe Innova mang biển kiểm_soát 30M 640 - 34 đỗ trái chiều đường_đi từ sáng đến hơn 14h cùng . Gày . Chắn cửa ra vào nhà số 3 phố Vũ_Hữu_Lợi , phường Hai_Bà_Trưng . Đề_nghị cơ_quan_chức_năng xử_lý vi_phạm .","ngày 17 tháng 4 năm 2026 , xe innova mang biển kiểm_soát 30m 640 - 34 đỗ trái chiều đường_đi từ sáng đến hơn 14h cùng . gày . chắn cửa ra vào nhà số 3 phố vũ_hữu_lợi , phường hai_bà_trưng . đề_nghị cơ_quan_chức_năng xử_lý vi_phạm .",False
268386,Ha Noi,congdanso_hanoi,15,,"Sáng nay thứ 5 ngày 16/4/2026, khoảng 8h45 chị lái xe Spacy trắng di chuyển theo hướng Kim Ngưu - Lò Đúc, khi tham gia giao thông không đội mũ bảo hiểm, nghe điện thoại khi đang lái xe. Vượt đèn đỏ ngã tư Kim Ngưu - Lò Đúc (khoảng 8h53)",". Sáng nay thứ 5 ngày 16/4/2026, khoảng 8h45 chị lái xe Spacy trắng di chuyển theo hướng Kim Ngưu - Lò Đúc, khi tham gia giao thông không đội mũ bảo hiểm, nghe điện thoại khi đang lái xe. Vượt đèn đỏ ngã tư Kim Ngưu - Lò Đúc (khoảng 8h53)",https://congdanso.hanoi.gov.vn/phan-anh/vi-pham-khi-tham-gia-giao-thong-268386,"Sáng nay thứ 5 ngày 16/4/2026, khoảng 8h45 chị lái xe Spacy trắng di chuyển theo hướng Kim Ngưu - Lò Đúc, khi tham gia giao thông không đội mũ bảo hiểm, nghe điện thoại khi đang lái xe. Vượt đèn đỏ ngã tư Kim Ngưu - Lò Đúc (khoảng 8h53)","Sáng nay thứ 5 ngày 16/4/2026, khoảng 8h45 chị lái xe Spacy trắng di chuyển theo hướng Kim Ngưu - Lò Đúc, khi tham gia giao thông không đội mũ bảo hiểm, nghe điện thoại khi đang lái xe. Vượt đèn đỏ ngã tư Kim Ngưu - Lò Đúc (khoảng 8h53)","Sáng nay thứ 5 ngày 16 / 4 / 2026 , khoảng 8h45 chị lái_xe Spacy trắng di_chuyển theo hướng Kim_Ngưu - Lò_Đúc , khi tham_gia giao_thông không đội mũ bảo_hiểm , nghe điện_thoại khi đang lái_xe . Vượt_đèn_đỏ ngã tư Kim_Ngưu - Lò_Đúc ( khoảng 8h53 )","sáng nay thứ 5 ngày 16 / 4 / 2026 , khoảng 8h45 chị lái_xe spacy trắng di_chuyển theo hướng kim_ngưu - lò_đúc , khi tham_gia giao_thông không đội mũ bảo_hiểm , nghe điện_thoại khi đang lái_xe . vượt_đèn_đỏ ngã tư kim_ngưu - lò_đúc ( khoảng 8h53 )",False
268094,Ha Noi,congdanso_hanoi,15,,Xe đỗ sai gây cản trở giao thông từ sáng sớm đến hiện tại 9h02 vẫn đỗ,. Xe đỗ sai gây cản trở giao thông từ sáng sớm đến hiện tại 9h02 vẫn đỗ,https://congdanso.hanoi.gov.vn/phan-anh/xe-oto-do-sai-pham-gay-can-tro-giao-thong-268094,Xe đỗ sai gây cản trở giao thông từ sáng sớm đến hiện tại 9h02 vẫn đỗ,Xe đỗ sai gây cản trở giao thông từ sáng sớm đến hiện tại 9h02 vẫn đỗ,Xe_đỗ sai gây cản_trở giao_thông từ sáng sớm đến hiện_tại 9h02 vẫn đỗ,xe_đỗ sai gây cản_trở giao_thông từ sáng sớm đến hiện_tại 9h02 vẫn đỗ,False
267831,Ha Noi,congdanso_hanoi,15,,"Vào hồi 11h52 ngày 14/04/2026, tại nút giao Tạ Quang Bửu - Lê Thanh Nghị (phường Bạch Mai), tôi phát hiện xe máy BKS 30-N9 5833 vi phạm: - Người điều khiển và người ngồi sau không đội mũ bảo hiểm. - Cố tình vượt đèn đỏ khi qua giao lộ. Kính đề nghị cơ quan chức năng kiểm tra, xác minh và xử lý phạt nguội theo quy định. (Hình ảnh vi phạm đính kèm).",". Vào hồi 11h52 ngày 14/04/2026, tại nút giao Tạ Quang Bửu - Lê Thanh Nghị (phường Bạch Mai), tôi phát hiện xe máy BKS 30-N9 5833 vi phạm: - Người điều khiển và người ngồi sau không đội mũ bảo hiểm. - Cố tình vượt đèn đỏ khi qua giao lộ. Kính đề nghị cơ quan chức năng kiểm tra, xác minh và xử lý phạt nguội theo quy định. (Hình ảnh vi phạm đính kèm).",https://congdanso.hanoi.gov.vn/phan-anh/phan-anh-xe-may-vi-pham-giao-thong-267831,"Vào hồi 11h52 ngày 14/04/2026, tại nút giao Tạ Quang Bửu - Lê Thanh Nghị (phường Bạch Mai), tôi phát hiện xe máy BKS 30-N9 5833 vi phạm: - Người điều khiển và người ngồi sau không đội mũ bảo hiểm. - Cố tình vượt đèn đỏ khi qua giao lộ. Kính đề nghị cơ quan chức năng kiểm tra, xác minh và xử lý phạt nguội theo quy định. (Hình ảnh vi phạm đính kèm).","Vào hồi 11h52 ngày 14/04/2026, tại nút giao Tạ Quang Bửu - Lê Thanh Nghị (phường Bạch Mai), tôi phát hiện xe máy BKS 30-N9 5833 vi phạm: - Người điều khiển và người ngồi sau không đội mũ bảo hiểm. - Cố tình vượt đèn đỏ khi qua giao lộ. Kính đề nghị cơ quan chức năng kiểm tra, xác minh và xử lý phạt nguội theo quy định. (Hình ảnh vi phạm đính kèm).","Vào hồi 11h52 ngày 14 / 04 / 2026 , tại nút giao Tạ_Quang_Bửu - Lê_Thanh_Nghị ( phường Bạch_Mai ) , tôi phát_hiện xe_máy BKS 30 - N9 5833 vi_phạm : - Người_điều khiển và người ngồi sau không đội mũ bảo_hiểm . - Cố_tình vượt đèn_đỏ khi qua giao_lộ . Kính_đề nghị cơ_quan_chức_năng kiểm_tra , xác_minh và xử_lý phạt nguội theo quy_định . ( Hình_ảnh vi_phạm đính kèm ) .","vào hồi 11h52 ngày 14 / 04 / 2026 , tại nút giao tạ_quang_bửu - lê_thanh_nghị ( phường bạch_mai ) , tôi phát_hiện xe_máy bks 30 - n9 5833 vi_phạm : - người_điều khiển và người ngồi sau không đội mũ bảo_hiểm . - cố_tình vượt đèn_đỏ khi qua giao_lộ . kính_đề nghị cơ_quan_chức_năng kiểm_tra , xác_minh và xử_lý phạt nguội theo quy_định . ( hình_ảnh vi_phạm đính kèm ) .",False
267004,Ha Noi,congdanso_hanoi,15,,Thời gian 16:56 ngày 13/4/2026 Xe đỗ đè lên vạch dành cho người đi bộ Xe đỗ trong thời gian cấm đỗ xe 06:00 - 18:00 Biển kiểm soát : 30K 797.08 Địa chỉ : 69 Tứ Liên - Hồng Hà - Hà Nội,. Thời gian 16:56 ngày 13/4/2026 Xe đỗ đè lên vạch dành cho người đi bộ Xe đỗ trong thời gian cấm đỗ xe 06:00 - 18:00 Biển kiểm soát : 30K 797.08 Địa chỉ : 69 Tứ Liên - Hồng Hà - Hà Nội,https://congdanso.hanoi.gov.vn/phan-anh/do-xe-sai-quy-dinh-267004,Thời gian 16:56 ngày 13/4/2026 Xe đỗ đè lên vạch dành cho người đi bộ Xe đỗ trong thời gian cấm đỗ xe 06:00 - 18:00 Biển kiểm soát : 30K 797.08 Địa chỉ : 69 Tứ Liên - Hồng Hà - Hà Nội,Thời gian 16: 56 ngày 13/4/2026 Xe đỗ đè lên vạch dành cho người đi bộ Xe đỗ trong thời gian cấm đỗ xe 06: 00 - 18: 00 Biển kiểm soát: 30K 797. 08 Địa chỉ: 69 Tứ Liên - Hồng Hà - Hà Nội,Thời_gian 16 : 56 ngày 13 / 4 / 2026 Xe_đỗ_đè lên vạch dành cho người đi bộ Xe_đỗ trong thời_gian cấm đỗ xe 06 : 00 - 18 : 00 Biển kiểm_soát : 30K 797 . 08 Địa_chỉ : 69 Tứ_Liên - Hồng_Hà - Hà_Nội,thời_gian 16 : 56 ngày 13 / 4 / 2026 xe_đỗ_đè lên vạch dành cho người đi bộ xe_đỗ trong thời_gian cấm đỗ xe 06 : 00 - 18 : 00 biển kiểm_soát : 30k 797 . 08 địa_chỉ : 69 tứ_liên - hồng_hà - hà_nội,False
266635,Ha Noi,congdanso_hanoi,15,,Xe oto đỗ sai quy định 1 - đè vạch dành cho người đi bộ 2 - đỗ xe trong thời gian cấm đỗ,. Xe oto đỗ sai quy định 1 - đè vạch dành cho người đi bộ 2 - đỗ xe trong thời gian cấm đỗ,https://congdanso.hanoi.gov.vn/phan-anh/do-xe-sai-quy-dinh-266635,Xe oto đỗ sai quy định 1 - đè vạch dành cho người đi bộ 2 - đỗ xe trong thời gian cấm đỗ,Xe oto đỗ sai quy định 1 - đè vạch dành cho người đi bộ 2 - đỗ xe trong thời gian cấm đỗ,Xe oto đỗ sai quy_định 1 - đè vạch dành cho người đi bộ 2 - đỗ xe trong thời_gian cấm đỗ,xe oto đỗ sai quy_định 1 - đè vạch dành cho người đi bộ 2 - đỗ xe trong thời_gian cấm đỗ,False
269520,Ha Noi,congdanso_hanoi,15,,"Đường Lý Thánh Tông (kéo dài từ đường Bát Khối đến đường Nguyễn Đức Thuận, thuộc địa phận của 2 xã Bát Tràng và Gia Lâm) lưu lượng tham gia giao thông rất đông, nhiều xe tải và contener chạy rất nhanh và cư dân từ Vin Ocean Park di chuyển hàng ngày mà đèn chiếu sáng không bật khoảng 1-2 năm nay gây mất an toàn giao thông, nhiều vụ tai nạn đã xảy ra trên tuyến đường này, kính mong cơ quan có thẩm quyền xử lý dứt điểm bật đèn chiếu sáng để an toàn cho người dân.",". Đường Lý Thánh Tông (kéo dài từ đường Bát Khối đến đường Nguyễn Đức Thuận, thuộc địa phận của 2 xã Bát Tràng và Gia Lâm) lưu lượng tham gia giao thông rất đông, nhiều xe tải và contener chạy rất nhanh và cư dân từ Vin Ocean Park di chuyển hàng ngày mà đèn chiếu sáng không bật khoảng 1-2 năm nay gây mất an toàn giao thông, nhiều vụ tai nạn đã xảy ra trên tuyến đường này, kính mong cơ quan có thẩm quyền xử lý dứt điểm bật đèn chiếu sáng để an toàn cho người dân.",https://congdanso.hanoi.gov.vn/phan-anh/khong-bat-den-chieu-sang-gay-mat-an-toan-giao-thong-269520,"Đường Lý Thánh Tông (kéo dài từ đường Bát Khối đến đường Nguyễn Đức Thuận, thuộc địa phận của 2 xã Bát Tràng và Gia Lâm) lưu lượng tham gia giao thông rất đông, nhiều xe tải và contener chạy rất nhanh và cư dân từ Vin Ocean Park di chuyển hàng ngày mà đèn chiếu sáng không bật khoảng 1-2 năm nay gây mất an toàn giao thông, nhiều vụ tai nạn đã xảy ra trên tuyến đường này, kính mong cơ quan có thẩm quyền xử lý dứt điểm bật đèn chiếu sáng để an toàn cho người dân.","Đường Lý Thánh Tông (kéo dài từ đường Bát Khối đến đường Nguyễn Đức Thuận, thuộc địa phận của 2 xã Bát Tràng và Gia Lâm) lưu lượng tham gia giao thông rất đông, nhiều xe tải và contener chạy rất nhanh và cư dân từ Vin Ocean Park di chuyển hàng ngày mà đèn chiếu sáng không bật khoảng 1-2 năm nay gây mất an toàn giao thông, nhiều vụ tai nạn đã xảy ra trên tuyến đường này, kính mong cơ quan có thẩm quyền xử lý dứt điểm bật đèn chiếu sáng để an toàn cho người dân.","Đường_Lý_Thánh_Tông ( kéo_dài từ_đường Bát_Khối_đến_đường_Nguyễn_Đức_Thuận , thuộc địa_phận của 2 xã Bát_Tràng và Gia_Lâm ) lưu_lượng tham_gia giao_thông rất đông , nhiều xe_tải và contener chạy rất nhanh và cư_dân từ Vin_Ocean_Park di_chuyển hàng ngày mà đèn_chiếu sáng không bật khoảng 1 - 2 năm nay gây mất an_toàn giao_thông , nhiều vụ tai_nạn đã xảy ra trên tuyến đường này , kính mong cơ_quan có thẩm_quyền xử_lý dứt_điểm bật đèn_chiếu sáng để an_toàn cho người dân .","đường_lý_thánh_tông ( kéo_dài từ_đường bát_khối_đến_đường_nguyễn_đức_thuận , thuộc địa_phận của 2 xã bát_tràng và gia_lâm ) lưu_lượng tham_gia giao_thông rất đông , nhiều xe_tải và contener chạy rất nhanh và cư_dân từ vin_ocean_park di_chuyển hàng ngày mà đèn_chiếu sáng không bật khoảng 1 - 2 năm nay gây mất an_toàn giao_thông , nhiều vụ tai_nạn đã xảy ra trên tuyến đường này , kính mong cơ_quan có thẩm_quyền xử_lý dứt_điểm bật đèn_chiếu sáng để an_toàn cho người dân .",False
267390,Ha Noi,congdanso_hanoi,16,,Đề nghị công an phường Hai Bà Trưng xử lý tình trạng thường xuyên đỗ xe lấn chiếm lòng đường gây cản trở giao thông,. Đề nghị công an phường Hai Bà Trưng xử lý tình trạng thường xuyên đỗ xe lấn chiếm lòng đường gây cản trở giao thông,https://congdanso.hanoi.gov.vn/phan-anh/do-xe-lan-chiem-long-duong-gay-can-tro-giao-thong-267390,Đề nghị công an phường Hai Bà Trưng xử lý tình trạng thường xuyên đỗ xe lấn chiếm lòng đường gây cản trở giao thông,Đề nghị công an phường Hai Bà Trưng xử lý tình trạng thường xuyên đỗ xe lấn chiếm lòng đường gây cản trở giao thông,Đề_nghị công_an phường Hai_Bà_Trưng xử_lý tình_trạng thường_xuyên đỗ xe lấn_chiếm lòng_đường gây cản_trở giao_thông,đề_nghị công_an phường hai_bà_trưng xử_lý tình_trạng thường_xuyên đỗ xe lấn_chiếm lòng_đường gây cản_trở giao_thông,False
268506,Ha Noi,congdanso_hanoi,16,,"Thường xuyên xảy ra đỗ xe trái phép gần quán phở Thìn, gây tắc đường",". Thường xuyên xảy ra đỗ xe trái phép gần quán phở Thìn, gây tắc đường",https://congdanso.hanoi.gov.vn/phan-anh/do-xe-du-co-bien-cam-268506,"Thường xuyên xảy ra đỗ xe trái phép gần quán phở Thìn, gây tắc đường","Thường xuyên xảy ra đỗ xe trái phép gần quán phở Thìn, gây tắc đường","Thường_xuyên xảy ra đỗ xe trái_phép gần quán phở Thìn , gây tắc đường","thường_xuyên xảy ra đỗ xe trái_phép gần quán phở thìn , gây tắc đường",False
267137,Ha Noi,congdanso_hanoi,16,,2 tuần gần đây bật hệ thống đèn giao thông 2 nút giao đường xuân tảo đi ngoại giao đoàn gây ùn tắc. Đề nghị kiểm tra thực tế và tắt bỏ,. 2 tuần gần đây bật hệ thống đèn giao thông 2 nút giao đường xuân tảo đi ngoại giao đoàn gây ùn tắc. Đề nghị kiểm tra thực tế và tắt bỏ,https://congdanso.hanoi.gov.vn/phan-anh/nut-giao-vong-xuyen-267137,2 tuần gần đây bật hệ thống đèn giao thông 2 nút giao đường xuân tảo đi ngoại giao đoàn gây ùn tắc. Đề nghị kiểm tra thực tế và tắt bỏ,2 tuần gần đây bật hệ thống đèn giao thông 2 nút giao đường xuân tảo đi ngoại giao đoàn gây ùn tắc. Đề nghị kiểm tra thực tế và tắt bỏ,2 tuần gần đây bật hệ_thống đèn giao_thông 2 nút giao đường xuân tảo đi ngoại_giao_đoàn gây ùn_tắc . Đề_nghị kiểm_tra thực_tế và tắt_bỏ,2 tuần gần đây bật hệ_thống đèn giao_thông 2 nút giao đường xuân tảo đi ngoại_giao_đoàn gây ùn_tắc . đề_nghị kiểm_tra thực_tế và tắt_bỏ,False
267258,Ha Noi,congdanso_hanoi,16,,"Như tiêu đề, thời gian đèn đỏ Tam Trinh - Đỗ Mười dài 120s gây ùn tắc kéo dài cả hai chiều theo hướng đi cầu Thanh Trì và hướng đi Pháp Vân. Trong khi hai hướng này thông thoáng có thể lưu thông. Kính đề nghị cơ quan chức năng nghiên cứu điều chỉnh phù hợp thực tế. Trân trọng cảm ơn.",". Như tiêu đề, thời gian đèn đỏ Tam Trinh - Đỗ Mười dài 120s gây ùn tắc kéo dài cả hai chiều theo hướng đi cầu Thanh Trì và hướng đi Pháp Vân. Trong khi hai hướng này thông thoáng có thể lưu thông. Kính đề nghị cơ quan chức năng nghiên cứu điều chỉnh phù hợp thực tế. Trân trọng cảm ơn.",https://congdanso.hanoi.gov.vn/phan-anh/de-nghi-xem-xet-dieu-chinh-lai-thoi-gian-den-do-tam-trinh---do-muoi-cho-phu-hop-267258,"Như tiêu đề, thời gian đèn đỏ Tam Trinh - Đỗ Mười dài 120s gây ùn tắc kéo dài cả hai chiều theo hướng đi cầu Thanh Trì và hướng đi Pháp Vân. Trong khi hai hướng này thông thoáng có thể lưu thông. Kính đề nghị cơ quan chức năng nghiên cứu điều chỉnh phù hợp thực tế. Trân trọng cảm ơn.","Như tiêu đề, thời gian đèn đỏ Tam Trinh - Đỗ Mười dài 120s gây ùn tắc kéo dài cả hai chiều theo hướng đi cầu Thanh Trì và hướng đi Pháp Vân. Trong khi hai hướng này thông thoáng có thể lưu thông. Kính đề nghị cơ quan chức năng nghiên cứu điều chỉnh phù hợp thực tế. Trân trọng cảm ơn.","Như tiêu_đề , thời_gian đèn_đỏ_Tam_Trinh - Đỗ_Mười_dài 120s gây ùn_tắc kéo_dài cả hai chiều theo hướng đi_cầu Thanh_Trì và hướng đi_Pháp_Vân . Trong khi hai hướng này thông_thoáng có_thể lưu_thông . Kính_đề nghị cơ_quan_chức_năng nghiên_cứu điều_chỉnh phù_hợp thực_tế . Trân_trọng cảm_ơn .","như tiêu_đề , thời_gian đèn_đỏ_tam_trinh - đỗ_mười_dài 120s gây ùn_tắc kéo_dài cả hai chiều theo hướng đi_cầu thanh_trì và hướng đi_pháp_vân . trong khi hai hướng này thông_thoáng có_thể lưu_thông . kính_đề nghị cơ_quan_chức_năng nghiên_cứu điều_chỉnh phù_hợp thực_tế . trân_trọng cảm_ơn .",False
266796,Ha Noi,congdanso_hanoi,16,,"Tôi thấy ở ngã tư Dương Đình Nghệ - Phạm Hùng với chiều đi xe ở từ Dương Đình Nghệ giao Phạm Hùng có thời gian đèn xanh không hợp lý. Mỗi lần qua đó tầm 7g30-8g tối có thể phải dừng 3-4 nhịp đèn đỏ. Vì cột đèn xanh đỏ k hiển thị số cụ thể nhưng áng chừng chỉ được khoảng 20s, trong khi đèn đỏ phải chờ 60-80 1 lần là ít. Ngoài ra, ngã tư rộng mà đèn xanh ít giây nên mỗi nhịp đèn chỉ đi được rất ít phương tiện qua được.",". Tôi thấy ở ngã tư Dương Đình Nghệ - Phạm Hùng với chiều đi xe ở từ Dương Đình Nghệ giao Phạm Hùng có thời gian đèn xanh không hợp lý. Mỗi lần qua đó tầm 7g30-8g tối có thể phải dừng 3-4 nhịp đèn đỏ. Vì cột đèn xanh đỏ k hiển thị số cụ thể nhưng áng chừng chỉ được khoảng 20s, trong khi đèn đỏ phải chờ 60-80 1 lần là ít. Ngoài ra, ngã tư rộng mà đèn xanh ít giây nên mỗi nhịp đèn chỉ đi được rất ít phương tiện qua được.",https://congdanso.hanoi.gov.vn/phan-anh/thoi-gian-den-xanh-chua-hop-ly-266796,"Tôi thấy ở ngã tư Dương Đình Nghệ - Phạm Hùng với chiều đi xe ở từ Dương Đình Nghệ giao Phạm Hùng có thời gian đèn xanh không hợp lý. Mỗi lần qua đó tầm 7g30-8g tối có thể phải dừng 3-4 nhịp đèn đỏ. Vì cột đèn xanh đỏ k hiển thị số cụ thể nhưng áng chừng chỉ được khoảng 20s, trong khi đèn đỏ phải chờ 60-80 1 lần là ít. Ngoài ra, ngã tư rộng mà đèn xanh ít giây nên mỗi nhịp đèn chỉ đi được rất ít phương tiện qua được.","Tôi thấy ở ngã tư Dương Đình Nghệ - Phạm Hùng với chiều đi xe ở từ Dương Đình Nghệ giao Phạm Hùng có thời gian đèn xanh không hợp lý. Mỗi lần qua đó tầm 7g30-8g tối có thể phải dừng 3-4 nhịp đèn đỏ. Vì cột đèn xanh đỏ k hiển thị số cụ thể nhưng áng chừng chỉ được khoảng 20s, trong khi đèn đỏ phải chờ 60-80 1 lần là ít. Ngoài ra, ngã tư rộng mà đèn xanh ít giây nên mỗi nhịp đèn chỉ đi được rất ít phương tiện qua được.","Tôi thấy ở ngã tư Dương_Đình_Nghệ - Phạm_Hùng với chiều đi xe ở từ Dương_Đình_Nghệ giao Phạm_Hùng có thời_gian đèn_xanh không hợp_lý . Mỗi lần qua đó tầm 7g30 - 8g tối có_thể phải dừng 3 - 4 nhịp đèn_đỏ . Vì cột đèn_xanh đỏ k hiển_thị số cụ_thể nhưng áng_chừng chỉ được khoảng 20s , trong khi đèn_đỏ phải chờ 60 - 80 1 lần là ít . Ngoài_ra , ngã tư rộng mà đèn_xanh ít giây nên mỗi nhịp đèn chỉ đi_được rất ít phương_tiện qua được .","tôi thấy ở ngã tư dương_đình_nghệ - phạm_hùng với chiều đi xe ở từ dương_đình_nghệ giao phạm_hùng có thời_gian đèn_xanh không hợp_lý . mỗi lần qua đó tầm 7g30 - 8g tối có_thể phải dừng 3 - 4 nhịp đèn_đỏ . vì cột đèn_xanh đỏ k hiển_thị số cụ_thể nhưng áng_chừng chỉ được khoảng 20s , trong khi đèn_đỏ phải chờ 60 - 80 1 lần là ít . ngoài_ra , ngã tư rộng mà đèn_xanh ít giây nên mỗi nhịp đèn chỉ đi_được rất ít phương_tiện qua được .",False
263722,Ha Noi,congdanso_hanoi,16,,Mong lực lượng chức năng sử lý nghiêm và có biện pháp ngăn chặn Chánh tái diễn lại để người dân có thể đi lại thuận tiện hơn,. Mong lực lượng chức năng sử lý nghiêm và có biện pháp ngăn chặn Chánh tái diễn lại để người dân có thể đi lại thuận tiện hơn,https://congdanso.hanoi.gov.vn/phan-anh/thuong-xuyen-say-ra-tinh-trang-xe-do-gay-mat-an-toan-giao-thong-263722,Mong lực lượng chức năng sử lý nghiêm và có biện pháp ngăn chặn Chánh tái diễn lại để người dân có thể đi lại thuận tiện hơn,Mong lực lượng chức năng sử lý nghiêm và có biện pháp ngăn chặn Chánh tái diễn lại để người dân có thể đi lại thuận tiện hơn,Mong lực_lượng chức_năng sử lý nghiêm và có biện_pháp ngăn_chặn Chánh tái_diễn lại để người dân có_thể đi_lại thuận_tiện hơn,mong lực_lượng chức_năng sử lý nghiêm và có biện_pháp ngăn_chặn chánh tái_diễn lại để người dân có_thể đi_lại thuận_tiện hơn,False
265097,Ha Noi,congdanso_hanoi,16,,"Như đã nhiều lần phản ánh trước đây, đây là bến xe cóc của nhà xe Nguyễn gia Hải Phòng hoạt động, đề nghị CQ chức năng xử lý. Nhà xe này thường xuyên dừng đỗ đón trả khách giữa ngã tư, dọn xe, xả rác ra đường. Các xe đều có biển vàng, số điện thoại.",". Như đã nhiều lần phản ánh trước đây, đây là bến xe cóc của nhà xe Nguyễn gia Hải Phòng hoạt động, đề nghị CQ chức năng xử lý. Nhà xe này thường xuyên dừng đỗ đón trả khách giữa ngã tư, dọn xe, xả rác ra đường. Các xe đều có biển vàng, số điện thoại.",https://congdanso.hanoi.gov.vn/phan-anh/phan-anh-ben-coc-hoat-dong-chu-khong-chi-xe-do-dau-trai-quy-dinh-nhu-da-xu-ly-265097,"Như đã nhiều lần phản ánh trước đây, đây là bến xe cóc của nhà xe Nguyễn gia Hải Phòng hoạt động, đề nghị CQ chức năng xử lý. Nhà xe này thường xuyên dừng đỗ đón trả khách giữa ngã tư, dọn xe, xả rác ra đường. Các xe đều có biển vàng, số điện thoại.","Như đã nhiều lần phản ánh trước đây, đây là bến xe cóc của nhà xe Nguyễn gia Hải Phòng hoạt động, đề nghị CQ chức năng xử lý. Nhà xe này thường xuyên dừng đỗ đón trả khách giữa ngã tư, dọn xe, xả rác ra đường. Các xe đều có biển vàng, số điện thoại.","Như_đã nhiều lần phản_ánh trước đây , đây là bến_xe cóc của nhà_xe Nguyễn_gia Hải_Phòng hoạt_động , đề_nghị CQ chức_năng xử_lý . Nhà_xe này thường_xuyên dừng đỗ_đón trả khách giữa ngã tư , dọn xe , xả rác ra đường . Các xe đều có biển vàng , số điện_thoại .","như_đã nhiều lần phản_ánh trước đây , đây là bến_xe cóc của nhà_xe nguyễn_gia hải_phòng hoạt_động , đề_nghị cq chức_năng xử_lý . nhà_xe này thường_xuyên dừng đỗ_đón trả khách giữa ngã tư , dọn xe , xả rác ra đường . các xe đều có biển vàng , số điện_thoại .",False
265109,Ha Noi,congdanso_hanoi,16,,"Thường xuyên có xe oto đỗ sai quy định, lấn chiếm vỉa hẻ, hành lang an toàn giao thông và khu vực phòng cháy chữa cháy và cứu nạn cứu hộ.",". Thường xuyên có xe oto đỗ sai quy định, lấn chiếm vỉa hẻ, hành lang an toàn giao thông và khu vực phòng cháy chữa cháy và cứu nạn cứu hộ.",https://congdanso.hanoi.gov.vn/phan-anh/do-xe-sai-quy-dinh-265109,"Thường xuyên có xe oto đỗ sai quy định, lấn chiếm vỉa hẻ, hành lang an toàn giao thông và khu vực phòng cháy chữa cháy và cứu nạn cứu hộ.","Thường xuyên có xe oto đỗ sai quy định, lấn chiếm vỉa hẻ, hành lang an toàn giao thông và khu vực phòng cháy chữa cháy và cứu nạn cứu hộ.","Thường_xuyên có xe oto đỗ sai quy_định , lấn_chiếm vỉa hẻ , hành_lang an_toàn giao_thông và khu_vực phòng cháy chữa_cháy và cứu nạn cứu_hộ .","thường_xuyên có xe oto đỗ sai quy_định , lấn_chiếm vỉa hẻ , hành_lang an_toàn giao_thông và khu_vực phòng cháy chữa_cháy và cứu nạn cứu_hộ .",False
267766,Ha Noi,congdanso_hanoi,16,,"Phương tiện sau khi rẽ từ lê văn lương vào nguyễn tuân có thể đi chéo ngay lập tức để vào hầm toàn nhà HUD gây cản trở giao thông, (nhất là oto đi chéo như trong ảnh gửi kèm) cho phương tiện đi hướng Nguyễn Tuân - Hoàng Minh giám, nhất là giờ cao điểm Đề nghị có phương án phân luồng khác để các phương tiện nhất là ôtô rẽ vào toà HUD",". Phương tiện sau khi rẽ từ lê văn lương vào nguyễn tuân có thể đi chéo ngay lập tức để vào hầm toàn nhà HUD gây cản trở giao thông, (nhất là oto đi chéo như trong ảnh gửi kèm) cho phương tiện đi hướng Nguyễn Tuân - Hoàng Minh giám, nhất là giờ cao điểm Đề nghị có phương án phân luồng khác để các phương tiện nhất là ôtô rẽ vào toà HUD",https://congdanso.hanoi.gov.vn/phan-anh/bat-cap-phan-luong-giao-thong-nut-giao-le-van-luong---nguyen-tuan-267766,"Phương tiện sau khi rẽ từ lê văn lương vào nguyễn tuân có thể đi chéo ngay lập tức để vào hầm toàn nhà HUD gây cản trở giao thông, (nhất là oto đi chéo như trong ảnh gửi kèm) cho phương tiện đi hướng Nguyễn Tuân - Hoàng Minh giám, nhất là giờ cao điểm Đề nghị có phương án phân luồng khác để các phương tiện nhất là ôtô rẽ vào toà HUD","Phương tiện sau khi rẽ từ lê văn lương vào nguyễn tuân có thể đi chéo ngay lập tức để vào hầm toàn nhà HUD gây cản trở giao thông, (nhất là oto đi chéo như trong ảnh gửi kèm) cho phương tiện đi hướng Nguyễn Tuân - Hoàng Minh giám, nhất là giờ cao điểm Đề nghị có phương án phân luồng khác để các phương tiện nhất là ôtô rẽ vào toà HUD","Phương_tiện sau khi rẽ từ lê văn lương vào nguyễn tuân có_thể đi chéo ngay lập_tức để vào hầm toàn nhà HUD gây cản_trở giao_thông , ( nhất là oto đi chéo như trong ảnh gửi kèm ) cho phương_tiện đi hướng Nguyễn_Tuân - Hoàng_Minh_giám , nhất là giờ cao điểm_Đề nghị có phương_án phân_luồng khác để các phương_tiện nhất là ôtô rẽ vào toà HUD","phương_tiện sau khi rẽ từ lê văn lương vào nguyễn tuân có_thể đi chéo ngay lập_tức để vào hầm toàn nhà hud gây cản_trở giao_thông , ( nhất là oto đi chéo như trong ảnh gửi kèm ) cho phương_tiện đi hướng nguyễn_tuân - hoàng_minh_giám , nhất là giờ cao điểm_đề nghị có phương_án phân_luồng khác để các phương_tiện nhất là ôtô rẽ vào toà hud",False
267655,Ha Noi,congdanso_hanoi,16,,"Chính quyền xem xét hạn chế xe ben,xe khách,xe tải đi qua đường hẹp đông dân cư gây nguy hiểm cho người dân tại ct3 yên nghĩa",". Chính quyền xem xét hạn chế xe ben,xe khách,xe tải đi qua đường hẹp đông dân cư gây nguy hiểm cho người dân tại ct3 yên nghĩa",https://congdanso.hanoi.gov.vn/phan-anh/phan-anh-tai-ngan-hang-chinh-sach-xa-hoi-viet-nam-vbsp-xp3mhcq-ql6-phuong-yen-nghia-thanh-pho-ha-noi-267655,"Chính quyền xem xét hạn chế xe ben,xe khách,xe tải đi qua đường hẹp đông dân cư gây nguy hiểm cho người dân tại ct3 yên nghĩa","Chính quyền xem xét hạn chế xe ben, xe khách, xe tải đi qua đường hẹp đông dân cư gây nguy hiểm cho người dân tại ct3 yên nghĩa","Chính_quyền xem_xét hạn_chế xe ben , xe_khách , xe_tải đi qua đường hẹp đông dân_cư gây nguy_hiểm cho người dân tại ct3 yên_nghĩa","chính_quyền xem_xét hạn_chế xe ben , xe_khách , xe_tải đi qua đường hẹp đông dân_cư gây nguy_hiểm cho người dân tại ct3 yên_nghĩa",False
267398,Ha Noi,congdanso_hanoi,17,,"Đường QL21C (đường trục phía Nam Hà Nội) tại vị trí nút giao với đê sông Ái chỉ có 2 làn dành cho ô tô, tuy nhiên đèn giao thông theo 2 hướng đi thẳng và rẽ là lệch nhau. Trên thực tế nhu cầu rẽ trái ở đây rất ít, nhưng chỉ cần 1 ô tô rẽ trái dừng đèn đỏ thì toàn bộ ô tô đi thẳng sẽ chỉ còn 1 làn còn lại để đi khiến giao thông lộn xộn và dễ bị ùn tắc. Để giải quyết vấn đề này tôi xin phép đưa ra các đề xuất sau: 1 là xén bớt phần đất ở giữa để tạo thêm 1 làn rẽ trái. 2 là cấm các phương tiện trên đường QL21C rẽ trái ở nút giao này, yêu cầu các phương tiện đi thẳng qua nút giao rồi quay đầu. Thậm chí có thể xem xét loại bỏ đèn giao thông, lắp dải phân cách cứng, điều phối các phương tiện từ đê sông Ái sẽ bắt buộc rẽ phải ra QL21C rồi quay đầu",". Đường QL21C (đường trục phía Nam Hà Nội) tại vị trí nút giao với đê sông Ái chỉ có 2 làn dành cho ô tô, tuy nhiên đèn giao thông theo 2 hướng đi thẳng và rẽ là lệch nhau. Trên thực tế nhu cầu rẽ trái ở đây rất ít, nhưng chỉ cần 1 ô tô rẽ trái dừng đèn đỏ thì toàn bộ ô tô đi thẳng sẽ chỉ còn 1 làn còn lại để đi khiến giao thông lộn xộn và dễ bị ùn tắc. Để giải quyết vấn đề này tôi xin phép đưa ra các đề xuất sau: 1 là xén bớt phần đất ở giữa để tạo thêm 1 làn rẽ trái. 2 là cấm các phương tiện trên đường QL21C rẽ trái ở nút giao này, yêu cầu các phương tiện đi thẳng qua nút giao rồi quay đầu. Thậm chí có thể xem xét loại bỏ đèn giao thông, lắp dải phân cách cứng, điều phối các phương tiện từ đê sông Ái sẽ bắt buộc rẽ phải ra QL21C rồi quay đầu",https://congdanso.hanoi.gov.vn/phan-anh/bat-cap-den-giao-thong-tai-nut-giao-ql21c-duong-truc-phia-nam-ha-noi-voi-de-song-ai-267398,"Đường QL21C (đường trục phía Nam Hà Nội) tại vị trí nút giao với đê sông Ái chỉ có 2 làn dành cho ô tô, tuy nhiên đèn giao thông theo 2 hướng đi thẳng và rẽ là lệch nhau. Trên thực tế nhu cầu rẽ trái ở đây rất ít, nhưng chỉ cần 1 ô tô rẽ trái dừng đèn đỏ thì toàn bộ ô tô đi thẳng sẽ chỉ còn 1 làn còn lại để đi khiến giao thông lộn xộn và dễ bị ùn tắc. Để giải quyết vấn đề này tôi xin phép đưa ra các đề xuất sau: 1 là xén bớt phần đất ở giữa để tạo thêm 1 làn rẽ trái. 2 là cấm các phương tiện trên đường QL21C rẽ trái ở nút giao này, yêu cầu các phương tiện đi thẳng qua nút giao rồi quay đầu. Thậm chí có thể xem xét loại bỏ đèn giao thông, lắp dải phân cách cứng, điều phối các phương tiện từ đê sông Ái sẽ bắt buộc rẽ phải ra QL21C rồi quay đầu","Đường QL21C (đường trục phía Nam Hà Nội) tại vị trí nút giao với đê sông Ái chỉ có 2 làn dành cho ô tô, tuy nhiên đèn giao thông theo 2 hướng đi thẳng và rẽ là lệch nhau. Trên thực tế nhu cầu rẽ trái ở đây rất ít, nhưng chỉ cần 1 ô tô rẽ trái dừng đèn đỏ thì toàn bộ ô tô đi thẳng sẽ chỉ còn 1 làn còn lại để đi khiến giao thông lộn xộn và dễ bị ùn tắc. Để giải quyết vấn đề này tôi xin phép đưa ra các đề xuất sau: 1 là xén bớt phần đất ở giữa để tạo thêm 1 làn rẽ trái. 2 là cấm các phương tiện trên đường QL21C rẽ trái ở nút giao này, yêu cầu các phương tiện đi thẳng qua nút giao rồi quay đầu. Thậm chí có thể xem xét loại bỏ đèn giao thông, lắp dải phân cách cứng, điều phối các phương tiện từ đê sông Ái sẽ bắt buộc rẽ phải ra QL21C rồi quay đầu","Đường QL21C ( đường_trục phía Nam_Hà_Nội ) tại vị_trí nút giao với đê sông Ái chỉ có 2 làn dành cho ô_tô , tuy_nhiên đèn giao_thông theo 2 hướng đi thẳng và rẽ là lệch nhau . Trên thực_tế nhu_cầu rẽ trái ở đây rất ít , nhưng chỉ cần 1 ô_tô rẽ trái dừng đèn_đỏ thì toàn_bộ ô_tô đi thẳng sẽ chỉ còn 1 làn còn lại để_đi khiến giao_thông lộn_xộn và dễ bị ùn_tắc . Để giải_quyết vấn_đề này tôi xin phép đưa ra các đề_xuất sau : 1 là xén bớt phần đất ở giữa để tạo thêm 1 làn rẽ trái . 2 là cấm các phương_tiện trên đường QL21C rẽ trái ở nút giao này , yêu_cầu các phương_tiện đi thẳng qua nút giao rồi quay đầu . Thậm_chí có_thể xem_xét loại_bỏ đèn giao_thông , lắp dải_phân_cách cứng , điều_phối các phương_tiện từ đê sông Ái sẽ bắt_buộc rẽ phải ra QL21C rồi quay đầu","đường ql21c ( đường_trục phía nam_hà_nội ) tại vị_trí nút giao với đê sông ái chỉ có 2 làn dành cho ô_tô , tuy_nhiên đèn giao_thông theo 2 hướng đi thẳng và rẽ là lệch nhau . trên thực_tế nhu_cầu rẽ trái ở đây rất ít , nhưng chỉ cần 1 ô_tô rẽ trái dừng đèn_đỏ thì toàn_bộ ô_tô đi thẳng sẽ chỉ còn 1 làn còn lại để_đi khiến giao_thông lộn_xộn và dễ bị ùn_tắc . để giải_quyết vấn_đề này tôi xin phép đưa ra các đề_xuất sau : 1 là xén bớt phần đất ở giữa để tạo thêm 1 làn rẽ trái . 2 là cấm các phương_tiện trên đường ql21c rẽ trái ở nút giao này , yêu_cầu các phương_tiện đi thẳng qua nút giao rồi quay đầu . thậm_chí có_thể xem_xét loại_bỏ đèn giao_thông , lắp dải_phân_cách cứng , điều_phối các phương_tiện từ đê sông ái sẽ bắt_buộc rẽ phải ra ql21c rồi quay đầu",False
267305,Ha Noi,congdanso_hanoi,17,,"Tôi xin phản ánh xung đột giao thông tại ngã 3 giao cắt giữa đường vào chung cư the Vesta và quốc lộ 21B, địa chỉ phố Xốm phường Phú Lương, thành phố Hà Nội. Hiện nay đèn giao thông tại ngã 3 này có 2 nhịp đèn khác nhau giữa đèn rẽ trái vào chung cư và đèn đi thẳng. Khi đèn rẽ trái màu đỏ và đèn đi thẳng màu xanh, Các oto tải và oto cointainer đi thẳng theo hướng QL21B sẽ chèn ép các xe nhỏ và xe máy đang đứng đợi đèn rẽ trái, gây xung đột giao thông, nguy hiểm tính mạng cho người tham gia giao thông. Kính mong các cấp có thẩm quyền rà soát và điều chỉnh tổ chức giao thông tại nút giao này.",". Tôi xin phản ánh xung đột giao thông tại ngã 3 giao cắt giữa đường vào chung cư the Vesta và quốc lộ 21B, địa chỉ phố Xốm phường Phú Lương, thành phố Hà Nội. Hiện nay đèn giao thông tại ngã 3 này có 2 nhịp đèn khác nhau giữa đèn rẽ trái vào chung cư và đèn đi thẳng. Khi đèn rẽ trái màu đỏ và đèn đi thẳng màu xanh, Các oto tải và oto cointainer đi thẳng theo hướng QL21B sẽ chèn ép các xe nhỏ và xe máy đang đứng đợi đèn rẽ trái, gây xung đột giao thông, nguy hiểm tính mạng cho người tham gia giao thông. Kính mong các cấp có thẩm quyền rà soát và điều chỉnh tổ chức giao thông tại nút giao này.",https://congdanso.hanoi.gov.vn/phan-anh/xung-dot-giao-thong-tai-nga-3-267305,"Tôi xin phản ánh xung đột giao thông tại ngã 3 giao cắt giữa đường vào chung cư the Vesta và quốc lộ 21B, địa chỉ phố Xốm phường Phú Lương, thành phố Hà Nội. Hiện nay đèn giao thông tại ngã 3 này có 2 nhịp đèn khác nhau giữa đèn rẽ trái vào chung cư và đèn đi thẳng. Khi đèn rẽ trái màu đỏ và đèn đi thẳng màu xanh, Các oto tải và oto cointainer đi thẳng theo hướng QL21B sẽ chèn ép các xe nhỏ và xe máy đang đứng đợi đèn rẽ trái, gây xung đột giao thông, nguy hiểm tính mạng cho người tham gia giao thông. Kính mong các cấp có thẩm quyền rà soát và điều chỉnh tổ chức giao thông tại nút giao này.","Tôi xin phản ánh xung đột giao thông tại ngã 3 giao cắt giữa đường vào chung cư the Vesta và quốc lộ 21B, địa chỉ phố Xốm phường Phú Lương, thành phố Hà Nội. Hiện nay đèn giao thông tại ngã 3 này có 2 nhịp đèn khác nhau giữa đèn rẽ trái vào chung cư và đèn đi thẳng. Khi đèn rẽ trái màu đỏ và đèn đi thẳng màu xanh, Các oto tải và oto cointainer đi thẳng theo hướng QL21B sẽ chèn ép các xe nhỏ và xe máy đang đứng đợi đèn rẽ trái, gây xung đột giao thông, nguy hiểm tính mạng cho người tham gia giao thông. Kính mong các cấp có thẩm quyền rà soát và điều chỉnh tổ chức giao thông tại nút giao này.","Tôi xin phản_ánh xung_đột giao_thông tại ngã 3 giao_cắt giữa đường vào chung_cư the Vesta và quốc_lộ 21B , địa_chỉ phố Xốm phường Phú_Lương , thành_phố Hà_Nội . Hiện_nay đèn giao_thông tại ngã 3 này có 2 nhịp đèn khác nhau giữa đèn rẽ trái vào chung_cư và đèn_đi thẳng . Khi_đèn rẽ trái màu đỏ và đèn_đi thẳng màu xanh , Các oto tải và oto cointainer đi thẳng theo hướng QL21B sẽ chèn_ép các xe nhỏ và xe_máy đang_đứng_đợi_đèn rẽ trái , gây xung_đột giao_thông , nguy_hiểm tính_mạng cho người tham_gia giao_thông . Kính mong các cấp có thẩm_quyền rà_soát và điều_chỉnh tổ_chức giao_thông tại nút giao này .","tôi xin phản_ánh xung_đột giao_thông tại ngã 3 giao_cắt giữa đường vào chung_cư the vesta và quốc_lộ 21b , địa_chỉ phố xốm phường phú_lương , thành_phố hà_nội . hiện_nay đèn giao_thông tại ngã 3 này có 2 nhịp đèn khác nhau giữa đèn rẽ trái vào chung_cư và đèn_đi thẳng . khi_đèn rẽ trái màu đỏ và đèn_đi thẳng màu xanh , các oto tải và oto cointainer đi thẳng theo hướng ql21b sẽ chèn_ép các xe nhỏ và xe_máy đang_đứng_đợi_đèn rẽ trái , gây xung_đột giao_thông , nguy_hiểm tính_mạng cho người tham_gia giao_thông . kính mong các cấp có thẩm_quyền rà_soát và điều_chỉnh tổ_chức giao_thông tại nút giao này .",False
267180,Ha Noi,congdanso_hanoi,17,,"Hiện trạng ngã tư giao giữa đường Nguyễn Đình Tứ với đường Cổ Nhuế - Đức Thắng quá bé, nút giao gây tắc dài, bùng binh quá bé không đủ để xe đi được Thi thoảng có đội công an phường nhưng nhân lực không đủ, hôm không có thì đã xảy ra tai nạn! Ngoài ra điểm đỗ xe bus 28 31 quá gần điểm giao, làm cho việc ùn tắc rất nghiêm trọng! 1. Kiến nghị lắp đèn đỏ hoặc có giải pháp khác 2 Di chuyển điểm cuối của tuyến bus 28 31 xuống qua cầu phố viên vì khu đó không có dân cư 3 Hiện tại đang có dự án thi công công viên sinh học dưới cầu phố viên khiến lượng phương tiện xe tải chở đất rất lớn, yêu cầu tăng cường xe rửa đường vì quá bụi 4 Chính vì lượng phương tiện thi công, bùng binh ở ngã tư phố Viên - Đường Nguyễn Đình Tứ - Cổ Nhuế - Đức Thắng quá nguy hiểm. Hãy tích cực xử lý vì khu vực này có trường cấp 1 2 3 và Đại Học, đừng để tai nạn đáng tiếc xảy ra….",". Hiện trạng ngã tư giao giữa đường Nguyễn Đình Tứ với đường Cổ Nhuế - Đức Thắng quá bé, nút giao gây tắc dài, bùng binh quá bé không đủ để xe đi được Thi thoảng có đội công an phường nhưng nhân lực không đủ, hôm không có thì đã xảy ra tai nạn! Ngoài ra điểm đỗ xe bus 28 31 quá gần điểm giao, làm cho việc ùn tắc rất nghiêm trọng! 1. Kiến nghị lắp đèn đỏ hoặc có giải pháp khác 2 Di chuyển điểm cuối của tuyến bus 28 31 xuống qua cầu phố viên vì khu đó không có dân cư 3 Hiện tại đang có dự án thi công công viên sinh học dưới cầu phố viên khiến lượng phương tiện xe tải chở đất rất lớn, yêu cầu tăng cường xe rửa đường vì quá bụi 4 Chính vì lượng phương tiện thi công, bùng binh ở ngã tư phố Viên - Đường Nguyễn Đình Tứ - Cổ Nhuế - Đức Thắng quá nguy hiểm. Hãy tích cực xử lý vì khu vực này có trường cấp 1 2 3 và Đại Học, đừng để tai nạn đáng tiếc xảy ra….",https://congdanso.hanoi.gov.vn/phan-anh/lap-dat-bung-binh-tai-nga-tu-khong-phu-hop-da-co-tai-nan-xay-ra-267180,"Hiện trạng ngã tư giao giữa đường Nguyễn Đình Tứ với đường Cổ Nhuế - Đức Thắng quá bé, nút giao gây tắc dài, bùng binh quá bé không đủ để xe đi được Thi thoảng có đội công an phường nhưng nhân lực không đủ, hôm không có thì đã xảy ra tai nạn! Ngoài ra điểm đỗ xe bus 28 31 quá gần điểm giao, làm cho việc ùn tắc rất nghiêm trọng! 1. Kiến nghị lắp đèn đỏ hoặc có giải pháp khác 2 Di chuyển điểm cuối của tuyến bus 28 31 xuống qua cầu phố viên vì khu đó không có dân cư 3 Hiện tại đang có dự án thi công công viên sinh học dưới cầu phố viên khiến lượng phương tiện xe tải chở đất rất lớn, yêu cầu tăng cường xe rửa đường vì quá bụi 4 Chính vì lượng phương tiện thi công, bùng binh ở ngã tư phố Viên - Đường Nguyễn Đình Tứ - Cổ Nhuế - Đức Thắng quá nguy hiểm. Hãy tích cực xử lý vì khu vực này có trường cấp 1 2 3 và Đại Học, đừng để tai nạn đáng tiếc xảy ra….","Hiện trạng ngã tư giao giữa đường Nguyễn Đình Tứ với đường Cổ Nhuế - Đức Thắng quá bé, nút giao gây tắc dài, bùng binh quá bé không đủ để xe đi được Thi thoảng có đội công an phường nhưng nhân lực không đủ, hôm không có thì đã xảy ra tai nạn Ngoài ra điểm đỗ xe bus 28 31 quá gần điểm giao, làm cho việc ùn tắc rất nghiêm trọng 1. Kiến nghị lắp đèn đỏ hoặc có giải pháp khác 2 Di chuyển điểm cuối của tuyến bus 28 31 xuống qua cầu phố viên vì khu đó không có dân cư 3 Hiện tại đang có dự án thi công công viên sinh học dưới cầu phố viên khiến lượng phương tiện xe tải chở đất rất lớn, yêu cầu tăng cường xe rửa đường vì quá bụi 4 Chính vì lượng phương tiện thi công, bùng binh ở ngã tư phố Viên - Đường Nguyễn Đình Tứ - Cổ Nhuế - Đức Thắng quá nguy hiểm. Hãy tích cực xử lý vì khu vực này có trường cấp 1 2 3 và Đại Học, đừng để tai nạn đáng tiếc xảy ra.","Hiện_trạng ngã tư giao giữa đường Nguyễn_Đình_Tứ với đường Cổ_Nhuế - Đức_Thắng quá bé , nút giao gây tắc dài , bùng_binh quá bé không đủ_để xe đi_được_Thi thoảng có đội công_an phường nhưng nhân_lực không đủ , hôm không có thì đã xảy ra tai_nạn Ngoài_ra điểm_đỗ xe bus 28 31 quá gần điểm giao , làm cho việc ùn_tắc rất nghiêm_trọng 1 . Kiến_nghị lắp đèn_đỏ hoặc có giải_pháp khác 2 Di_chuyển điểm cuối của tuyến bus 28 31 xuống qua cầu phố viên vì khu đó không có dân_cư 3 Hiện_tại đang có dự_án thi_công công_viên sinh_học dưới cầu phố viên khiến lượng phương_tiện xe_tải chở đất rất lớn , yêu_cầu tăng_cường xe rửa đường vì quá bụi 4 Chính vì lượng phương_tiện thi_công , bùng_binh ở ngã tư phố Viên - Đường_Nguyễn_Đình_Tứ - Cổ_Nhuế - Đức_Thắng quá nguy_hiểm . Hãy tích_cực xử_lý vì khu_vực này có trường cấp 1 2 3 và Đại_Học , đừng_để tai_nạn đáng tiếc xảy ra .","hiện_trạng ngã tư giao giữa đường nguyễn_đình_tứ với đường cổ_nhuế - đức_thắng quá bé , nút giao gây tắc dài , bùng_binh quá bé không đủ_để xe đi_được_thi thoảng có đội công_an phường nhưng nhân_lực không đủ , hôm không có thì đã xảy ra tai_nạn ngoài_ra điểm_đỗ xe bus 28 31 quá gần điểm giao , làm cho việc ùn_tắc rất nghiêm_trọng 1 . kiến_nghị lắp đèn_đỏ hoặc có giải_pháp khác 2 di_chuyển điểm cuối của tuyến bus 28 31 xuống qua cầu phố viên vì khu đó không có dân_cư 3 hiện_tại đang có dự_án thi_công công_viên sinh_học dưới cầu phố viên khiến lượng phương_tiện xe_tải chở đất rất lớn , yêu_cầu tăng_cường xe rửa đường vì quá bụi 4 chính vì lượng phương_tiện thi_công , bùng_binh ở ngã tư phố viên - đường_nguyễn_đình_tứ - cổ_nhuế - đức_thắng quá nguy_hiểm . hãy tích_cực xử_lý vì khu_vực này có trường cấp 1 2 3 và đại_học , đừng_để tai_nạn đáng tiếc xảy ra .",False
267017,Ha Noi,congdanso_hanoi,17,,"Kính gửi phường Nghĩa Đô, Hiện tại đầu ngõ 115 Trần Cung có biển cấm ô tô mới lắp vì ngõ 448 cách đó 700 m đang thi công đoạn cống nên không thể đi thẳng ra đường Phạm Văn Đồng. Tuy nhiên, thay vì lắp biển cảnh báo và điều hướng để phương tiện biết lựa chọn hướng đi khác, cơ quan chức năng lại cắm biển cấm ô tô dẫn tới người dân trong khu vực không thể lái xe về nhà, đặc biệt là không thể lái xe để đón con tại trường tiểu học Văn Tiến Dũng, trường mầm non Cổ Nhuế 1, cũng như các đơn vị, cơ quan khác từ đầu ngõ 115 tới đoạn thi công tại ngõ 448. Việc hạn chế ô tô đi vào là rất vô lý và ảnh hưởng tới việc sinh hoạt, học tập của người dân địa phương. Kính mong đồng chí chỉ đạo giải quyết sự việc. Xin cảm ơn.",". Kính gửi phường Nghĩa Đô, Hiện tại đầu ngõ 115 Trần Cung có biển cấm ô tô mới lắp vì ngõ 448 cách đó 700 m đang thi công đoạn cống nên không thể đi thẳng ra đường Phạm Văn Đồng. Tuy nhiên, thay vì lắp biển cảnh báo và điều hướng để phương tiện biết lựa chọn hướng đi khác, cơ quan chức năng lại cắm biển cấm ô tô dẫn tới người dân trong khu vực không thể lái xe về nhà, đặc biệt là không thể lái xe để đón con tại trường tiểu học Văn Tiến Dũng, trường mầm non Cổ Nhuế 1, cũng như các đơn vị, cơ quan khác từ đầu ngõ 115 tới đoạn thi công tại ngõ 448. Việc hạn chế ô tô đi vào là rất vô lý và ảnh hưởng tới việc sinh hoạt, học tập của người dân địa phương. Kính mong đồng chí chỉ đạo giải quyết sự việc. Xin cảm ơn.",https://congdanso.hanoi.gov.vn/phan-anh/ve-viec-cam-bien-cam-o-to-tai-115-tran-cung-267017,"Kính gửi phường Nghĩa Đô, Hiện tại đầu ngõ 115 Trần Cung có biển cấm ô tô mới lắp vì ngõ 448 cách đó 700 m đang thi công đoạn cống nên không thể đi thẳng ra đường Phạm Văn Đồng. Tuy nhiên, thay vì lắp biển cảnh báo và điều hướng để phương tiện biết lựa chọn hướng đi khác, cơ quan chức năng lại cắm biển cấm ô tô dẫn tới người dân trong khu vực không thể lái xe về nhà, đặc biệt là không thể lái xe để đón con tại trường tiểu học Văn Tiến Dũng, trường mầm non Cổ Nhuế 1, cũng như các đơn vị, cơ quan khác từ đầu ngõ 115 tới đoạn thi công tại ngõ 448. Việc hạn chế ô tô đi vào là rất vô lý và ảnh hưởng tới việc sinh hoạt, học tập của người dân địa phương. Kính mong đồng chí chỉ đạo giải quyết sự việc. Xin cảm ơn.","Kính gửi phường Nghĩa Đô, Hiện tại đầu ngõ 115 Trần Cung có biển cấm ô tô mới lắp vì ngõ 448 cách đó 700 m đang thi công đoạn cống nên không thể đi thẳng ra đường Phạm Văn Đồng. Tuy nhiên, thay vì lắp biển cảnh báo và điều hướng để phương tiện biết lựa chọn hướng đi khác, cơ quan chức năng lại cắm biển cấm ô tô dẫn tới người dân trong khu vực không thể lái xe về nhà, đặc biệt là không thể lái xe để đón con tại trường tiểu học Văn Tiến Dũng, trường mầm non Cổ Nhuế 1, cũng như các đơn vị, cơ quan khác từ đầu ngõ 115 tới đoạn thi công tại ngõ 448. Việc hạn chế ô tô đi vào là rất vô lý và ảnh hưởng tới việc sinh hoạt, học tập của người dân địa phương. Kính mong đồng chí chỉ đạo giải quyết sự việc. Xin cảm ơn.","Kính gửi phường Nghĩa_Đô , Hiện_tại đầu ngõ 115 Trần_Cung có biển cấm ô_tô mới lắp vì ngõ 448 cách đó 700 m đang thi_công_đoạn cống nên không_thể đi thẳng ra đường Phạm_Văn_Đồng . Tuy_nhiên , thay_vì lắp biển cảnh_báo và điều hướng để phương_tiện biết lựa_chọn hướng đi khác , cơ_quan_chức_năng lại cắm biển cấm ô_tô dẫn tới người dân trong khu_vực không_thể lái_xe về nhà , đặc_biệt là không_thể lái_xe để_đón con tại trường tiểu_học Văn_Tiến_Dũng , trường mầm_non Cổ_Nhuế 1 , cũng như các đơn_vị , cơ_quan khác từ đầu ngõ 115 tới đoạn thi_công tại ngõ 448 . Việc hạn_chế ô_tô đi vào là rất vô_lý và ảnh_hưởng tới việc sinh_hoạt , học_tập của người dân địa_phương . Kính mong đồng_chí chỉ_đạo giải_quyết sự_việc . Xin cảm_ơn .","kính gửi phường nghĩa_đô , hiện_tại đầu ngõ 115 trần_cung có biển cấm ô_tô mới lắp vì ngõ 448 cách đó 700 m đang thi_công_đoạn cống nên không_thể đi thẳng ra đường phạm_văn_đồng . tuy_nhiên , thay_vì lắp biển cảnh_báo và điều hướng để phương_tiện biết lựa_chọn hướng đi khác , cơ_quan_chức_năng lại cắm biển cấm ô_tô dẫn tới người dân trong khu_vực không_thể lái_xe về nhà , đặc_biệt là không_thể lái_xe để_đón con tại trường tiểu_học văn_tiến_dũng , trường mầm_non cổ_nhuế 1 , cũng như các đơn_vị , cơ_quan khác từ đầu ngõ 115 tới đoạn thi_công tại ngõ 448 . việc hạn_chế ô_tô đi vào là rất vô_lý và ảnh_hưởng tới việc sinh_hoạt , học_tập của người dân địa_phương . kính mong đồng_chí chỉ_đạo giải_quyết sự_việc . xin cảm_ơn .",False
266853,Ha Noi,congdanso_hanoi,17,,"Đèn xanh đỏ cuối đường Hồng Tiến mới lắp thêm biển báo Đèn đỏ được phép rẽ phải, tuy nhiên theo hướng mũi tên chỉ đường thì chỉ có làn đi thẳng, không có làn rẽ phải ( rẽ phải lên vỉa hè là cổng vào công trường - nhưng phải lên vỉa hè chứ không phải đường đi). Mong cơ quan chức năng ghi thêm biển chỉ dẫn phụ để dân còn biết đường di chuyển, nhiều xe đến đó ko biết nên dừng hay nên đi",". Đèn xanh đỏ cuối đường Hồng Tiến mới lắp thêm biển báo Đèn đỏ được phép rẽ phải, tuy nhiên theo hướng mũi tên chỉ đường thì chỉ có làn đi thẳng, không có làn rẽ phải ( rẽ phải lên vỉa hè là cổng vào công trường - nhưng phải lên vỉa hè chứ không phải đường đi). Mong cơ quan chức năng ghi thêm biển chỉ dẫn phụ để dân còn biết đường di chuyển, nhiều xe đến đó ko biết nên dừng hay nên đi",https://congdanso.hanoi.gov.vn/phan-anh/bien-bao-giao-thong-266853,"Đèn xanh đỏ cuối đường Hồng Tiến mới lắp thêm biển báo Đèn đỏ được phép rẽ phải, tuy nhiên theo hướng mũi tên chỉ đường thì chỉ có làn đi thẳng, không có làn rẽ phải ( rẽ phải lên vỉa hè là cổng vào công trường - nhưng phải lên vỉa hè chứ không phải đường đi). Mong cơ quan chức năng ghi thêm biển chỉ dẫn phụ để dân còn biết đường di chuyển, nhiều xe đến đó ko biết nên dừng hay nên đi","Đèn xanh đỏ cuối đường Hồng Tiến mới lắp thêm biển báo Đèn đỏ được phép rẽ phải, tuy nhiên theo hướng mũi tên chỉ đường thì chỉ có làn đi thẳng, không có làn rẽ phải ( rẽ phải lên vỉa hè là cổng vào công trường - nhưng phải lên vỉa hè chứ không phải đường đi). Mong cơ quan chức năng ghi thêm biển chỉ dẫn phụ để dân còn biết đường di chuyển, nhiều xe đến đó ko biết nên dừng hay nên đi","Đèn_xanh đỏ cuối đường Hồng_Tiến mới lắp thêm biển_báo Đèn_đỏ_được phép rẽ phải , tuy_nhiên theo hướng mũi_tên chỉ đường thì chỉ có làn đi thẳng , không có làn rẽ phải ( rẽ phải lên vỉa_hè là cổng vào công_trường - nhưng phải lên vỉa_hè chứ không phải đường_đi ) . Mong cơ_quan_chức_năng ghi thêm biển chỉ_dẫn phụ để dân còn biết đường di_chuyển , nhiều xe đến_đó ko biết nên dừng hay nên đi","đèn_xanh đỏ cuối đường hồng_tiến mới lắp thêm biển_báo đèn_đỏ_được phép rẽ phải , tuy_nhiên theo hướng mũi_tên chỉ đường thì chỉ có làn đi thẳng , không có làn rẽ phải ( rẽ phải lên vỉa_hè là cổng vào công_trường - nhưng phải lên vỉa_hè chứ không phải đường_đi ) . mong cơ_quan_chức_năng ghi thêm biển chỉ_dẫn phụ để dân còn biết đường di_chuyển , nhiều xe đến_đó ko biết nên dừng hay nên đi",False
269284,Ha Noi,congdanso_hanoi,17,,"Xe ô tô đỗ ở nơi đường chỉ có độ rộng cho 1 làn xe cơ giới, gây cản trở giao thông, mất an toàn cho người tham gia giao thông, trời tối ko có vật cảnh báo.",". Xe ô tô đỗ ở nơi đường chỉ có độ rộng cho 1 làn xe cơ giới, gây cản trở giao thông, mất an toàn cho người tham gia giao thông, trời tối ko có vật cảnh báo.",https://congdanso.hanoi.gov.vn/phan-anh/xe-o-to-do-o-noi-duong-chi-co-do-rong-cho-1-lan-xe-co-gioi-269284,"Xe ô tô đỗ ở nơi đường chỉ có độ rộng cho 1 làn xe cơ giới, gây cản trở giao thông, mất an toàn cho người tham gia giao thông, trời tối ko có vật cảnh báo.","Xe ô tô đỗ ở nơi đường chỉ có độ rộng cho 1 làn xe cơ giới, gây cản trở giao thông, mất an toàn cho người tham gia giao thông, trời tối ko có vật cảnh báo.","Xe ô_tô đỗ ở nơi đường chỉ có độ rộng cho 1 làn xe cơ_giới , gây cản_trở giao_thông , mất an_toàn cho người tham_gia giao_thông , trời tối ko có vật cảnh_báo .","xe ô_tô đỗ ở nơi đường chỉ có độ rộng cho 1 làn xe cơ_giới , gây cản_trở giao_thông , mất an_toàn cho người tham_gia giao_thông , trời tối ko có vật cảnh_báo .",False
265022,Ha Noi,congdanso_hanoi,17,,Không hiểu sao vỉa hè ở đây lại biến thành bãi đỗ xe ô tô ngang nhiên ngang ngược như vây. Rất nhiều ô tô lao lên vỉa hè làm hỏng nền gạch của nhà nước. Khoảng 9h sáng Ngày 8/4/2026 Rất nhiều vô cùng ô tô đỗ trái phép trên vỉa hè. Tại sao cơ quan chức năng lại để cho việc này ngang nhiên xẩy ra thường xuyên??? Sau đây là 1 số ô tô tôi kịp thời chụp lại biển làm bằng chứng trình báo lên cơ quan công an. 30F 06363 29B 42526 30F 49655 30H 39569 30A 92319 29A 17693 30L 27273,. Không hiểu sao vỉa hè ở đây lại biến thành bãi đỗ xe ô tô ngang nhiên ngang ngược như vây. Rất nhiều ô tô lao lên vỉa hè làm hỏng nền gạch của nhà nước. Khoảng 9h sáng Ngày 8/4/2026 Rất nhiều vô cùng ô tô đỗ trái phép trên vỉa hè. Tại sao cơ quan chức năng lại để cho việc này ngang nhiên xẩy ra thường xuyên??? Sau đây là 1 số ô tô tôi kịp thời chụp lại biển làm bằng chứng trình báo lên cơ quan công an. 30F 06363 29B 42526 30F 49655 30H 39569 30A 92319 29A 17693 30L 27273,https://congdanso.hanoi.gov.vn/phan-anh/phan-anh-tai-137-nguyen-van-cu-265022,Không hiểu sao vỉa hè ở đây lại biến thành bãi đỗ xe ô tô ngang nhiên ngang ngược như vây. Rất nhiều ô tô lao lên vỉa hè làm hỏng nền gạch của nhà nước. Khoảng 9h sáng Ngày 8/4/2026 Rất nhiều vô cùng ô tô đỗ trái phép trên vỉa hè. Tại sao cơ quan chức năng lại để cho việc này ngang nhiên xẩy ra thường xuyên??? Sau đây là 1 số ô tô tôi kịp thời chụp lại biển làm bằng chứng trình báo lên cơ quan công an. 30F 06363 29B 42526 30F 49655 30H 39569 30A 92319 29A 17693 30L 27273,Không hiểu sao vỉa hè ở đây lại biến thành bãi đỗ xe ô tô ngang nhiên ngang ngược như vây. Rất nhiều ô tô lao lên vỉa hè làm hỏng nền gạch của nhà nước. Khoảng 9h sáng Ngày 8/4/2026 Rất nhiều vô cùng ô tô đỗ trái phép trên vỉa hè. Tại sao cơ quan chức năng lại để cho việc này ngang nhiên xẩy ra thường xuyên Sau đây là 1 số ô tô tôi kịp thời chụp lại biển làm bằng chứng trình báo lên cơ quan công an. 30F 06363 29B 42526 30F 49655 30H 39569 30A 92319 29A 17693 30L 27273,Không hiểu sao vỉa_hè ở đây lại biến thành bãi đỗ xe ô_tô ngang_nhiên ngang_ngược như vây . Rất nhiều ô_tô lao lên vỉa_hè làm hỏng nền gạch của nhà_nước . Khoảng 9h sáng Ngày 8 / 4 / 2026 Rất nhiều vô_cùng ô_tô đỗ trái_phép trên vỉa_hè . Tại_sao cơ_quan_chức_năng lại để cho việc này ngang_nhiên xẩy ra thường_xuyên Sau_đây là 1 số ô_tô tôi kịp_thời chụp lại biển làm bằng_chứng trình_báo lên cơ_quan công_an . 30F 06363 29B 42526 30F 49655 30H 39569 30A 92319 29A 17693 30L 27273,không hiểu sao vỉa_hè ở đây lại biến thành bãi đỗ xe ô_tô ngang_nhiên ngang_ngược như vây . rất nhiều ô_tô lao lên vỉa_hè làm hỏng nền gạch của nhà_nước . khoảng 9h sáng ngày 8 / 4 / 2026 rất nhiều vô_cùng ô_tô đỗ trái_phép trên vỉa_hè . tại_sao cơ_quan_chức_năng lại để cho việc này ngang_nhiên xẩy ra thường_xuyên sau_đây là 1 số ô_tô tôi kịp_thời chụp lại biển làm bằng_chứng trình_báo lên cơ_quan công_an . 30f 06363 29b 42526 30f 49655 30h 39569 30a 92319 29a 17693 30l 27273,False
114075,Ha Noi,congdanso_hanoi,17,,"Ngã tư đầu làng thôn Cây Đề giao với thôn Sen Hồ các nông hộ trồng chuối gây khuất tầm nhìn của người tham gia giao thông. Va chạm giao thông liên tục xảy ra. Mong các cấp ủy, chính quyền vào cuộc trả lại hành lang an toàn giao thông cho người dân. Hình ảnh 2 vụ tai nạn giao thông ngày 15.12.2024.",". Ngã tư đầu làng thôn Cây Đề giao với thôn Sen Hồ các nông hộ trồng chuối gây khuất tầm nhìn của người tham gia giao thông. Va chạm giao thông liên tục xảy ra. Mong các cấp ủy, chính quyền vào cuộc trả lại hành lang an toàn giao thông cho người dân. Hình ảnh 2 vụ tai nạn giao thông ngày 15.12.2024.",https://congdanso.hanoi.gov.vn/phan-anh/hang-cay-gay-mat-an-toan-giao-thong-114075,"Ngã tư đầu làng thôn Cây Đề giao với thôn Sen Hồ các nông hộ trồng chuối gây khuất tầm nhìn của người tham gia giao thông. Va chạm giao thông liên tục xảy ra. Mong các cấp ủy, chính quyền vào cuộc trả lại hành lang an toàn giao thông cho người dân. Hình ảnh 2 vụ tai nạn giao thông ngày 15.12.2024.","Ngã tư đầu làng thôn Cây Đề giao với thôn Sen Hồ các nông hộ trồng chuối gây khuất tầm nhìn của người tham gia giao thông. Va chạm giao thông liên tục xảy ra. Mong các cấp ủy, chính quyền vào cuộc trả lại hành lang an toàn giao thông cho người dân. Hình ảnh 2 vụ tai nạn giao thông ngày 15. 12. 2024.","Ngã tư đầu làng thôn Cây_Đề giao với thôn Sen_Hồ các nông_hộ trồng chuối gây khuất tầm nhìn của người tham_gia giao_thông . Va_chạm giao_thông liên_tục xảy ra . Mong các cấp ủy , chính_quyền vào_cuộc trả lại hành_lang an_toàn giao_thông cho người dân . Hình_ảnh 2 vụ tai_nạn giao_thông ngày 15 . 12 . 2024 .","ngã tư đầu làng thôn cây_đề giao với thôn sen_hồ các nông_hộ trồng chuối gây khuất tầm nhìn của người tham_gia giao_thông . va_chạm giao_thông liên_tục xảy ra . mong các cấp ủy , chính_quyền vào_cuộc trả lại hành_lang an_toàn giao_thông cho người dân . hình_ảnh 2 vụ tai_nạn giao_thông ngày 15 . 12 . 2024 .",False
268542,Ha Noi,congdanso_hanoi,17,,"Đề nghị phường và công an phường xử lý tình trạng ô tô đỗ xe trên vỉa hè xung quanh trường mầm non thực hành Linh Đàm. Chúng tôi đã phản ánh rất nhiều lần về tình trạng đỗ xe lấn chiếm vỉa hè này. Xe thậm chí còn phủ bạt đỗ lâu ngày, lên xuống gây hỏng vỉa hè và cống. Hằng ngày người già, trẻ em phải đi bộ xuống lòng đường xe đi lại gây nguy hiểm, mất an toàn giao thông",". Đề nghị phường và công an phường xử lý tình trạng ô tô đỗ xe trên vỉa hè xung quanh trường mầm non thực hành Linh Đàm. Chúng tôi đã phản ánh rất nhiều lần về tình trạng đỗ xe lấn chiếm vỉa hè này. Xe thậm chí còn phủ bạt đỗ lâu ngày, lên xuống gây hỏng vỉa hè và cống. Hằng ngày người già, trẻ em phải đi bộ xuống lòng đường xe đi lại gây nguy hiểm, mất an toàn giao thông",https://congdanso.hanoi.gov.vn/phan-anh/xe-o-to-do-tren-via-he-nguoi-di-bo-268542,"Đề nghị phường và công an phường xử lý tình trạng ô tô đỗ xe trên vỉa hè xung quanh trường mầm non thực hành Linh Đàm. Chúng tôi đã phản ánh rất nhiều lần về tình trạng đỗ xe lấn chiếm vỉa hè này. Xe thậm chí còn phủ bạt đỗ lâu ngày, lên xuống gây hỏng vỉa hè và cống. Hằng ngày người già, trẻ em phải đi bộ xuống lòng đường xe đi lại gây nguy hiểm, mất an toàn giao thông","Đề nghị phường và công an phường xử lý tình trạng ô tô đỗ xe trên vỉa hè xung quanh trường mầm non thực hành Linh Đàm. Chúng tôi đã phản ánh rất nhiều lần về tình trạng đỗ xe lấn chiếm vỉa hè này. Xe thậm chí còn phủ bạt đỗ lâu ngày, lên xuống gây hỏng vỉa hè và cống. Hằng ngày người già, trẻ em phải đi bộ xuống lòng đường xe đi lại gây nguy hiểm, mất an toàn giao thông","Đề_nghị phường và công_an phường xử_lý tình_trạng ô_tô đỗ xe trên vỉa_hè xung_quanh trường mầm_non thực_hành Linh_Đàm . Chúng_tôi đã phản_ánh rất nhiều lần về tình_trạng đỗ xe lấn_chiếm vỉa_hè này . Xe thậm_chí còn phủ bạt đỗ lâu ngày , lên xuống gây hỏng vỉa_hè và cống . Hằng ngày người già , trẻ_em phải đi bộ xuống lòng_đường xe đi_lại gây nguy_hiểm , mất an_toàn giao_thông","đề_nghị phường và công_an phường xử_lý tình_trạng ô_tô đỗ xe trên vỉa_hè xung_quanh trường mầm_non thực_hành linh_đàm . chúng_tôi đã phản_ánh rất nhiều lần về tình_trạng đỗ xe lấn_chiếm vỉa_hè này . xe thậm_chí còn phủ bạt đỗ lâu ngày , lên xuống gây hỏng vỉa_hè và cống . hằng ngày người già , trẻ_em phải đi bộ xuống lòng_đường xe đi_lại gây nguy_hiểm , mất an_toàn giao_thông",False
266997,Ha Noi,congdanso_hanoi,17,,Xe ô tô bks 30h3559 quay đầu tại điểm cấm quay đầu trên đường cổ linh,. Xe ô tô bks 30h3559 quay đầu tại điểm cấm quay đầu trên đường cổ linh,https://congdanso.hanoi.gov.vn/phan-anh/phan-anh-tai-lannia---thanh-flower-2vhrcr5-phuong-long-bien-thanh-pho-ha-noi-266997,Xe ô tô bks 30h3559 quay đầu tại điểm cấm quay đầu trên đường cổ linh,Xe ô tô bks 30h3559 quay đầu tại điểm cấm quay đầu trên đường cổ linh,Xe ô_tô bks 30h3559 quay đầu tại điểm cấm quay đầu trên đường cổ linh,xe ô_tô bks 30h3559 quay đầu tại điểm cấm quay đầu trên đường cổ linh,False
266995,Ha Noi,congdanso_hanoi,18,,Ô tô bks 30h3559 vượt phải trên cầu vượt eaon (cổ linh) (cấm vượt) và quay đầu tại điểm cấm quay đầu trên đường cổ inh,. Ô tô bks 30h3559 vượt phải trên cầu vượt eaon (cổ linh) (cấm vượt) và quay đầu tại điểm cấm quay đầu trên đường cổ inh,https://congdanso.hanoi.gov.vn/phan-anh/phan-anh-tai-hoang-phat-tho-cu-long-bien-phuong-long-bien-thanh-pho-ha-noi-266995,Ô tô bks 30h3559 vượt phải trên cầu vượt eaon (cổ linh) (cấm vượt) và quay đầu tại điểm cấm quay đầu trên đường cổ inh,Ô tô bks 30h3559 vượt phải trên cầu vượt eaon (cổ linh) (cấm vượt) và quay đầu tại điểm cấm quay đầu trên đường cổ inh,Ô_tô bks 30h3559 vượt phải trên cầu_vượt eaon ( cổ linh ) ( cấm vượt ) và quay đầu tại điểm cấm quay đầu trên đường cổ inh,ô_tô bks 30h3559 vượt phải trên cầu_vượt eaon ( cổ linh ) ( cấm vượt ) và quay đầu tại điểm cấm quay đầu trên đường cổ inh,False
266459,Ha Noi,congdanso_hanoi,18,,Xe đỗ dưới lòng đường nơi có biển cấm dùng đỗ lần chiếm vỉa hè của phường,. Xe đỗ dưới lòng đường nơi có biển cấm dùng đỗ lần chiếm vỉa hè của phường,https://congdanso.hanoi.gov.vn/phan-anh/xe-do-duoi-long-duong-266459,Xe đỗ dưới lòng đường nơi có biển cấm dùng đỗ lần chiếm vỉa hè của phường,Xe đỗ dưới lòng đường nơi có biển cấm dùng đỗ lần chiếm vỉa hè của phường,Xe_đỗ dưới lòng_đường nơi có biển cấm dùng đỗ lần chiếm vỉa_hè của phường,xe_đỗ dưới lòng_đường nơi có biển cấm dùng đỗ lần chiếm vỉa_hè của phường,False
265915,Ha Noi,congdanso_hanoi,18,,Xe ô tô đỗ ở vị trí có biển cấm đỗ,. Xe ô tô đỗ ở vị trí có biển cấm đỗ,https://congdanso.hanoi.gov.vn/phan-anh/xe-o-to-do-o-vi-tri-cam-doi-265915,Xe ô tô đỗ ở vị trí có biển cấm đỗ,Xe ô tô đỗ ở vị trí có biển cấm đỗ,Xe ô_tô đỗ ở vị_trí có biển cấm đỗ,xe ô_tô đỗ ở vị_trí có biển cấm đỗ,False
265450,Ha Noi,congdanso_hanoi,18,,Ô tô đỗ trái phép trên vỉa hè. Làm lún vỡ nền gạch của nhà nước . Khoảng 11h25p 9/4/2026 Ô tô mang bks 30 38980 Rất mong cơ quan chức năng kịp thời xử lí,. Ô tô đỗ trái phép trên vỉa hè. Làm lún vỡ nền gạch của nhà nước . Khoảng 11h25p 9/4/2026 Ô tô mang bks 30 38980 Rất mong cơ quan chức năng kịp thời xử lí,https://congdanso.hanoi.gov.vn/phan-anh/phan-anh-tai-m2-clothing-outlet-minhtam-building-147-nguyen-van-cu-phuong-bo-de-thanh-pho-ha-noi-265450,Ô tô đỗ trái phép trên vỉa hè. Làm lún vỡ nền gạch của nhà nước . Khoảng 11h25p 9/4/2026 Ô tô mang bks 30 38980 Rất mong cơ quan chức năng kịp thời xử lí,Ô tô đỗ trái phép trên vỉa hè. Làm lún vỡ nền gạch của nhà nước. Khoảng 11h25p 9/4/2026 Ô tô mang bks 30 38980 Rất mong cơ quan chức năng kịp thời xử lí,Ô_tô đỗ trái_phép trên vỉa_hè . Làm lún vỡ nền gạch của nhà_nước . Khoảng 11h25p 9 / 4 / 2026 Ô_tô mang bks 30 38980 Rất mong cơ_quan_chức_năng kịp_thời xử_lí,ô_tô đỗ trái_phép trên vỉa_hè . làm lún vỡ nền gạch của nhà_nước . khoảng 11h25p 9 / 4 / 2026 ô_tô mang bks 30 38980 rất mong cơ_quan_chức_năng kịp_thời xử_lí,False
265447,Ha Noi,congdanso_hanoi,18,,Ô tô đỗ trái phép trên vỉa hè. Nửa xe dưới lòng đường nửa xe trên vỉa hè. Khả năng gây tai nạn cho người đi đường. Khoảng 11h25p 9/4/2026 trước cửa số nhà 157 nguyễn văn cừ Kình mong cơ quan chức năng kịp thời xử lí những đối tượng này quá hống hách.,. Ô tô đỗ trái phép trên vỉa hè. Nửa xe dưới lòng đường nửa xe trên vỉa hè. Khả năng gây tai nạn cho người đi đường. Khoảng 11h25p 9/4/2026 trước cửa số nhà 157 nguyễn văn cừ Kình mong cơ quan chức năng kịp thời xử lí những đối tượng này quá hống hách.,https://congdanso.hanoi.gov.vn/phan-anh/phan-anh-tai-cafe-nam-viet-157-nguyen-van-cu-phuong-bo-de-thanh-pho-ha-noi-265447,Ô tô đỗ trái phép trên vỉa hè. Nửa xe dưới lòng đường nửa xe trên vỉa hè. Khả năng gây tai nạn cho người đi đường. Khoảng 11h25p 9/4/2026 trước cửa số nhà 157 nguyễn văn cừ Kình mong cơ quan chức năng kịp thời xử lí những đối tượng này quá hống hách.,Ô tô đỗ trái phép trên vỉa hè. Nửa xe dưới lòng đường nửa xe trên vỉa hè. Khả năng gây tai nạn cho người đi đường. Khoảng 11h25p 9/4/2026 trước cửa số nhà 157 nguyễn văn cừ Kình mong cơ quan chức năng kịp thời xử lí những đối tượng này quá hống hách.,Ô_tô đỗ trái_phép trên vỉa_hè . Nửa xe dưới lòng_đường nửa xe trên vỉa_hè . Khả_năng gây tai_nạn cho người đi_đường . Khoảng 11h25p 9 / 4 / 2026 trước cửa số nhà 157 nguyễn văn cừ Kình mong cơ_quan_chức_năng kịp_thời xử_lí những đối_tượng này quá hống_hách .,ô_tô đỗ trái_phép trên vỉa_hè . nửa xe dưới lòng_đường nửa xe trên vỉa_hè . khả_năng gây tai_nạn cho người đi_đường . khoảng 11h25p 9 / 4 / 2026 trước cửa số nhà 157 nguyễn văn cừ kình mong cơ_quan_chức_năng kịp_thời xử_lí những đối_tượng này quá hống_hách .,False
264888,Ha Noi,congdanso_hanoi,18,,"Vào hồi 21:47phút ngày 7/4/2026 xe vinfast vf5 biển số99F 008.02 không xi nhan vượt phải tạt đầu xe của tôi,tiềm ẩn nguy cơ xảy va chạm. Sau đó tiếp tục không xi nhan vượt một loạt xe phía trước . Mong các đồng chí xem xét xử phạt",". Vào hồi 21:47phút ngày 7/4/2026 xe vinfast vf5 biển số99F 008.02 không xi nhan vượt phải tạt đầu xe của tôi,tiềm ẩn nguy cơ xảy va chạm. Sau đó tiếp tục không xi nhan vượt một loạt xe phía trước . Mong các đồng chí xem xét xử phạt",https://congdanso.hanoi.gov.vn/phan-anh/vi-pham-giao-thong-264888,"Vào hồi 21:47phút ngày 7/4/2026 xe vinfast vf5 biển số99F 008.02 không xi nhan vượt phải tạt đầu xe của tôi,tiềm ẩn nguy cơ xảy va chạm. Sau đó tiếp tục không xi nhan vượt một loạt xe phía trước . Mong các đồng chí xem xét xử phạt","Vào hồi 21: 47phút ngày 7/4/2026 xe vinfast vf5 biển số99F 008. 02 không xi nhan vượt phải tạt đầu xe của tôi, tiềm ẩn nguy cơ xảy va chạm. Sau đó tiếp tục không xi nhan vượt một loạt xe phía trước. Mong các đồng chí xem xét xử phạt","Vào hồi 21 : 47phút ngày 7 / 4 / 2026 xe vinfast vf5 biển số99F 008 . 02 không xi_nhan vượt phải tạt đầu xe của tôi , tiềm_ẩn nguy_cơ xảy va_chạm . Sau_đó tiếp_tục không xi_nhan vượt một loạt xe phía trước . Mong các đồng_chí xem_xét_xử_phạt","vào hồi 21 : 47phút ngày 7 / 4 / 2026 xe vinfast vf5 biển số99f 008 . 02 không xi_nhan vượt phải tạt đầu xe của tôi , tiềm_ẩn nguy_cơ xảy va_chạm . sau_đó tiếp_tục không xi_nhan vượt một loạt xe phía trước . mong các đồng_chí xem_xét_xử_phạt",False
265456,Ha Noi,congdanso_hanoi,18,,"Khoảng 11h trưa 9/4/2026 Rất nhiều ô tô ngang nhiên đỗ trái phép trên vỉa hè. Lấn chiếm hết lối đi của người đi bộ. Hơn nữa còn lam hỏng nền gạch của nhà nước. Rất mong chính quyền nghiêm khắc xử lí. Tôi đã kịp thời chụp lại bks, quay video 1 số xe đỗ trái phép . 30F 65483 30G 82383 29A 17693 30A 92319 30B 05800 99A 29595 Các a có thể xác minh thông qua video hình ảnh của tôi. Tôi xin trân trọng cám ơn.",". Khoảng 11h trưa 9/4/2026 Rất nhiều ô tô ngang nhiên đỗ trái phép trên vỉa hè. Lấn chiếm hết lối đi của người đi bộ. Hơn nữa còn lam hỏng nền gạch của nhà nước. Rất mong chính quyền nghiêm khắc xử lí. Tôi đã kịp thời chụp lại bks, quay video 1 số xe đỗ trái phép . 30F 65483 30G 82383 29A 17693 30A 92319 30B 05800 99A 29595 Các a có thể xác minh thông qua video hình ảnh của tôi. Tôi xin trân trọng cám ơn.",https://congdanso.hanoi.gov.vn/phan-anh/phan-anh-tai-137-nguyen-van-cu-phuong-bo-de-thanh-pho-ha-noi-265456,"Khoảng 11h trưa 9/4/2026 Rất nhiều ô tô ngang nhiên đỗ trái phép trên vỉa hè. Lấn chiếm hết lối đi của người đi bộ. Hơn nữa còn lam hỏng nền gạch của nhà nước. Rất mong chính quyền nghiêm khắc xử lí. Tôi đã kịp thời chụp lại bks, quay video 1 số xe đỗ trái phép . 30F 65483 30G 82383 29A 17693 30A 92319 30B 05800 99A 29595 Các a có thể xác minh thông qua video hình ảnh của tôi. Tôi xin trân trọng cám ơn.","Khoảng 11h trưa 9/4/2026 Rất nhiều ô tô ngang nhiên đỗ trái phép trên vỉa hè. Lấn chiếm hết lối đi của người đi bộ. Hơn nữa còn lam hỏng nền gạch của nhà nước. Rất mong chính quyền nghiêm khắc xử lí. Tôi đã kịp thời chụp lại bks, quay video 1 số xe đỗ trái phép. 30F 65483 30G 82383 29A 17693 30A 92319 30B 05800 99A 29595 Các a có thể xác minh thông qua video hình ảnh của tôi. Tôi xin trân trọng cám ơn.","Khoảng 11h trưa 9 / 4 / 2026 Rất nhiều ô_tô ngang_nhiên đỗ trái_phép trên vỉa_hè . Lấn_chiếm hết lối đi của người đi bộ . Hơn_nữa còn lam hỏng nền gạch của nhà_nước . Rất mong chính_quyền nghiêm_khắc xử_lí . Tôi_đã kịp_thời chụp lại bks , quay video 1 số xe đỗ trái_phép . 30F 65483 30G 82383 29A 17693 30A 92319 30B 05800 99A 29595 Các a có_thể_xác_minh thông_qua video hình_ảnh của tôi . Tôi xin trân_trọng cám_ơn .","khoảng 11h trưa 9 / 4 / 2026 rất nhiều ô_tô ngang_nhiên đỗ trái_phép trên vỉa_hè . lấn_chiếm hết lối đi của người đi bộ . hơn_nữa còn lam hỏng nền gạch của nhà_nước . rất mong chính_quyền nghiêm_khắc xử_lí . tôi_đã kịp_thời chụp lại bks , quay video 1 số xe đỗ trái_phép . 30f 65483 30g 82383 29a 17693 30a 92319 30b 05800 99a 29595 các a có_thể_xác_minh thông_qua video hình_ảnh của tôi . tôi xin trân_trọng cám_ơn .",False
265082,Ha Noi,congdanso_hanoi,18,,9h sáng 8/4/2026 Ô tô đỗ trái phép trên vỉa hè. 30F 49655 Làm hỏng nền gạch của nhà nước .,. 9h sáng 8/4/2026 Ô tô đỗ trái phép trên vỉa hè. 30F 49655 Làm hỏng nền gạch của nhà nước .,https://congdanso.hanoi.gov.vn/phan-anh/phan-anh-tai-137a-nguyen-van-cu-265082,9h sáng 8/4/2026 Ô tô đỗ trái phép trên vỉa hè. 30F 49655 Làm hỏng nền gạch của nhà nước .,9h sáng 8/4/2026 Ô tô đỗ trái phép trên vỉa hè. 30F 49655 Làm hỏng nền gạch của nhà nước.,9h sáng 8 / 4 / 2026 Ô_tô đỗ trái_phép trên vỉa_hè . 30F 49655 Làm hỏng nền gạch của nhà_nước .,9h sáng 8 / 4 / 2026 ô_tô đỗ trái_phép trên vỉa_hè . 30f 49655 làm hỏng nền gạch của nhà_nước .,False
265081,Ha Noi,congdanso_hanoi,18,,Ô tô đỗ ngang nhiên chễm chệ trên vỉa hè. Làm hỏng nền gạch của nhà nước . Khoảng 9h sáng Ngày 8/4/2026 Ô tô mang bks: 30H 39569,. Ô tô đỗ ngang nhiên chễm chệ trên vỉa hè. Làm hỏng nền gạch của nhà nước . Khoảng 9h sáng Ngày 8/4/2026 Ô tô mang bks: 30H 39569,https://congdanso.hanoi.gov.vn/phan-anh/phan-anh-tai-137-nguyen-van-cu-265081,Ô tô đỗ ngang nhiên chễm chệ trên vỉa hè. Làm hỏng nền gạch của nhà nước . Khoảng 9h sáng Ngày 8/4/2026 Ô tô mang bks: 30H 39569,Ô tô đỗ ngang nhiên chễm chệ trên vỉa hè. Làm hỏng nền gạch của nhà nước. Khoảng 9h sáng Ngày 8/4/2026 Ô tô mang bks: 30H 39569,Ô_tô đỗ ngang_nhiên chễm_chệ trên vỉa_hè . Làm hỏng nền gạch của nhà_nước . Khoảng 9h sáng Ngày 8 / 4 / 2026 Ô_tô mang bks : 30H 39569,ô_tô đỗ ngang_nhiên chễm_chệ trên vỉa_hè . làm hỏng nền gạch của nhà_nước . khoảng 9h sáng ngày 8 / 4 / 2026 ô_tô mang bks : 30h 39569,False
269357,Ha Noi,congdanso_hanoi,18,,Bãi xe lấn chiếm lòng đường hàng ngày luôn có xe đỗ ở nơi có biển báo cấm đỗ gây ảnh hưởng đến đi lại,. Bãi xe lấn chiếm lòng đường hàng ngày luôn có xe đỗ ở nơi có biển báo cấm đỗ gây ảnh hưởng đến đi lại,https://congdanso.hanoi.gov.vn/phan-anh/bai-xe-lan-chiem-long-duong-269357,Bãi xe lấn chiếm lòng đường hàng ngày luôn có xe đỗ ở nơi có biển báo cấm đỗ gây ảnh hưởng đến đi lại,Bãi xe lấn chiếm lòng đường hàng ngày luôn có xe đỗ ở nơi có biển báo cấm đỗ gây ảnh hưởng đến đi lại,Bãi xe lấn_chiếm lòng_đường hàng ngày luôn có xe đỗ ở nơi có biển_báo cấm đỗ gây ảnh_hưởng đến_đi lại,bãi xe lấn_chiếm lòng_đường hàng ngày luôn có xe đỗ ở nơi có biển_báo cấm đỗ gây ảnh_hưởng đến_đi lại,False
267042,Ha Noi,congdanso_hanoi,19,,Các xe ô tô cá nhân của người dân xung quanh khu vực tiếp tục ngang nhiên đỗ xe lấn chiếm lòng đường; một số người dân tự lập điểm tập kết phân loại phế liệu ngay lòng đường gây cản trở giao thông và mất mỹ quan đô thị,. Các xe ô tô cá nhân của người dân xung quanh khu vực tiếp tục ngang nhiên đỗ xe lấn chiếm lòng đường; một số người dân tự lập điểm tập kết phân loại phế liệu ngay lòng đường gây cản trở giao thông và mất mỹ quan đô thị,https://congdanso.hanoi.gov.vn/phan-anh/phan-anh-lan-2-tiep-tuc-do-xe-can-tro-giao-thong-267042,Các xe ô tô cá nhân của người dân xung quanh khu vực tiếp tục ngang nhiên đỗ xe lấn chiếm lòng đường; một số người dân tự lập điểm tập kết phân loại phế liệu ngay lòng đường gây cản trở giao thông và mất mỹ quan đô thị,Các xe ô tô cá nhân của người dân xung quanh khu vực tiếp tục ngang nhiên đỗ xe lấn chiếm lòng đường; một số người dân tự lập điểm tập kết phân loại phế liệu ngay lòng đường gây cản trở giao thông và mất mỹ quan đô thị,Các xe ô_tô cá_nhân của người dân xung_quanh khu_vực tiếp_tục ngang_nhiên đỗ xe lấn_chiếm lòng_đường ; một_số người dân tự_lập điểm tập_kết phân_loại phế_liệu ngay lòng_đường gây cản_trở giao_thông và mất mỹ_quan đô_thị,các xe ô_tô cá_nhân của người dân xung_quanh khu_vực tiếp_tục ngang_nhiên đỗ xe lấn_chiếm lòng_đường ; một_số người dân tự_lập điểm tập_kết phân_loại phế_liệu ngay lòng_đường gây cản_trở giao_thông và mất mỹ_quan đô_thị,False
267509,Ha Noi,congdanso_hanoi,19,,"Lấn chiếm lòng đường, đỗ xe cả ngày lẫn đêm. Mong các cơ quan vào cuộc xử lý dứt điểm",". Lấn chiếm lòng đường, đỗ xe cả ngày lẫn đêm. Mong các cơ quan vào cuộc xử lý dứt điểm",https://congdanso.hanoi.gov.vn/phan-anh/giao-thong-267509,"Lấn chiếm lòng đường, đỗ xe cả ngày lẫn đêm. Mong các cơ quan vào cuộc xử lý dứt điểm","Lấn chiếm lòng đường, đỗ xe cả ngày lẫn đêm. Mong các cơ quan vào cuộc xử lý dứt điểm","Lấn_chiếm lòng_đường , đỗ xe cả ngày lẫn đêm . Mong các cơ_quan vào_cuộc xử_lý dứt_điểm","lấn_chiếm lòng_đường , đỗ xe cả ngày lẫn đêm . mong các cơ_quan vào_cuộc xử_lý dứt_điểm",False
261847,Ha Noi,congdanso_hanoi,19,,"Ngày 29/3/2026 tôi đang lưu thông dừng đèn đỏ ở ngã tư Ỷ Lan-Dương Đức Hiền.tất cả mọi phương tiện đều dừng đèn đỏ và đi đúng chiều đường của mình thì xe ô tô bks 89A72845 nhân lúc đèn xanh đã vượt ẩu lấn sang làn ngược chiều để vượt lên tạt đầu xe của tôi trong khi xe tôi dừng đỗ đúng quy định và có tín hiệu rẽ trái .Gây nguy hiểm cho tôi và phương tiện khác xung quanh,ý thức văn hóa giao thông của tài xế bks 89A72845 quá kém và coi thường luật pháp.Đề nghị cơ quan chức năng xử lý nghiêm",". Ngày 29/3/2026 tôi đang lưu thông dừng đèn đỏ ở ngã tư Ỷ Lan-Dương Đức Hiền.tất cả mọi phương tiện đều dừng đèn đỏ và đi đúng chiều đường của mình thì xe ô tô bks 89A72845 nhân lúc đèn xanh đã vượt ẩu lấn sang làn ngược chiều để vượt lên tạt đầu xe của tôi trong khi xe tôi dừng đỗ đúng quy định và có tín hiệu rẽ trái .Gây nguy hiểm cho tôi và phương tiện khác xung quanh,ý thức văn hóa giao thông của tài xế bks 89A72845 quá kém và coi thường luật pháp.Đề nghị cơ quan chức năng xử lý nghiêm",https://congdanso.hanoi.gov.vn/phan-anh/xe-o-to-bks-89a72845-vuot-au-lan-lan-261847,"Ngày 29/3/2026 tôi đang lưu thông dừng đèn đỏ ở ngã tư Ỷ Lan-Dương Đức Hiền.tất cả mọi phương tiện đều dừng đèn đỏ và đi đúng chiều đường của mình thì xe ô tô bks 89A72845 nhân lúc đèn xanh đã vượt ẩu lấn sang làn ngược chiều để vượt lên tạt đầu xe của tôi trong khi xe tôi dừng đỗ đúng quy định và có tín hiệu rẽ trái .Gây nguy hiểm cho tôi và phương tiện khác xung quanh,ý thức văn hóa giao thông của tài xế bks 89A72845 quá kém và coi thường luật pháp.Đề nghị cơ quan chức năng xử lý nghiêm","Ngày 29/3/2026 tôi đang lưu thông dừng đèn đỏ ở ngã tư Ỷ Lan-Dương Đức Hiền. tất cả mọi phương tiện đều dừng đèn đỏ và đi đúng chiều đường của mình thì xe ô tô bks 89A72845 nhân lúc đèn xanh đã vượt ẩu lấn sang làn ngược chiều để vượt lên tạt đầu xe của tôi trong khi xe tôi dừng đỗ đúng quy định và có tín hiệu rẽ trái. Gây nguy hiểm cho tôi và phương tiện khác xung quanh, ý thức văn hóa giao thông của tài xế bks 89A72845 quá kém và coi thường luật pháp. Đề nghị cơ quan chức năng xử lý nghiêm","Ngày 29 / 3 / 2026 tôi đang lưu_thông dừng đèn_đỏ ở ngã tư Ỷ_Lan - Dương_Đức_Hiền . tất_cả mọi phương_tiện đều dừng đèn_đỏ và đi_đúng chiều đường của mình thì xe ô_tô bks 89A72845 nhân lúc đèn_xanh đã vượt ẩu lấn sang làn ngược chiều để vượt lên tạt đầu xe của tôi trong khi xe tôi dừng đỗ_đúng quy_định và có tín_hiệu rẽ trái . Gây nguy_hiểm cho tôi và phương_tiện khác xung_quanh , ý_thức văn_hóa giao_thông của tài_xế bks 89A72845 quá kém và coi_thường luật_pháp . Đề_nghị cơ_quan_chức_năng xử_lý nghiêm","ngày 29 / 3 / 2026 tôi đang lưu_thông dừng đèn_đỏ ở ngã tư ỷ_lan - dương_đức_hiền . tất_cả mọi phương_tiện đều dừng đèn_đỏ và đi_đúng chiều đường của mình thì xe ô_tô bks 89a72845 nhân lúc đèn_xanh đã vượt ẩu lấn sang làn ngược chiều để vượt lên tạt đầu xe của tôi trong khi xe tôi dừng đỗ_đúng quy_định và có tín_hiệu rẽ trái . gây nguy_hiểm cho tôi và phương_tiện khác xung_quanh , ý_thức văn_hóa giao_thông của tài_xế bks 89a72845 quá kém và coi_thường luật_pháp . đề_nghị cơ_quan_chức_năng xử_lý nghiêm",False
270430,Ha Noi,congdanso_hanoi,19,,Xe tải đứng rất lâu trả hàng ở 229 quan nhân gây ách tắc giao thông ngày nào cũng đứng chềnh ềnh ở đường,. Xe tải đứng rất lâu trả hàng ở 229 quan nhân gây ách tắc giao thông ngày nào cũng đứng chềnh ềnh ở đường,https://congdanso.hanoi.gov.vn/phan-anh/xe-tai-do-tra-hang-gay-tac-duong-anh-huong-toi-giao-thong-270430,Xe tải đứng rất lâu trả hàng ở 229 quan nhân gây ách tắc giao thông ngày nào cũng đứng chềnh ềnh ở đường,Xe tải đứng rất lâu trả hàng ở 229 quan nhân gây ách tắc giao thông ngày nào cũng đứng chềnh ềnh ở đường,Xe_tải đứng rất lâu trả hàng ở 229 quan nhân gây ách_tắc giao_thông ngày nào cũng đứng chềnh_ềnh ở đường,xe_tải đứng rất lâu trả hàng ở 229 quan nhân gây ách_tắc giao_thông ngày nào cũng đứng chềnh_ềnh ở đường,False
259711,Ha Noi,congdanso_hanoi,19,,Xe máy dừng đỗ gây mất an toàn giao thông Cản trở giao thông gây ùn tẵ thường xuyên Xe để nhiều không đảm bảo an ninh cho người dân xung quanh Hàng hoá bày bán dưới lòng đường,. Xe máy dừng đỗ gây mất an toàn giao thông Cản trở giao thông gây ùn tẵ thường xuyên Xe để nhiều không đảm bảo an ninh cho người dân xung quanh Hàng hoá bày bán dưới lòng đường,https://congdanso.hanoi.gov.vn/phan-anh/xe-dung-do-259711,Xe máy dừng đỗ gây mất an toàn giao thông Cản trở giao thông gây ùn tẵ thường xuyên Xe để nhiều không đảm bảo an ninh cho người dân xung quanh Hàng hoá bày bán dưới lòng đường,Xe máy dừng đỗ gây mất an toàn giao thông Cản trở giao thông gây ùn tẵ thường xuyên Xe để nhiều không đảm bảo an ninh cho người dân xung quanh Hàng hoá bày bán dưới lòng đường,Xe_máy dừng đỗ gây mất an_toàn giao_thông Cản_trở giao_thông gây ùn tẵ thường_xuyên Xe_để nhiều không đảm_bảo_an_ninh cho người dân xung_quanh Hàng_hoá bày bán dưới lòng_đường,xe_máy dừng đỗ gây mất an_toàn giao_thông cản_trở giao_thông gây ùn tẵ thường_xuyên xe_để nhiều không đảm_bảo_an_ninh cho người dân xung_quanh hàng_hoá bày bán dưới lòng_đường,False
266196,Ha Noi,congdanso_hanoi,19,,"Xe ô tô con vô ý thức đỗ chắn hết lối ra vào, tiềm ẩn nguy cơ tai nạn khi học sinh tan tầm. Đề nghị cơ quan chức năng giải quyết cho các cháu học sinh",". Xe ô tô con vô ý thức đỗ chắn hết lối ra vào, tiềm ẩn nguy cơ tai nạn khi học sinh tan tầm. Đề nghị cơ quan chức năng giải quyết cho các cháu học sinh",https://congdanso.hanoi.gov.vn/phan-anh/xe-o-to-do-cong-truong-c1c2-tan-dinh-266196,"Xe ô tô con vô ý thức đỗ chắn hết lối ra vào, tiềm ẩn nguy cơ tai nạn khi học sinh tan tầm. Đề nghị cơ quan chức năng giải quyết cho các cháu học sinh","Xe ô tô con vô ý thức đỗ chắn hết lối ra vào, tiềm ẩn nguy cơ tai nạn khi học sinh tan tầm. Đề nghị cơ quan chức năng giải quyết cho các cháu học sinh","Xe ô_tô_con vô_ý_thức đỗ chắn hết lối ra vào , tiềm_ẩn nguy_cơ tai_nạn khi học_sinh tan_tầm . Đề_nghị cơ_quan_chức_năng giải_quyết cho các cháu học_sinh","xe ô_tô_con vô_ý_thức đỗ chắn hết lối ra vào , tiềm_ẩn nguy_cơ tai_nạn khi học_sinh tan_tầm . đề_nghị cơ_quan_chức_năng giải_quyết cho các cháu học_sinh",False
270996,Ha Noi,congdanso_hanoi,19,,"Ngõ 318 rất nhiều xe đỗ, đặc biệt từ chiều tối và đỗ qua đêm gây cản trở giao, đã có xe cứu thương ko thể vào được phải dừng đón bệnh nhân từ trên đường Đê La Thành, người dân đi lại bất tiện.",". Ngõ 318 rất nhiều xe đỗ, đặc biệt từ chiều tối và đỗ qua đêm gây cản trở giao, đã có xe cứu thương ko thể vào được phải dừng đón bệnh nhân từ trên đường Đê La Thành, người dân đi lại bất tiện.",https://congdanso.hanoi.gov.vn/phan-anh/do-xe-tai-noi-co-bien-cam-270996,"Ngõ 318 rất nhiều xe đỗ, đặc biệt từ chiều tối và đỗ qua đêm gây cản trở giao, đã có xe cứu thương ko thể vào được phải dừng đón bệnh nhân từ trên đường Đê La Thành, người dân đi lại bất tiện.","Ngõ 318 rất nhiều xe đỗ, đặc biệt từ chiều tối và đỗ qua đêm gây cản trở giao, đã có xe cứu thương ko thể vào được phải dừng đón bệnh nhân từ trên đường Đê La Thành, người dân đi lại bất tiện.","Ngõ 318 rất nhiều xe đỗ , đặc_biệt từ chiều_tối và đỗ qua đêm gây cản_trở_giao , đã có xe cứu_thương ko thể vào được phải dừng đón bệnh_nhân từ trên đường Đê_La_Thành , người dân đi_lại bất_tiện .","ngõ 318 rất nhiều xe đỗ , đặc_biệt từ chiều_tối và đỗ qua đêm gây cản_trở_giao , đã có xe cứu_thương ko thể vào được phải dừng đón bệnh_nhân từ trên đường đê_la_thành , người dân đi_lại bất_tiện .",False
267156,Ha Noi,congdanso_hanoi,19,,Năm thửa đất hiện không có lối đi vì đã bị bịt kín xây dựng nhà xương. Vụ việc đã kéo dài 11 năm rồi mong các bác dải quyết cho vì các hộ quá khổ rồi,. Năm thửa đất hiện không có lối đi vì đã bị bịt kín xây dựng nhà xương. Vụ việc đã kéo dài 11 năm rồi mong các bác dải quyết cho vì các hộ quá khổ rồi,https://congdanso.hanoi.gov.vn/phan-anh/lan-chiem-loi-di-chung-267156,Năm thửa đất hiện không có lối đi vì đã bị bịt kín xây dựng nhà xương. Vụ việc đã kéo dài 11 năm rồi mong các bác dải quyết cho vì các hộ quá khổ rồi,Năm thửa đất hiện không có lối đi vì đã bị bịt kín xây dựng nhà xương. Vụ việc đã kéo dài 11 năm rồi mong các bác dải quyết cho vì các hộ quá khổ rồi,Năm thửa đất hiện không có lối đi vì đã bị bịt kín xây_dựng nhà xương . Vụ_việc đã kéo_dài 11 năm rồi mong các bác dải_quyết cho vì các hộ quá_khổ rồi,năm thửa đất hiện không có lối đi vì đã bị bịt kín xây_dựng nhà xương . vụ_việc đã kéo_dài 11 năm rồi mong các bác dải_quyết cho vì các hộ quá_khổ rồi,False
229708,Ha Noi,congdanso_hanoi,19,,Làm đường ống nước sạch lấp lại không đạt chuẩn nên tạo thành hố sâu trên đường giao thông gây nguy hiểm cho người tham gia giao thông. Đề nghị nhanh chóng khắc phục để đảm bảo an toàn cho người tham giao thông,. Làm đường ống nước sạch lấp lại không đạt chuẩn nên tạo thành hố sâu trên đường giao thông gây nguy hiểm cho người tham gia giao thông. Đề nghị nhanh chóng khắc phục để đảm bảo an toàn cho người tham giao thông,https://congdanso.hanoi.gov.vn/phan-anh/giao-thong-229708,Làm đường ống nước sạch lấp lại không đạt chuẩn nên tạo thành hố sâu trên đường giao thông gây nguy hiểm cho người tham gia giao thông. Đề nghị nhanh chóng khắc phục để đảm bảo an toàn cho người tham giao thông,Làm đường ống nước sạch lấp lại không đạt chuẩn nên tạo thành hố sâu trên đường giao thông gây nguy hiểm cho người tham gia giao thông. Đề nghị nhanh chóng khắc phục để đảm bảo an toàn cho người tham giao thông,Làm_đường_ống nước_sạch lấp lại không đạt chuẩn nên tạo thành hố sâu trên đường giao_thông gây nguy_hiểm cho người tham_gia giao_thông . Đề_nghị nhanh_chóng khắc_phục để_đảm bảo_an_toàn cho người tham giao_thông,làm_đường_ống nước_sạch lấp lại không đạt chuẩn nên tạo thành hố sâu trên đường giao_thông gây nguy_hiểm cho người tham_gia giao_thông . đề_nghị nhanh_chóng khắc_phục để_đảm bảo_an_toàn cho người tham giao_thông,False
263627,Ha Noi,congdanso_hanoi,19,,"Hiện nay lưu lượng xe trở vật liệu xây dựng đi qua khu vực Tân Xuân, Kẻ Giàn rất lớn. Tuy nhiên do không được che đậyj cẩn thận làm rơi vãi vật liệu xây dựng ra đường gây ô nhiễm, bụi bặm. Cộng với việc không có đơn vị quét dọn thường xuyên nên khu vực này là điểm gây ô nhiễm nặng, ảnh hưởng đến sức khỏe người dân, đi ngược lại chủ trương xanh, sạch, đẹp của thành phố. Đề nghị các cơ quan chức năng Phường Đông Ngạc tăng cường kiểm tra, đôn đốc để tình trạng trên không tiếp diễn. Đồng thời phải duy trì thường xuyên tránh tình trạng đánh trống bỏ dùi như trước đây.",". Hiện nay lưu lượng xe trở vật liệu xây dựng đi qua khu vực Tân Xuân, Kẻ Giàn rất lớn. Tuy nhiên do không được che đậyj cẩn thận làm rơi vãi vật liệu xây dựng ra đường gây ô nhiễm, bụi bặm. Cộng với việc không có đơn vị quét dọn thường xuyên nên khu vực này là điểm gây ô nhiễm nặng, ảnh hưởng đến sức khỏe người dân, đi ngược lại chủ trương xanh, sạch, đẹp của thành phố. Đề nghị các cơ quan chức năng Phường Đông Ngạc tăng cường kiểm tra, đôn đốc để tình trạng trên không tiếp diễn. Đồng thời phải duy trì thường xuyên tránh tình trạng đánh trống bỏ dùi như trước đây.",https://congdanso.hanoi.gov.vn/phan-anh/o-nhiem-vi-xe-cho-vat-lieu-263627,"Hiện nay lưu lượng xe trở vật liệu xây dựng đi qua khu vực Tân Xuân, Kẻ Giàn rất lớn. Tuy nhiên do không được che đậyj cẩn thận làm rơi vãi vật liệu xây dựng ra đường gây ô nhiễm, bụi bặm. Cộng với việc không có đơn vị quét dọn thường xuyên nên khu vực này là điểm gây ô nhiễm nặng, ảnh hưởng đến sức khỏe người dân, đi ngược lại chủ trương xanh, sạch, đẹp của thành phố. Đề nghị các cơ quan chức năng Phường Đông Ngạc tăng cường kiểm tra, đôn đốc để tình trạng trên không tiếp diễn. Đồng thời phải duy trì thường xuyên tránh tình trạng đánh trống bỏ dùi như trước đây.","Hiện nay lưu lượng xe trở vật liệu xây dựng đi qua khu vực Tân Xuân, Kẻ Giàn rất lớn. Tuy nhiên do không được che đậyj cẩn thận làm rơi vãi vật liệu xây dựng ra đường gây ô nhiễm, bụi bặm. Cộng với việc không có đơn vị quét dọn thường xuyên nên khu vực này là điểm gây ô nhiễm nặng, ảnh hưởng đến sức khỏe người dân, đi ngược lại chủ trương xanh, sạch, đẹp của thành phố. Đề nghị các cơ quan chức năng Phường Đông Ngạc tăng cường kiểm tra, đôn đốc để tình trạng trên không tiếp diễn. Đồng thời phải duy trì thường xuyên tránh tình trạng đánh trống bỏ dùi như trước đây.","Hiện_nay lưu_lượng xe trở_vật_liệu xây_dựng đi qua khu_vực Tân_Xuân , Kẻ_Giàn rất lớn . Tuy_nhiên do không được che đậyj cẩn_thận làm rơi_vãi vật_liệu xây_dựng ra đường gây ô_nhiễm , bụi_bặm . Cộng với việc không có đơn_vị quét_dọn thường_xuyên nên khu_vực này là điểm gây ô_nhiễm nặng , ảnh_hưởng đến sức_khỏe người dân , đi ngược_lại chủ_trương xanh , sạch , đẹp của thành_phố . Đề_nghị các cơ_quan_chức_năng Phường_Đông_Ngạc tăng_cường kiểm_tra , đôn_đốc_để tình_trạng trên không tiếp_diễn . Đồng_thời phải duy_trì thường_xuyên tránh tình_trạng đánh trống bỏ dùi như trước đây .","hiện_nay lưu_lượng xe trở_vật_liệu xây_dựng đi qua khu_vực tân_xuân , kẻ_giàn rất lớn . tuy_nhiên do không được che đậyj cẩn_thận làm rơi_vãi vật_liệu xây_dựng ra đường gây ô_nhiễm , bụi_bặm . cộng với việc không có đơn_vị quét_dọn thường_xuyên nên khu_vực này là điểm gây ô_nhiễm nặng , ảnh_hưởng đến sức_khỏe người dân , đi ngược_lại chủ_trương xanh , sạch , đẹp của thành_phố . đề_nghị các cơ_quan_chức_năng phường_đông_ngạc tăng_cường kiểm_tra , đôn_đốc_để tình_trạng trên không tiếp_diễn . đồng_thời phải duy_trì thường_xuyên tránh tình_trạng đánh trống bỏ dùi như trước đây .",False
269109,Ha Noi,congdanso_hanoi,20,,"Dọc 2 chiều đường phố Nguyễn Văn Tuyết, 2 hàng xe ô tô xếp hàng đỗ dày đặc kéo dài từ đầu phố đến cuối phố, làm thu hẹp diện tích di chuyển, cản trở giao thông gây ùn ứ. Đề nghị xử lý",". Dọc 2 chiều đường phố Nguyễn Văn Tuyết, 2 hàng xe ô tô xếp hàng đỗ dày đặc kéo dài từ đầu phố đến cuối phố, làm thu hẹp diện tích di chuyển, cản trở giao thông gây ùn ứ. Đề nghị xử lý",https://congdanso.hanoi.gov.vn/phan-anh/phan-anh-viec-do-xe-lan-chiem-long-duong-gay-un-tac-giao-thong-269109,"Dọc 2 chiều đường phố Nguyễn Văn Tuyết, 2 hàng xe ô tô xếp hàng đỗ dày đặc kéo dài từ đầu phố đến cuối phố, làm thu hẹp diện tích di chuyển, cản trở giao thông gây ùn ứ. Đề nghị xử lý","Dọc 2 chiều đường phố Nguyễn Văn Tuyết, 2 hàng xe ô tô xếp hàng đỗ dày đặc kéo dài từ đầu phố đến cuối phố, làm thu hẹp diện tích di chuyển, cản trở giao thông gây ùn ứ. Đề nghị xử lý","Dọc 2 chiều đường_phố Nguyễn_Văn_Tuyết , 2 hàng xe ô_tô xếp_hàng đỗ dày_đặc kéo_dài từ đầu phố đến cuối phố , làm thu_hẹp diện_tích di_chuyển , cản_trở giao_thông gây ùn ứ . Đề_nghị xử_lý","dọc 2 chiều đường_phố nguyễn_văn_tuyết , 2 hàng xe ô_tô xếp_hàng đỗ dày_đặc kéo_dài từ đầu phố đến cuối phố , làm thu_hẹp diện_tích di_chuyển , cản_trở giao_thông gây ùn ứ . đề_nghị xử_lý",False
269975,Ha Noi,congdanso_hanoi,20,,Trục đường từ cổng làng Miêu Nha qua chợ đến nhà văn hoá tổ 2 Miêu Nha có rất nhiều người bày bán hàng 2 bên lấn chiếm lòng đường gây rất khó khăn khi tham gia giao thông. Nhiều khi chỉ 1 ô tô đi qua cũng chật vật trong khi đây là đường chính 2 xe có thể thoải mái lưu thông. Đặc biệt 2 điểm ngã tư hướng từ cổng làng rẽ vào 3 trường từ mầm non đến THCS và ngã tư từ chợ hướng vào nhà văn hoá tổ 2 nhiều khi các xe không thể tránh nhau được đã xảy ra va chạm. Trong chợ buổi chiều thì còn để trống khá nhiều. Vậy rất mong các cơ quan có trách nhiệm xem xét giải quyết.,. Trục đường từ cổng làng Miêu Nha qua chợ đến nhà văn hoá tổ 2 Miêu Nha có rất nhiều người bày bán hàng 2 bên lấn chiếm lòng đường gây rất khó khăn khi tham gia giao thông. Nhiều khi chỉ 1 ô tô đi qua cũng chật vật trong khi đây là đường chính 2 xe có thể thoải mái lưu thông. Đặc biệt 2 điểm ngã tư hướng từ cổng làng rẽ vào 3 trường từ mầm non đến THCS và ngã tư từ chợ hướng vào nhà văn hoá tổ 2 nhiều khi các xe không thể tránh nhau được đã xảy ra va chạm. Trong chợ buổi chiều thì còn để trống khá nhiều. Vậy rất mong các cơ quan có trách nhiệm xem xét giải quyết.,https://congdanso.hanoi.gov.vn/phan-anh/bay-ban-hang-lan-chiem-long-duong-gay-can-tro-giao-thong-269975,Trục đường từ cổng làng Miêu Nha qua chợ đến nhà văn hoá tổ 2 Miêu Nha có rất nhiều người bày bán hàng 2 bên lấn chiếm lòng đường gây rất khó khăn khi tham gia giao thông. Nhiều khi chỉ 1 ô tô đi qua cũng chật vật trong khi đây là đường chính 2 xe có thể thoải mái lưu thông. Đặc biệt 2 điểm ngã tư hướng từ cổng làng rẽ vào 3 trường từ mầm non đến THCS và ngã tư từ chợ hướng vào nhà văn hoá tổ 2 nhiều khi các xe không thể tránh nhau được đã xảy ra va chạm. Trong chợ buổi chiều thì còn để trống khá nhiều. Vậy rất mong các cơ quan có trách nhiệm xem xét giải quyết.,Trục đường từ cổng làng Miêu Nha qua chợ đến nhà văn hoá tổ 2 Miêu Nha có rất nhiều người bày bán hàng 2 bên lấn chiếm lòng đường gây rất khó khăn khi tham gia giao thông. Nhiều khi chỉ 1 ô tô đi qua cũng chật vật trong khi đây là đường chính 2 xe có thể thoải mái lưu thông. Đặc biệt 2 điểm ngã tư hướng từ cổng làng rẽ vào 3 trường từ mầm non đến THCS và ngã tư từ chợ hướng vào nhà văn hoá tổ 2 nhiều khi các xe không thể tránh nhau được đã xảy ra va chạm. Trong chợ buổi chiều thì còn để trống khá nhiều. Vậy rất mong các cơ quan có trách nhiệm xem xét giải quyết.,Trục_đường từ cổng làng Miêu_Nha qua chợ đến nhà_văn_hoá tổ 2 Miêu_Nha có rất nhiều người bày bán hàng 2 bên lấn_chiếm lòng_đường gây rất khó_khăn khi tham_gia giao_thông . Nhiều khi chỉ 1 ô_tô đi qua cũng chật_vật trong khi đây là đường chính 2 xe có_thể thoải_mái lưu_thông . Đặc_biệt 2 điểm ngã tư hướng từ cổng làng rẽ vào 3 trường từ mầm_non đến THCS và ngã tư từ chợ hướng vào nhà_văn_hoá tổ 2 nhiều khi các xe không_thể tránh nhau được_đã xảy ra va_chạm . Trong chợ buổi chiều thì còn để trống khá nhiều . Vậy rất mong các cơ_quan có trách_nhiệm xem_xét giải_quyết .,trục_đường từ cổng làng miêu_nha qua chợ đến nhà_văn_hoá tổ 2 miêu_nha có rất nhiều người bày bán hàng 2 bên lấn_chiếm lòng_đường gây rất khó_khăn khi tham_gia giao_thông . nhiều khi chỉ 1 ô_tô đi qua cũng chật_vật trong khi đây là đường chính 2 xe có_thể thoải_mái lưu_thông . đặc_biệt 2 điểm ngã tư hướng từ cổng làng rẽ vào 3 trường từ mầm_non đến thcs và ngã tư từ chợ hướng vào nhà_văn_hoá tổ 2 nhiều khi các xe không_thể tránh nhau được_đã xảy ra va_chạm . trong chợ buổi chiều thì còn để trống khá nhiều . vậy rất mong các cơ_quan có trách_nhiệm xem_xét giải_quyết .,False
271391,Ha Noi,congdanso_hanoi,20,,Hố ga vỡ mặt gây nguy hiểm người tham gia giao thông. Có ít nhất 2 trường hợp xe máy kẹt bánh và đổ xe.,. Hố ga vỡ mặt gây nguy hiểm người tham gia giao thông. Có ít nhất 2 trường hợp xe máy kẹt bánh và đổ xe.,https://congdanso.hanoi.gov.vn/phan-anh/ho-ga-vo-mat-gay-nguy-hiem-nguoi-tham-gia-giao-thong-271391,Hố ga vỡ mặt gây nguy hiểm người tham gia giao thông. Có ít nhất 2 trường hợp xe máy kẹt bánh và đổ xe.,Hố ga vỡ mặt gây nguy hiểm người tham gia giao thông. Có ít nhất 2 trường hợp xe máy kẹt bánh và đổ xe.,Hố_ga vỡ mặt gây nguy_hiểm người tham_gia giao_thông . Có_ít nhất 2 trường_hợp xe_máy kẹt bánh và đổ xe .,hố_ga vỡ mặt gây nguy_hiểm người tham_gia giao_thông . có_ít nhất 2 trường_hợp xe_máy kẹt bánh và đổ xe .,False
265218,Ha Noi,congdanso_hanoi,20,,"Kính gửi cơ quan lãnh đạo có thẩm quyền! Tôi xin phép được phản ánh về việc xảy ra tại số nhà 66 võ thị sáu,bạch mai,hà nội.Hiện trạng có 2,3 chiếc ô tô đỗ thường xuyên ngày và đêm tại địa chỉ nêu trên.Nơi đây là trước cửa đền Cô Sáu nơi có rất nhiều người tham quan và tuyến đường hiện nay cũng là cấm đỗ các phương tiện ô tô vì tuyến phố này lượng xe tham gia giao thông qua lại rấ đông.2 chiếc ô tô hiện đang đỗ cả ngày lẫn đêm và rất thường xuyên tại địa chỉ cấm nêu trên gây ra rất nhiều bức xúc cho người dân và gây ra rất nhiều nguy cơ tai nạn giao thông có thể xảy ra trên tuyến phố.Kính mong các đồng chí lãnh đạo và các cấp có thẩm quyền xem xét và giúp đỡ để tuyến phố cấm đỗ ô tô thực sự là nơi thượng tôn pháp luật và trở nên an toàn hơn cho mọi người tham gia giao thông qua lại trên tuyến phố.Tôi xin thay mặt cư dân trên tuyến phố xin trân trọng cảm ơn.",". Kính gửi cơ quan lãnh đạo có thẩm quyền! Tôi xin phép được phản ánh về việc xảy ra tại số nhà 66 võ thị sáu,bạch mai,hà nội.Hiện trạng có 2,3 chiếc ô tô đỗ thường xuyên ngày và đêm tại địa chỉ nêu trên.Nơi đây là trước cửa đền Cô Sáu nơi có rất nhiều người tham quan và tuyến đường hiện nay cũng là cấm đỗ các phương tiện ô tô vì tuyến phố này lượng xe tham gia giao thông qua lại rấ đông.2 chiếc ô tô hiện đang đỗ cả ngày lẫn đêm và rất thường xuyên tại địa chỉ cấm nêu trên gây ra rất nhiều bức xúc cho người dân và gây ra rất nhiều nguy cơ tai nạn giao thông có thể xảy ra trên tuyến phố.Kính mong các đồng chí lãnh đạo và các cấp có thẩm quyền xem xét và giúp đỡ để tuyến phố cấm đỗ ô tô thực sự là nơi thượng tôn pháp luật và trở nên an toàn hơn cho mọi người tham gia giao thông qua lại trên tuyến phố.Tôi xin thay mặt cư dân trên tuyến phố xin trân trọng cảm ơn.",https://congdanso.hanoi.gov.vn/phan-anh/do-o-to-tai-pho-cam-do-gay-un-tacnguy-hien-ve-tai-nan-giao-thong-cuc-bo-tai-tuyen-pho-265218,"Kính gửi cơ quan lãnh đạo có thẩm quyền! Tôi xin phép được phản ánh về việc xảy ra tại số nhà 66 võ thị sáu,bạch mai,hà nội.Hiện trạng có 2,3 chiếc ô tô đỗ thường xuyên ngày và đêm tại địa chỉ nêu trên.Nơi đây là trước cửa đền Cô Sáu nơi có rất nhiều người tham quan và tuyến đường hiện nay cũng là cấm đỗ các phương tiện ô tô vì tuyến phố này lượng xe tham gia giao thông qua lại rấ đông.2 chiếc ô tô hiện đang đỗ cả ngày lẫn đêm và rất thường xuyên tại địa chỉ cấm nêu trên gây ra rất nhiều bức xúc cho người dân và gây ra rất nhiều nguy cơ tai nạn giao thông có thể xảy ra trên tuyến phố.Kính mong các đồng chí lãnh đạo và các cấp có thẩm quyền xem xét và giúp đỡ để tuyến phố cấm đỗ ô tô thực sự là nơi thượng tôn pháp luật và trở nên an toàn hơn cho mọi người tham gia giao thông qua lại trên tuyến phố.Tôi xin thay mặt cư dân trên tuyến phố xin trân trọng cảm ơn.","Kính gửi cơ quan lãnh đạo có thẩm quyền Tôi xin phép được phản ánh về việc xảy ra tại số nhà 66 võ thị sáu, bạch mai, hà nội. Hiện trạng có 2, 3 chiếc ô tô đỗ thường xuyên ngày và đêm tại địa chỉ nêu trên. Nơi đây là trước cửa đền Cô Sáu nơi có rất nhiều người tham quan và tuyến đường hiện nay cũng là cấm đỗ các phương tiện ô tô vì tuyến phố này lượng xe tham gia giao thông qua lại rấ đông. 2 chiếc ô tô hiện đang đỗ cả ngày lẫn đêm và rất thường xuyên tại địa chỉ cấm nêu trên gây ra rất nhiều bức xúc cho người dân và gây ra rất nhiều nguy cơ tai nạn giao thông có thể xảy ra trên tuyến phố. Kính mong các đồng chí lãnh đạo và các cấp có thẩm quyền xem xét và giúp đỡ để tuyến phố cấm đỗ ô tô thực sự là nơi thượng tôn pháp luật và trở nên an toàn hơn cho mọi người tham gia giao thông qua lại trên tuyến phố. Tôi xin thay mặt cư dân trên tuyến phố xin trân trọng cảm ơn.","Kính gửi cơ_quan lãnh_đạo có thẩm_quyền Tôi xin phép được phản_ánh về việc xảy ra tại số nhà 66 võ thị sáu , bạch mai , hà_nội . Hiện_trạng có 2 , 3 chiếc ô_tô đỗ thường_xuyên ngày và đêm tại địa_chỉ nêu trên . Nơi_đây là trước cửa đền_Cô_Sáu nơi có rất nhiều người tham_quan và tuyến đường hiện_nay cũng là cấm đỗ các phương_tiện ô_tô vì tuyến phố này lượng xe tham_gia giao_thông_qua_lại rấ đông . 2 chiếc ô_tô hiện đang_đỗ cả ngày lẫn đêm và rất thường_xuyên tại địa_chỉ cấm nêu trên gây ra rất nhiều bức_xúc cho người dân và gây ra rất nhiều nguy_cơ tai_nạn giao_thông có_thể xảy ra trên tuyến phố . Kính mong các đồng_chí lãnh_đạo và các cấp có thẩm_quyền xem_xét và giúp đỡ_để tuyến phố cấm đỗ ô_tô thực_sự là nơi thượng_tôn pháp_luật và trở_nên an_toàn hơn cho mọi người tham_gia giao_thông_qua_lại trên tuyến phố . Tôi xin thay_mặt cư_dân trên tuyến phố xin trân_trọng cảm_ơn .","kính gửi cơ_quan lãnh_đạo có thẩm_quyền tôi xin phép được phản_ánh về việc xảy ra tại số nhà 66 võ thị sáu , bạch mai , hà_nội . hiện_trạng có 2 , 3 chiếc ô_tô đỗ thường_xuyên ngày và đêm tại địa_chỉ nêu trên . nơi_đây là trước cửa đền_cô_sáu nơi có rất nhiều người tham_quan và tuyến đường hiện_nay cũng là cấm đỗ các phương_tiện ô_tô vì tuyến phố này lượng xe tham_gia giao_thông_qua_lại rấ đông . 2 chiếc ô_tô hiện đang_đỗ cả ngày lẫn đêm và rất thường_xuyên tại địa_chỉ cấm nêu trên gây ra rất nhiều bức_xúc cho người dân và gây ra rất nhiều nguy_cơ tai_nạn giao_thông có_thể xảy ra trên tuyến phố . kính mong các đồng_chí lãnh_đạo và các cấp có thẩm_quyền xem_xét và giúp đỡ_để tuyến phố cấm đỗ ô_tô thực_sự là nơi thượng_tôn pháp_luật và trở_nên an_toàn hơn cho mọi người tham_gia giao_thông_qua_lại trên tuyến phố . tôi xin thay_mặt cư_dân trên tuyến phố xin trân_trọng cảm_ơn .",False
263757,Ha Noi,congdanso_hanoi,20,,"Rất nhiều phương tiện oto tại đây dừng đỗ xe sai quy định.Thậm chí để xe tại đây rất lâu ngày không di chuyển, cản trở giao thông tại đây của người dân. Có biển cấm dừng đỗ tại đây.",". Rất nhiều phương tiện oto tại đây dừng đỗ xe sai quy định.Thậm chí để xe tại đây rất lâu ngày không di chuyển, cản trở giao thông tại đây của người dân. Có biển cấm dừng đỗ tại đây.",https://congdanso.hanoi.gov.vn/phan-anh/dung-do-xe-sai-quy-dinh-263757,"Rất nhiều phương tiện oto tại đây dừng đỗ xe sai quy định.Thậm chí để xe tại đây rất lâu ngày không di chuyển, cản trở giao thông tại đây của người dân. Có biển cấm dừng đỗ tại đây.","Rất nhiều phương tiện oto tại đây dừng đỗ xe sai quy định. Thậm chí để xe tại đây rất lâu ngày không di chuyển, cản trở giao thông tại đây của người dân. Có biển cấm dừng đỗ tại đây.","Rất nhiều phương_tiện oto tại đây dừng đỗ xe sai quy_định . Thậm_chí để xe tại đây rất lâu ngày không di_chuyển , cản_trở giao_thông tại đây của người dân . Có biển cấm dừng đỗ tại đây .","rất nhiều phương_tiện oto tại đây dừng đỗ xe sai quy_định . thậm_chí để xe tại đây rất lâu ngày không di_chuyển , cản_trở giao_thông tại đây của người dân . có biển cấm dừng đỗ tại đây .",False
263652,Ha Noi,congdanso_hanoi,20,,"Trông gửi xe máy, xe ô tô chắn lối vào làm ảnh hưởng đến dân sinh như chở đồ, chuyển nhà, đặc biệt tiềm ẩn nguy cơ cháy nổ, chặn đường xe cứu hoả khi có sự cố",". Trông gửi xe máy, xe ô tô chắn lối vào làm ảnh hưởng đến dân sinh như chở đồ, chuyển nhà, đặc biệt tiềm ẩn nguy cơ cháy nổ, chặn đường xe cứu hoả khi có sự cố",https://congdanso.hanoi.gov.vn/phan-anh/trong-gui-xe-chan-loi-vao-khu-tap-the-263652,"Trông gửi xe máy, xe ô tô chắn lối vào làm ảnh hưởng đến dân sinh như chở đồ, chuyển nhà, đặc biệt tiềm ẩn nguy cơ cháy nổ, chặn đường xe cứu hoả khi có sự cố","Trông gửi xe máy, xe ô tô chắn lối vào làm ảnh hưởng đến dân sinh như chở đồ, chuyển nhà, đặc biệt tiềm ẩn nguy cơ cháy nổ, chặn đường xe cứu hoả khi có sự cố","Trông gửi xe_máy , xe ô_tô chắn lối vào làm ảnh_hưởng đến dân_sinh như chở đồ , chuyển nhà , đặc_biệt tiềm_ẩn nguy_cơ cháy nổ , chặn đường xe cứu_hoả khi có sự_cố","trông gửi xe_máy , xe ô_tô chắn lối vào làm ảnh_hưởng đến dân_sinh như chở đồ , chuyển nhà , đặc_biệt tiềm_ẩn nguy_cơ cháy nổ , chặn đường xe cứu_hoả khi có sự_cố",False
263687,Ha Noi,congdanso_hanoi,20,,"Ngõ 42,phố sài đồng. Một trong những nhánh đường giao thông huyễt mạch của phường Phúc lợi. Có biển cấm đỗ xe nhưng 2 bên đường đã biến thành bãi đậu xe: 1. Xe đậu 2 bên đường ngày và đêm 2. Xe đậu cả ở ngã 3 ngã 4, lối cho người đi bộ 3. Dân tự ý kẻ vẽ, chặn gạch thành chỗ đậu xe cá nhân ngày trên lòng đường. Vấn đề này gây kẹt xe, mất an toàn giao thông, ảnh hưởng đến mỹ quan đô thị gây bất bình cho dư luận. Đã phản ánh nhiều lần và kéo dài chưa được giải quyết. Đề nghị chính quyền và các cơ quan chức nằng có những biện pháp cụ thể đảm bảo giao thông và văn hoá đô thị.",". Ngõ 42,phố sài đồng. Một trong những nhánh đường giao thông huyễt mạch của phường Phúc lợi. Có biển cấm đỗ xe nhưng 2 bên đường đã biến thành bãi đậu xe: 1. Xe đậu 2 bên đường ngày và đêm 2. Xe đậu cả ở ngã 3 ngã 4, lối cho người đi bộ 3. Dân tự ý kẻ vẽ, chặn gạch thành chỗ đậu xe cá nhân ngày trên lòng đường. Vấn đề này gây kẹt xe, mất an toàn giao thông, ảnh hưởng đến mỹ quan đô thị gây bất bình cho dư luận. Đã phản ánh nhiều lần và kéo dài chưa được giải quyết. Đề nghị chính quyền và các cơ quan chức nằng có những biện pháp cụ thể đảm bảo giao thông và văn hoá đô thị.",https://congdanso.hanoi.gov.vn/phan-anh/duong-cam-do-bien-thanh-bai-de-xe-ngay-va-dem-263687,"Ngõ 42,phố sài đồng. Một trong những nhánh đường giao thông huyễt mạch của phường Phúc lợi. Có biển cấm đỗ xe nhưng 2 bên đường đã biến thành bãi đậu xe: 1. Xe đậu 2 bên đường ngày và đêm 2. Xe đậu cả ở ngã 3 ngã 4, lối cho người đi bộ 3. Dân tự ý kẻ vẽ, chặn gạch thành chỗ đậu xe cá nhân ngày trên lòng đường. Vấn đề này gây kẹt xe, mất an toàn giao thông, ảnh hưởng đến mỹ quan đô thị gây bất bình cho dư luận. Đã phản ánh nhiều lần và kéo dài chưa được giải quyết. Đề nghị chính quyền và các cơ quan chức nằng có những biện pháp cụ thể đảm bảo giao thông và văn hoá đô thị.","Ngõ 42, phố sài đồng. Một trong những nhánh đường giao thông huyễt mạch của phường Phúc lợi. Có biển cấm đỗ xe nhưng 2 bên đường đã biến thành bãi đậu xe: 1. Xe đậu 2 bên đường ngày và đêm 2. Xe đậu cả ở ngã 3 ngã 4, lối cho người đi bộ 3. Dân tự ý kẻ vẽ, chặn gạch thành chỗ đậu xe cá nhân ngày trên lòng đường. Vấn đề này gây kẹt xe, mất an toàn giao thông, ảnh hưởng đến mỹ quan đô thị gây bất bình cho dư luận. Đã phản ánh nhiều lần và kéo dài chưa được giải quyết. Đề nghị chính quyền và các cơ quan chức nằng có những biện pháp cụ thể đảm bảo giao thông và văn hoá đô thị.","Ngõ 42 , phố sài đồng . Một trong những nhánh đường giao_thông huyễt mạch của phường Phúc_lợi . Có biển cấm đỗ xe nhưng 2 bên đường_đã biến thành bãi đậu xe : 1 . Xe_đậu 2 bên đường ngày và đêm 2 . Xe_đậu cả ở ngã 3 ngã 4 , lối cho người đi bộ 3 . Dân tự_ý kẻ vẽ , chặn gạch thành chỗ đậu xe cá_nhân ngày trên lòng_đường . Vấn_đề này gây kẹt xe , mất an_toàn giao_thông , ảnh_hưởng đến mỹ_quan đô_thị gây bất_bình cho dư_luận . Đã phản_ánh nhiều lần và kéo_dài chưa được giải_quyết . Đề_nghị chính_quyền và các cơ_quan_chức nằng có những biện_pháp cụ_thể đảm_bảo giao_thông và văn_hoá đô_thị .","ngõ 42 , phố sài đồng . một trong những nhánh đường giao_thông huyễt mạch của phường phúc_lợi . có biển cấm đỗ xe nhưng 2 bên đường_đã biến thành bãi đậu xe : 1 . xe_đậu 2 bên đường ngày và đêm 2 . xe_đậu cả ở ngã 3 ngã 4 , lối cho người đi bộ 3 . dân tự_ý kẻ vẽ , chặn gạch thành chỗ đậu xe cá_nhân ngày trên lòng_đường . vấn_đề này gây kẹt xe , mất an_toàn giao_thông , ảnh_hưởng đến mỹ_quan đô_thị gây bất_bình cho dư_luận . đã phản_ánh nhiều lần và kéo_dài chưa được giải_quyết . đề_nghị chính_quyền và các cơ_quan_chức nằng có những biện_pháp cụ_thể đảm_bảo giao_thông và văn_hoá đô_thị .",False
265723,Ha Noi,congdanso_hanoi,20,,"Đoạn đường từ Trạm y tế Dân Hoà cũ lên ngã tư Vác có biển cấm oto đi vào nhưng vẫn có nhiều phương tiện vi phạm ngang nhiên, gây cản trở giao thông. Trong hình là xe 30B-038.57 vi phạm hồi 8h15 ngày 10/04/2026",". Đoạn đường từ Trạm y tế Dân Hoà cũ lên ngã tư Vác có biển cấm oto đi vào nhưng vẫn có nhiều phương tiện vi phạm ngang nhiên, gây cản trở giao thông. Trong hình là xe 30B-038.57 vi phạm hồi 8h15 ngày 10/04/2026",https://congdanso.hanoi.gov.vn/phan-anh/xe-o-to-30b-03857-di-vao-duong-cam-265723,"Đoạn đường từ Trạm y tế Dân Hoà cũ lên ngã tư Vác có biển cấm oto đi vào nhưng vẫn có nhiều phương tiện vi phạm ngang nhiên, gây cản trở giao thông. Trong hình là xe 30B-038.57 vi phạm hồi 8h15 ngày 10/04/2026","Đoạn đường từ Trạm y tế Dân Hoà cũ lên ngã tư Vác có biển cấm oto đi vào nhưng vẫn có nhiều phương tiện vi phạm ngang nhiên, gây cản trở giao thông. Trong hình là xe 30B-038. 57 vi phạm hồi 8h15 ngày 10/04/2026","Đoạn_đường từ Trạm y_tế Dân_Hoà cũ lên ngã tư Vác có biển cấm oto đi vào nhưng vẫn có nhiều phương_tiện vi_phạm ngang_nhiên , gây cản_trở giao_thông . Trong hình là xe 30B - 038 . 57 vi_phạm hồi 8h15 ngày 10 / 04 / 2026","đoạn_đường từ trạm y_tế dân_hoà cũ lên ngã tư vác có biển cấm oto đi vào nhưng vẫn có nhiều phương_tiện vi_phạm ngang_nhiên , gây cản_trở giao_thông . trong hình là xe 30b - 038 . 57 vi_phạm hồi 8h15 ngày 10 / 04 / 2026",False
270182,Ha Noi,congdanso_hanoi,20,,"Hiện nay, tuyến đường từ Tân Phú đi Đại Tảo (xã Đại Thành cũ) đang trong tình trạng hư hỏng; mặt đường hẹp, nhiều đoạn bong tróc, lún nứt. Trong khi đó, lưu lượng người và phương tiện qua lại trên tuyến ngày càng tăng cao do nhu cầu đi lại, giao thương và vận chuyển hàng hóa của người dân trong khu vực. Vì vậy, việc đầu tư cải tạo, nâng cấp và mở rộng tuyến đường nêu trên là hết sức cần thiết. Đề nghị cơ quan có thẩm quyền quan tâm xem xét, bố trí nguồn vốn để triển khai thực hiện dự án, nhằm đảm bảo an toàn giao thông, tạo điều kiện thuận lợi cho phát triển kinh tế - xã hội của địa phương, đồng thời nâng cao chất lượng đời sống của nhân dân.",". Hiện nay, tuyến đường từ Tân Phú đi Đại Tảo (xã Đại Thành cũ) đang trong tình trạng hư hỏng; mặt đường hẹp, nhiều đoạn bong tróc, lún nứt. Trong khi đó, lưu lượng người và phương tiện qua lại trên tuyến ngày càng tăng cao do nhu cầu đi lại, giao thương và vận chuyển hàng hóa của người dân trong khu vực. Vì vậy, việc đầu tư cải tạo, nâng cấp và mở rộng tuyến đường nêu trên là hết sức cần thiết. Đề nghị cơ quan có thẩm quyền quan tâm xem xét, bố trí nguồn vốn để triển khai thực hiện dự án, nhằm đảm bảo an toàn giao thông, tạo điều kiện thuận lợi cho phát triển kinh tế - xã hội của địa phương, đồng thời nâng cao chất lượng đời sống của nhân dân.",https://congdanso.hanoi.gov.vn/phan-anh/ve-viec-cai-tao-mo-rong-tuyen-duong-tan-phu-di-dai-tao-270182,"Hiện nay, tuyến đường từ Tân Phú đi Đại Tảo (xã Đại Thành cũ) đang trong tình trạng hư hỏng; mặt đường hẹp, nhiều đoạn bong tróc, lún nứt. Trong khi đó, lưu lượng người và phương tiện qua lại trên tuyến ngày càng tăng cao do nhu cầu đi lại, giao thương và vận chuyển hàng hóa của người dân trong khu vực. Vì vậy, việc đầu tư cải tạo, nâng cấp và mở rộng tuyến đường nêu trên là hết sức cần thiết. Đề nghị cơ quan có thẩm quyền quan tâm xem xét, bố trí nguồn vốn để triển khai thực hiện dự án, nhằm đảm bảo an toàn giao thông, tạo điều kiện thuận lợi cho phát triển kinh tế - xã hội của địa phương, đồng thời nâng cao chất lượng đời sống của nhân dân.","Hiện nay, tuyến đường từ Tân Phú đi Đại Tảo (xã Đại Thành cũ) đang trong tình trạng hư hỏng; mặt đường hẹp, nhiều đoạn bong tróc, lún nứt. Trong khi đó, lưu lượng người và phương tiện qua lại trên tuyến ngày càng tăng cao do nhu cầu đi lại, giao thương và vận chuyển hàng hóa của người dân trong khu vực. Vì vậy, việc đầu tư cải tạo, nâng cấp và mở rộng tuyến đường nêu trên là hết sức cần thiết. Đề nghị cơ quan có thẩm quyền quan tâm xem xét, bố trí nguồn vốn để triển khai thực hiện dự án, nhằm đảm bảo an toàn giao thông, tạo điều kiện thuận lợi cho phát triển kinh tế - xã hội của địa phương, đồng thời nâng cao chất lượng đời sống của nhân dân.","Hiện_nay , tuyến đường từ Tân_Phú_đi_Đại_Tảo ( xã Đại_Thành cũ ) đang trong tình_trạng hư_hỏng ; mặt_đường hẹp , nhiều đoạn bong tróc , lún nứt . Trong khi đó , lưu_lượng người và phương_tiện qua_lại trên tuyến ngày_càng tăng cao do nhu_cầu đi_lại , giao_thương và vận_chuyển hàng_hóa của người dân trong khu_vực . Vì_vậy , việc đầu_tư cải_tạo , nâng_cấp và mở_rộng tuyến đường nêu trên là hết_sức cần_thiết . Đề_nghị cơ_quan có thẩm_quyền quan_tâm xem_xét , bố_trí nguồn vốn để triển_khai thực_hiện dự_án , nhằm đảm_bảo_an_toàn giao_thông , tạo điều_kiện thuận_lợi cho phát_triển kinh_tế - xã_hội của địa_phương , đồng_thời nâng cao chất_lượng đời_sống của nhân_dân .","hiện_nay , tuyến đường từ tân_phú_đi_đại_tảo ( xã đại_thành cũ ) đang trong tình_trạng hư_hỏng ; mặt_đường hẹp , nhiều đoạn bong tróc , lún nứt . trong khi đó , lưu_lượng người và phương_tiện qua_lại trên tuyến ngày_càng tăng cao do nhu_cầu đi_lại , giao_thương và vận_chuyển hàng_hóa của người dân trong khu_vực . vì_vậy , việc đầu_tư cải_tạo , nâng_cấp và mở_rộng tuyến đường nêu trên là hết_sức cần_thiết . đề_nghị cơ_quan có thẩm_quyền quan_tâm xem_xét , bố_trí nguồn vốn để triển_khai thực_hiện dự_án , nhằm đảm_bảo_an_toàn giao_thông , tạo điều_kiện thuận_lợi cho phát_triển kinh_tế - xã_hội của địa_phương , đồng_thời nâng cao chất_lượng đời_sống của nhân_dân .",False
267683,Ha Noi,congdanso_hanoi,20,,"Đề nghị cơ quan chức năng xử lý nghiêm trường hợp cố tình đỗ xe trên vạch ưu tiên phần đường cho người đi bộ sang đường. Ảnh chụp 8h15, ngày 15/04/2025 Địa điểm 25 Tô Hiến Thành - Hai Bà Trưng - Hà Nội",". Đề nghị cơ quan chức năng xử lý nghiêm trường hợp cố tình đỗ xe trên vạch ưu tiên phần đường cho người đi bộ sang đường. Ảnh chụp 8h15, ngày 15/04/2025 Địa điểm 25 Tô Hiến Thành - Hai Bà Trưng - Hà Nội",https://congdanso.hanoi.gov.vn/phan-anh/xe-do-de-lan-tren-vach-uu-tien-cho-nguoi-di-bo-sang-duong-267683,"Đề nghị cơ quan chức năng xử lý nghiêm trường hợp cố tình đỗ xe trên vạch ưu tiên phần đường cho người đi bộ sang đường. Ảnh chụp 8h15, ngày 15/04/2025 Địa điểm 25 Tô Hiến Thành - Hai Bà Trưng - Hà Nội","Đề nghị cơ quan chức năng xử lý nghiêm trường hợp cố tình đỗ xe trên vạch ưu tiên phần đường cho người đi bộ sang đường. Ảnh chụp 8h15, ngày 15/04/2025 Địa điểm 25 Tô Hiến Thành - Hai Bà Trưng - Hà Nội","Đề_nghị cơ_quan_chức_năng xử_lý nghiêm trường_hợp cố_tình đỗ xe trên vạch ưu_tiên phần đường cho người đi bộ sang đường . Ảnh chụp 8h15 , ngày 15 / 04 / 2025 Địa_điểm 25 Tô_Hiến_Thành - Hai_Bà_Trưng - Hà_Nội","đề_nghị cơ_quan_chức_năng xử_lý nghiêm trường_hợp cố_tình đỗ xe trên vạch ưu_tiên phần đường cho người đi bộ sang đường . ảnh chụp 8h15 , ngày 15 / 04 / 2025 địa_điểm 25 tô_hiến_thành - hai_bà_trưng - hà_nội",False
