id,city,source,page,title,content,full_text,url
267033,Ha Noi,congdanso_hanoi,1,,"Đầu ngách 108 ngõ 93 Hoàng Văn Thái thường xuyên có xe đỗ, có hôm thì để tập trung rất nhiều rác, gây cản trở giao thông đi lại. Kính mong các cơ quan xem xét.",". Đầu ngách 108 ngõ 93 Hoàng Văn Thái thường xuyên có xe đỗ, có hôm thì để tập trung rất nhiều rác, gây cản trở giao thông đi lại. Kính mong các cơ quan xem xét.",https://congdanso.hanoi.gov.vn/phan-anh/do-xe-gay-can-tro-giao-thong-ngo-93-hoang-van-thai-267033
273212,Ha Noi,congdanso_hanoi,1,,"Tôi xin phản ánh và kiến nghị một số nội dung liên quan đến việc tổ chức giao thông tại khu vực tuyến đường mòn Xuân Thụy (song song QL5B), đoạn kết nối qua hầm chui ra đường Lê Trần Cẩn, hướng đi khu đô thị Vinhomes Ocean Park 2, cụ thể như sau: 1. Thực trạng: Hiện nay, tuyến đường mòn Xuân Thụy vẫn chưa được hoàn thiện đồng bộ. Khi di chuyển đến cuối tuyến, người dân buộc phải đi qua hầm chui, sau đó ra đường Lê Trần Cẩn để tiếp tục di chuyển. Tuy nhiên, thời gian gần đây, cơ quan chức năng đã lắp đặt nhiều biển báo “đường một chiều” trên tuyến đường này. Việc cắm biển dẫn đến tình trạng người dân không thể di chuyển theo lộ trình thuận tiện như trước đây, nếu không muốn vi phạm giao thông. Để đi đúng luật, người dân buộc phải rẽ vào ngõ 432 Kiêu Kỵ và đi vòng một quãng đường xa mới có thể quay lại hướng đi về Ocean Park 2, gây bất tiện và kéo dài thời gian di chuyển. 2. Bất cập: Hạ tầng giao thông tại khu vực chưa hoàn thiện nhưng đã áp dụng tổ chức giao thông hạn chế (một chiều), chưa phù hợp với thực tế đi lại. Trước khi cắm biển, khu vực này không phát sinh ùn tắc hoặc tai nạn đáng kể. Việc thiếu biển chỉ dẫn rõ ràng khiến người dân lúng túng, dễ vô tình vi phạm quy định giao thông. 3. Kiến nghị: Kính đề nghị Quý Cơ quan: Có văn bản hướng dẫn cụ thể lộ trình di chuyển hợp pháp, thuận tiện cho người dân tại khu vực nêu trên; Xem xét điều chỉnh lại phương án tổ chức giao thông (biển báo một chiều) cho phù hợp với điều kiện hạ tầng thực tế; Trường hợp cần thiết, bổ sung biển chỉ dẫn chi tiết để người dân dễ dàng nhận biết và chấp hành đúng quy định.",". Tôi xin phản ánh và kiến nghị một số nội dung liên quan đến việc tổ chức giao thông tại khu vực tuyến đường mòn Xuân Thụy (song song QL5B), đoạn kết nối qua hầm chui ra đường Lê Trần Cẩn, hướng đi khu đô thị Vinhomes Ocean Park 2, cụ thể như sau: 1. Thực trạng: Hiện nay, tuyến đường mòn Xuân Thụy vẫn chưa được hoàn thiện đồng bộ. Khi di chuyển đến cuối tuyến, người dân buộc phải đi qua hầm chui, sau đó ra đường Lê Trần Cẩn để tiếp tục di chuyển. Tuy nhiên, thời gian gần đây, cơ quan chức năng đã lắp đặt nhiều biển báo “đường một chiều” trên tuyến đường này. Việc cắm biển dẫn đến tình trạng người dân không thể di chuyển theo lộ trình thuận tiện như trước đây, nếu không muốn vi phạm giao thông. Để đi đúng luật, người dân buộc phải rẽ vào ngõ 432 Kiêu Kỵ và đi vòng một quãng đường xa mới có thể quay lại hướng đi về Ocean Park 2, gây bất tiện và kéo dài thời gian di chuyển. 2. Bất cập: Hạ tầng giao thông tại khu vực chưa hoàn thiện nhưng đã áp dụng tổ chức giao thông hạn chế (một chiều), chưa phù hợp với thực tế đi lại. Trước khi cắm biển, khu vực này không phát sinh ùn tắc hoặc tai nạn đáng kể. Việc thiếu biển chỉ dẫn rõ ràng khiến người dân lúng túng, dễ vô tình vi phạm quy định giao thông. 3. Kiến nghị: Kính đề nghị Quý Cơ quan: Có văn bản hướng dẫn cụ thể lộ trình di chuyển hợp pháp, thuận tiện cho người dân tại khu vực nêu trên; Xem xét điều chỉnh lại phương án tổ chức giao thông (biển báo một chiều) cho phù hợp với điều kiện hạ tầng thực tế; Trường hợp cần thiết, bổ sung biển chỉ dẫn chi tiết để người dân dễ dàng nhận biết và chấp hành đúng quy định.",https://congdanso.hanoi.gov.vn/phan-anh/cam-bien-mot-chieu-bat-hop-ly-273212
272599,Ha Noi,congdanso_hanoi,1,,"xe ô tô BKS 30B 024.90 liên tục đỗ xe nhiều ngày, hơn 1 tháng nay tại khu vực biển Cấm đỗ trước cửa nhà văn hoá KDC Nam Thăng Long 1 và 3, ngõ 20, phố Nguỵ Như Kon Tum, phường Thanh Xuân. Kính đề nghị cơ quan chức năng xử lí theo đúng quy định Pháp Luật",". xe ô tô BKS 30B 024.90 liên tục đỗ xe nhiều ngày, hơn 1 tháng nay tại khu vực biển Cấm đỗ trước cửa nhà văn hoá KDC Nam Thăng Long 1 và 3, ngõ 20, phố Nguỵ Như Kon Tum, phường Thanh Xuân. Kính đề nghị cơ quan chức năng xử lí theo đúng quy định Pháp Luật",https://congdanso.hanoi.gov.vn/phan-anh/xe-o-to-lien-tuc-do-nhieu-ngay-tai-khu-vuc-bien-cam-do-272599
270199,Ha Noi,congdanso_hanoi,1,,"Xe hàng rong bán hoa này ngày nào cũng bán vào giờ cao điểm sáng tại lối vào đường Văn Tân kđt Linh Đàm, ngay sát chung cư Hud 3. Lối rẽ này thường có ô tô đi vào và xe đưa đón con đi học của phụ huynh . Bán ở đây tiềm ẩn mất ATGT cho người mua hoa và các phương tiện đi lại. Đề nghị CAP kiểm tra và nhắc nhở.",". Xe hàng rong bán hoa này ngày nào cũng bán vào giờ cao điểm sáng tại lối vào đường Văn Tân kđt Linh Đàm, ngay sát chung cư Hud 3. Lối rẽ này thường có ô tô đi vào và xe đưa đón con đi học của phụ huynh . Bán ở đây tiềm ẩn mất ATGT cho người mua hoa và các phương tiện đi lại. Đề nghị CAP kiểm tra và nhắc nhở.",https://congdanso.hanoi.gov.vn/phan-anh/xe-ban-hang-rong-ngay-nao-cung-xuat-hien-tai-diem-re-dvan-tan-linh-dam-270199
271447,Ha Noi,congdanso_hanoi,1,,Kính gửi công an Xã Quảng Oai Trục đường xã Cam Thượng cũ sang xã Đường lâm cũ đường cấm xe tổng trọng tải 6 tấn ? Thế mà bao nhiêu xe vượt tổng trọng tải đi vào đường ủy ban xã Cam thượng cũ gây ác tắc giao thông khi giờ học sinh đi học và tan học mong Công an xã Quảng Oai hay đi tuần tra để bà con yên tâm,. Kính gửi công an Xã Quảng Oai Trục đường xã Cam Thượng cũ sang xã Đường lâm cũ đường cấm xe tổng trọng tải 6 tấn ? Thế mà bao nhiêu xe vượt tổng trọng tải đi vào đường ủy ban xã Cam thượng cũ gây ác tắc giao thông khi giờ học sinh đi học và tan học mong Công an xã Quảng Oai hay đi tuần tra để bà con yên tâm,https://congdanso.hanoi.gov.vn/phan-anh/vi-pham-giao-thong-271447
272892,Ha Noi,congdanso_hanoi,1,,"Kính gửi cơ quan chức năng. Hiện tại tại khu vực ngõ 6 Miêu Nha, Xuân Phương, Hà Nội (Đoạn gần chùa, sân vui chơi) đang xảy ra tình trạng nhiều phương tiện ô tô đỗ sai quy định, lấn chiếm lòng đường trong ngõ, gây cản trở giao thông và tiềm ẩn nguy cơ mất an toàn cho người dân. Tình trạng này diễn ra thường xuyên, đặc biệt vào các khung giờ cao điểm và buổi tối, khiến việc đi lại của người dân gặp nhiều khó khăn. Kính đề nghị cơ quan chức năng kiểm tra, xử lý và có biện pháp chấn chỉnh kịp thời để đảm bảo trật tự an toàn giao thông tại khu vực. Xin trân trọng cảm ơn!",". Kính gửi cơ quan chức năng. Hiện tại tại khu vực ngõ 6 Miêu Nha, Xuân Phương, Hà Nội (Đoạn gần chùa, sân vui chơi) đang xảy ra tình trạng nhiều phương tiện ô tô đỗ sai quy định, lấn chiếm lòng đường trong ngõ, gây cản trở giao thông và tiềm ẩn nguy cơ mất an toàn cho người dân. Tình trạng này diễn ra thường xuyên, đặc biệt vào các khung giờ cao điểm và buổi tối, khiến việc đi lại của người dân gặp nhiều khó khăn. Kính đề nghị cơ quan chức năng kiểm tra, xử lý và có biện pháp chấn chỉnh kịp thời để đảm bảo trật tự an toàn giao thông tại khu vực. Xin trân trọng cảm ơn!",https://congdanso.hanoi.gov.vn/phan-anh/de-xe-lan-chiem-duong-gay-can-tro-giao-thong-phan-anh-kien-nghi-lan-2-272892
273256,Ha Noi,congdanso_hanoi,1,,Các xe đỗ gây cản trở giao thông ở cổng trường tiểu học lê trọng tấn,. Các xe đỗ gây cản trở giao thông ở cổng trường tiểu học lê trọng tấn,https://congdanso.hanoi.gov.vn/phan-anh/can-tro-giao-thong-273256
271297,Ha Noi,congdanso_hanoi,1,,Ô tô đỗ cổng trường tiểu học lê trọng tấn gây ách tắc giao thông nguy hiểm cho các cháu học sinh đi học,. Ô tô đỗ cổng trường tiểu học lê trọng tấn gây ách tắc giao thông nguy hiểm cho các cháu học sinh đi học,https://congdanso.hanoi.gov.vn/phan-anh/phan-anh-tai-to-5-yen-nghia-canh-truong-tieu-hoc-le-trong-tan-271297
272876,Ha Noi,congdanso_hanoi,1,,"Từ lâu con đường Đản Dị, Đông Anh bị các hộ kinh doanh hai bên đường lấn chiếm vỉa hè, đỗ ô tô dưới lòng đường gây cản trở giao thông nhất là vào giờ cao điểm. Đề nghị các cấp thẩm quyền dẹp tình trạng trên. Xin chân thành cảm ơn!",". Từ lâu con đường Đản Dị, Đông Anh bị các hộ kinh doanh hai bên đường lấn chiếm vỉa hè, đỗ ô tô dưới lòng đường gây cản trở giao thông nhất là vào giờ cao điểm. Đề nghị các cấp thẩm quyền dẹp tình trạng trên. Xin chân thành cảm ơn!",https://congdanso.hanoi.gov.vn/phan-anh/lan-chiem-via-he-o-to-do-duoi-long-duong-gay-can-tro-giao-thong-va-nguoi-di-bo-272876
272842,Ha Noi,congdanso_hanoi,1,,"Hiện nay khu vực bên chân cầu đông trù thuộc địa phận xã đông anh, hà nội chưa có cầu/hầm đi bộ khiến người dân (bên phía trường tiểu học đông hội) gặp khó khăn và nguy hiểm trong việc đi sang bên phía đường đối diện phải băng qua quốc lộ 5. Do đó đề nghị cấp có thẩm quyền nghiên cứu, xây dựng cầu/hầm đi bộ để bảo đảm an toàn cho người dân",". Hiện nay khu vực bên chân cầu đông trù thuộc địa phận xã đông anh, hà nội chưa có cầu/hầm đi bộ khiến người dân (bên phía trường tiểu học đông hội) gặp khó khăn và nguy hiểm trong việc đi sang bên phía đường đối diện phải băng qua quốc lộ 5. Do đó đề nghị cấp có thẩm quyền nghiên cứu, xây dựng cầu/hầm đi bộ để bảo đảm an toàn cho người dân",https://congdanso.hanoi.gov.vn/phan-anh/de-nghi-xay-dung-cau-di-bo-dan-sinh-272842
270214,Ha Noi,congdanso_hanoi,2,,"Thành phố đang quyết liệt thực hiện chỉ đạo của Thành Uỷ về tháo gỡ 5 điểm nghẽn pt Thành phố. Dù vậy, tại số 3 Vũ Phạm Hàm, phường Yên Hoà có điểm vi phạm trật tự, an toàn giao thông tồn tại nhiều năm nay. Hai đơn vị kinh doanh vận tải và bán xe ô tô hàng ngày vẫn đỗ xe trên vỉa hè và lòng đường ngay sau biển cấm. Thậm chí đỗ xe ngay điểm dừng đón trả khách của xe Buýt. Tình trạng trên kéo dài nhiều năm nay , nhưng chưa có cơ quan hữu trách nào xử lý. Gây tình trạng ách tắc, mất an toàn giao thông. Gây cản trở khó khăn cho người tham gia giao thông, người dân bức xúc. Đề nghị các cơ quan quản lý nhà nước sớm xử lý dứt điểm tình trạng này. Thực hiện đúng chỉ đạo của Thành Uỷ và Đồng chí Giám Đốc Công an Thành phố!",". Thành phố đang quyết liệt thực hiện chỉ đạo của Thành Uỷ về tháo gỡ 5 điểm nghẽn pt Thành phố. Dù vậy, tại số 3 Vũ Phạm Hàm, phường Yên Hoà có điểm vi phạm trật tự, an toàn giao thông tồn tại nhiều năm nay. Hai đơn vị kinh doanh vận tải và bán xe ô tô hàng ngày vẫn đỗ xe trên vỉa hè và lòng đường ngay sau biển cấm. Thậm chí đỗ xe ngay điểm dừng đón trả khách của xe Buýt. Tình trạng trên kéo dài nhiều năm nay , nhưng chưa có cơ quan hữu trách nào xử lý. Gây tình trạng ách tắc, mất an toàn giao thông. Gây cản trở khó khăn cho người tham gia giao thông, người dân bức xúc. Đề nghị các cơ quan quản lý nhà nước sớm xử lý dứt điểm tình trạng này. Thực hiện đúng chỉ đạo của Thành Uỷ và Đồng chí Giám Đốc Công an Thành phố!",https://congdanso.hanoi.gov.vn/phan-anh/xe-do-trai-phep-lan-chiem-long-duong-via-he-270214
271068,Ha Noi,congdanso_hanoi,2,,tại ngã tư himlam xã thường tín liên tiếp sẩy ra tai nạn nghiêm trọng làm chết người . mà hệ thống đèn giao thông đã lắp đặt nhưng không đưa vào hoạt động. đã phản ánh lần thứ 2 nhưng vẫn chưa đưa vào hoạt động khiến nhân dân bức súc. lại thêm mộn mạng người ai la người đứng ra chịu trách nhiệm về hệ thống giao thông tại ngã tư điểm đen này.,. tại ngã tư himlam xã thường tín liên tiếp sẩy ra tai nạn nghiêm trọng làm chết người . mà hệ thống đèn giao thông đã lắp đặt nhưng không đưa vào hoạt động. đã phản ánh lần thứ 2 nhưng vẫn chưa đưa vào hoạt động khiến nhân dân bức súc. lại thêm mộn mạng người ai la người đứng ra chịu trách nhiệm về hệ thống giao thông tại ngã tư điểm đen này.,https://congdanso.hanoi.gov.vn/phan-anh/phan-anh-lan-thu-2-271068
270984,Ha Noi,congdanso_hanoi,2,,"Phản ánh nhiều lần mà cơ quan giao thông không xử lý , ngã 4 từ Bằng Liệt ra Phạm Tu ( nhất là trời mưa)",". Phản ánh nhiều lần mà cơ quan giao thông không xử lý , ngã 4 từ Bằng Liệt ra Phạm Tu ( nhất là trời mưa)",https://congdanso.hanoi.gov.vn/phan-anh/de-nghi-nap-den-giao-thong-hoac-co-can-bo-dung-phan-lan-hang-ngay-270984
269972,Ha Noi,congdanso_hanoi,2,,Xin hỏi cắm biển thế này thì đi đường nào vào Hàng Đào? hay biển phụ bị rơi mất chưa kịp lắp lại?,. Xin hỏi cắm biển thế này thì đi đường nào vào Hàng Đào? hay biển phụ bị rơi mất chưa kịp lắp lại?,https://congdanso.hanoi.gov.vn/phan-anh/bien-bao-ko-hop-ly-269972
273508,Ha Noi,congdanso_hanoi,2,,Kính gửi sở giao thông vận tải Hà Nội. Đề nghị sở GTVT Hà Nội nghiên cứu cho các phương tiện vòng ngược lại đường văn tiến dũng tránh tắc dài vào đầu giờ sáng và tan làm buổi chiều. Trân trọng cám ơn,. Kính gửi sở giao thông vận tải Hà Nội. Đề nghị sở GTVT Hà Nội nghiên cứu cho các phương tiện vòng ngược lại đường văn tiến dũng tránh tắc dài vào đầu giờ sáng và tan làm buổi chiều. Trân trọng cám ơn,https://congdanso.hanoi.gov.vn/phan-anh/de-nghi-273508
274201,Ha Noi,congdanso_hanoi,2,,"Trước kia đoạn đường chưa được đầu tư nâng cấp vẫn có lối dành cho người đi bộ sang bên đường để bắt xe bus, nay đường đươc đầu tư lại nhưng bị rào chắn bởi dải phân cách cứng và rào thêm hàng sắt cao người đi ko có lối sang phải trèo sang đường rất nguy hiểm và mất mỹ quan đô thị thiết nghĩ sở GTVT nên có phương án mở lối nhỏ cho người đi bộ sang cho thuận tiện hơn ,xin cảm ơn.",". Trước kia đoạn đường chưa được đầu tư nâng cấp vẫn có lối dành cho người đi bộ sang bên đường để bắt xe bus, nay đường đươc đầu tư lại nhưng bị rào chắn bởi dải phân cách cứng và rào thêm hàng sắt cao người đi ko có lối sang phải trèo sang đường rất nguy hiểm và mất mỹ quan đô thị thiết nghĩ sở GTVT nên có phương án mở lối nhỏ cho người đi bộ sang cho thuận tiện hơn ,xin cảm ơn.",https://congdanso.hanoi.gov.vn/phan-anh/khong-co-loi-danh-cho-nguoi-di-bo-qua-duong-sang-bat-bus-phai-treo-giai-phan-cach-274201
270721,Ha Noi,congdanso_hanoi,2,,"Cách thiết lập đèn đỏ quanh ngã tư này bất hợp lý, gây ùn tắc giao thông nghiêm trọng nhiều tháng mà không được xem xét giải quyết nút giao thông này. Tôi là người ít qua chỗ này nhưng đã thấy vô lý khi đặt đèn đỏ và xanh chuyển đổi. Có nhiều nút giao thông ở Hà Nội tương tư vậy. Mong các cán bộ giao thông thường xuyên đi hiện trường, tăng trải nghiệm thực tế để cài đặt chuyển tiếp xanh đỏ cho phù hợp. Việc này xử lý rất nhanh không phải đào bới, xây sửa mất công sức nhiều, nhưg xem xét kỹ lưỡng thiết kế đèn xanh đỏ hợp lý lại đem lại hiệu quả rất lớn.",". Cách thiết lập đèn đỏ quanh ngã tư này bất hợp lý, gây ùn tắc giao thông nghiêm trọng nhiều tháng mà không được xem xét giải quyết nút giao thông này. Tôi là người ít qua chỗ này nhưng đã thấy vô lý khi đặt đèn đỏ và xanh chuyển đổi. Có nhiều nút giao thông ở Hà Nội tương tư vậy. Mong các cán bộ giao thông thường xuyên đi hiện trường, tăng trải nghiệm thực tế để cài đặt chuyển tiếp xanh đỏ cho phù hợp. Việc này xử lý rất nhanh không phải đào bới, xây sửa mất công sức nhiều, nhưg xem xét kỹ lưỡng thiết kế đèn xanh đỏ hợp lý lại đem lại hiệu quả rất lớn.",https://congdanso.hanoi.gov.vn/phan-anh/de-nghi-dieu-chinh-thiet-lap-den-do-270721
270143,Ha Noi,congdanso_hanoi,2,,"Đây là điểm giao nhau Yên Phụ - Cửa Bắc, và nó giao nhau 50m trước đèn đỏ. Luôn luôn có tình trạng xe rẽ trái từ Yên Phụ đan xen với xe đi thẳng và rẽ phải từ cầu vượt Thanh Niên đổ xuống. Bài học tắc đường vì nhập làn đột ngột này rất phổ biến như đường trên cao xuống ngã tư sở. Kiến nghị việc nhập làn phải thực hiện từ xa, tức là khi xuống cầu vượt, phải có làn chuyển rẽ phải luôn vào Yên Phụ, để tạo làn taxi dài khoảng 500m cho xe ổn định hướng đi, không bị đan xen vào nhau.",". Đây là điểm giao nhau Yên Phụ - Cửa Bắc, và nó giao nhau 50m trước đèn đỏ. Luôn luôn có tình trạng xe rẽ trái từ Yên Phụ đan xen với xe đi thẳng và rẽ phải từ cầu vượt Thanh Niên đổ xuống. Bài học tắc đường vì nhập làn đột ngột này rất phổ biến như đường trên cao xuống ngã tư sở. Kiến nghị việc nhập làn phải thực hiện từ xa, tức là khi xuống cầu vượt, phải có làn chuyển rẽ phải luôn vào Yên Phụ, để tạo làn taxi dài khoảng 500m cho xe ổn định hướng đi, không bị đan xen vào nhau.",https://congdanso.hanoi.gov.vn/phan-anh/diem-giao-nhau-tac-nghen-270143
271430,Ha Noi,congdanso_hanoi,2,,Tại cửa trường học Toronto hàng ngày có rất nhiều xe oto đến đỗ từ sáng sớm đến tối gây ùn tắc giao thông và mất an toàn cho học sinh . Đề nghị cơ quan chúc năng kiểm trả sử lý,. Tại cửa trường học Toronto hàng ngày có rất nhiều xe oto đến đỗ từ sáng sớm đến tối gây ùn tắc giao thông và mất an toàn cho học sinh . Đề nghị cơ quan chúc năng kiểm trả sử lý,https://congdanso.hanoi.gov.vn/phan-anh/do-xe-can-tro-loi-ra-vao-truong-hoc-271430
235984,Ha Noi,congdanso_hanoi,2,,Hai xe máy di chuyển rất ẩu trên làn ô tô gây nguy hiểm cho tài xế,. Hai xe máy di chuyển rất ẩu trên làn ô tô gây nguy hiểm cho tài xế,https://congdanso.hanoi.gov.vn/phan-anh/hai-xe-may-di-chuyen-len-lan-o-to-cau-thang-long-235984
271194,Ha Noi,congdanso_hanoi,3,,Đường Đinh Núp rất nhiều xe đỗ theo chiều đường có biển cấm đỗ gây cản trở giao thông và rất dễ xảy ra tai nạn.,. Đường Đinh Núp rất nhiều xe đỗ theo chiều đường có biển cấm đỗ gây cản trở giao thông và rất dễ xảy ra tai nạn.,https://congdanso.hanoi.gov.vn/phan-anh/do-xe-gay-can-tro-giao-thong-271194
272661,Ha Noi,congdanso_hanoi,3,,"Theo phương án phân luồng nút giao Cổ Linh Đàm Quang Trung phục vụ thi công hầm chui Cổ Linh. Cơ quan chức năng đặt biển hạn chế tốc độ ô tô 40km tại vị trí cách rào chắn 200m rất bất hợp lý và tiềm ẩn nguy cơ tai nạn giao thông vì nguyên nhân sau đây: Tốc độ tối đa trên cầu đối với ô tô là 60km/h, việc đặt biển giảm còn 40km/h rất bất hợp lý khi ô tô đang xuống dốc, dễ gây tai nạn liên hoàn. Đề nghị nghiên cứu lại tốc độ hạn chế còn 50km/h là phù hợp.",". Theo phương án phân luồng nút giao Cổ Linh Đàm Quang Trung phục vụ thi công hầm chui Cổ Linh. Cơ quan chức năng đặt biển hạn chế tốc độ ô tô 40km tại vị trí cách rào chắn 200m rất bất hợp lý và tiềm ẩn nguy cơ tai nạn giao thông vì nguyên nhân sau đây: Tốc độ tối đa trên cầu đối với ô tô là 60km/h, việc đặt biển giảm còn 40km/h rất bất hợp lý khi ô tô đang xuống dốc, dễ gây tai nạn liên hoàn. Đề nghị nghiên cứu lại tốc độ hạn chế còn 50km/h là phù hợp.",https://congdanso.hanoi.gov.vn/phan-anh/de-nghi-dieu-chinh-bien-bao-han-che-toc-do-o-to-40kmh-bat-hop-ly-tai-chan-cau-vinh-tuy-huong-long-bien-272661
269952,Ha Noi,congdanso_hanoi,3,,Kính gửi ubnd thành phố Hà Nội Sở xây dựng thành phố hà nội Tôi có đề nghị tới các cơ quan chức năng nghiên cứu bỏ biển cấm 1 chiều hoặc chỉ cấm 1 chiều đối với ô tô từ đoạn đường vũ đình tụng phường long biên đi qua cống chui dân sinh về tổ dân phố an lạc xã Gia Lâm vì đây là đoạn đường huyết mạch để người dân di chuyển giữa 2 địa bàn xã Gia Lâm và phường Long biên hàng ngày lượng phương tiện xe máy lưu thông qua đây rất lớn!nếu không đi đường này người dân chúng tôi sẽ phải di chuyển thêm từ 2-4km để đi đến được nơi học tập và làm việc thuộc 2 địa bàn trên! Kính mong cơ quan chức năng có thẩm quyền nghiên cứu bỏ biển cấm 1 chiều hướng từ đường Vũ Đình Tụng về tdp An Lạc xã Gia Lâm để tạo thuận tiện di chuyển cho người dân! Tôi xin cảm ơn!,. Kính gửi ubnd thành phố Hà Nội Sở xây dựng thành phố hà nội Tôi có đề nghị tới các cơ quan chức năng nghiên cứu bỏ biển cấm 1 chiều hoặc chỉ cấm 1 chiều đối với ô tô từ đoạn đường vũ đình tụng phường long biên đi qua cống chui dân sinh về tổ dân phố an lạc xã Gia Lâm vì đây là đoạn đường huyết mạch để người dân di chuyển giữa 2 địa bàn xã Gia Lâm và phường Long biên hàng ngày lượng phương tiện xe máy lưu thông qua đây rất lớn!nếu không đi đường này người dân chúng tôi sẽ phải di chuyển thêm từ 2-4km để đi đến được nơi học tập và làm việc thuộc 2 địa bàn trên! Kính mong cơ quan chức năng có thẩm quyền nghiên cứu bỏ biển cấm 1 chiều hướng từ đường Vũ Đình Tụng về tdp An Lạc xã Gia Lâm để tạo thuận tiện di chuyển cho người dân! Tôi xin cảm ơn!,https://congdanso.hanoi.gov.vn/phan-anh/bien-bao-giao-thong-khong-hop-ly-269952
269942,Ha Noi,congdanso_hanoi,3,,"Giờ cao điểm do xe nhiều xe ô tô đi từ Láng Hạ chờ đèn đỏ rẽ sang Láng lấn hết phía trái, kéo dài làm xe máy không thể rẽ trái dưới chân cầu để quay đầu, khiến chân cầu rất đông và xung đột. Đề nghị Sở GTVT nghiên cứu mở thêm lối rẽ riêng cho xe máy, xe đạp trước lối rẽ hiện có để giảm bớt kẹt xe. Trân trọng !",". Giờ cao điểm do xe nhiều xe ô tô đi từ Láng Hạ chờ đèn đỏ rẽ sang Láng lấn hết phía trái, kéo dài làm xe máy không thể rẽ trái dưới chân cầu để quay đầu, khiến chân cầu rất đông và xung đột. Đề nghị Sở GTVT nghiên cứu mở thêm lối rẽ riêng cho xe máy, xe đạp trước lối rẽ hiện có để giảm bớt kẹt xe. Trân trọng !",https://congdanso.hanoi.gov.vn/phan-anh/de-nghi-mo-them-loi-re-cho-xe-may-xe-dap-chan-cau-cau-vuot-lang-ha-le-van-luong-269942
268640,Ha Noi,congdanso_hanoi,3,,"Hôm qua lúc 7h32 phút ngày 16/04/2026. Tôi có chở con tôi lớp 2 và lớp 4 đến trường tiểu học Trưng Vương, Hoàn Kiếm ở địa chỉ 25 Lý Thái Tổ. Tôi có đỗ xe ô tô biển ks 30B-005.22 đỗ cách cổng trường khoảng 70m để đưa 2 con đến cổng trường. Khoảng 2-3 phút sau tôi nhận được cuộc gọi điện của cảnh sát giao thông đội 1 là phạt lỗi đỗ xe bên trái đường 1 chiều, lỗi phạt 2.5 triệu đồng. Tôi có trình bày nhà tôi ở Minh Khai, Vĩnh Tuy xa trường Trưng Vương nên sáng tôi đưa con đi học và tôi di chuyển đi làm luôn, nhưng cảnh sát giao thông đội 1 không nghe trình bày hoặc nhắc nhở di chuyển ngay vì là cổng trường học, người dân xung quanh và phụ huynh góp ý cũng không nghe mà phạt luôn lập biên bản luôn, đỗ xe 2-3 phút đưa con đến cổng trường mà bị phạt mức cao là 2.5 triệu đồng khiến tôi không phục cách làm việc cứng nhắc và vô cảm, ngoài ra đồng chí Lý Nhật Phương còn nói ""gửi xe bên phải mất mấy chục, không có tiền thì đưa con đi học bằng xe máy"", tôi thiết nghĩ xã hội ngày càng phát triển, đưa con đi học ở xa nhà bằng ô tô là đảm bảo an toàn cho con, mầm non của đất nước, nhưng giữa thủ đô mà các đồng chí cảnh sát giao thông đội 1 xử lý vô cảm, không gần dân và lắng nghe dân, chả nhẽ trời mưa trời nắng các đồng chí chưa bao giờ đưa con đi học bằng ô tô? - Tôi kiến nghị Chủ tịch UBND thành phố Hà Nội nên dẹp chỗ gửi xe thu phí ở đường Lý Thái Tổ để thuận tiện cho phụ huynh đưa đón con đến trường. Hoặc trong khung giờ từ 7h->8h cho phép phụ huynh đỗ xe bên trái đường đường Lý Thái Tổ để đưa con vào lớp an toàn. Tôi xin chân thành cám ơn và mong Chủ tịch UBND thành phố Hà Nội lắng nghe nguyện vọng của nhân dân để thủ đô đẹp trong mắt bạn bè quốc tế và người dân.",". Hôm qua lúc 7h32 phút ngày 16/04/2026. Tôi có chở con tôi lớp 2 và lớp 4 đến trường tiểu học Trưng Vương, Hoàn Kiếm ở địa chỉ 25 Lý Thái Tổ. Tôi có đỗ xe ô tô biển ks 30B-005.22 đỗ cách cổng trường khoảng 70m để đưa 2 con đến cổng trường. Khoảng 2-3 phút sau tôi nhận được cuộc gọi điện của cảnh sát giao thông đội 1 là phạt lỗi đỗ xe bên trái đường 1 chiều, lỗi phạt 2.5 triệu đồng. Tôi có trình bày nhà tôi ở Minh Khai, Vĩnh Tuy xa trường Trưng Vương nên sáng tôi đưa con đi học và tôi di chuyển đi làm luôn, nhưng cảnh sát giao thông đội 1 không nghe trình bày hoặc nhắc nhở di chuyển ngay vì là cổng trường học, người dân xung quanh và phụ huynh góp ý cũng không nghe mà phạt luôn lập biên bản luôn, đỗ xe 2-3 phút đưa con đến cổng trường mà bị phạt mức cao là 2.5 triệu đồng khiến tôi không phục cách làm việc cứng nhắc và vô cảm, ngoài ra đồng chí Lý Nhật Phương còn nói ""gửi xe bên phải mất mấy chục, không có tiền thì đưa con đi học bằng xe máy"", tôi thiết nghĩ xã hội ngày càng phát triển, đưa con đi học ở xa nhà bằng ô tô là đảm bảo an toàn cho con, mầm non của đất nước, nhưng giữa thủ đô mà các đồng chí cảnh sát giao thông đội 1 xử lý vô cảm, không gần dân và lắng nghe dân, chả nhẽ trời mưa trời nắng các đồng chí chưa bao giờ đưa con đi học bằng ô tô? - Tôi kiến nghị Chủ tịch UBND thành phố Hà Nội nên dẹp chỗ gửi xe thu phí ở đường Lý Thái Tổ để thuận tiện cho phụ huynh đưa đón con đến trường. Hoặc trong khung giờ từ 7h->8h cho phép phụ huynh đỗ xe bên trái đường đường Lý Thái Tổ để đưa con vào lớp an toàn. Tôi xin chân thành cám ơn và mong Chủ tịch UBND thành phố Hà Nội lắng nghe nguyện vọng của nhân dân để thủ đô đẹp trong mắt bạn bè quốc tế và người dân.",https://congdanso.hanoi.gov.vn/phan-anh/cach-lam-viec-vo-cam-cua-canh-sat-giao-thong-doi-1-268640
270647,Ha Noi,congdanso_hanoi,3,,"Sáng ngày 22/04/2026 tại số nhà 35/163 phố tư đình xảy ra hoạt động đổ bê tông tươi khung giờ 8h-10h20 gây ách tắc giao thông,vi phạm khung giờ hoạt động mà k 1 đơn vị đoàn thể nào đứng ra can thiệp(ví dụ: trật tự phường,phòng địa chính xây dựng). Trong khi nếu chỉ có 1 nhà dân nào chở 1 xe nguyên vật liệu thì lập tức bên địa chính đã có mặt từ đầu đường vào nên tôi đề nghị chấm dứt việc đổ sai giờ trong khu dân cư.",". Sáng ngày 22/04/2026 tại số nhà 35/163 phố tư đình xảy ra hoạt động đổ bê tông tươi khung giờ 8h-10h20 gây ách tắc giao thông,vi phạm khung giờ hoạt động mà k 1 đơn vị đoàn thể nào đứng ra can thiệp(ví dụ: trật tự phường,phòng địa chính xây dựng). Trong khi nếu chỉ có 1 nhà dân nào chở 1 xe nguyên vật liệu thì lập tức bên địa chính đã có mặt từ đầu đường vào nên tôi đề nghị chấm dứt việc đổ sai giờ trong khu dân cư.",https://congdanso.hanoi.gov.vn/phan-anh/xe-tron-be-tong-tuoi-hoat-dong-sai-gio-gay-ach-tac-giao-thong-270647
271644,Ha Noi,congdanso_hanoi,3,,"Đoạn đường từ cổng chào thôn Yên Kiện, Đông Cựu, Quyết Thượng đến An Sơn đường hỏng xuống cấp nặng nề, có nhiều hố to gây nguy hiểm khi tham gia giao thông",". Đoạn đường từ cổng chào thôn Yên Kiện, Đông Cựu, Quyết Thượng đến An Sơn đường hỏng xuống cấp nặng nề, có nhiều hố to gây nguy hiểm khi tham gia giao thông",https://congdanso.hanoi.gov.vn/phan-anh/duong-hong-271644
272616,Ha Noi,congdanso_hanoi,3,,"Ô tô tải này đỗ cả tháng nay không di chuyển. Gây cản trở giao thông, mất vệ sinh. Nhân viên vệ sinh môi trường không quét dọn được.",". Ô tô tải này đỗ cả tháng nay không di chuyển. Gây cản trở giao thông, mất vệ sinh. Nhân viên vệ sinh môi trường không quét dọn được.",https://congdanso.hanoi.gov.vn/phan-anh/o-to-do-lau-ngay-gay-mat-ve-sinh-can-tro-giao-thong-272616
270860,Ha Noi,congdanso_hanoi,3,,"Xe 29a 104 b3, 29f 010 45 thường xuyên đỗ ngược chiều, đỗ nơi cấm đỗ xe giờ cao điểm, gây cản trở giao thông, mất an toàn cho người và phương tiện ở sau ubnd phường Thanh Xuân, giữa ngõ 9 và 11 Khuất Duy Tiến. Đề nghị xử lý vi phạm.",". Xe 29a 104 b3, 29f 010 45 thường xuyên đỗ ngược chiều, đỗ nơi cấm đỗ xe giờ cao điểm, gây cản trở giao thông, mất an toàn cho người và phương tiện ở sau ubnd phường Thanh Xuân, giữa ngõ 9 và 11 Khuất Duy Tiến. Đề nghị xử lý vi phạm.",https://congdanso.hanoi.gov.vn/phan-anh/do-xe-nguoc-chieu-trai-phep-gay-mat-an-toan-nguoi-di-bo-270860
271502,Ha Noi,congdanso_hanoi,3,,"Có biển cấm rồi ô tô vẫn đậu chiếm hết lối đi, có cả xe biển xanh. Đúng là coi thường Pháp luật quá . .",". Có biển cấm rồi ô tô vẫn đậu chiếm hết lối đi, có cả xe biển xanh. Đúng là coi thường Pháp luật quá . .",https://congdanso.hanoi.gov.vn/phan-anh/co-bien-cam-roi-o-to-van-dau-chiem-het-loi-di-co-ca-xe-bien-xanh-271502
272774,Ha Noi,congdanso_hanoi,4,,Chặn đường làm bãi đỗ xe oto không cho người đi xe qua.,. Chặn đường làm bãi đỗ xe oto không cho người đi xe qua.,https://congdanso.hanoi.gov.vn/phan-anh/chan-duong-di-272774
268671,Ha Noi,congdanso_hanoi,4,,"Ngã 4 đường tây thăng long thường xảy ra tai nạn. Thuộc địa bàn phường Tây Tựu và Thượng Cát. Và đường các cháu đi học. Chưa có biển báo trẻ em qua đường. 2 bên đường có trường thcs và tiểu học minh khai, bên kia đường là tiểu học Bắc từ liêm. Mong UBND phường lắp đèn xanh đỏ để an toàn cho các cháu và người dân sang đường.",". Ngã 4 đường tây thăng long thường xảy ra tai nạn. Thuộc địa bàn phường Tây Tựu và Thượng Cát. Và đường các cháu đi học. Chưa có biển báo trẻ em qua đường. 2 bên đường có trường thcs và tiểu học minh khai, bên kia đường là tiểu học Bắc từ liêm. Mong UBND phường lắp đèn xanh đỏ để an toàn cho các cháu và người dân sang đường.",https://congdanso.hanoi.gov.vn/phan-anh/nga-4-duong-tay-thang-long--nga-4-khu-do-thi-avenua-gadern-giao-jade-lake-thuong-xay-ra-tai-nan-va-duong-cac-chau-di-hoc-mong-duoc-lap-den-xanh-do-268671
268733,Ha Noi,congdanso_hanoi,4,,"đường 70 trước chung cư Hateco Xuân Phương có 1 vòng xuyến lớn đường 70 đang đi có 3 làn đường, đến đoạn đường cong khuất tầm nhìn, vòng xuyến lấn ra 1 làn, đường bị bóp lại thành 2 làn đường khiến tài xế bị bất ngờ, chuyển làn dễ gây ra va chạm giao thông. Thực tế đã có va chạm khiến vòng xuyến bị méo mó. Mong cơ quan chức năng sắp xếp lại nút giao này hợp lý hơn để tránh những va chạm không đáng có. Xin cảm ơn",". đường 70 trước chung cư Hateco Xuân Phương có 1 vòng xuyến lớn đường 70 đang đi có 3 làn đường, đến đoạn đường cong khuất tầm nhìn, vòng xuyến lấn ra 1 làn, đường bị bóp lại thành 2 làn đường khiến tài xế bị bất ngờ, chuyển làn dễ gây ra va chạm giao thông. Thực tế đã có va chạm khiến vòng xuyến bị méo mó. Mong cơ quan chức năng sắp xếp lại nút giao này hợp lý hơn để tránh những va chạm không đáng có. Xin cảm ơn",https://congdanso.hanoi.gov.vn/phan-anh/vong-xuyen-rong-chiem-mat-1-lan-duong-khien-phuong-tien-di-chuyen-kho-khan-xay-ra-va-cham-268733
268144,Ha Noi,congdanso_hanoi,4,,Tại sao lại cấm ô tô trong đường khu đô thị? Và nếu được cấm thì dựa trên văn bản pháp lý nào?,. Tại sao lại cấm ô tô trong đường khu đô thị? Và nếu được cấm thì dựa trên văn bản pháp lý nào?,https://congdanso.hanoi.gov.vn/phan-anh/bien-cam-xe-o-to-268144
271481,Ha Noi,congdanso_hanoi,4,,"Vi phạm trật tự đô thị, lấn chiếm vỉa hè là hành vi sử dụng trái phép hè phố, lòng đường vào mục đích cá nhân ( đỗ xe, đặt biển hiệu cọc tiêu), gây cản trở giao thông và mỹ quan đô thị. Kính mong lực lượng chức năng xử lý .",". Vi phạm trật tự đô thị, lấn chiếm vỉa hè là hành vi sử dụng trái phép hè phố, lòng đường vào mục đích cá nhân ( đỗ xe, đặt biển hiệu cọc tiêu), gây cản trở giao thông và mỹ quan đô thị. Kính mong lực lượng chức năng xử lý .",https://congdanso.hanoi.gov.vn/phan-anh/do-xe-may-trai-phep-truoc-so-nha-92-ha-yen-quyet-yen-hoa-ha-noi-271481
269144,Ha Noi,congdanso_hanoi,4,,Đã phản ánh 1 lần đường phan đình giót hà đông liên tục gặp tình trạng tắc đường do ô tô 2 chiều tránh nhau khi đường quá hẹp dẫn đếm ùn tắc hàng ngày. Đề xuất cấm ô tô 1 chiều giờ cao điểm từ hường bia bà đi vào phan đình giót để dân đỡ khổ,. Đã phản ánh 1 lần đường phan đình giót hà đông liên tục gặp tình trạng tắc đường do ô tô 2 chiều tránh nhau khi đường quá hẹp dẫn đếm ùn tắc hàng ngày. Đề xuất cấm ô tô 1 chiều giờ cao điểm từ hường bia bà đi vào phan đình giót để dân đỡ khổ,https://congdanso.hanoi.gov.vn/phan-anh/tinh-trang-tac-duong-do-o-to-2-chieu-tranh-nhau-269144
270358,Ha Noi,congdanso_hanoi,4,,Xe ô tô đỗ dọc vỉa hè chung cư Hateco và tòa án Quận Đống đa (cũ) gây ảnh hưởng đến người đi bộ,. Xe ô tô đỗ dọc vỉa hè chung cư Hateco và tòa án Quận Đống đa (cũ) gây ảnh hưởng đến người đi bộ,https://congdanso.hanoi.gov.vn/phan-anh/xe-o-to-do-via-he-270358
270781,Ha Noi,congdanso_hanoi,4,,"Camera này không phải là camera theo dõi số lượng xe, mà là người dân lắp đặt lên để dùng camera đó theo dõi xe đi lại của người dân và dùng hình ảnh đó để xử phạt. Tôi đề nghị công an phường và các ban liên quan kiểm tra, tháo dỡ để người dân đỡ bức xúc. Phản ảnh lần 2.",". Camera này không phải là camera theo dõi số lượng xe, mà là người dân lắp đặt lên để dùng camera đó theo dõi xe đi lại của người dân và dùng hình ảnh đó để xử phạt. Tôi đề nghị công an phường và các ban liên quan kiểm tra, tháo dỡ để người dân đỡ bức xúc. Phản ảnh lần 2.",https://congdanso.hanoi.gov.vn/phan-anh/toi-da-phan-anh-nhung-ban-duy-tu-va-doi-den-cong-an-phuong-xac-nhan-sai-270781
270138,Ha Noi,congdanso_hanoi,4,,"ngã tư đường Vũ Trọng khánh giao cắt với đường trong khu đô thị làng việt kiều châu âu lượng xe tham gia giao thông rất lớn, các phương tiện đi rất nhanh nhưng ngã tư không có đèn giao thông, địa điểm này rất nguy hiểm và đã có rất nhiều vụ tai nạn ở đây vì không có đèn cảnh báo giao thông, các phương tiện mạnh ai nấy đi, người đi bộ sang đường cũng rất nguy hiểm. Đề nghị xem xét lắp đèn giao thông.",". ngã tư đường Vũ Trọng khánh giao cắt với đường trong khu đô thị làng việt kiều châu âu lượng xe tham gia giao thông rất lớn, các phương tiện đi rất nhanh nhưng ngã tư không có đèn giao thông, địa điểm này rất nguy hiểm và đã có rất nhiều vụ tai nạn ở đây vì không có đèn cảnh báo giao thông, các phương tiện mạnh ai nấy đi, người đi bộ sang đường cũng rất nguy hiểm. Đề nghị xem xét lắp đèn giao thông.",https://congdanso.hanoi.gov.vn/phan-anh/nga-tu-giao-cat-voi-duong-lon-khong-co-den-giao-thong-nguy-hiem-270138
270103,Ha Noi,congdanso_hanoi,4,,Đèn giao thông ngã tư này bị hỏng phần số đếm từ rất lâu rồi mà chưa ai sửa.,. Đèn giao thông ngã tư này bị hỏng phần số đếm từ rất lâu rồi mà chưa ai sửa.,https://congdanso.hanoi.gov.vn/phan-anh/den-270103
270008,Ha Noi,congdanso_hanoi,5,,"Trên chiều đi từ Hà Nội tới Phú Thọ. Đèn giao thông bị lỗi đếm số trên giá, số hiển thị hiện tại đang đứng im. Điều này gây nguy hiểm khi tham gia giao thông trong khi đèn ở cột đường thì bị cây che khuất, đi tới gần mới thấy. Tôi đã phản ánh, đèn đã được sửa nhưng vẫn bị lỗi. Kính mong cơ quan có thẩm quyền xử lí triệt để.",". Trên chiều đi từ Hà Nội tới Phú Thọ. Đèn giao thông bị lỗi đếm số trên giá, số hiển thị hiện tại đang đứng im. Điều này gây nguy hiểm khi tham gia giao thông trong khi đèn ở cột đường thì bị cây che khuất, đi tới gần mới thấy. Tôi đã phản ánh, đèn đã được sửa nhưng vẫn bị lỗi. Kính mong cơ quan có thẩm quyền xử lí triệt để.",https://congdanso.hanoi.gov.vn/phan-anh/loi-tin-hieu-den-giao-thong-270008
270113,Ha Noi,congdanso_hanoi,5,,Đề nghị các cơ quan có thẩm quyền tìm hướng để khỏi ảnh hường đến người dân trong khu đô thị Nguyễn du nắng lên thì rất bụi !!!,. Đề nghị các cơ quan có thẩm quyền tìm hướng để khỏi ảnh hường đến người dân trong khu đô thị Nguyễn du nắng lên thì rất bụi !!!,https://congdanso.hanoi.gov.vn/phan-anh/cac-xe-cho-dat-cat-vao-cong-truong-thi-cong-roi-vai-rat-nhieu-ra-duong-trong-khu-do-thi-270113
274377,Ha Noi,congdanso_hanoi,5,,"Tại xóm đồng bông gần cửa hàng nội thất lý thanh, nguyên vật liệu xây dựng mương để tràn ra lòng đường. Buổi tối nếu gặp xe ô tô chiều đèn thì rất nguy hiểm",". Tại xóm đồng bông gần cửa hàng nội thất lý thanh, nguyên vật liệu xây dựng mương để tràn ra lòng đường. Buổi tối nếu gặp xe ô tô chiều đèn thì rất nguy hiểm",https://congdanso.hanoi.gov.vn/phan-anh/nguyen-vat-lieu-xay-dung-de-tran-ra-duoi-long-duong-274377
271996,Ha Noi,congdanso_hanoi,5,,Ô tô lấn chiếm vỉa hè chắn lối đi bộ của người đi đường đề nghị công an thành phố Hn xử lý,. Ô tô lấn chiếm vỉa hè chắn lối đi bộ của người đi đường đề nghị công an thành phố Hn xử lý,https://congdanso.hanoi.gov.vn/phan-anh/phan-anh-tai-pho-phao-dai-lang-cat-huynh-thuc-khang-keo-dai-271996
267987,Ha Noi,congdanso_hanoi,5,,Hàng ngày nước thải vẫn dâng ngập đường làm ảnh hưởng việc đi lại của người dân và mất vệ sinh đường phố. Sự việc này diễn ra đã quá lâu và không được xử lý!,. Hàng ngày nước thải vẫn dâng ngập đường làm ảnh hưởng việc đi lại của người dân và mất vệ sinh đường phố. Sự việc này diễn ra đã quá lâu và không được xử lý!,https://congdanso.hanoi.gov.vn/phan-anh/phan-anh-lan-4-lut-tu-nga-3-duong-pho-267987
273450,Ha Noi,congdanso_hanoi,5,,"Chúng tôi là tập thể các hộ dân sinh sống, sử dụng đất hợp pháp tại khu vực 2 xã Đại Xuyên và Chuyên Mỹ, Thành phố Hà Nội và cũng là những người nằm trong khu vực chịu ảnh hưởng của quy hoạch Quốc lộ 1A mới mở rộng. Trước hết chúng tôi hoàn toàn ủng hộ chủ trương của Đảng và Nhà nước trong việc đầu tư nâng cấp hệ thống hạ tầng giao thông nhằm thúc đẩy phát triển kinh tế xã hội, nâng cao khả năng kết nối và rút ngắn thời gian đi lại và cải thiện đời sống nhân dân. Ngày hôm nay, 27/04/2026, chúng tôi thấy bên phía Tập đoàn Vingroup – Công ty CP đã cho người đi cắm mốc tại khu vực chúng tôi sinh sống. Qua tìm hiểu, kết hợp với quy hoạch chi tiết tỷ lệ 1/500 của Dự án mở rộng quốc lộ 1A, chúng tôi nắm được bản đồ cắm mốc như file đính kèm theo đơn này. Cụ thể, Đoạn từ Ga Phú Xuyên về đến đường Truyền Thống vẫn lấy tiệm cận chỉ giới đường đỏ theo quy hoạch cũ được UBND Thành phố phê duyệt năm 2011 (Khu vực huyện Phú Xuyên cũ có chỉ giới đường đỏ được tính từ lan can đường sắt vào 34m và Chúng tôi hoàn toàn ủng hộ đoạn tuyến này). Nhưng bắt đầu từ đầu làng Ứng Hòa, hướng tuyến đã cố tình được bẻ cong và không lấy vào phần đất hành lang nữa mà lấy từ mép đường hiện trạng sang hoàn toàn bên phía Tây đường sắt. Vậy câu hỏi chúng tôi đặt ra ở đây là: Lý do nào khiến con đường đang bám vào hành lang cũ lại cố tình lái hướng tuyến ra ngoài để con đường bị cong hơn và tránh hành lang như thế? Phải chăng việc cố tình lái hướng tuyến tránh hành lang này để NÉ qua nhà SẾP nào đó hay có lợi ích nhóm gì trong việc này? Chúng tôi là những người dân đã sinh sống trên mảnh đất này bao đời nay, cũng nắm được việc trên toàn tuyến có những hộ đất được cấp/giao nằm trong hành lang khoảng 4-5m, (nghĩa là tính từ lan can đường sắt vào khoảng 29-30m sẽ đến phần đất sổ đỏ của một số ít hộ nêu trên) nếu vậy, để tránh việc đền bù, tại sao không thu hồi tiệm cận đến phần đất này mà giờ để phần đất hành lang còn lại đó trong sự nhếch nhách cho các hộ dân phía bên đó làm lán trại tạm?",". Chúng tôi là tập thể các hộ dân sinh sống, sử dụng đất hợp pháp tại khu vực 2 xã Đại Xuyên và Chuyên Mỹ, Thành phố Hà Nội và cũng là những người nằm trong khu vực chịu ảnh hưởng của quy hoạch Quốc lộ 1A mới mở rộng. Trước hết chúng tôi hoàn toàn ủng hộ chủ trương của Đảng và Nhà nước trong việc đầu tư nâng cấp hệ thống hạ tầng giao thông nhằm thúc đẩy phát triển kinh tế xã hội, nâng cao khả năng kết nối và rút ngắn thời gian đi lại và cải thiện đời sống nhân dân. Ngày hôm nay, 27/04/2026, chúng tôi thấy bên phía Tập đoàn Vingroup – Công ty CP đã cho người đi cắm mốc tại khu vực chúng tôi sinh sống. Qua tìm hiểu, kết hợp với quy hoạch chi tiết tỷ lệ 1/500 của Dự án mở rộng quốc lộ 1A, chúng tôi nắm được bản đồ cắm mốc như file đính kèm theo đơn này. Cụ thể, Đoạn từ Ga Phú Xuyên về đến đường Truyền Thống vẫn lấy tiệm cận chỉ giới đường đỏ theo quy hoạch cũ được UBND Thành phố phê duyệt năm 2011 (Khu vực huyện Phú Xuyên cũ có chỉ giới đường đỏ được tính từ lan can đường sắt vào 34m và Chúng tôi hoàn toàn ủng hộ đoạn tuyến này). Nhưng bắt đầu từ đầu làng Ứng Hòa, hướng tuyến đã cố tình được bẻ cong và không lấy vào phần đất hành lang nữa mà lấy từ mép đường hiện trạng sang hoàn toàn bên phía Tây đường sắt. Vậy câu hỏi chúng tôi đặt ra ở đây là: Lý do nào khiến con đường đang bám vào hành lang cũ lại cố tình lái hướng tuyến ra ngoài để con đường bị cong hơn và tránh hành lang như thế? Phải chăng việc cố tình lái hướng tuyến tránh hành lang này để NÉ qua nhà SẾP nào đó hay có lợi ích nhóm gì trong việc này? Chúng tôi là những người dân đã sinh sống trên mảnh đất này bao đời nay, cũng nắm được việc trên toàn tuyến có những hộ đất được cấp/giao nằm trong hành lang khoảng 4-5m, (nghĩa là tính từ lan can đường sắt vào khoảng 29-30m sẽ đến phần đất sổ đỏ của một số ít hộ nêu trên) nếu vậy, để tránh việc đền bù, tại sao không thu hồi tiệm cận đến phần đất này mà giờ để phần đất hành lang còn lại đó trong sự nhếch nhách cho các hộ dân phía bên đó làm lán trại tạm?",https://congdanso.hanoi.gov.vn/phan-anh/kien-nghi-ve-viec-thay-doi-huong-tuyen-ql1a-so-voi-qd-1878-ngay-13042026-273450
264933,Ha Noi,congdanso_hanoi,5,,"Hiện tại tình trạng ô tô lớn ra vào lên xuống hàng tại kho hàng Vietell suốt ngày đêm gây mất trật tự an toàn giao thông,gây nguy hiểm cho khu dân cư.Đặc biệt là trẻ em học tập tại 3 trường trên địa bàn!Vấn đề phòng cháy chữa cháy cũng không đảm bảo an toàn!Buổi tối bà con đi tập thể dục,trẻ em cũng mất chỗ vui chơi vì xe ô tô lớn ra vào liên tục vừa ô nhiễm vừa nguy hiểm!Chúng tôi đã có kiến nghị nhưng không được sử lý triệt để!Nay chúng tôi đề nghị cho đóng cửa kho,chuyển ra khỏi khu dân cư!Nếu không sử lý dứt điểm chúng tôi sẽ làm đơn gửi lên cấp cao hơn!",". Hiện tại tình trạng ô tô lớn ra vào lên xuống hàng tại kho hàng Vietell suốt ngày đêm gây mất trật tự an toàn giao thông,gây nguy hiểm cho khu dân cư.Đặc biệt là trẻ em học tập tại 3 trường trên địa bàn!Vấn đề phòng cháy chữa cháy cũng không đảm bảo an toàn!Buổi tối bà con đi tập thể dục,trẻ em cũng mất chỗ vui chơi vì xe ô tô lớn ra vào liên tục vừa ô nhiễm vừa nguy hiểm!Chúng tôi đã có kiến nghị nhưng không được sử lý triệt để!Nay chúng tôi đề nghị cho đóng cửa kho,chuyển ra khỏi khu dân cư!Nếu không sử lý dứt điểm chúng tôi sẽ làm đơn gửi lên cấp cao hơn!",https://congdanso.hanoi.gov.vn/phan-anh/mat-an-toan-giao-thongphong-chay-chua-chaytieng-on-o-to-ra-vaoo-nhiem-khong-khi-264933
267856,Ha Noi,congdanso_hanoi,5,,14h08 ngày 4/4/2026 Xe 30L 05099 vượt phải và chén ép xe,. 14h08 ngày 4/4/2026 Xe 30L 05099 vượt phải và chén ép xe,https://congdanso.hanoi.gov.vn/phan-anh/vuot-phai-va-co-dau-hieu-chen-ep-xe-267856
269139,Ha Noi,congdanso_hanoi,5,,"Cổng trường Tiểu học Gia Quất đang tồn tại nhiều năm việc đỗ xe, gây ách tắc, cản trở giao thông mỗi khi Phụ huynh đưa đón học sinh và học sinh; đặc biệt góc rẽ vào trường thường xuyên xe đỗ 24/24. Kiến nghị cơ quan trức năng vào cuộc để giải quyết triệt để hiện trạng này.",". Cổng trường Tiểu học Gia Quất đang tồn tại nhiều năm việc đỗ xe, gây ách tắc, cản trở giao thông mỗi khi Phụ huynh đưa đón học sinh và học sinh; đặc biệt góc rẽ vào trường thường xuyên xe đỗ 24/24. Kiến nghị cơ quan trức năng vào cuộc để giải quyết triệt để hiện trạng này.",https://congdanso.hanoi.gov.vn/phan-anh/atgt-van-minh-do-thi-269139
133366,Ha Noi,congdanso_hanoi,5,,Từ cầu vượt Vân trì hướng đi về thị trấn Đông Anh người dân phá bỏ rào cản tạo lối đi tự phát từ lối cổng ra công ty bê tông Hà Thanh gây nguy hiểm khi tham gia giao thông đặc biệt khi trời tối.,. Từ cầu vượt Vân trì hướng đi về thị trấn Đông Anh người dân phá bỏ rào cản tạo lối đi tự phát từ lối cổng ra công ty bê tông Hà Thanh gây nguy hiểm khi tham gia giao thông đặc biệt khi trời tối.,https://congdanso.hanoi.gov.vn/phan-anh/loi-di-tu-phat-gay-nguy-hiem-133366
271107,Ha Noi,congdanso_hanoi,6,,"Xe 29H94319 Thường xuyên dừng đỗ ở nơi có biển cấm dừng đỗ, gây ảnh hưởng đến an toàn giao thông đường bộ, gây ách tắc giao thông",". Xe 29H94319 Thường xuyên dừng đỗ ở nơi có biển cấm dừng đỗ, gây ảnh hưởng đến an toàn giao thông đường bộ, gây ách tắc giao thông",https://congdanso.hanoi.gov.vn/phan-anh/xe-29h94319-thuong-xuyen-can-tro-giao-thong-271107
270535,Ha Noi,congdanso_hanoi,6,,"Xe oto người để bên đường vào lúc 7h sáng, khiến giao thông di chuyển bị ùn tắc",". Xe oto người để bên đường vào lúc 7h sáng, khiến giao thông di chuyển bị ùn tắc",https://congdanso.hanoi.gov.vn/phan-anh/un-tac-270535
268378,Ha Noi,congdanso_hanoi,6,,"Không thể chấp nhận được khi mà toàn TP Hà Nội đang đẩy mạnh an ninh trật tự, văn minh đô thị nhưng ngay giữa trung tâm phường Bồ Đề. Tại ngõ 390 Nguyễn Văn Cừ có đến 5 toà chung cư cao cấp nhưng ng dân mặc nhiên đỗ ô tô xe máy giữa đường, long đường dù có biển cấm đỗ. Tắt máy bỏ đi gây cản trở giao thông sinh hoạt của cả nghìn con người tại đây. Điều đáng nói là sự việc này lặp đi lặp lại hàng ngày mà không ai quan tâm, Mong các cấp lãnh đạo làm triệt để để bà con đi lại dễ dàng",". Không thể chấp nhận được khi mà toàn TP Hà Nội đang đẩy mạnh an ninh trật tự, văn minh đô thị nhưng ngay giữa trung tâm phường Bồ Đề. Tại ngõ 390 Nguyễn Văn Cừ có đến 5 toà chung cư cao cấp nhưng ng dân mặc nhiên đỗ ô tô xe máy giữa đường, long đường dù có biển cấm đỗ. Tắt máy bỏ đi gây cản trở giao thông sinh hoạt của cả nghìn con người tại đây. Điều đáng nói là sự việc này lặp đi lặp lại hàng ngày mà không ai quan tâm, Mong các cấp lãnh đạo làm triệt để để bà con đi lại dễ dàng",https://congdanso.hanoi.gov.vn/phan-anh/ngo-390-nguyen-van-cu-o-to-xe-may-thuong-xuyen-do-vo-toi-va---trat-tu-o-dau-268378
269634,Ha Noi,congdanso_hanoi,6,,"Kính gửi phòng CSGT TP Hà Nội, Tôi đã gặp nhiều trường hợp các phương tiện giao thông đặc biệt là oto đi ngược chiều từ ngõ 289A Khuất Duy Tiến sang Thăng Long Number One gây cản trở và nguy hiểm cho các phương tiện đang di chuyển đúng chiều. Ví dụ xe oto bks 30K-32891 trong video đính kèm. Đề nghị các đồng chí theo dõi và có hình thức xử lý làm gương. Xin cảm ơn!",". Kính gửi phòng CSGT TP Hà Nội, Tôi đã gặp nhiều trường hợp các phương tiện giao thông đặc biệt là oto đi ngược chiều từ ngõ 289A Khuất Duy Tiến sang Thăng Long Number One gây cản trở và nguy hiểm cho các phương tiện đang di chuyển đúng chiều. Ví dụ xe oto bks 30K-32891 trong video đính kèm. Đề nghị các đồng chí theo dõi và có hình thức xử lý làm gương. Xin cảm ơn!",https://congdanso.hanoi.gov.vn/phan-anh/xe-oto-di-nguoc-chieu-tu-ngo-289a-khat-duy-tien-sang-thang-long-number-one-269634
270593,Ha Noi,congdanso_hanoi,6,,"Ngõ 47 Hà Kế Tấn phường phương liệt 1 loạt xe đỗ dưới lòng đường, đỗ ngày đêm lấn chiếm lòng đường ảnh hưởng đến việc đi lại của người dân",". Ngõ 47 Hà Kế Tấn phường phương liệt 1 loạt xe đỗ dưới lòng đường, đỗ ngày đêm lấn chiếm lòng đường ảnh hưởng đến việc đi lại của người dân",https://congdanso.hanoi.gov.vn/phan-anh/do-xe-long-duong-270593
273900,Ha Noi,congdanso_hanoi,6,,Vị trí cấm đỗ xe nhưng người dân cố tình cho các xe du lịch đỗ lấn chiếm đường đi,. Vị trí cấm đỗ xe nhưng người dân cố tình cho các xe du lịch đỗ lấn chiếm đường đi,https://congdanso.hanoi.gov.vn/phan-anh/lan-chiem-long-duong-273900
260293,Ha Noi,congdanso_hanoi,6,,"Ngã 3 Kiểu Mai Cầu Diễn ngày nào cũng tắc nghẽn kéo dài đến tận Văn Tiến Dũng, 1 tuần có 1-2 ngày lực lượng chức năng đứng phân luồng thì thông được, còn lại tắc nghẽn giao thông, người dân đi lại khó khắn vất vả. Trời nắng nóng đường bụi bặm. Tại sao ko lắp đèn tín hiệu giao thông?",". Ngã 3 Kiểu Mai Cầu Diễn ngày nào cũng tắc nghẽn kéo dài đến tận Văn Tiến Dũng, 1 tuần có 1-2 ngày lực lượng chức năng đứng phân luồng thì thông được, còn lại tắc nghẽn giao thông, người dân đi lại khó khắn vất vả. Trời nắng nóng đường bụi bặm. Tại sao ko lắp đèn tín hiệu giao thông?",https://congdanso.hanoi.gov.vn/phan-anh/tac-nghen-giao-thong-keo-dai-tu-kieu-mai-den-van-tien-dung-260293
269808,Ha Noi,congdanso_hanoi,6,,"thời gian đèn tín hiệu giao thông đoạn cây xăng Nam Đồng, hướng đi Nguyễn Lương Bằng chưa hợp lý, đèn xanh quá ít, đèn đỏ quá lâu, gây ún tắc đường kéo dài từ sáng tới tối.",". thời gian đèn tín hiệu giao thông đoạn cây xăng Nam Đồng, hướng đi Nguyễn Lương Bằng chưa hợp lý, đèn xanh quá ít, đèn đỏ quá lâu, gây ún tắc đường kéo dài từ sáng tới tối.",https://congdanso.hanoi.gov.vn/phan-anh/de-nghi-dieu-chinh-thoi-gian-den-giao-thong-269808
266739,Ha Noi,congdanso_hanoi,6,,"Khi xe ô tô đi 2/3 quãng đường lên dốc đê, bên cạnh là gờ ô tô không thể vượt qua. Ô tô BKS30E68526 cố tình dừng xe đầu dốc xuống, không cho xe đang lên dốc lưu thông gây tắc đường, mất an toàn giao thông!",". Khi xe ô tô đi 2/3 quãng đường lên dốc đê, bên cạnh là gờ ô tô không thể vượt qua. Ô tô BKS30E68526 cố tình dừng xe đầu dốc xuống, không cho xe đang lên dốc lưu thông gây tắc đường, mất an toàn giao thông!",https://congdanso.hanoi.gov.vn/phan-anh/khong-nhuong-duong-cho-xe-len-doc-266739
266057,Ha Noi,congdanso_hanoi,6,,"Tôi đã gửi ba phản ánh lên cấp chính quyền của Hà Nội để giải quyết nhưng đến hôm nay xe chạy tốc độ càng nhiều , trọng tải lớn liên tục suốt ngày , đêm rất mong nhà nước và cấp trên có thẩm quyền giải quyết giúp dân, mất ăn, mất ngủ, nhà rung lắc ,suốt ngày suốt đêm tiếng ồn ,bụi người dân tha thiết mong cấp có thẩm quyền xử lý giúp dân càng nhanh càng tốt",". Tôi đã gửi ba phản ánh lên cấp chính quyền của Hà Nội để giải quyết nhưng đến hôm nay xe chạy tốc độ càng nhiều , trọng tải lớn liên tục suốt ngày , đêm rất mong nhà nước và cấp trên có thẩm quyền giải quyết giúp dân, mất ăn, mất ngủ, nhà rung lắc ,suốt ngày suốt đêm tiếng ồn ,bụi người dân tha thiết mong cấp có thẩm quyền xử lý giúp dân càng nhanh càng tốt",https://congdanso.hanoi.gov.vn/phan-anh/phan-anh-tai-lk378-lo16khu-c-dv-hoa-binh-266057
266263,Ha Noi,congdanso_hanoi,7,,Vi phạm giao thông đường 21b,. Vi phạm giao thông đường 21b,https://congdanso.hanoi.gov.vn/phan-anh/vi-pham-giao-thong-266263
265899,Ha Noi,congdanso_hanoi,7,,"Kính gửi : UBND phường Yên Nghĩa Kính gửi: Công an phường Yên Nghĩa Hiện nay, tại tuyến đường quanh khu đô thị HH2 ABCDE tình trạng xe tải, xe ben lưu thông với mật độ dày đặc đang gây ra những hệ lụy nghiêm trọng: Ô nhiễm môi trường: Các xe chở vật liệu xây dựng không được che chắn kỹ lưỡng làm rơi vãi đất đá, gây bụi mù mịt, ảnh hưởng trực tiếp đến sức khỏe (đặc biệt là người già và trẻ nhỏ) và việc kinh doanh, sinh hoạt của người dân. Mất an toàn giao thông: Nhiều xe tải chạy với tốc độ cao, lấn làn, bấm còi hơi âm lượng lớn, đặc biệt vào các khung giờ cao điểm và ban đêm, gây nguy hiểm trực tiếp cho người tham gia giao thông và làm mất giấc ngủ của cư dân. Xuống cấp hạ tầng: Trọng tải lớn của các phương tiện này đang làm bề mặt đường bị bong tróc, tạo thành các ""ổ gà"", tiềm ẩn nguy cơ tai nạn. 2. Yêu cầu kiến nghị Để đảm bảo môi trường sống trong lành và an toàn cho nhân dân, tôi kính đề nghị UBND Phường và các cơ quan chức năng xem xét, thực hiện các biện pháp sau: Tăng cường tuần tra, kiểm soát: Xử lý nghiêm các trường hợp xe quá khổ, quá tải, xe không che chắn để rơi vãi vật liệu. Lắp đặt biển báo hạn chế: Xem xét đặt biển cấm theo giờ hoặc biển hạn chế trọng tải đối với xe ben, xe tải vào các tuyến đường dân sinh. Vệ sinh môi trường: Yêu cầu các đơn vị chủ quản phương tiện hoặc đơn vị thi công có biện pháp rửa đường và dọn dẹp vật liệu rơi vãi trên đường, thông các đường cống thoát nước vì sắp tới mùa mưa sẽ gây ngập lụt cục bộ tại khu vực do đất cát rơi xuống. Lắp đặt camera giám sát: Để phạt nguội các hành vi vi phạm trật tự an toàn giao thông tại khu vực này. Tôi cam kết những thông tin phản ánh trên là hoàn toàn đúng sự thật và sẵn sàng phối hợp với quý cơ quan để xác minh khi cần thiết. Kính mong Quý cơ quan sớm có biện pháp giải quyết kịp thời để ổn định đời sống nhân dân. Tôi xin chân thành cảm ơn!",". Kính gửi : UBND phường Yên Nghĩa Kính gửi: Công an phường Yên Nghĩa Hiện nay, tại tuyến đường quanh khu đô thị HH2 ABCDE tình trạng xe tải, xe ben lưu thông với mật độ dày đặc đang gây ra những hệ lụy nghiêm trọng: Ô nhiễm môi trường: Các xe chở vật liệu xây dựng không được che chắn kỹ lưỡng làm rơi vãi đất đá, gây bụi mù mịt, ảnh hưởng trực tiếp đến sức khỏe (đặc biệt là người già và trẻ nhỏ) và việc kinh doanh, sinh hoạt của người dân. Mất an toàn giao thông: Nhiều xe tải chạy với tốc độ cao, lấn làn, bấm còi hơi âm lượng lớn, đặc biệt vào các khung giờ cao điểm và ban đêm, gây nguy hiểm trực tiếp cho người tham gia giao thông và làm mất giấc ngủ của cư dân. Xuống cấp hạ tầng: Trọng tải lớn của các phương tiện này đang làm bề mặt đường bị bong tróc, tạo thành các ""ổ gà"", tiềm ẩn nguy cơ tai nạn. 2. Yêu cầu kiến nghị Để đảm bảo môi trường sống trong lành và an toàn cho nhân dân, tôi kính đề nghị UBND Phường và các cơ quan chức năng xem xét, thực hiện các biện pháp sau: Tăng cường tuần tra, kiểm soát: Xử lý nghiêm các trường hợp xe quá khổ, quá tải, xe không che chắn để rơi vãi vật liệu. Lắp đặt biển báo hạn chế: Xem xét đặt biển cấm theo giờ hoặc biển hạn chế trọng tải đối với xe ben, xe tải vào các tuyến đường dân sinh. Vệ sinh môi trường: Yêu cầu các đơn vị chủ quản phương tiện hoặc đơn vị thi công có biện pháp rửa đường và dọn dẹp vật liệu rơi vãi trên đường, thông các đường cống thoát nước vì sắp tới mùa mưa sẽ gây ngập lụt cục bộ tại khu vực do đất cát rơi xuống. Lắp đặt camera giám sát: Để phạt nguội các hành vi vi phạm trật tự an toàn giao thông tại khu vực này. Tôi cam kết những thông tin phản ánh trên là hoàn toàn đúng sự thật và sẵn sàng phối hợp với quý cơ quan để xác minh khi cần thiết. Kính mong Quý cơ quan sớm có biện pháp giải quyết kịp thời để ổn định đời sống nhân dân. Tôi xin chân thành cảm ơn!",https://congdanso.hanoi.gov.vn/phan-anh/moi-truong-khu-dan-cu-o-nhiem-bui-ngiem-trong-265899
269118,Ha Noi,congdanso_hanoi,7,,"12h49 ngày 18/4/2026 trên đường cự Khối thuộc phường long biên, xe tải có biển số 38C19166 đã có hành vi lái xe thiếu an toàn: sử dụng điện thoại thò hẳn ra ngoài xe khi đang lái + quay đầu nơi giao nhau thiếu quan sát, không bật xi nhan…",". 12h49 ngày 18/4/2026 trên đường cự Khối thuộc phường long biên, xe tải có biển số 38C19166 đã có hành vi lái xe thiếu an toàn: sử dụng điện thoại thò hẳn ra ngoài xe khi đang lái + quay đầu nơi giao nhau thiếu quan sát, không bật xi nhan…",https://congdanso.hanoi.gov.vn/phan-anh/vi-pham-giao-thong-gay-nguy-hiem-269118
251395,Ha Noi,congdanso_hanoi,7,,"Tôi phản ánh việc đặt biển cấm ô tô tại khu vực số 24 đường Võ Chí Công chưa phù hợp với thực tế giao thông. Toàn tuyến Võ Chí Công ô tô vẫn lưu thông bình thường, tuy nhiên tại vị trí này lại cắm biển cấm ô tô gây mâu thuẫn trong tổ chức giao thông, khiến người tham gia giao thông dễ hiểu nhầm và có nguy cơ vi phạm không rõ ràng. Kính đề nghị cơ quan chức năng kiểm tra, rà soát và điều chỉnh lại biển báo cho phù hợp nhằm đảm bảo an toàn và thống nhất giao thông.",". Tôi phản ánh việc đặt biển cấm ô tô tại khu vực số 24 đường Võ Chí Công chưa phù hợp với thực tế giao thông. Toàn tuyến Võ Chí Công ô tô vẫn lưu thông bình thường, tuy nhiên tại vị trí này lại cắm biển cấm ô tô gây mâu thuẫn trong tổ chức giao thông, khiến người tham gia giao thông dễ hiểu nhầm và có nguy cơ vi phạm không rõ ràng. Kính đề nghị cơ quan chức năng kiểm tra, rà soát và điều chỉnh lại biển báo cho phù hợp nhằm đảm bảo an toàn và thống nhất giao thông.",https://congdanso.hanoi.gov.vn/phan-anh/phan-anh-bien-cam-o-to-bat-hop-ly-tai-so-24-vo-chi-cong-251395
258902,Ha Noi,congdanso_hanoi,7,,Lấn chiếm vỉa hè để bán hàng,. Lấn chiếm vỉa hè để bán hàng,https://congdanso.hanoi.gov.vn/phan-anh/lan-chiem-via-he-de-ban-hang-258902
240909,Ha Noi,congdanso_hanoi,7,,"Nắp cống vỉa hè bị sụp rất nguy hiểm, có nhiều trẻ con và người đi lại, đã có cháu bị ngã và rất nguy hiểm, mong cơ quan chức năng sửa lại",". Nắp cống vỉa hè bị sụp rất nguy hiểm, có nhiều trẻ con và người đi lại, đã có cháu bị ngã và rất nguy hiểm, mong cơ quan chức năng sửa lại",https://congdanso.hanoi.gov.vn/phan-anh/via-he-bi-hong-240909
263345,Ha Noi,congdanso_hanoi,7,,Đoạn đường này rất hay xảy ra tai nạn mà không thấy 1 chính quyền các cấp nào vào can thiệp để làm giảm tốc dọc 2 bên bờ mương đan hoài Điểm này cũng không phải đông dân qua lại nên tôi nghĩ không cần thiết phải làm đèn xanh đèn đỏ mà chỉ cần làm giảm tốc dọc 2 bên bờ mương,. Đoạn đường này rất hay xảy ra tai nạn mà không thấy 1 chính quyền các cấp nào vào can thiệp để làm giảm tốc dọc 2 bên bờ mương đan hoài Điểm này cũng không phải đông dân qua lại nên tôi nghĩ không cần thiết phải làm đèn xanh đèn đỏ mà chỉ cần làm giảm tốc dọc 2 bên bờ mương,https://congdanso.hanoi.gov.vn/phan-anh/phan-anh-duong-hay-xay-ra-tai-nan-giao-thong-doc-duong-n6-giao-voi-muong-dan-hoai-263345
271415,Ha Noi,congdanso_hanoi,7,,"Hà Nội, ngày 24/4/2026 Kính gửi Sở xây dựng Hà Nội (Lần thứ hai) Từ năm 2024 đến nay tại dãy nhà số 92,94,96 phố Cửa Bắc sau khi Công ty Điện lực Hà Nội xây dựng bốt điện trước số nhà 94 Cửa Bắc (đường điện đào chạy ngang đường) Sở đã cho bê tông nhựa trám vào 02 vết cắt ngang đường, nhưng do các xe tải siêu trường, siêu trọng, xe trộn bê tông, các xe có trọng tải lớn vv...hằng đêm từ 21h30-4h00 sáng chạy với tốc độ cao (hơn 2 năm nay), chở nặng làm lún nền đường từ ngã tư Cửa Bắc + Phan Đình Phùng đến ngã tư Quán Thánh + Cửa Bắc gây tiếng động""rầm rầm"" đêm khuya mỗi khi xe tải chạy qua làm ""rung lắc"" nhà các hộ dân (trong khi đoạn đường Hàng Bún cắt Nguyễn Khắc Nhu không lún, không có xe siêu trường, siêu trọng, xe tải nặng chạy qua vừa được thảm nhựa lại). Đề nghị quý cơ quan sớm khắc phục trải bê tông nhựa đoạn đường từ ngã tư Cửa Bắc + Phan Đình Phùng đến ngã tư Quán Thánh + Cửa Bắc. Xin chân thành cảm ơn",". Hà Nội, ngày 24/4/2026 Kính gửi Sở xây dựng Hà Nội (Lần thứ hai) Từ năm 2024 đến nay tại dãy nhà số 92,94,96 phố Cửa Bắc sau khi Công ty Điện lực Hà Nội xây dựng bốt điện trước số nhà 94 Cửa Bắc (đường điện đào chạy ngang đường) Sở đã cho bê tông nhựa trám vào 02 vết cắt ngang đường, nhưng do các xe tải siêu trường, siêu trọng, xe trộn bê tông, các xe có trọng tải lớn vv...hằng đêm từ 21h30-4h00 sáng chạy với tốc độ cao (hơn 2 năm nay), chở nặng làm lún nền đường từ ngã tư Cửa Bắc + Phan Đình Phùng đến ngã tư Quán Thánh + Cửa Bắc gây tiếng động""rầm rầm"" đêm khuya mỗi khi xe tải chạy qua làm ""rung lắc"" nhà các hộ dân (trong khi đoạn đường Hàng Bún cắt Nguyễn Khắc Nhu không lún, không có xe siêu trường, siêu trọng, xe tải nặng chạy qua vừa được thảm nhựa lại). Đề nghị quý cơ quan sớm khắc phục trải bê tông nhựa đoạn đường từ ngã tư Cửa Bắc + Phan Đình Phùng đến ngã tư Quán Thánh + Cửa Bắc. Xin chân thành cảm ơn",https://congdanso.hanoi.gov.vn/phan-anh/de-nghi-trai-tham-duong-cua-bac-271415
268176,Ha Noi,congdanso_hanoi,7,,"Xe oto đỗ trong Vườn hoa Thượng Thanh, phường Bồ Đề, Hà Nội (sáng nay ngày 16/4/2026)",". Xe oto đỗ trong Vườn hoa Thượng Thanh, phường Bồ Đề, Hà Nội (sáng nay ngày 16/4/2026)",https://congdanso.hanoi.gov.vn/phan-anh/o-to-do-vi-pham-trat-tu-do-thi-268176
269044,Ha Noi,congdanso_hanoi,7,,"Oto đỗ lòng đường gây ách tắc giao thông vào giờ cao điểm. Chỗ này thường xuyên taxi, xe công nghệ đậu nhưng ít khi thấy bị xử lý. Việc này hàng ngày tôi đi qua diễn ra trong một thời gian dài.",". Oto đỗ lòng đường gây ách tắc giao thông vào giờ cao điểm. Chỗ này thường xuyên taxi, xe công nghệ đậu nhưng ít khi thấy bị xử lý. Việc này hàng ngày tôi đi qua diễn ra trong một thời gian dài.",https://congdanso.hanoi.gov.vn/phan-anh/oto-taxi-xe-cong-nghe-do-xe-truoc-truong-dh-bach-khoa-mat-cong-parabol-269044
224674,Ha Noi,congdanso_hanoi,8,,"Cạnh số nhà 21,ngõ 1,tuyến số 2 ,khu 1 (Xóm sát nhà văn hoá số 4 làng Giang xá,xã Hoài Đức). Từ nhiều năm có 1 chuồng chó để trên đường đi của xóm,nuôi 3 đến 4 con chó gây mất mĩ quan đô thị và vệ sinh môi trường,cản trở giao thông. Đồng thời gây nguy hiểm cho người và phương tiện đi lại. Đặc biệt là các cháu nhỏ k dám đi qua. Tiếng chó sủa ngày đêm mỗi khi có người đi gây ô nhiễm tiếng ồn. Để nghị chính quyền,các ban nghành giải quyết dứt điểm và triệt để. Tôi xin chân thành cảm ơn!",". Cạnh số nhà 21,ngõ 1,tuyến số 2 ,khu 1 (Xóm sát nhà văn hoá số 4 làng Giang xá,xã Hoài Đức). Từ nhiều năm có 1 chuồng chó để trên đường đi của xóm,nuôi 3 đến 4 con chó gây mất mĩ quan đô thị và vệ sinh môi trường,cản trở giao thông. Đồng thời gây nguy hiểm cho người và phương tiện đi lại. Đặc biệt là các cháu nhỏ k dám đi qua. Tiếng chó sủa ngày đêm mỗi khi có người đi gây ô nhiễm tiếng ồn. Để nghị chính quyền,các ban nghành giải quyết dứt điểm và triệt để. Tôi xin chân thành cảm ơn!",https://congdanso.hanoi.gov.vn/phan-anh/de-chuong-cho-tren-loi-di-cua-xom-224674
267776,Ha Noi,congdanso_hanoi,8,,"Tuyến đường từ đê Đáy đi gốc đa thôn nguyễn trãi, xã văn võ cũ, nay xã hòa phú. Mới được đầu tư tu sửa xong do quá trình thi công không được giám sát lên chất lượng đường đã xuống cấp nghiêm trọng. Đặc biệt tuyến có thiết kế lắp cống ở giữa đường nhưng làm không đảm bảo kỹ thuật, chất lượng kém đã hư hỏng, vỡ nhiều lắp tấm đan ở nhiều vị trí gây ra nhiều vụ tai nạn giao thông. Đề nghị cơ quan có thẩm quyền giúp đỡ nhân dân.",". Tuyến đường từ đê Đáy đi gốc đa thôn nguyễn trãi, xã văn võ cũ, nay xã hòa phú. Mới được đầu tư tu sửa xong do quá trình thi công không được giám sát lên chất lượng đường đã xuống cấp nghiêm trọng. Đặc biệt tuyến có thiết kế lắp cống ở giữa đường nhưng làm không đảm bảo kỹ thuật, chất lượng kém đã hư hỏng, vỡ nhiều lắp tấm đan ở nhiều vị trí gây ra nhiều vụ tai nạn giao thông. Đề nghị cơ quan có thẩm quyền giúp đỡ nhân dân.",https://congdanso.hanoi.gov.vn/phan-anh/ho-ga-xuong-cap-nghiem-trong-gay-mat-an-toan-giao-thong-tai-nan-giao-thong-267776
265991,Ha Noi,congdanso_hanoi,8,,"Mình đứng ở đây 15 phút, từ 19h23 đến bây giờ (19h38 là vừa thoát ra khỏi chỗ ùn ứ), có 1 người dân đứng ra điều tiết giùm trong suốt khoảng thời gian đấy mà không thấy CA phường hay đội điều tiết đâu? Trong khi đoạn ngã 4 Trương Định giao với Ngõ Trại Cá và đường Hoàng Mai luôn là tâm điểm ùn ứ từ 17h30 - 20h mỗi ngày trong suốt mấy năm nay rồi. Mình mong thành phố sớm có phương án giải quyết để điều tiết giao thông!",". Mình đứng ở đây 15 phút, từ 19h23 đến bây giờ (19h38 là vừa thoát ra khỏi chỗ ùn ứ), có 1 người dân đứng ra điều tiết giùm trong suốt khoảng thời gian đấy mà không thấy CA phường hay đội điều tiết đâu? Trong khi đoạn ngã 4 Trương Định giao với Ngõ Trại Cá và đường Hoàng Mai luôn là tâm điểm ùn ứ từ 17h30 - 20h mỗi ngày trong suốt mấy năm nay rồi. Mình mong thành phố sớm có phương án giải quyết để điều tiết giao thông!",https://congdanso.hanoi.gov.vn/phan-anh/un-tac-giao-thong---khong-thay-cadoi-dieu-tiet-cua-phuong-265991
268813,Ha Noi,congdanso_hanoi,8,,Xe ô tô thường xuyên đỗ dưới lòng đường mặc dù có biển cấm. Kính mong cơ quan chức năng xử lý triệt để nghiêm minh.,. Xe ô tô thường xuyên đỗ dưới lòng đường mặc dù có biển cấm. Kính mong cơ quan chức năng xử lý triệt để nghiêm minh.,https://congdanso.hanoi.gov.vn/phan-anh/do-xe-o-to-duoi-long-duong-268813
246242,Ha Noi,congdanso_hanoi,8,,Xe con 14A414.50 đi vào làn xe máy cấm ô tô trên cầu thăng long,. Xe con 14A414.50 đi vào làn xe máy cấm ô tô trên cầu thăng long,https://congdanso.hanoi.gov.vn/phan-anh/xe-oto-di-vao-lan-xe-may-tren-cau-thang-long-246242
271406,Ha Noi,congdanso_hanoi,8,,"Đỗ xe ô tô dưới lòng đường gây khó khăn cho cư dân đi lại, quán này có quan hệ hay bảo kê gì không mà liên tục vi phạm? Mong các lực lượng chức năng xử lý triệt để.",". Đỗ xe ô tô dưới lòng đường gây khó khăn cho cư dân đi lại, quán này có quan hệ hay bảo kê gì không mà liên tục vi phạm? Mong các lực lượng chức năng xử lý triệt để.",https://congdanso.hanoi.gov.vn/phan-anh/do-xe-o-to-duoi-long-duong-gay-kho-khan-cho-cu-dan-di-lai-271406
271507,Ha Noi,congdanso_hanoi,8,,Có biển cấm đỗ xe nhưng xe này vẫn ngang nhiên thường xuyên đỗ cả sáng cả tối,. Có biển cấm đỗ xe nhưng xe này vẫn ngang nhiên thường xuyên đỗ cả sáng cả tối,https://congdanso.hanoi.gov.vn/phan-anh/co-bien-cam-do-xe-nhung-van-ngang-nhien-do-ca-sang-ca-toi-271507
271021,Ha Noi,congdanso_hanoi,8,,"Kính gửi: UBND phường Láng, Công an phường Láng, các cơ quan chức năng. Tôi xin được phản ánh tình hình giao thông tại khu vực ngõ Láng Trung như sau: Trong thời gian gần đây tại vị trí trước cửa số nhà 31, 33, 35, 37 ngõ Láng Trung thường xuyên xuất hiện tình trạng đỗ xe ô tô tại nơi vị trí ngõ hẹp. Tình trạng đỗ xe ô tô nêu trên đã gây cản trở, ách tắc giao thông các giờ cao điểm buổi sáng và buổi chiều khi có lưu lượng tham gia giao thông cao, đồng thời làm gia tăng nguy cơ gây mất an toàn giao thông tại khu vực trên. Kính mong cơ quan chức năng tuyên truyền và có biện pháp ngăn ngừa tình trạng trên. Trân trọng cám ơn!",". Kính gửi: UBND phường Láng, Công an phường Láng, các cơ quan chức năng. Tôi xin được phản ánh tình hình giao thông tại khu vực ngõ Láng Trung như sau: Trong thời gian gần đây tại vị trí trước cửa số nhà 31, 33, 35, 37 ngõ Láng Trung thường xuyên xuất hiện tình trạng đỗ xe ô tô tại nơi vị trí ngõ hẹp. Tình trạng đỗ xe ô tô nêu trên đã gây cản trở, ách tắc giao thông các giờ cao điểm buổi sáng và buổi chiều khi có lưu lượng tham gia giao thông cao, đồng thời làm gia tăng nguy cơ gây mất an toàn giao thông tại khu vực trên. Kính mong cơ quan chức năng tuyên truyền và có biện pháp ngăn ngừa tình trạng trên. Trân trọng cám ơn!",https://congdanso.hanoi.gov.vn/phan-anh/vi-pham-giao-thong-271021
271316,Ha Noi,congdanso_hanoi,8,,"Oto thường xuyên đỗ tại vị trí ngõ hẹp gây cản trở giao thông, có nguy cơ gây mất an toàn giao thông. Đề nghị cơ quan chức năng nhắc nhở xử lý",". Oto thường xuyên đỗ tại vị trí ngõ hẹp gây cản trở giao thông, có nguy cơ gây mất an toàn giao thông. Đề nghị cơ quan chức năng nhắc nhở xử lý",https://congdanso.hanoi.gov.vn/phan-anh/can-tro-giao-thong-271316
271734,Ha Noi,congdanso_hanoi,8,,Hiện nay ngõ Láng Trung vẫn xuất hiện tình trạng đỗ xe oto tại vị trí đường ngõ hẹp cản trở giao thông tiềm ẩn nguy cơ gây mất an toàn giao thông vi phạm khoản 4 điều 18 luật trật tự an toàn giao thông 2024 (không được dừng đỗ xe tại nơi phần đường có chiều rộng chỉ đủ cho một làn xe cơ giới). Tôi đã kiến nghị nhiều lần tuy nhiên tình trạng trên vẫn tiếp tục tái diễn nhiều lần. Kính mong cơ quan chức năng kịp thời nhắc nhở tuyên truyền các chủ phương tiện trên. Trân trọng cám ơn!,. Hiện nay ngõ Láng Trung vẫn xuất hiện tình trạng đỗ xe oto tại vị trí đường ngõ hẹp cản trở giao thông tiềm ẩn nguy cơ gây mất an toàn giao thông vi phạm khoản 4 điều 18 luật trật tự an toàn giao thông 2024 (không được dừng đỗ xe tại nơi phần đường có chiều rộng chỉ đủ cho một làn xe cơ giới). Tôi đã kiến nghị nhiều lần tuy nhiên tình trạng trên vẫn tiếp tục tái diễn nhiều lần. Kính mong cơ quan chức năng kịp thời nhắc nhở tuyên truyền các chủ phương tiện trên. Trân trọng cám ơn!,https://congdanso.hanoi.gov.vn/phan-anh/vi-pham-giao-thong-271734
271401,Ha Noi,congdanso_hanoi,9,,"Trước cửa số nhà 33, 35, 37 ngõ Láng Trung, phường Láng thường xuyên xuất hiện oto đỗ xe tại vị trí ngõ hẹp, đoạn đường co hẹp gây ách tắc, cản trở gia tăng nguy cơ mất an toàn giao thông. Kính đề nghị cơ quan chức năng giải quyết tình hình trên. Trân trọng cám ơn.",". Trước cửa số nhà 33, 35, 37 ngõ Láng Trung, phường Láng thường xuyên xuất hiện oto đỗ xe tại vị trí ngõ hẹp, đoạn đường co hẹp gây ách tắc, cản trở gia tăng nguy cơ mất an toàn giao thông. Kính đề nghị cơ quan chức năng giải quyết tình hình trên. Trân trọng cám ơn.",https://congdanso.hanoi.gov.vn/phan-anh/vi-pham-an-toan-giao-thong-271401
266268,Ha Noi,congdanso_hanoi,9,,"Xe ô tô biển kiểm soát 17A-411-12đỗ ở vị trí có biển cấm đỗ,trước cửa ngân hàng Pgbank gần ngõ 118 Ỷ Lan, xã Gia Lâm, Hà Nội, thời gian 16h25 ngày 10/4/2026",". Xe ô tô biển kiểm soát 17A-411-12đỗ ở vị trí có biển cấm đỗ,trước cửa ngân hàng Pgbank gần ngõ 118 Ỷ Lan, xã Gia Lâm, Hà Nội, thời gian 16h25 ngày 10/4/2026",https://congdanso.hanoi.gov.vn/phan-anh/xe-o-to-do-o-vi-tri-co-bien-cam-do-266268
267555,Ha Noi,congdanso_hanoi,9,,"PHẢN ÁNH VI PHẠM TRẬT TỰ AN TOÀN GIAO THÔNG TẠI KHU ĐÔ THỊ THANH HÀ Hiện nay, tại khu đô thị Thanh Hà (khu vực các tòa chung cư), tình trạng ô tô dừng, đỗ sai quy định, lấn chiếm lòng đường diễn ra phổ biến, đặc biệt tại các khúc cua và điểm giao cắt. Việc đỗ xe tràn lan đã che khuất tầm nhìn, thu hẹp mặt đường, gây cản trở giao thông và tiềm ẩn nguy cơ tai nạn cao. Thực tế, trong thời gian qua đã xảy ra nhiều vụ va chạm giữa các phương tiện (ô tô – ô tô, ô tô – xe máy, xe máy – xe máy). Bản thân tôi cũng là nạn nhân trong vụ tai nạn ngày 10/4 do tầm nhìn bị che khuất bởi xe ô tô đỗ sai quy định, gây chấn thương. Căn cứ Nghị định 100/2019/NĐ-CP (được sửa đổi, bổ sung bởi Nghị định 123/2021/NĐ-CP) và Luật Giao thông đường bộ 2008, hành vi dừng, đỗ xe không đúng nơi quy định, che khuất tầm nhìn, gây cản trở giao thông là hành vi vi phạm pháp luật và cần được xử lý nghiêm minh. Kính đề nghị các cơ quan chức năng khẩn trương kiểm tra, xử lý dứt điểm tình trạng trên; tăng cường tuần tra, xử phạt các trường hợp vi phạm; đồng thời tổ chức lại giao thông nội khu, bổ sung biển báo, kẻ vạch cấm dừng đỗ tại các vị trí nguy hiểm nhằm đảm bảo an toàn cho người dân. Trân trọng cảm ơn!",". PHẢN ÁNH VI PHẠM TRẬT TỰ AN TOÀN GIAO THÔNG TẠI KHU ĐÔ THỊ THANH HÀ Hiện nay, tại khu đô thị Thanh Hà (khu vực các tòa chung cư), tình trạng ô tô dừng, đỗ sai quy định, lấn chiếm lòng đường diễn ra phổ biến, đặc biệt tại các khúc cua và điểm giao cắt. Việc đỗ xe tràn lan đã che khuất tầm nhìn, thu hẹp mặt đường, gây cản trở giao thông và tiềm ẩn nguy cơ tai nạn cao. Thực tế, trong thời gian qua đã xảy ra nhiều vụ va chạm giữa các phương tiện (ô tô – ô tô, ô tô – xe máy, xe máy – xe máy). Bản thân tôi cũng là nạn nhân trong vụ tai nạn ngày 10/4 do tầm nhìn bị che khuất bởi xe ô tô đỗ sai quy định, gây chấn thương. Căn cứ Nghị định 100/2019/NĐ-CP (được sửa đổi, bổ sung bởi Nghị định 123/2021/NĐ-CP) và Luật Giao thông đường bộ 2008, hành vi dừng, đỗ xe không đúng nơi quy định, che khuất tầm nhìn, gây cản trở giao thông là hành vi vi phạm pháp luật và cần được xử lý nghiêm minh. Kính đề nghị các cơ quan chức năng khẩn trương kiểm tra, xử lý dứt điểm tình trạng trên; tăng cường tuần tra, xử phạt các trường hợp vi phạm; đồng thời tổ chức lại giao thông nội khu, bổ sung biển báo, kẻ vạch cấm dừng đỗ tại các vị trí nguy hiểm nhằm đảm bảo an toàn cho người dân. Trân trọng cảm ơn!",https://congdanso.hanoi.gov.vn/phan-anh/phan-anh-ve-viec-cac-chu-xe-o-to-khong-gui-xe-theo-dung-quy-dinh-ma-do-het-xe-tran-len-long-duong-lan-chiem-long-duong-gay-che-khuat-tam-nhin-va-da-xay-ra-rat-nhieu-vu-tai-nan-o-noi-day-267555
269728,Ha Noi,congdanso_hanoi,9,,"Xe tải 29E35643 thường xuyên đỗ ngược đường, bất chấp phương tiện bên cạnh đã đỗ gây cản trở giao thông",". Xe tải 29E35643 thường xuyên đỗ ngược đường, bất chấp phương tiện bên cạnh đã đỗ gây cản trở giao thông",https://congdanso.hanoi.gov.vn/phan-anh/can-tro-giao-thong-269728
268042,Ha Noi,congdanso_hanoi,9,,"Ngõ 75, ngõ 91 Trần Quang Diệu có biển cấm dừng cấm đỗ nhưng xe để như bãi xe. Đã gửi kiến nghị rất nhiều lần. TP đang ra quân xử lí dừng đỗ. Đề nghị các cơ quan làm đúng",". Ngõ 75, ngõ 91 Trần Quang Diệu có biển cấm dừng cấm đỗ nhưng xe để như bãi xe. Đã gửi kiến nghị rất nhiều lần. TP đang ra quân xử lí dừng đỗ. Đề nghị các cơ quan làm đúng",https://congdanso.hanoi.gov.vn/phan-anh/do-xe-sai-quy-dinh-da-phan-anh-nhieu-lan-268042
263187,Ha Noi,congdanso_hanoi,9,,"Nút đèn bố trí vạch kẻ đường không hợp lý, dành hẳn 1 làn đường chỉ có mũi tên rẽ trái trong khi lưu lượng phương tiện rẽ rất ít hoặc có những thời điểm gần như không có, các phương tiện dồn hết về làn đi thẳng làm ách tắc giao thông, cản trở lưu lượng. Đề nghị cán bộ phụ trách ra hiện trường ghi lại lưu lượng phương tiện rẽ trái trong một ngày, so với lưu lượng phương tiện đi thẳng từ đó sửa vạch kẻ đường thành mũi tên đi thẳng và rẽ trái.",". Nút đèn bố trí vạch kẻ đường không hợp lý, dành hẳn 1 làn đường chỉ có mũi tên rẽ trái trong khi lưu lượng phương tiện rẽ rất ít hoặc có những thời điểm gần như không có, các phương tiện dồn hết về làn đi thẳng làm ách tắc giao thông, cản trở lưu lượng. Đề nghị cán bộ phụ trách ra hiện trường ghi lại lưu lượng phương tiện rẽ trái trong một ngày, so với lưu lượng phương tiện đi thẳng từ đó sửa vạch kẻ đường thành mũi tên đi thẳng và rẽ trái.",https://congdanso.hanoi.gov.vn/phan-anh/den-giao-thong-bat-hop-ly-263187
269988,Ha Noi,congdanso_hanoi,9,,Ô tô vi phạm đỗ ngược chiều tại nơi có biển cấm đỗ.,. Ô tô vi phạm đỗ ngược chiều tại nơi có biển cấm đỗ.,https://congdanso.hanoi.gov.vn/phan-anh/vi-pham-giao-thong---106-nguyen-ngoc-nai-269988
268729,Ha Noi,congdanso_hanoi,9,,"Lấn chiếm vỉa hè làm bãi đỗ xe, gây tắc đường dù không phải giờ cao điểm.",". Lấn chiếm vỉa hè làm bãi đỗ xe, gây tắc đường dù không phải giờ cao điểm.",https://congdanso.hanoi.gov.vn/phan-anh/lan-chiem-via-he-gay-tac-duong-268729
271419,Ha Noi,congdanso_hanoi,9,,"Xe ô tô đỗ lộn xộn, 2 hàng cản trở giao thông ngõ 17 hoàng ngọc phách",". Xe ô tô đỗ lộn xộn, 2 hàng cản trở giao thông ngõ 17 hoàng ngọc phách",https://congdanso.hanoi.gov.vn/phan-anh/xe-o-to-do-lon-xon-2-hang-271419
257875,Ha Noi,congdanso_hanoi,9,,"Kính gửi: Sở Giao thông , UBND phường Phương Liệt và các cơ quan quản lý liên quan. Tôi viết thư này để phản ánh tình trạng ùn tắc giao thông nghiêm trọng đang diễn ra tại tuyến đường Trịnh Đình Cửu và Hà Kế Tấn (đoạn từ cầu Định Công đến ngã 3 Lê Trọng Tấn). Xuyên suốt tuần qua, tình trạng ùn tắc đã chạm ngưỡng báo động đặc biệt buổi sáng giờ cao điểm. Qua quan sát thực tế, nguyên nhân không phải do hạ tầng quá tải mà do quy trình điều tiết đèn giao thông chưa hợp lý. Trước đây, sự linh hoạt của lực lượng chức năng tại hiện trường đã giúp dòng xe lưu thông nhịp nhàng. Từ đầu tuần nay, việc thiếu vắng sự điều phối này kết hợp với nhịp đèn xanh-đỏ bất hợp lý trên hai con đường này đã khiến tình trạng ùn tắc trở nên nghiêm trọng. Mỗi phút tắc đường là một sự lãng phí về tiền bạc, xăng dầu và đặc biệt là sự bào mòn sức khỏe của nhân dân. Chính vì vậy, rất mong các Quý cơ quan nhanh chóng: Điều chỉnh chu kỳ đèn tín hiệu phù hợp với lưu lượng thực tế từng khung giờ. Thiết lập cơ chế vận hành linh hoạt cho phép rẽ/di chuyển tại các điểm không gây xung đột giao thông. Kính mong UBND phường và Sở Giao thông sớm vào cuộc để trả lại sự thông thoáng cho tuyến đường này. Trân trọng cảm ơn!",". Kính gửi: Sở Giao thông , UBND phường Phương Liệt và các cơ quan quản lý liên quan. Tôi viết thư này để phản ánh tình trạng ùn tắc giao thông nghiêm trọng đang diễn ra tại tuyến đường Trịnh Đình Cửu và Hà Kế Tấn (đoạn từ cầu Định Công đến ngã 3 Lê Trọng Tấn). Xuyên suốt tuần qua, tình trạng ùn tắc đã chạm ngưỡng báo động đặc biệt buổi sáng giờ cao điểm. Qua quan sát thực tế, nguyên nhân không phải do hạ tầng quá tải mà do quy trình điều tiết đèn giao thông chưa hợp lý. Trước đây, sự linh hoạt của lực lượng chức năng tại hiện trường đã giúp dòng xe lưu thông nhịp nhàng. Từ đầu tuần nay, việc thiếu vắng sự điều phối này kết hợp với nhịp đèn xanh-đỏ bất hợp lý trên hai con đường này đã khiến tình trạng ùn tắc trở nên nghiêm trọng. Mỗi phút tắc đường là một sự lãng phí về tiền bạc, xăng dầu và đặc biệt là sự bào mòn sức khỏe của nhân dân. Chính vì vậy, rất mong các Quý cơ quan nhanh chóng: Điều chỉnh chu kỳ đèn tín hiệu phù hợp với lưu lượng thực tế từng khung giờ. Thiết lập cơ chế vận hành linh hoạt cho phép rẽ/di chuyển tại các điểm không gây xung đột giao thông. Kính mong UBND phường và Sở Giao thông sớm vào cuộc để trả lại sự thông thoáng cho tuyến đường này. Trân trọng cảm ơn!",https://congdanso.hanoi.gov.vn/phan-anh/un-tac-nghiem-trong-duong-ha-ke-tan-va-trinh-dinh-cuu-257875
231011,Ha Noi,congdanso_hanoi,10,,"Xe oto tải rẽ vào đường cấm rẽ, gây nguy hiểm và ùn tắc cho các phương tiện khác trên vành đai 3 trên cao",". Xe oto tải rẽ vào đường cấm rẽ, gây nguy hiểm và ùn tắc cho các phương tiện khác trên vành đai 3 trên cao",https://congdanso.hanoi.gov.vn/phan-anh/vi-pham-giao-thong-231011
268183,Ha Noi,congdanso_hanoi,10,,Ngày nào cũng có từ 1 đến 2 xe dừng đỗ bốc trả hàng chuyển phát nhanh tại điểm này ngay ngã 3 La Phù xã an Khánh dưới chân cột đèn tín hiệu giao thông gây cản trở hướng đi từ hà đông - quốc oai,. Ngày nào cũng có từ 1 đến 2 xe dừng đỗ bốc trả hàng chuyển phát nhanh tại điểm này ngay ngã 3 La Phù xã an Khánh dưới chân cột đèn tín hiệu giao thông gây cản trở hướng đi từ hà đông - quốc oai,https://congdanso.hanoi.gov.vn/phan-anh/trat-tu-an-toan-giao-thong-268183
269997,Ha Noi,congdanso_hanoi,10,,"Điển hình đỗ xe thiếu ý thức , ngang ngược đầu ngã ba . Phố đường tàu rất đông , mà vẫn đỗ đầu ngã ba , rất coi thường mọi người dfi lại , và rất nhiều xe dịch vụ biển tỉnh 89, 99 và 18 đỗ dừng đón trả khách ngay giữa đường . Đề nghị quý cơ quan sử lý nghiêm mất xe này .",". Điển hình đỗ xe thiếu ý thức , ngang ngược đầu ngã ba . Phố đường tàu rất đông , mà vẫn đỗ đầu ngã ba , rất coi thường mọi người dfi lại , và rất nhiều xe dịch vụ biển tỉnh 89, 99 và 18 đỗ dừng đón trả khách ngay giữa đường . Đề nghị quý cơ quan sử lý nghiêm mất xe này .",https://congdanso.hanoi.gov.vn/phan-anh/do-xe-o-to-sai-quy-luat-269997
270315,Ha Noi,congdanso_hanoi,10,,Quán Nam bitet 20 hàng giầy làm hàng và để xe lấn chiếm vỉa hè. Đề nghị quý phường xử lý.,. Quán Nam bitet 20 hàng giầy làm hàng và để xe lấn chiếm vỉa hè. Đề nghị quý phường xử lý.,https://congdanso.hanoi.gov.vn/phan-anh/lan-chiem-via-he-270315
86801,Ha Noi,congdanso_hanoi,10,,"Khu vực cổng trường tiểu học Cổ Nhuế 2A gần cổng sân bóng Cổ Nhuế thường xuyên có rất nhiều ô tô đỗ dưới lòng đường gây cản trở ách tắc giao thông, mất an toàn giao thông vào buổi sáng và chiều khi trẻ tan học Kính đề nghị UBND Phường Cổ Nhuế 2, Công An Phường Cổ Nhuế 2 xử lý dứt điểm vấn đề này, trả lại không gian khu vực trường học, đảm bảo an toàn khi tan học cho học sinh khi đến trường và khi ra về",". Khu vực cổng trường tiểu học Cổ Nhuế 2A gần cổng sân bóng Cổ Nhuế thường xuyên có rất nhiều ô tô đỗ dưới lòng đường gây cản trở ách tắc giao thông, mất an toàn giao thông vào buổi sáng và chiều khi trẻ tan học Kính đề nghị UBND Phường Cổ Nhuế 2, Công An Phường Cổ Nhuế 2 xử lý dứt điểm vấn đề này, trả lại không gian khu vực trường học, đảm bảo an toàn khi tan học cho học sinh khi đến trường và khi ra về",https://congdanso.hanoi.gov.vn/phan-anh/do-xe-duoi-long-duong-gay-un-tac-86801
267341,Ha Noi,congdanso_hanoi,10,,Tình trạng đỗ xe sai quy định tràn lan đang sảy ra thường xuyên tại kđt thanh hà mong các cấp chính quyền có biện pháp để chấm dứt tình trạng này.,. Tình trạng đỗ xe sai quy định tràn lan đang sảy ra thường xuyên tại kđt thanh hà mong các cấp chính quyền có biện pháp để chấm dứt tình trạng này.,https://congdanso.hanoi.gov.vn/phan-anh/do-xe-sai-quy-dinh-267341
267339,Ha Noi,congdanso_hanoi,10,,"Mong cơ quan chức năng xã vào việc về các xe đưa đón học sinh trên địa bàn xã , các xe ( cụ thể 7-8xe oto 24 chỗ biển vàng) đỗ ngay cái các ngã tư lớn trong khu đô thị gây ảnh hưởng việc tham gia giao thông, gây tai nạn cho cư dân vì khuất tầm nhìn, cư dân đã lên tiếng nhiều nhưng vẫn không được xử lý, đây là vụ việc xảy ra sáng ngày 14/4/2026 2 xe máy va chạm vs nhau. . Mong cơ quan chức năng vào cuộc xử lý giúp dân",". Mong cơ quan chức năng xã vào việc về các xe đưa đón học sinh trên địa bàn xã , các xe ( cụ thể 7-8xe oto 24 chỗ biển vàng) đỗ ngay cái các ngã tư lớn trong khu đô thị gây ảnh hưởng việc tham gia giao thông, gây tai nạn cho cư dân vì khuất tầm nhìn, cư dân đã lên tiếng nhiều nhưng vẫn không được xử lý, đây là vụ việc xảy ra sáng ngày 14/4/2026 2 xe máy va chạm vs nhau. . Mong cơ quan chức năng vào cuộc xử lý giúp dân",https://congdanso.hanoi.gov.vn/phan-anh/viec-xe-don-hoc-sinh-do-bua-bai-ngay-trong-khu-do-thi-267339
268430,Ha Noi,congdanso_hanoi,10,,"Ô tô thường xuyên đỗ tràn lan hàng hai hàng ba lấn hết nửa phần đường ở ngã ba chu huy mân-hội xá và ngã tư chu huy mân-đường hoa phượng vinhomes riverside (đối diện vincom plaza) gây khuất tầm nhìn dẫn đến tai nạn giao thông. Việc này tái diễn liên tục, vắng bóng Công an phường hoặc đội trật tự là lại tái diễn. Ngoài ra các tài xế xe công nghệ thường xuyên đỗ hàng hai (ngay đoạn giao cắt bùng binh) để vào quán nước vỉa hè ngay đó. Đề nghị lực lượng CAP xử lý nghiêm hơn, phạt nặng hơn niêm phong cẩu kéo xe về chứ gọi ra nhắc nhở không giải quyết được. Trong ảnh có rất rõ biển số xe Đề nghị phạt nguội các chủ xe này",". Ô tô thường xuyên đỗ tràn lan hàng hai hàng ba lấn hết nửa phần đường ở ngã ba chu huy mân-hội xá và ngã tư chu huy mân-đường hoa phượng vinhomes riverside (đối diện vincom plaza) gây khuất tầm nhìn dẫn đến tai nạn giao thông. Việc này tái diễn liên tục, vắng bóng Công an phường hoặc đội trật tự là lại tái diễn. Ngoài ra các tài xế xe công nghệ thường xuyên đỗ hàng hai (ngay đoạn giao cắt bùng binh) để vào quán nước vỉa hè ngay đó. Đề nghị lực lượng CAP xử lý nghiêm hơn, phạt nặng hơn niêm phong cẩu kéo xe về chứ gọi ra nhắc nhở không giải quyết được. Trong ảnh có rất rõ biển số xe Đề nghị phạt nguội các chủ xe này",https://congdanso.hanoi.gov.vn/phan-anh/o-to-do-tran-lan-o-diem-giao-cat-gay-khuat-tam-nhin-dan-den-tai-nan-giao-thong-268430
268164,Ha Noi,congdanso_hanoi,10,,"Phố Hàn Thuyên là một phô nhỏ thường xuyên bị kẹt xe do xe ô tô, vậy nên chỉ đc đậu xe theo ngày( có biển cấm đậu xe ngày chẵn và ngày lẻ), có nghĩa là chỉ đc đậu 1 bên đg có thu phí, nhưng hiện nay xe đậu tràn lan cả 2 bên đg, các lực lượng chức năng đi qua liên tục nhưng ko thấy nhắc nhở, chúng tôi cũng nhận đc phản hồi là đã xử lý nhưng xe vẫn đậu cả 2 bên ( phản ánh lần 2).",". Phố Hàn Thuyên là một phô nhỏ thường xuyên bị kẹt xe do xe ô tô, vậy nên chỉ đc đậu xe theo ngày( có biển cấm đậu xe ngày chẵn và ngày lẻ), có nghĩa là chỉ đc đậu 1 bên đg có thu phí, nhưng hiện nay xe đậu tràn lan cả 2 bên đg, các lực lượng chức năng đi qua liên tục nhưng ko thấy nhắc nhở, chúng tôi cũng nhận đc phản hồi là đã xử lý nhưng xe vẫn đậu cả 2 bên ( phản ánh lần 2).",https://congdanso.hanoi.gov.vn/phan-anh/dau-xe-o-to-duoi-long-duong-ko-theo-qui-dinh-268164
269778,Ha Noi,congdanso_hanoi,10,,"tôi là chủ hộ kinh dianh hoa lụa ở địa chỉ 44 hàm long , gần khách sạn 42 hàm llong , chủ nhà đó có xe ô tô thuòng xuyên mang đỗ trước cửa hàng của tôi và trước cổng cơ quan tạp trí mỹ thuật . địa chỉ 44 hàm long tôi nhắc nhở vì các hộ chúng tôi không cí lối lên xuống , chủ xe cứ đỗ hiên ngang , còn thách thức gọi công an xuống , tôi nghĩ vì chủ khách sạn có thế lực kên mới có khách sạn to như vậy và gông nghênh như này , tôi xin các cấp các nghành có trách nhiệm giải quyết để cho người dân và hộ kinh doanh , và người dân có đường lên xuống thuận tiện , tôi vin cám ơn",". tôi là chủ hộ kinh dianh hoa lụa ở địa chỉ 44 hàm long , gần khách sạn 42 hàm llong , chủ nhà đó có xe ô tô thuòng xuyên mang đỗ trước cửa hàng của tôi và trước cổng cơ quan tạp trí mỹ thuật . địa chỉ 44 hàm long tôi nhắc nhở vì các hộ chúng tôi không cí lối lên xuống , chủ xe cứ đỗ hiên ngang , còn thách thức gọi công an xuống , tôi nghĩ vì chủ khách sạn có thế lực kên mới có khách sạn to như vậy và gông nghênh như này , tôi xin các cấp các nghành có trách nhiệm giải quyết để cho người dân và hộ kinh doanh , và người dân có đường lên xuống thuận tiện , tôi vin cám ơn",https://congdanso.hanoi.gov.vn/phan-anh/chu-cua-mot-khach-san-42-ham-long-mang-xe-ra-dau-truoc-cua-hang-cua-ho-kinh-doanh-269778
269637,Ha Noi,congdanso_hanoi,11,,Xe oto biển số 30M- 988.71 và 30A -048.03 thường xuyên đỗ chiếm dụng lòng đường trái phép gây ách tắc giao thông nghiêm trọng vào giờ cao điểm Đề nghị xử lý theo quy định,. Xe oto biển số 30M- 988.71 và 30A -048.03 thường xuyên đỗ chiếm dụng lòng đường trái phép gây ách tắc giao thông nghiêm trọng vào giờ cao điểm Đề nghị xử lý theo quy định,https://congdanso.hanoi.gov.vn/phan-anh/do-xe-oto-chiem-dung-long-duong-sai-quy-dinh-269637
268000,Ha Noi,congdanso_hanoi,11,,"Phản ánh tình trạng đỗ xe oto bừa bãi tại đoạn đường có biển cấm đỗ xe trong ngõ 103 Lý Sơn, xung quanh Chung cư Quân đội K33. Đoạn đường ngõ hẹp chỉ vừa 3 làn ô tô nhưng xe đỗ hết 2 làn, 2 bên đường, ngay dưới biển cấm đỗ ô tô. Tình trạng này diễn ra thường xuyên gây nguy hiểm cho người dân Chung cư K33 và khu dân cư lân cận. Kính đề nghị cơ quan chức năng xử lý dứt điểm đảm bảo an toàn cho dân cư. Trân trọng cảm ơn!",". Phản ánh tình trạng đỗ xe oto bừa bãi tại đoạn đường có biển cấm đỗ xe trong ngõ 103 Lý Sơn, xung quanh Chung cư Quân đội K33. Đoạn đường ngõ hẹp chỉ vừa 3 làn ô tô nhưng xe đỗ hết 2 làn, 2 bên đường, ngay dưới biển cấm đỗ ô tô. Tình trạng này diễn ra thường xuyên gây nguy hiểm cho người dân Chung cư K33 và khu dân cư lân cận. Kính đề nghị cơ quan chức năng xử lý dứt điểm đảm bảo an toàn cho dân cư. Trân trọng cảm ơn!",https://congdanso.hanoi.gov.vn/phan-anh/phan-anh-tinh-trang-do-xe-o-to-bua-bai-tai-doan-duong-co-bien-cam-do-xe-trong-ngo-103-ly-son-gay-nguy-hiem-cho-nguoi-dan-sinh-song-trong-khu-vuc-268000
271392,Ha Noi,congdanso_hanoi,11,,Xe ô tô29c85463 nhiều lần công an đã nhắc nhở nhưng vẫn hàng ngày đỗ lấn chiếm lòng đường.,. Xe ô tô29c85463 nhiều lần công an đã nhắc nhở nhưng vẫn hàng ngày đỗ lấn chiếm lòng đường.,https://congdanso.hanoi.gov.vn/phan-anh/xe-o-to-nhieu-lan-vi-pham-271392
177657,Ha Noi,congdanso_hanoi,11,,"Xe máy BKS 29V1-879.73 đi lên đường vành đai 2 trên cao đoạn qua phố Minh Khai, hướng về cầu Vĩnh Tuy lúc 16h06 ngày 12/07/2025",". Xe máy BKS 29V1-879.73 đi lên đường vành đai 2 trên cao đoạn qua phố Minh Khai, hướng về cầu Vĩnh Tuy lúc 16h06 ngày 12/07/2025",https://congdanso.hanoi.gov.vn/phan-anh/xe-may-di-len-duong-vd-2-tren-cao-doan-huong-ve-cau-vinh-tuy-177657
267688,Ha Noi,congdanso_hanoi,11,,"Kính gửi: – UBND phường Bồ Đề, TP Hà Nội – Công an phường Bồ Đề Nội dung phản ánh: Tôi xin phản ánh tình trạng lấn chiếm vỉa hè tại địa điểm: 📍 Ngân hàng TPBank – số 560 Nguyễn Văn Cừ, phường Bồ Đề. Qua ghi nhận thực tế (hình ảnh kèm theo), tại khu vực trước cửa ngân hàng: – Bảo vệ và các phương tiện (xe máy, xe đạp) chiếm dụng phần lớn vỉa hè; – Có người ngồi, để xe trực tiếp trên lối đi bộ; – Người đi bộ buộc phải di chuyển xuống lòng đường. Hệ quả: – Gây cản trở lối đi của người đi bộ; – Tiềm ẩn nguy cơ mất an toàn giao thông; – Ảnh hưởng đến trật tự, mỹ quan đô thị. Tình trạng này diễn ra thường xuyên, kéo dài, không phải nhất thời. Đề nghị: – Kiểm tra, nhắc nhở và xử lý hành vi lấn chiếm vỉa hè; – Yêu cầu đơn vị kinh doanh bố trí khu vực trông giữ xe đúng quy định; – Đảm bảo trả lại vỉa hè thông thoáng cho người đi bộ. Tôi xin gửi kèm hình ảnh làm căn cứ. Trân trọng.",". Kính gửi: – UBND phường Bồ Đề, TP Hà Nội – Công an phường Bồ Đề Nội dung phản ánh: Tôi xin phản ánh tình trạng lấn chiếm vỉa hè tại địa điểm: 📍 Ngân hàng TPBank – số 560 Nguyễn Văn Cừ, phường Bồ Đề. Qua ghi nhận thực tế (hình ảnh kèm theo), tại khu vực trước cửa ngân hàng: – Bảo vệ và các phương tiện (xe máy, xe đạp) chiếm dụng phần lớn vỉa hè; – Có người ngồi, để xe trực tiếp trên lối đi bộ; – Người đi bộ buộc phải di chuyển xuống lòng đường. Hệ quả: – Gây cản trở lối đi của người đi bộ; – Tiềm ẩn nguy cơ mất an toàn giao thông; – Ảnh hưởng đến trật tự, mỹ quan đô thị. Tình trạng này diễn ra thường xuyên, kéo dài, không phải nhất thời. Đề nghị: – Kiểm tra, nhắc nhở và xử lý hành vi lấn chiếm vỉa hè; – Yêu cầu đơn vị kinh doanh bố trí khu vực trông giữ xe đúng quy định; – Đảm bảo trả lại vỉa hè thông thoáng cho người đi bộ. Tôi xin gửi kèm hình ảnh làm căn cứ. Trân trọng.",https://congdanso.hanoi.gov.vn/phan-anh/lan-chiem-via-he-tai-560-nguyen-van-cu-267688
267449,Ha Noi,congdanso_hanoi,11,,"Sau vụ cháy cầu Vĩnh Tuy, thành phố đã yêu cầu nghiêm cấm việc tận dụng đậu đỗ xe dưới gầm cầu. Tuy nhiên, tại trụ cầu 52, đối diện toà nhà vp6, tình trạng này vẫn tái diễn. Nhiều xe ô tô đậu cả ngày lẫn đêm, cản trở tầm nhìn, tiềm ẩn tngt. Đặc biệt, 1 xe vf màu đỏ 30k78945 đậu xuyên ngày đêm, ngay khúc cua ra đường hoàng liệt. Đề nghị phường có biện pháp xử lý những xe vi phạm.",". Sau vụ cháy cầu Vĩnh Tuy, thành phố đã yêu cầu nghiêm cấm việc tận dụng đậu đỗ xe dưới gầm cầu. Tuy nhiên, tại trụ cầu 52, đối diện toà nhà vp6, tình trạng này vẫn tái diễn. Nhiều xe ô tô đậu cả ngày lẫn đêm, cản trở tầm nhìn, tiềm ẩn tngt. Đặc biệt, 1 xe vf màu đỏ 30k78945 đậu xuyên ngày đêm, ngay khúc cua ra đường hoàng liệt. Đề nghị phường có biện pháp xử lý những xe vi phạm.",https://congdanso.hanoi.gov.vn/phan-anh/hang-loat-xe-o-to-dau-trai-phep-267449
266350,Ha Noi,congdanso_hanoi,11,,"Vị trí đặt biển ngay phía Highland Lê Duẩn, bị che lấp bởi cây trên vỉa hè. Biển được đặt rất khuất và nhiều lái xe bị vi phạm do cây che lấp, không hiện rõ. Biển báo cấm ô tô rẽ trái từ Lê Duẩn sang Điện Biên Phủ (nếu xe ô tô đi từ Cao Bá Quát rẽ trái ra Lê Duẩn - hướng về Trần Phú) *** đối diện Hưng Thịnh decal, số 6 Lê Duẩn",". Vị trí đặt biển ngay phía Highland Lê Duẩn, bị che lấp bởi cây trên vỉa hè. Biển được đặt rất khuất và nhiều lái xe bị vi phạm do cây che lấp, không hiện rõ. Biển báo cấm ô tô rẽ trái từ Lê Duẩn sang Điện Biên Phủ (nếu xe ô tô đi từ Cao Bá Quát rẽ trái ra Lê Duẩn - hướng về Trần Phú) *** đối diện Hưng Thịnh decal, số 6 Lê Duẩn",https://congdanso.hanoi.gov.vn/phan-anh/bien-bao-giao-thong-cam-o-to-re-trai-266350
268321,Ha Noi,congdanso_hanoi,11,,"Hiện nay có nhiều xe ô tô đỗ lấn chiếm lòng đường, vỉ hè ,trông giư xe dưới lòng đường ko đủ điều kiện ,yêu cầu kiểm tra giấy giấy phép . Hàng quán nước lấn chiếm vỉ hè gây mất an ninh trật tự. Kinh đề nghị các cơ quan có thẩm quyền dẹp bỏ, để lòng đường thông thoáng đảm bảo phòng chống cháy nổ",". Hiện nay có nhiều xe ô tô đỗ lấn chiếm lòng đường, vỉ hè ,trông giư xe dưới lòng đường ko đủ điều kiện ,yêu cầu kiểm tra giấy giấy phép . Hàng quán nước lấn chiếm vỉ hè gây mất an ninh trật tự. Kinh đề nghị các cơ quan có thẩm quyền dẹp bỏ, để lòng đường thông thoáng đảm bảo phòng chống cháy nổ",https://congdanso.hanoi.gov.vn/phan-anh/xe-o-to-do-va-hang-quan-lan-chiem-long-duong-vi-he-268321
268633,Ha Noi,congdanso_hanoi,11,,Xe ô tô biển số 30F-083.08 thường xuyên đỗ tại ngõ có biển cấm đỗ. Vị trí đỗ gây khuất tầm nhìn cho người đi từ trong ngách ra và xe lưu thông trên ngõ. Đã xảy ra va chạm xe khi lưu thông do xe này đỗ chắn tầm nhìn của các xe khác khi lưu thông.,. Xe ô tô biển số 30F-083.08 thường xuyên đỗ tại ngõ có biển cấm đỗ. Vị trí đỗ gây khuất tầm nhìn cho người đi từ trong ngách ra và xe lưu thông trên ngõ. Đã xảy ra va chạm xe khi lưu thông do xe này đỗ chắn tầm nhìn của các xe khác khi lưu thông.,https://congdanso.hanoi.gov.vn/phan-anh/xe-o-to-30f-08308-do-khong-dung-quy-dinh-268633
268171,Ha Noi,congdanso_hanoi,11,,"Tôi đề xuất cơ quan chức năng nghiên cứu phương án tạo lối rẽ trái quay đầu qua đoạn dải phân cách dưới gầm cầu vượt và đường trên cao đoạn ngã tư Phạm Hùng x Tôn Thất Thuyết. Tạo thuận lợi cho các xe hướng đi từ ngã 4 Xuân Thuỷ, Hồ Tùng Mậu đi tới ngã 4 Tôn Thất Thuyết muốn rẽ trái quay đầu không phải đợi hết đèn đỏ, chống ùn tắc cho cả làn xe trên cầu vượt rẽ xuống muốn đi thẳng qua ngã 4 này",". Tôi đề xuất cơ quan chức năng nghiên cứu phương án tạo lối rẽ trái quay đầu qua đoạn dải phân cách dưới gầm cầu vượt và đường trên cao đoạn ngã tư Phạm Hùng x Tôn Thất Thuyết. Tạo thuận lợi cho các xe hướng đi từ ngã 4 Xuân Thuỷ, Hồ Tùng Mậu đi tới ngã 4 Tôn Thất Thuyết muốn rẽ trái quay đầu không phải đợi hết đèn đỏ, chống ùn tắc cho cả làn xe trên cầu vượt rẽ xuống muốn đi thẳng qua ngã 4 này",https://congdanso.hanoi.gov.vn/phan-anh/giai-phap-giam-un-tac-giao-thong-268171
267792,Ha Noi,congdanso_hanoi,12,,"Đỗ xe dưới biển cấm, vi phạm luật giao thông, găy khó khăn cản trở giao thông",". Đỗ xe dưới biển cấm, vi phạm luật giao thông, găy khó khăn cản trở giao thông",https://congdanso.hanoi.gov.vn/phan-anh/do-xe-trai-phep-267792
263188,Ha Noi,congdanso_hanoi,12,,"Trên đường lối cạnh trường Tiểu học Kim Chung B và đường trục chính gần cổng trường THCS Kim Chung có lỗ hổng to ở giữa đường Cản trở và gây nguy hiểm cho người qua đường Đặc biệt là các em học sinh Di chuyển chật hẹp, khó khăn Nắp cống đã mất 1 năm nhưng chưa thấy xử lý, dù đã có phản ánh Rất mong các Ban ngành lãnh đạo đẩy nhanh xử lý để đảm bảo cho các em học sinh và phụ huynh cũng như người dân qua lại",". Trên đường lối cạnh trường Tiểu học Kim Chung B và đường trục chính gần cổng trường THCS Kim Chung có lỗ hổng to ở giữa đường Cản trở và gây nguy hiểm cho người qua đường Đặc biệt là các em học sinh Di chuyển chật hẹp, khó khăn Nắp cống đã mất 1 năm nhưng chưa thấy xử lý, dù đã có phản ánh Rất mong các Ban ngành lãnh đạo đẩy nhanh xử lý để đảm bảo cho các em học sinh và phụ huynh cũng như người dân qua lại",https://congdanso.hanoi.gov.vn/phan-anh/lo-hong-to-tren-duong-gan-khu-vuc-truong-cap-1-cap-2-kim-chung-263188
225679,Ha Noi,congdanso_hanoi,12,,"Trước chung cư PHC 158 Nguyễn Sơn thường xuyên cho ô tô đỗ dưới lòng đường, khiến ách tắc và cản trở tầm quan sát của cư dân từ trong các ngõ đi ra đường Nguyễn Sơn, thường xuyên xảy ra và không có lực lượng chức năng nhắc nhở",". Trước chung cư PHC 158 Nguyễn Sơn thường xuyên cho ô tô đỗ dưới lòng đường, khiến ách tắc và cản trở tầm quan sát của cư dân từ trong các ngõ đi ra đường Nguyễn Sơn, thường xuyên xảy ra và không có lực lượng chức năng nhắc nhở",https://congdanso.hanoi.gov.vn/phan-anh/o-to-do-duoi-long-duong-anh-huong-an-toan-giao-thong-225679
273083,Ha Noi,congdanso_hanoi,12,,"Tuyến đường bê tông dài khoảng 1km từ Thôn 9 đi Chợ So xuống cấp trầm trọng khi xảy ra tình trạng nút gãy mặt đường, sụt lún, chưa có hộ lan rất dễ lao xuống kênh T10 và tiềm ẩn nguy cơ mất an toàn giao thông do có rất nhiều phương tiện cơ giới đi lại thường xuyên. Để đảm bảo ATGT cũng như đồng bộ với tuyến đường nhựa cắt ngang qua như Đường 419 đi Phú Hạng. Hiện các thôn khác trong xã Hưng Đạo cơ bản đều được thảm nhựa vào tận ngõ! Mong cơ quan có thẩm quyền sớm nâng cấp tuyến đường này từ bê tông thành đường nhựa và có đèn đường để phù hợp với tiến trình nông thôn mới. Xin cảm ơn!",". Tuyến đường bê tông dài khoảng 1km từ Thôn 9 đi Chợ So xuống cấp trầm trọng khi xảy ra tình trạng nút gãy mặt đường, sụt lún, chưa có hộ lan rất dễ lao xuống kênh T10 và tiềm ẩn nguy cơ mất an toàn giao thông do có rất nhiều phương tiện cơ giới đi lại thường xuyên. Để đảm bảo ATGT cũng như đồng bộ với tuyến đường nhựa cắt ngang qua như Đường 419 đi Phú Hạng. Hiện các thôn khác trong xã Hưng Đạo cơ bản đều được thảm nhựa vào tận ngõ! Mong cơ quan có thẩm quyền sớm nâng cấp tuyến đường này từ bê tông thành đường nhựa và có đèn đường để phù hợp với tiến trình nông thôn mới. Xin cảm ơn!",https://congdanso.hanoi.gov.vn/phan-anh/duong-tu-cho-so-di-thon-9-be-tong-sut-lun-nut-gay-273083
264383,Ha Noi,congdanso_hanoi,12,,"Kính gửi: UBND xã Phúc Thọ và Công an khu vực Thôn Bảo Vệ 1 Tôi tiếp tục phản ánh về tình trạng một hộ dân sử dụng xe ba gác đỗ chiếm dụng lòng đường tại khu vực cuối ngõ Xóm Giếng, thôn Bảo Vệ 1, xã Phúc Thọ. Cụ thể, xe ba gác thường xuyên đỗ chắn khoảng 1/2 lòng đường, ngay trước lối ra vào nhà tôi, gây cản trở nghiêm trọng việc đi lại, tiềm ẩn nguy cơ mất an toàn giao thông và ảnh hưởng trực tiếp đến sinh hoạt của gia đình tôi. Tình trạng này đã diễn ra liên tục trong thời gian dài (gần 1 năm), mặc dù tôi đã: • Nhiều lần phản ánh qua ứng dụng phản ánh hiện trường • Trực tiếp liên hệ, trao đổi với công an khu vực Tuy nhiên, đến nay sự việc vẫn chưa được xử lý dứt điểm, hành vi vi phạm vẫn tiếp tục tái diễn, gây bức xúc trong đời sống sinh hoạt hàng ngày đi lại ra vào của gia đình tôi . Hành vi chiếm dụng lòng đường làm nơi đỗ xe là vi phạm quy định về sử dụng lòng đường, vỉa hè và trật tự an toàn giao thông theo quy định của pháp luật hiện hành. Tôi kính đề nghị: 1. Kiểm tra, xác minh và xử lý dứt điểm hành vi vi phạm nêu trên 2. Có biện pháp ngăn chặn tái diễn, đảm bảo lối đi chung thông thoáng 3. Phản hồi kết quả xử lý cụ thể tới người dân Trường hợp tình trạng này tiếp tục không được giải quyết, tôi sẽ tiếp tục gửi phản ánh tới các cấp cao hơn để đảm bảo quyền lợi chính đáng của người dân. Tôi có đầy đủ hình ảnh, video ghi lại quá trình vi phạm kèm theo. Rất mong cơ quan chức năng quan tâm và xử lý dứt điểm. Xin trân trọng cảm ơn!",". Kính gửi: UBND xã Phúc Thọ và Công an khu vực Thôn Bảo Vệ 1 Tôi tiếp tục phản ánh về tình trạng một hộ dân sử dụng xe ba gác đỗ chiếm dụng lòng đường tại khu vực cuối ngõ Xóm Giếng, thôn Bảo Vệ 1, xã Phúc Thọ. Cụ thể, xe ba gác thường xuyên đỗ chắn khoảng 1/2 lòng đường, ngay trước lối ra vào nhà tôi, gây cản trở nghiêm trọng việc đi lại, tiềm ẩn nguy cơ mất an toàn giao thông và ảnh hưởng trực tiếp đến sinh hoạt của gia đình tôi. Tình trạng này đã diễn ra liên tục trong thời gian dài (gần 1 năm), mặc dù tôi đã: • Nhiều lần phản ánh qua ứng dụng phản ánh hiện trường • Trực tiếp liên hệ, trao đổi với công an khu vực Tuy nhiên, đến nay sự việc vẫn chưa được xử lý dứt điểm, hành vi vi phạm vẫn tiếp tục tái diễn, gây bức xúc trong đời sống sinh hoạt hàng ngày đi lại ra vào của gia đình tôi . Hành vi chiếm dụng lòng đường làm nơi đỗ xe là vi phạm quy định về sử dụng lòng đường, vỉa hè và trật tự an toàn giao thông theo quy định của pháp luật hiện hành. Tôi kính đề nghị: 1. Kiểm tra, xác minh và xử lý dứt điểm hành vi vi phạm nêu trên 2. Có biện pháp ngăn chặn tái diễn, đảm bảo lối đi chung thông thoáng 3. Phản hồi kết quả xử lý cụ thể tới người dân Trường hợp tình trạng này tiếp tục không được giải quyết, tôi sẽ tiếp tục gửi phản ánh tới các cấp cao hơn để đảm bảo quyền lợi chính đáng của người dân. Tôi có đầy đủ hình ảnh, video ghi lại quá trình vi phạm kèm theo. Rất mong cơ quan chức năng quan tâm và xử lý dứt điểm. Xin trân trọng cảm ơn!",https://congdanso.hanoi.gov.vn/phan-anh/de-nghi-xu-ly-dut-diem-hanh-vi-chiem-dung-long-duong-keo-dai-da-phan-anh-nhieu-lan-nhung-chua-duoc-giai-quyet-264383
269587,Ha Noi,congdanso_hanoi,12,,"Xe ô tô đỗ 2 bên đường cản trở giao thông có thể gây nguy hiểm, nhiều trường hợp va chạm đã xảy ra ở đây. Tình trạng này diễn ra thường xuyên",". Xe ô tô đỗ 2 bên đường cản trở giao thông có thể gây nguy hiểm, nhiều trường hợp va chạm đã xảy ra ở đây. Tình trạng này diễn ra thường xuyên",https://congdanso.hanoi.gov.vn/phan-anh/xe-o-to-do-2-ben-duong-gay-can-tro-giao-thong-269587
262826,Ha Noi,congdanso_hanoi,12,,"Ô tô con nhãn hiệu VF3 biển kiểm soát 30M-92152 vượt ẩu, lấn làn, đi ngược chiều tại nút giao Vũ Đức Thận - Đào Đình Luyện. Đề nghị cơ quan chức năng xử lý nghiêm.",". Ô tô con nhãn hiệu VF3 biển kiểm soát 30M-92152 vượt ẩu, lấn làn, đi ngược chiều tại nút giao Vũ Đức Thận - Đào Đình Luyện. Đề nghị cơ quan chức năng xử lý nghiêm.",https://congdanso.hanoi.gov.vn/phan-anh/vi-pham-luat-giao-thong-262826
269926,Ha Noi,congdanso_hanoi,12,,"xe ô tô biển 30F 50101 này đỗ ngày đêm trên tuyến phố cấm đỗ, đỗ chắn trước cửa nhà dân chắn lối ra vào, đã nhắc nhiều lần nhưng chủ nhà ngó lơ, mong chính quyền xử lí sớm",". xe ô tô biển 30F 50101 này đỗ ngày đêm trên tuyến phố cấm đỗ, đỗ chắn trước cửa nhà dân chắn lối ra vào, đã nhắc nhiều lần nhưng chủ nhà ngó lơ, mong chính quyền xử lí sớm",https://congdanso.hanoi.gov.vn/phan-anh/do-xe-sai-quy-dinh-269926
268626,Ha Noi,congdanso_hanoi,12,,biển thò ra qua dài ảnh hưởng đến người đi bộ vỉ hè,. biển thò ra qua dài ảnh hưởng đến người đi bộ vỉ hè,https://congdanso.hanoi.gov.vn/phan-anh/bien-quang-cao-qua-gioi-han-268626
269365,Ha Noi,congdanso_hanoi,12,,"Ô tô lấn chiếm lòng đường, để xe 2 ngày đêm không di chuyển gây ách tắc giao thông, hộ gia đình không lấy xe ra được và các chị lao công cũng không quét được đường.",". Ô tô lấn chiếm lòng đường, để xe 2 ngày đêm không di chuyển gây ách tắc giao thông, hộ gia đình không lấy xe ra được và các chị lao công cũng không quét được đường.",https://congdanso.hanoi.gov.vn/phan-anh/o-to-do-long-duong-2-ngay-khong-di-chuyen-o-doan-bi-cam-269365
270858,Ha Noi,congdanso_hanoi,13,,"Xe ô tô BKS 30E-075.21 đỗ chắn lối đi và lối PCCC tại ngõ 49 ngách 64 Huỳnh Thúc Kháng, phường Láng, quận Đống Đa. Tình trạng tái diễn nhiều lần. Đề nghị kiểm tra xử lý.",". Xe ô tô BKS 30E-075.21 đỗ chắn lối đi và lối PCCC tại ngõ 49 ngách 64 Huỳnh Thúc Kháng, phường Láng, quận Đống Đa. Tình trạng tái diễn nhiều lần. Đề nghị kiểm tra xử lý.",https://congdanso.hanoi.gov.vn/phan-anh/xe-o-to-do-trong-ngo-chan-loi-di-va-loi-pccc-270858
262514,Ha Noi,congdanso_hanoi,13,,Kính gửi: UBND Phường Thanh xuân Công an Phường Thanh xuân Sau 2 tháng phản ánh lần 2 về tình trạng đỗ xe ô tô dọc ngõ 90A đường Nguyễn Tuân. Tôi không thấy có bất kỳ thay đổi nào. Đặc biệt khu vực cạnh trường THCS Thanh xuân Trung. Các xe ô tô đỗ dọc cả một đoạn dài hàng 100m. Không hiểu Công an Phường Thanh xuân xử lý kiêủ gì. Tôi yêu cầu Phường phải chỉ đạo xử lý và phạt thật nặng các xe cố tình vi phạm. Đây là khu vực trường học. Bên này đã cho phép đỗ ô tô. Giờ các xe còn đỗ cả bên trái đường này thì đi kiểu gì. Không may hoả hoạn trường học. Xe chữa cháy vào kiểu gì.??? Yêu cầu cấm tuyệt đối đặc biệt đỗ xe qua đêm. Vì dân ở đây cứ coi đây là chỗ đỗ xe hợp pháp. Đây là lần 3 tôi phản ánh nên hy vọng không phải phản ánh lần nào nữa. Xin cảm ơn.,. Kính gửi: UBND Phường Thanh xuân Công an Phường Thanh xuân Sau 2 tháng phản ánh lần 2 về tình trạng đỗ xe ô tô dọc ngõ 90A đường Nguyễn Tuân. Tôi không thấy có bất kỳ thay đổi nào. Đặc biệt khu vực cạnh trường THCS Thanh xuân Trung. Các xe ô tô đỗ dọc cả một đoạn dài hàng 100m. Không hiểu Công an Phường Thanh xuân xử lý kiêủ gì. Tôi yêu cầu Phường phải chỉ đạo xử lý và phạt thật nặng các xe cố tình vi phạm. Đây là khu vực trường học. Bên này đã cho phép đỗ ô tô. Giờ các xe còn đỗ cả bên trái đường này thì đi kiểu gì. Không may hoả hoạn trường học. Xe chữa cháy vào kiểu gì.??? Yêu cầu cấm tuyệt đối đặc biệt đỗ xe qua đêm. Vì dân ở đây cứ coi đây là chỗ đỗ xe hợp pháp. Đây là lần 3 tôi phản ánh nên hy vọng không phải phản ánh lần nào nữa. Xin cảm ơn.,https://congdanso.hanoi.gov.vn/phan-anh/phan-anh-lan-thu-3-ve-viec-do-xe-o-to-doc-tuyen-duong-co-bien-cam-do-262514
270240,Ha Noi,congdanso_hanoi,13,,Oto thường sáng sớm đỗ lấn chiếm lòng đường khiến đoạn đường đầu nguyên trãi liên tục bị tắc. Kính đề nghị cơ quan chức năng sớm vào cuộc để giải toả ách tắc,. Oto thường sáng sớm đỗ lấn chiếm lòng đường khiến đoạn đường đầu nguyên trãi liên tục bị tắc. Kính đề nghị cơ quan chức năng sớm vào cuộc để giải toả ách tắc,https://congdanso.hanoi.gov.vn/phan-anh/xe-o-to-do-tren-long-duong-can-tro-giao-thong-270240
269010,Ha Noi,congdanso_hanoi,13,,"Xe tải bốc hàng của Viettelpost ngày nào cũng đỗ xe chắn nửa đường vạch liền chỗ ngã 3 đèn xanh đèn đỏ, ngã 3 rẽ vào La Phù, DT72 hướng đi Ngãi Cầu",". Xe tải bốc hàng của Viettelpost ngày nào cũng đỗ xe chắn nửa đường vạch liền chỗ ngã 3 đèn xanh đèn đỏ, ngã 3 rẽ vào La Phù, DT72 hướng đi Ngãi Cầu",https://congdanso.hanoi.gov.vn/phan-anh/xe-tai-boc-hang-viettel-do-can-tro-giao-thong-hang-ngay-269010
265923,Ha Noi,congdanso_hanoi,13,,"Đoạn đường hoàng tăng bí cấm xe tải trọng 3,5t vào các giờ cao điểm nhưng các phương tiện tải trọng lớn vẫn đi vào và giáp danh phường đông ngạc và phường thượng cát có cây cầu đi qua tải trọng cho phép dưới 10tấn nhưng những chiếc xe lớn mấy chục tấn và xe ben 3 chân 4 chân xe trộn bê tông bất chấp giờ giấc và biển cấm vẫn ngày đêm chạy qua gây mất an toàn cho người dân và các phương tiện tham gia giao thông",". Đoạn đường hoàng tăng bí cấm xe tải trọng 3,5t vào các giờ cao điểm nhưng các phương tiện tải trọng lớn vẫn đi vào và giáp danh phường đông ngạc và phường thượng cát có cây cầu đi qua tải trọng cho phép dưới 10tấn nhưng những chiếc xe lớn mấy chục tấn và xe ben 3 chân 4 chân xe trộn bê tông bất chấp giờ giấc và biển cấm vẫn ngày đêm chạy qua gây mất an toàn cho người dân và các phương tiện tham gia giao thông",https://congdanso.hanoi.gov.vn/phan-anh/xe-tai-chay-vao-gio-cao-diem-va-xe-trong-tai-lon-chay-qua-cau-cam-tai-trong-gay-nguy-hiem-mat-an-toan-265923
265793,Ha Noi,congdanso_hanoi,13,,30M13074 đi vào đường cấm tải,. 30M13074 đi vào đường cấm tải,https://congdanso.hanoi.gov.vn/phan-anh/vpgt-265793
265714,Ha Noi,congdanso_hanoi,13,,cấm xe to giờ cao điểm mà xe to cứ đi vào gây tắc giao thông,. cấm xe to giờ cao điểm mà xe to cứ đi vào gây tắc giao thông,https://congdanso.hanoi.gov.vn/phan-anh/giao-thong-265714
265712,Ha Noi,congdanso_hanoi,13,,"Vào lúc 06h45 ngày 10/04/2026 tại số nhà 34 ngõ 25 đường Quang Tiến, phường Tây Mỗ, thành phố Hà nội: - xe ô tô bán tải bs: 29C - 700.55 đỗ xe người chiều, gây cản trở giao thông với người dân tại ngõ 25 đường Quang Tiến .",". Vào lúc 06h45 ngày 10/04/2026 tại số nhà 34 ngõ 25 đường Quang Tiến, phường Tây Mỗ, thành phố Hà nội: - xe ô tô bán tải bs: 29C - 700.55 đỗ xe người chiều, gây cản trở giao thông với người dân tại ngõ 25 đường Quang Tiến .",https://congdanso.hanoi.gov.vn/phan-anh/do-xe-nguoc-chieu-gay-can-tro-giao-thong-265712
265553,Ha Noi,congdanso_hanoi,13,,Ô tô biển kiểm soát 29E-132.18 cắt đầu chuyển làn khi chưa đủ điều kiện và gây nguy hiểm cho người tham gia giao thông tại chân cầu vượt Mai Dịch phía Đại Học Ngoại Ngữ,. Ô tô biển kiểm soát 29E-132.18 cắt đầu chuyển làn khi chưa đủ điều kiện và gây nguy hiểm cho người tham gia giao thông tại chân cầu vượt Mai Dịch phía Đại Học Ngoại Ngữ,https://congdanso.hanoi.gov.vn/phan-anh/o-to-cat-dau-chuyen-lan-gay-nguy-hiem-265553
232643,Ha Noi,congdanso_hanoi,13,,"Đèn giao thông ở nút giao Lạc Long Quân -Âu Cơ bị lỗi, Đèn đỏ - Xanh đếm giây bị lỗi gây khó khăn cho người tham gia giao thông. Ngày 22/12/2025, vào hồi 21h -21h 30 phút, tôi lái xe ô tô biển kiểm soát 30H 403 98 có đi qua nút giao này, do đèn tín hiệu giao thông bị lỗi dẫn đến tôi có vượt qua ngã tư khi đèn chuyển vàng-đỏ. Tôi đề nghị thành phố xem xét xử lý tình trạng đèn giao thông bị lỗi là xem xét không xử lý vi phạm đối với tôi do đèn giao thông bị lỗi dẫn đến vượt qua ngã tư khi đèn chuyển vàng - đỏ. Tôi có video nhưng ko thể upload do vượt dung lượng cho phép.",". Đèn giao thông ở nút giao Lạc Long Quân -Âu Cơ bị lỗi, Đèn đỏ - Xanh đếm giây bị lỗi gây khó khăn cho người tham gia giao thông. Ngày 22/12/2025, vào hồi 21h -21h 30 phút, tôi lái xe ô tô biển kiểm soát 30H 403 98 có đi qua nút giao này, do đèn tín hiệu giao thông bị lỗi dẫn đến tôi có vượt qua ngã tư khi đèn chuyển vàng-đỏ. Tôi đề nghị thành phố xem xét xử lý tình trạng đèn giao thông bị lỗi là xem xét không xử lý vi phạm đối với tôi do đèn giao thông bị lỗi dẫn đến vượt qua ngã tư khi đèn chuyển vàng - đỏ. Tôi có video nhưng ko thể upload do vượt dung lượng cho phép.",https://congdanso.hanoi.gov.vn/phan-anh/den-giao-thong-bi-loi-232643
265122,Ha Noi,congdanso_hanoi,14,,"Kính gửi iHaNoi, Tôi xin phản ánh tình trạng đỗ xe sai quy định ở gần cầu Yên Hoà. Lần nào đi qua chỗ này buổi sáng cũng tắc nghẽn giao thông vì xe ô tô đỗ tràn xuống đường (dù đã có biển cấm dừng đỗ). Đặc biệt là hôm nào mưa thì còn gây ùn tắc nghiêm trọng. Mong cơ quan chức năng xem xét và xử lý để giúp người dân tham gia giao thông được thuận tiện hơn.",". Kính gửi iHaNoi, Tôi xin phản ánh tình trạng đỗ xe sai quy định ở gần cầu Yên Hoà. Lần nào đi qua chỗ này buổi sáng cũng tắc nghẽn giao thông vì xe ô tô đỗ tràn xuống đường (dù đã có biển cấm dừng đỗ). Đặc biệt là hôm nào mưa thì còn gây ùn tắc nghiêm trọng. Mong cơ quan chức năng xem xét và xử lý để giúp người dân tham gia giao thông được thuận tiện hơn.",https://congdanso.hanoi.gov.vn/phan-anh/phan-anh-do-xe-sai-quy-dinh-265122
265334,Ha Noi,congdanso_hanoi,14,,"xe ô tô dừng đỗ lấn chiếm vỉa hè, lòng đường gây ùn tắc giao thông",". xe ô tô dừng đỗ lấn chiếm vỉa hè, lòng đường gây ùn tắc giao thông",https://congdanso.hanoi.gov.vn/phan-anh/xe-o-to-do-sai-quy-dinh-265334
261380,Ha Noi,congdanso_hanoi,14,,Tại khu vực này thường xuyên có các ô tô đi ngược chiều từ ngõ 289A Khuất Duy Tiến sang Toà nhà Thăng Long Number 1 gây nguy hiểm cho người đi bộ trên vỉa hè,. Tại khu vực này thường xuyên có các ô tô đi ngược chiều từ ngõ 289A Khuất Duy Tiến sang Toà nhà Thăng Long Number 1 gây nguy hiểm cho người đi bộ trên vỉa hè,https://congdanso.hanoi.gov.vn/phan-anh/xe-o-to-di-nguoc-chieu-va-di-tren-via-he-tai-khuat-duy-tien-truoc-toa-nha-thang-long-no-1-261380
269391,Ha Noi,congdanso_hanoi,14,,"Kính đề nghị thành phố và lực lượng CSGT có biện pháp kiểm soát và xử lý mạnh tay hơn với các trường hợp vi phạm giao thông làn BRT trên đường Lê Văn Lương. Cá nhân tôi và những người tham gia giao thông khác theo quan sát của tôi thường xuyên rơi vào tình huống nguy hiểm dễ xảy ra tai nạn giao thông khi rẽ/quay đầu tại vùng cho phép trên tuyến đường Lê Văn Lương. Rất nhiều các phương tiện chủ yếu là xe máy di chuyển trong làn BRT và thậm chí còn di chuyển với tốc độ cao. Khi các phương tiện đi đúng luật muốn rẽ hoặc quay đầu rất dễ bị các phương tiện vi phạm luật giao thông đâm trực diện từ phía sau. Ngoài ra, các phương tiện phạm luật thường xuyên gây xung đột giao thông với các phương tiện đi đúng luật tại điểm giao cắt gây ùn tắc vào giờ cao điểm. Tôi kính mong thành phố và lực lượng chức năng sớm có biển pháp xử lý triệt để vi phạm trên tuyến đường này để bảo đảm an toàn giao thông và giảm ùn tắc giao thông",". Kính đề nghị thành phố và lực lượng CSGT có biện pháp kiểm soát và xử lý mạnh tay hơn với các trường hợp vi phạm giao thông làn BRT trên đường Lê Văn Lương. Cá nhân tôi và những người tham gia giao thông khác theo quan sát của tôi thường xuyên rơi vào tình huống nguy hiểm dễ xảy ra tai nạn giao thông khi rẽ/quay đầu tại vùng cho phép trên tuyến đường Lê Văn Lương. Rất nhiều các phương tiện chủ yếu là xe máy di chuyển trong làn BRT và thậm chí còn di chuyển với tốc độ cao. Khi các phương tiện đi đúng luật muốn rẽ hoặc quay đầu rất dễ bị các phương tiện vi phạm luật giao thông đâm trực diện từ phía sau. Ngoài ra, các phương tiện phạm luật thường xuyên gây xung đột giao thông với các phương tiện đi đúng luật tại điểm giao cắt gây ùn tắc vào giờ cao điểm. Tôi kính mong thành phố và lực lượng chức năng sớm có biển pháp xử lý triệt để vi phạm trên tuyến đường này để bảo đảm an toàn giao thông và giảm ùn tắc giao thông",https://congdanso.hanoi.gov.vn/phan-anh/tinh-trang-vi-pham-giao-thong-lan-brt-tren-duong-le-van-luong-269391
267911,Ha Noi,congdanso_hanoi,14,,"Tại khu sân chơi và sân bóng thuộc khu đấu gia qsd đất ở mậu lương, xe cá nhân và xe tải của viettel post đậu lấn chiếm hết lòng, lề đường, làm dân khi lại rất khó khăn, bất tiện",". Tại khu sân chơi và sân bóng thuộc khu đấu gia qsd đất ở mậu lương, xe cá nhân và xe tải của viettel post đậu lấn chiếm hết lòng, lề đường, làm dân khi lại rất khó khăn, bất tiện",https://congdanso.hanoi.gov.vn/phan-anh/phan-anh-xe-dau-het-long-duong-267911
270095,Ha Noi,congdanso_hanoi,14,,Đề nghị công án phường Khương Đình giải quyết dứt điểm hiện trạng này.,. Đề nghị công án phường Khương Đình giải quyết dứt điểm hiện trạng này.,https://congdanso.hanoi.gov.vn/phan-anh/do-o-to-ngay-bien-cam-do-xe-gay-anh-huong-phu-huynh-truong-mam-non-non-khuong-dinh-dua-don-tre-em-di-hoc-270095
267282,Ha Noi,congdanso_hanoi,14,,"Kính gửi: UBND Phường Bồ Đề Hiện nay, tại khu vực quanh Tòa nhà N03, đặc biệt ngõ 390 Nguyễn Văn Cừ, thường xuyên xảy ra tình trạng xe máy, ô tô dừng đỗ lấn chiếm lòng đường, gây cản trở giao thông, mất an toàn. Tình trạng này diễn ra nhiều vào giờ cao điểm hàng ngày. Kính đề nghị UBND Phường kiểm tra, xử lý và có biện pháp chấn chỉnh. Trân trọng.",". Kính gửi: UBND Phường Bồ Đề Hiện nay, tại khu vực quanh Tòa nhà N03, đặc biệt ngõ 390 Nguyễn Văn Cừ, thường xuyên xảy ra tình trạng xe máy, ô tô dừng đỗ lấn chiếm lòng đường, gây cản trở giao thông, mất an toàn. Tình trạng này diễn ra nhiều vào giờ cao điểm hàng ngày. Kính đề nghị UBND Phường kiểm tra, xử lý và có biện pháp chấn chỉnh. Trân trọng.",https://congdanso.hanoi.gov.vn/phan-anh/phan-anh-ve-tinh-trang-xe-may-o-to-do-duoi-long-duong-gay-can-tro-mat-an-toan-giao-thong-tai-ngo-390-nguyen-van-cu-267282
268041,Ha Noi,congdanso_hanoi,14,,"Đường Dương Lâm và Đoạn đường giữa 2 tòa chung cư CT2B và CT3B trong khu đô thị Văn Quán Hà Đông có đặt biển cấm đỗ xe nhưng thường xuyên có xe ô tô đỗ trong đoạn đường cấm đỗ. Gần đây, an ninh trật tự đi dẹp lấn chiếm vỉa hè lòng đường rất có hiệu quả nhưng vẫn còn bị xót vài đoạn đường có xe ô tô đậu sai quy định. Trân trọng !",". Đường Dương Lâm và Đoạn đường giữa 2 tòa chung cư CT2B và CT3B trong khu đô thị Văn Quán Hà Đông có đặt biển cấm đỗ xe nhưng thường xuyên có xe ô tô đỗ trong đoạn đường cấm đỗ. Gần đây, an ninh trật tự đi dẹp lấn chiếm vỉa hè lòng đường rất có hiệu quả nhưng vẫn còn bị xót vài đoạn đường có xe ô tô đậu sai quy định. Trân trọng !",https://congdanso.hanoi.gov.vn/phan-anh/do-xe-o-to-tai-noi-co-bien-cam-do-268041
269399,Ha Noi,congdanso_hanoi,14,,"Kính gửi: • Ủy ban nhân dân xã Vĩnh Thanh, Hà Nội • Công an xã Vĩnh Thanh • Các cơ quan chức năng có liên quan Tôi là công dân sinh sống tại khu vực xã Vĩnh Thanh, Hà Nội. Nay tôi làm đơn này phản ánh và kính đề nghị Quý cơ quan quan tâm kiểm tra, xử lý tình trạng vi phạm trật tự giao thông và vệ sinh môi trường đang diễn ra thường xuyên tại khu vực đường Tàm Xá, khu công viên Vĩnh Ngọc (thuộc địa bàn xã Tàm Xá cũ, nay là xã Vĩnh Thanh), cụ thể như sau: 1. Tình trạng đỗ xe không đúng quy định, gây cản trở giao thông Hiện nay tại khu vực đường ngoài và đường trong xung quanh khu công viên Vĩnh Ngọc, nhiều xe tải, xe công trình và các phương tiện khác thường xuyên đỗ xe ngày đêm, chiếm dụng lòng đường, gây cản trở giao thông, ảnh hưởng việc đi lại của người dân. Việc đỗ xe kéo dài liên tục không chỉ làm mất mỹ quan đô thị mà còn tiềm ẩn nguy cơ va chạm giao thông, đặc biệt vào các khung giờ đông người qua lại. 2. Xe công trình làm rơi vãi đất cát, gây bụi bẩn ô nhiễm Nhiều xe chở vật liệu từ các công trình ở nơi khác đi qua khu vực này thường xuyên để rơi vãi đất, cát ra mặt đường. Khi trời nắng, bụi bay mù mịt; khi trời mưa, đường trơn trượt, lầy lội, gây mất vệ sinh môi trường và ảnh hưởng nghiêm trọng đến sinh hoạt của người dân xung quanh. 3. Gây mất an toàn cho người dân tập thể dục tại công viên Khu công viên là nơi người dân, người cao tuổi, trẻ em thường xuyên đi bộ, tập thể dục hàng ngày. Tuy nhiên việc xe tải, xe công trình đỗ kín hai bên đường, ra vào liên tục đã gây nguy hiểm, mất an toàn cho người dân khi tham gia các hoạt động thể dục thể thao. Kính đề nghị cơ quan chức năng: 1. Kiểm tra, xử lý tình trạng đỗ xe sai quy định, chiếm dụng lòng đường tại khu vực nêu trên. 2. Yêu cầu các xe công trình che chắn vật liệu, không để rơi vãi đất cát ra đường; tổ chức vệ sinh tưới nước khu vực thường xuyên. Kính mong Quý cơ quan kiểm tra, giải quyết đảm bảo trật tự an toàn giao thông, vệ sinh môi trường và quyền lợi chính đáng của người dân.",". Kính gửi: • Ủy ban nhân dân xã Vĩnh Thanh, Hà Nội • Công an xã Vĩnh Thanh • Các cơ quan chức năng có liên quan Tôi là công dân sinh sống tại khu vực xã Vĩnh Thanh, Hà Nội. Nay tôi làm đơn này phản ánh và kính đề nghị Quý cơ quan quan tâm kiểm tra, xử lý tình trạng vi phạm trật tự giao thông và vệ sinh môi trường đang diễn ra thường xuyên tại khu vực đường Tàm Xá, khu công viên Vĩnh Ngọc (thuộc địa bàn xã Tàm Xá cũ, nay là xã Vĩnh Thanh), cụ thể như sau: 1. Tình trạng đỗ xe không đúng quy định, gây cản trở giao thông Hiện nay tại khu vực đường ngoài và đường trong xung quanh khu công viên Vĩnh Ngọc, nhiều xe tải, xe công trình và các phương tiện khác thường xuyên đỗ xe ngày đêm, chiếm dụng lòng đường, gây cản trở giao thông, ảnh hưởng việc đi lại của người dân. Việc đỗ xe kéo dài liên tục không chỉ làm mất mỹ quan đô thị mà còn tiềm ẩn nguy cơ va chạm giao thông, đặc biệt vào các khung giờ đông người qua lại. 2. Xe công trình làm rơi vãi đất cát, gây bụi bẩn ô nhiễm Nhiều xe chở vật liệu từ các công trình ở nơi khác đi qua khu vực này thường xuyên để rơi vãi đất, cát ra mặt đường. Khi trời nắng, bụi bay mù mịt; khi trời mưa, đường trơn trượt, lầy lội, gây mất vệ sinh môi trường và ảnh hưởng nghiêm trọng đến sinh hoạt của người dân xung quanh. 3. Gây mất an toàn cho người dân tập thể dục tại công viên Khu công viên là nơi người dân, người cao tuổi, trẻ em thường xuyên đi bộ, tập thể dục hàng ngày. Tuy nhiên việc xe tải, xe công trình đỗ kín hai bên đường, ra vào liên tục đã gây nguy hiểm, mất an toàn cho người dân khi tham gia các hoạt động thể dục thể thao. Kính đề nghị cơ quan chức năng: 1. Kiểm tra, xử lý tình trạng đỗ xe sai quy định, chiếm dụng lòng đường tại khu vực nêu trên. 2. Yêu cầu các xe công trình che chắn vật liệu, không để rơi vãi đất cát ra đường; tổ chức vệ sinh tưới nước khu vực thường xuyên. Kính mong Quý cơ quan kiểm tra, giải quyết đảm bảo trật tự an toàn giao thông, vệ sinh môi trường và quyền lợi chính đáng của người dân.",https://congdanso.hanoi.gov.vn/phan-anh/ve-viec-do-xe-khong-dung-quy-dinh-gay-can-tro-giao-thong-mat-an-toan-va-o-nhiem-moi-truong-tai-khu-vuc-duong-tam-xa-khu-cong-vien-vinh-ngoc--tam-xa-nay-thuoc-xa-vinh-thanh-ha-noi-269399
266998,Ha Noi,congdanso_hanoi,14,,Dọc đường Lâm Hạ - Bồ Đề có rất nhiều ô tô đỗ hai bên đường tại đoạn đường cấm đô. Ra vào các hàng quán gây cản trở nguy hiểm cho người đi đường!,. Dọc đường Lâm Hạ - Bồ Đề có rất nhiều ô tô đỗ hai bên đường tại đoạn đường cấm đô. Ra vào các hàng quán gây cản trở nguy hiểm cho người đi đường!,https://congdanso.hanoi.gov.vn/phan-anh/phan-anh-tai-cong-ty-co-phan-trang-thiet-bi-y-te-vinh-khang-157-p-lam-ha-phuong-bo-de-thanh-pho-ha-noi-266998
269480,Ha Noi,congdanso_hanoi,15,,"Vào hổi 13:16 ngày 19/4/2026, tại trước cửa nhà L29-LK7 khu đấu giá Mậu Lương, Kiến Hưng, Hà Nội. Chủ xe 30G45691 đỗ xe gây cản trở giao thông và có thái độ và ý thức coi thường pháp luật và cản trở lối đi chung của cư dân khu phố. Tôi đã cố tình nháy đèn để chủ xe biết, chủ xe có thấy tín hiệu nhưng vẫn bỏ vào nhà và không quan tâm khi đã nhận tín hiệu. Việc này đã kiến nghị tổ dân phố có nhắc nhở rồi nhưng vẫn cố tình vi phạm.",". Vào hổi 13:16 ngày 19/4/2026, tại trước cửa nhà L29-LK7 khu đấu giá Mậu Lương, Kiến Hưng, Hà Nội. Chủ xe 30G45691 đỗ xe gây cản trở giao thông và có thái độ và ý thức coi thường pháp luật và cản trở lối đi chung của cư dân khu phố. Tôi đã cố tình nháy đèn để chủ xe biết, chủ xe có thấy tín hiệu nhưng vẫn bỏ vào nhà và không quan tâm khi đã nhận tín hiệu. Việc này đã kiến nghị tổ dân phố có nhắc nhở rồi nhưng vẫn cố tình vi phạm.",https://congdanso.hanoi.gov.vn/phan-anh/thai-do-va-y-thuc-coi-thuong-phap-luat-269480
269805,Ha Noi,congdanso_hanoi,15,,Đề nghị cơ quan chức năng xử lý trường hợp xe đỗ lên phần đường ưu tiên cho người đi bộ sang đường. Địa điểm 25 Tô Hiến Thành - Hai Bà Trưng - Hà Nội Thời điểm 11h00 ngày 20/04/2026,. Đề nghị cơ quan chức năng xử lý trường hợp xe đỗ lên phần đường ưu tiên cho người đi bộ sang đường. Địa điểm 25 Tô Hiến Thành - Hai Bà Trưng - Hà Nội Thời điểm 11h00 ngày 20/04/2026,https://congdanso.hanoi.gov.vn/phan-anh/xe-oto-do-de-len-vach-uu-tien-phan-duong-cho-nguoi-di-bo-sang-duong-269805
270376,Ha Noi,congdanso_hanoi,15,,Xe ô tô đỗ chắn lối lên xe Bus của người dân. Đề nghị các cơ quan chức năng giải quyết tình trạng này.,. Xe ô tô đỗ chắn lối lên xe Bus của người dân. Đề nghị các cơ quan chức năng giải quyết tình trạng này.,https://congdanso.hanoi.gov.vn/phan-anh/o-to-do-chan-diem-xe-buu-vuon-hoa-pasteur-270376
268685,Ha Noi,congdanso_hanoi,15,,"Ngày 17 tháng 4 năm 2026, xe Innova mang biển kiểm soát 30M 640-34 đỗ trái chiều đường đi từ sáng đến hơn 14h cùng. Gày. Chắn cửa ra vào nhà số 3 phố Vũ Hữu Lợi, phường Hai Bà Trưng. Đề nghị cơ quan chức năng xử lý vi phạm.",". Ngày 17 tháng 4 năm 2026, xe Innova mang biển kiểm soát 30M 640-34 đỗ trái chiều đường đi từ sáng đến hơn 14h cùng. Gày. Chắn cửa ra vào nhà số 3 phố Vũ Hữu Lợi, phường Hai Bà Trưng. Đề nghị cơ quan chức năng xử lý vi phạm.",https://congdanso.hanoi.gov.vn/phan-anh/do-xe-trai-le-duong-chan-cong-268685
268386,Ha Noi,congdanso_hanoi,15,,"Sáng nay thứ 5 ngày 16/4/2026, khoảng 8h45 chị lái xe Spacy trắng di chuyển theo hướng Kim Ngưu - Lò Đúc, khi tham gia giao thông không đội mũ bảo hiểm, nghe điện thoại khi đang lái xe. Vượt đèn đỏ ngã tư Kim Ngưu - Lò Đúc (khoảng 8h53)",". Sáng nay thứ 5 ngày 16/4/2026, khoảng 8h45 chị lái xe Spacy trắng di chuyển theo hướng Kim Ngưu - Lò Đúc, khi tham gia giao thông không đội mũ bảo hiểm, nghe điện thoại khi đang lái xe. Vượt đèn đỏ ngã tư Kim Ngưu - Lò Đúc (khoảng 8h53)",https://congdanso.hanoi.gov.vn/phan-anh/vi-pham-khi-tham-gia-giao-thong-268386
268094,Ha Noi,congdanso_hanoi,15,,Xe đỗ sai gây cản trở giao thông từ sáng sớm đến hiện tại 9h02 vẫn đỗ,. Xe đỗ sai gây cản trở giao thông từ sáng sớm đến hiện tại 9h02 vẫn đỗ,https://congdanso.hanoi.gov.vn/phan-anh/xe-oto-do-sai-pham-gay-can-tro-giao-thong-268094
267831,Ha Noi,congdanso_hanoi,15,,"Vào hồi 11h52 ngày 14/04/2026, tại nút giao Tạ Quang Bửu - Lê Thanh Nghị (phường Bạch Mai), tôi phát hiện xe máy BKS 30-N9 5833 vi phạm: - Người điều khiển và người ngồi sau không đội mũ bảo hiểm. - Cố tình vượt đèn đỏ khi qua giao lộ. Kính đề nghị cơ quan chức năng kiểm tra, xác minh và xử lý phạt nguội theo quy định. (Hình ảnh vi phạm đính kèm).",". Vào hồi 11h52 ngày 14/04/2026, tại nút giao Tạ Quang Bửu - Lê Thanh Nghị (phường Bạch Mai), tôi phát hiện xe máy BKS 30-N9 5833 vi phạm: - Người điều khiển và người ngồi sau không đội mũ bảo hiểm. - Cố tình vượt đèn đỏ khi qua giao lộ. Kính đề nghị cơ quan chức năng kiểm tra, xác minh và xử lý phạt nguội theo quy định. (Hình ảnh vi phạm đính kèm).",https://congdanso.hanoi.gov.vn/phan-anh/phan-anh-xe-may-vi-pham-giao-thong-267831
267004,Ha Noi,congdanso_hanoi,15,,Thời gian 16:56 ngày 13/4/2026 Xe đỗ đè lên vạch dành cho người đi bộ Xe đỗ trong thời gian cấm đỗ xe 06:00 - 18:00 Biển kiểm soát : 30K 797.08 Địa chỉ : 69 Tứ Liên - Hồng Hà - Hà Nội,. Thời gian 16:56 ngày 13/4/2026 Xe đỗ đè lên vạch dành cho người đi bộ Xe đỗ trong thời gian cấm đỗ xe 06:00 - 18:00 Biển kiểm soát : 30K 797.08 Địa chỉ : 69 Tứ Liên - Hồng Hà - Hà Nội,https://congdanso.hanoi.gov.vn/phan-anh/do-xe-sai-quy-dinh-267004
266635,Ha Noi,congdanso_hanoi,15,,Xe oto đỗ sai quy định 1 - đè vạch dành cho người đi bộ 2 - đỗ xe trong thời gian cấm đỗ,. Xe oto đỗ sai quy định 1 - đè vạch dành cho người đi bộ 2 - đỗ xe trong thời gian cấm đỗ,https://congdanso.hanoi.gov.vn/phan-anh/do-xe-sai-quy-dinh-266635
269520,Ha Noi,congdanso_hanoi,15,,"Đường Lý Thánh Tông (kéo dài từ đường Bát Khối đến đường Nguyễn Đức Thuận, thuộc địa phận của 2 xã Bát Tràng và Gia Lâm) lưu lượng tham gia giao thông rất đông, nhiều xe tải và contener chạy rất nhanh và cư dân từ Vin Ocean Park di chuyển hàng ngày mà đèn chiếu sáng không bật khoảng 1-2 năm nay gây mất an toàn giao thông, nhiều vụ tai nạn đã xảy ra trên tuyến đường này, kính mong cơ quan có thẩm quyền xử lý dứt điểm bật đèn chiếu sáng để an toàn cho người dân.",". Đường Lý Thánh Tông (kéo dài từ đường Bát Khối đến đường Nguyễn Đức Thuận, thuộc địa phận của 2 xã Bát Tràng và Gia Lâm) lưu lượng tham gia giao thông rất đông, nhiều xe tải và contener chạy rất nhanh và cư dân từ Vin Ocean Park di chuyển hàng ngày mà đèn chiếu sáng không bật khoảng 1-2 năm nay gây mất an toàn giao thông, nhiều vụ tai nạn đã xảy ra trên tuyến đường này, kính mong cơ quan có thẩm quyền xử lý dứt điểm bật đèn chiếu sáng để an toàn cho người dân.",https://congdanso.hanoi.gov.vn/phan-anh/khong-bat-den-chieu-sang-gay-mat-an-toan-giao-thong-269520
267390,Ha Noi,congdanso_hanoi,16,,Đề nghị công an phường Hai Bà Trưng xử lý tình trạng thường xuyên đỗ xe lấn chiếm lòng đường gây cản trở giao thông,. Đề nghị công an phường Hai Bà Trưng xử lý tình trạng thường xuyên đỗ xe lấn chiếm lòng đường gây cản trở giao thông,https://congdanso.hanoi.gov.vn/phan-anh/do-xe-lan-chiem-long-duong-gay-can-tro-giao-thong-267390
268506,Ha Noi,congdanso_hanoi,16,,"Thường xuyên xảy ra đỗ xe trái phép gần quán phở Thìn, gây tắc đường",". Thường xuyên xảy ra đỗ xe trái phép gần quán phở Thìn, gây tắc đường",https://congdanso.hanoi.gov.vn/phan-anh/do-xe-du-co-bien-cam-268506
267137,Ha Noi,congdanso_hanoi,16,,2 tuần gần đây bật hệ thống đèn giao thông 2 nút giao đường xuân tảo đi ngoại giao đoàn gây ùn tắc. Đề nghị kiểm tra thực tế và tắt bỏ,. 2 tuần gần đây bật hệ thống đèn giao thông 2 nút giao đường xuân tảo đi ngoại giao đoàn gây ùn tắc. Đề nghị kiểm tra thực tế và tắt bỏ,https://congdanso.hanoi.gov.vn/phan-anh/nut-giao-vong-xuyen-267137
267258,Ha Noi,congdanso_hanoi,16,,"Như tiêu đề, thời gian đèn đỏ Tam Trinh - Đỗ Mười dài 120s gây ùn tắc kéo dài cả hai chiều theo hướng đi cầu Thanh Trì và hướng đi Pháp Vân. Trong khi hai hướng này thông thoáng có thể lưu thông. Kính đề nghị cơ quan chức năng nghiên cứu điều chỉnh phù hợp thực tế. Trân trọng cảm ơn.",". Như tiêu đề, thời gian đèn đỏ Tam Trinh - Đỗ Mười dài 120s gây ùn tắc kéo dài cả hai chiều theo hướng đi cầu Thanh Trì và hướng đi Pháp Vân. Trong khi hai hướng này thông thoáng có thể lưu thông. Kính đề nghị cơ quan chức năng nghiên cứu điều chỉnh phù hợp thực tế. Trân trọng cảm ơn.",https://congdanso.hanoi.gov.vn/phan-anh/de-nghi-xem-xet-dieu-chinh-lai-thoi-gian-den-do-tam-trinh---do-muoi-cho-phu-hop-267258
266796,Ha Noi,congdanso_hanoi,16,,"Tôi thấy ở ngã tư Dương Đình Nghệ - Phạm Hùng với chiều đi xe ở từ Dương Đình Nghệ giao Phạm Hùng có thời gian đèn xanh không hợp lý. Mỗi lần qua đó tầm 7g30-8g tối có thể phải dừng 3-4 nhịp đèn đỏ. Vì cột đèn xanh đỏ k hiển thị số cụ thể nhưng áng chừng chỉ được khoảng 20s, trong khi đèn đỏ phải chờ 60-80 1 lần là ít. Ngoài ra, ngã tư rộng mà đèn xanh ít giây nên mỗi nhịp đèn chỉ đi được rất ít phương tiện qua được.",". Tôi thấy ở ngã tư Dương Đình Nghệ - Phạm Hùng với chiều đi xe ở từ Dương Đình Nghệ giao Phạm Hùng có thời gian đèn xanh không hợp lý. Mỗi lần qua đó tầm 7g30-8g tối có thể phải dừng 3-4 nhịp đèn đỏ. Vì cột đèn xanh đỏ k hiển thị số cụ thể nhưng áng chừng chỉ được khoảng 20s, trong khi đèn đỏ phải chờ 60-80 1 lần là ít. Ngoài ra, ngã tư rộng mà đèn xanh ít giây nên mỗi nhịp đèn chỉ đi được rất ít phương tiện qua được.",https://congdanso.hanoi.gov.vn/phan-anh/thoi-gian-den-xanh-chua-hop-ly-266796
263722,Ha Noi,congdanso_hanoi,16,,Mong lực lượng chức năng sử lý nghiêm và có biện pháp ngăn chặn Chánh tái diễn lại để người dân có thể đi lại thuận tiện hơn,. Mong lực lượng chức năng sử lý nghiêm và có biện pháp ngăn chặn Chánh tái diễn lại để người dân có thể đi lại thuận tiện hơn,https://congdanso.hanoi.gov.vn/phan-anh/thuong-xuyen-say-ra-tinh-trang-xe-do-gay-mat-an-toan-giao-thong-263722
265097,Ha Noi,congdanso_hanoi,16,,"Như đã nhiều lần phản ánh trước đây, đây là bến xe cóc của nhà xe Nguyễn gia Hải Phòng hoạt động, đề nghị CQ chức năng xử lý. Nhà xe này thường xuyên dừng đỗ đón trả khách giữa ngã tư, dọn xe, xả rác ra đường. Các xe đều có biển vàng, số điện thoại.",". Như đã nhiều lần phản ánh trước đây, đây là bến xe cóc của nhà xe Nguyễn gia Hải Phòng hoạt động, đề nghị CQ chức năng xử lý. Nhà xe này thường xuyên dừng đỗ đón trả khách giữa ngã tư, dọn xe, xả rác ra đường. Các xe đều có biển vàng, số điện thoại.",https://congdanso.hanoi.gov.vn/phan-anh/phan-anh-ben-coc-hoat-dong-chu-khong-chi-xe-do-dau-trai-quy-dinh-nhu-da-xu-ly-265097
265109,Ha Noi,congdanso_hanoi,16,,"Thường xuyên có xe oto đỗ sai quy định, lấn chiếm vỉa hẻ, hành lang an toàn giao thông và khu vực phòng cháy chữa cháy và cứu nạn cứu hộ.",". Thường xuyên có xe oto đỗ sai quy định, lấn chiếm vỉa hẻ, hành lang an toàn giao thông và khu vực phòng cháy chữa cháy và cứu nạn cứu hộ.",https://congdanso.hanoi.gov.vn/phan-anh/do-xe-sai-quy-dinh-265109
267766,Ha Noi,congdanso_hanoi,16,,"Phương tiện sau khi rẽ từ lê văn lương vào nguyễn tuân có thể đi chéo ngay lập tức để vào hầm toàn nhà HUD gây cản trở giao thông, (nhất là oto đi chéo như trong ảnh gửi kèm) cho phương tiện đi hướng Nguyễn Tuân - Hoàng Minh giám, nhất là giờ cao điểm Đề nghị có phương án phân luồng khác để các phương tiện nhất là ôtô rẽ vào toà HUD",". Phương tiện sau khi rẽ từ lê văn lương vào nguyễn tuân có thể đi chéo ngay lập tức để vào hầm toàn nhà HUD gây cản trở giao thông, (nhất là oto đi chéo như trong ảnh gửi kèm) cho phương tiện đi hướng Nguyễn Tuân - Hoàng Minh giám, nhất là giờ cao điểm Đề nghị có phương án phân luồng khác để các phương tiện nhất là ôtô rẽ vào toà HUD",https://congdanso.hanoi.gov.vn/phan-anh/bat-cap-phan-luong-giao-thong-nut-giao-le-van-luong---nguyen-tuan-267766
267655,Ha Noi,congdanso_hanoi,16,,"Chính quyền xem xét hạn chế xe ben,xe khách,xe tải đi qua đường hẹp đông dân cư gây nguy hiểm cho người dân tại ct3 yên nghĩa",". Chính quyền xem xét hạn chế xe ben,xe khách,xe tải đi qua đường hẹp đông dân cư gây nguy hiểm cho người dân tại ct3 yên nghĩa",https://congdanso.hanoi.gov.vn/phan-anh/phan-anh-tai-ngan-hang-chinh-sach-xa-hoi-viet-nam-vbsp-xp3mhcq-ql6-phuong-yen-nghia-thanh-pho-ha-noi-267655
267398,Ha Noi,congdanso_hanoi,17,,"Đường QL21C (đường trục phía Nam Hà Nội) tại vị trí nút giao với đê sông Ái chỉ có 2 làn dành cho ô tô, tuy nhiên đèn giao thông theo 2 hướng đi thẳng và rẽ là lệch nhau. Trên thực tế nhu cầu rẽ trái ở đây rất ít, nhưng chỉ cần 1 ô tô rẽ trái dừng đèn đỏ thì toàn bộ ô tô đi thẳng sẽ chỉ còn 1 làn còn lại để đi khiến giao thông lộn xộn và dễ bị ùn tắc. Để giải quyết vấn đề này tôi xin phép đưa ra các đề xuất sau: 1 là xén bớt phần đất ở giữa để tạo thêm 1 làn rẽ trái. 2 là cấm các phương tiện trên đường QL21C rẽ trái ở nút giao này, yêu cầu các phương tiện đi thẳng qua nút giao rồi quay đầu. Thậm chí có thể xem xét loại bỏ đèn giao thông, lắp dải phân cách cứng, điều phối các phương tiện từ đê sông Ái sẽ bắt buộc rẽ phải ra QL21C rồi quay đầu",". Đường QL21C (đường trục phía Nam Hà Nội) tại vị trí nút giao với đê sông Ái chỉ có 2 làn dành cho ô tô, tuy nhiên đèn giao thông theo 2 hướng đi thẳng và rẽ là lệch nhau. Trên thực tế nhu cầu rẽ trái ở đây rất ít, nhưng chỉ cần 1 ô tô rẽ trái dừng đèn đỏ thì toàn bộ ô tô đi thẳng sẽ chỉ còn 1 làn còn lại để đi khiến giao thông lộn xộn và dễ bị ùn tắc. Để giải quyết vấn đề này tôi xin phép đưa ra các đề xuất sau: 1 là xén bớt phần đất ở giữa để tạo thêm 1 làn rẽ trái. 2 là cấm các phương tiện trên đường QL21C rẽ trái ở nút giao này, yêu cầu các phương tiện đi thẳng qua nút giao rồi quay đầu. Thậm chí có thể xem xét loại bỏ đèn giao thông, lắp dải phân cách cứng, điều phối các phương tiện từ đê sông Ái sẽ bắt buộc rẽ phải ra QL21C rồi quay đầu",https://congdanso.hanoi.gov.vn/phan-anh/bat-cap-den-giao-thong-tai-nut-giao-ql21c-duong-truc-phia-nam-ha-noi-voi-de-song-ai-267398
267305,Ha Noi,congdanso_hanoi,17,,"Tôi xin phản ánh xung đột giao thông tại ngã 3 giao cắt giữa đường vào chung cư the Vesta và quốc lộ 21B, địa chỉ phố Xốm phường Phú Lương, thành phố Hà Nội. Hiện nay đèn giao thông tại ngã 3 này có 2 nhịp đèn khác nhau giữa đèn rẽ trái vào chung cư và đèn đi thẳng. Khi đèn rẽ trái màu đỏ và đèn đi thẳng màu xanh, Các oto tải và oto cointainer đi thẳng theo hướng QL21B sẽ chèn ép các xe nhỏ và xe máy đang đứng đợi đèn rẽ trái, gây xung đột giao thông, nguy hiểm tính mạng cho người tham gia giao thông. Kính mong các cấp có thẩm quyền rà soát và điều chỉnh tổ chức giao thông tại nút giao này.",". Tôi xin phản ánh xung đột giao thông tại ngã 3 giao cắt giữa đường vào chung cư the Vesta và quốc lộ 21B, địa chỉ phố Xốm phường Phú Lương, thành phố Hà Nội. Hiện nay đèn giao thông tại ngã 3 này có 2 nhịp đèn khác nhau giữa đèn rẽ trái vào chung cư và đèn đi thẳng. Khi đèn rẽ trái màu đỏ và đèn đi thẳng màu xanh, Các oto tải và oto cointainer đi thẳng theo hướng QL21B sẽ chèn ép các xe nhỏ và xe máy đang đứng đợi đèn rẽ trái, gây xung đột giao thông, nguy hiểm tính mạng cho người tham gia giao thông. Kính mong các cấp có thẩm quyền rà soát và điều chỉnh tổ chức giao thông tại nút giao này.",https://congdanso.hanoi.gov.vn/phan-anh/xung-dot-giao-thong-tai-nga-3-267305
267180,Ha Noi,congdanso_hanoi,17,,"Hiện trạng ngã tư giao giữa đường Nguyễn Đình Tứ với đường Cổ Nhuế - Đức Thắng quá bé, nút giao gây tắc dài, bùng binh quá bé không đủ để xe đi được Thi thoảng có đội công an phường nhưng nhân lực không đủ, hôm không có thì đã xảy ra tai nạn! Ngoài ra điểm đỗ xe bus 28 31 quá gần điểm giao, làm cho việc ùn tắc rất nghiêm trọng! 1. Kiến nghị lắp đèn đỏ hoặc có giải pháp khác 2 Di chuyển điểm cuối của tuyến bus 28 31 xuống qua cầu phố viên vì khu đó không có dân cư 3 Hiện tại đang có dự án thi công công viên sinh học dưới cầu phố viên khiến lượng phương tiện xe tải chở đất rất lớn, yêu cầu tăng cường xe rửa đường vì quá bụi 4 Chính vì lượng phương tiện thi công, bùng binh ở ngã tư phố Viên - Đường Nguyễn Đình Tứ - Cổ Nhuế - Đức Thắng quá nguy hiểm. Hãy tích cực xử lý vì khu vực này có trường cấp 1 2 3 và Đại Học, đừng để tai nạn đáng tiếc xảy ra….",". Hiện trạng ngã tư giao giữa đường Nguyễn Đình Tứ với đường Cổ Nhuế - Đức Thắng quá bé, nút giao gây tắc dài, bùng binh quá bé không đủ để xe đi được Thi thoảng có đội công an phường nhưng nhân lực không đủ, hôm không có thì đã xảy ra tai nạn! Ngoài ra điểm đỗ xe bus 28 31 quá gần điểm giao, làm cho việc ùn tắc rất nghiêm trọng! 1. Kiến nghị lắp đèn đỏ hoặc có giải pháp khác 2 Di chuyển điểm cuối của tuyến bus 28 31 xuống qua cầu phố viên vì khu đó không có dân cư 3 Hiện tại đang có dự án thi công công viên sinh học dưới cầu phố viên khiến lượng phương tiện xe tải chở đất rất lớn, yêu cầu tăng cường xe rửa đường vì quá bụi 4 Chính vì lượng phương tiện thi công, bùng binh ở ngã tư phố Viên - Đường Nguyễn Đình Tứ - Cổ Nhuế - Đức Thắng quá nguy hiểm. Hãy tích cực xử lý vì khu vực này có trường cấp 1 2 3 và Đại Học, đừng để tai nạn đáng tiếc xảy ra….",https://congdanso.hanoi.gov.vn/phan-anh/lap-dat-bung-binh-tai-nga-tu-khong-phu-hop-da-co-tai-nan-xay-ra-267180
267017,Ha Noi,congdanso_hanoi,17,,"Kính gửi phường Nghĩa Đô, Hiện tại đầu ngõ 115 Trần Cung có biển cấm ô tô mới lắp vì ngõ 448 cách đó 700 m đang thi công đoạn cống nên không thể đi thẳng ra đường Phạm Văn Đồng. Tuy nhiên, thay vì lắp biển cảnh báo và điều hướng để phương tiện biết lựa chọn hướng đi khác, cơ quan chức năng lại cắm biển cấm ô tô dẫn tới người dân trong khu vực không thể lái xe về nhà, đặc biệt là không thể lái xe để đón con tại trường tiểu học Văn Tiến Dũng, trường mầm non Cổ Nhuế 1, cũng như các đơn vị, cơ quan khác từ đầu ngõ 115 tới đoạn thi công tại ngõ 448. Việc hạn chế ô tô đi vào là rất vô lý và ảnh hưởng tới việc sinh hoạt, học tập của người dân địa phương. Kính mong đồng chí chỉ đạo giải quyết sự việc. Xin cảm ơn.",". Kính gửi phường Nghĩa Đô, Hiện tại đầu ngõ 115 Trần Cung có biển cấm ô tô mới lắp vì ngõ 448 cách đó 700 m đang thi công đoạn cống nên không thể đi thẳng ra đường Phạm Văn Đồng. Tuy nhiên, thay vì lắp biển cảnh báo và điều hướng để phương tiện biết lựa chọn hướng đi khác, cơ quan chức năng lại cắm biển cấm ô tô dẫn tới người dân trong khu vực không thể lái xe về nhà, đặc biệt là không thể lái xe để đón con tại trường tiểu học Văn Tiến Dũng, trường mầm non Cổ Nhuế 1, cũng như các đơn vị, cơ quan khác từ đầu ngõ 115 tới đoạn thi công tại ngõ 448. Việc hạn chế ô tô đi vào là rất vô lý và ảnh hưởng tới việc sinh hoạt, học tập của người dân địa phương. Kính mong đồng chí chỉ đạo giải quyết sự việc. Xin cảm ơn.",https://congdanso.hanoi.gov.vn/phan-anh/ve-viec-cam-bien-cam-o-to-tai-115-tran-cung-267017
266853,Ha Noi,congdanso_hanoi,17,,"Đèn xanh đỏ cuối đường Hồng Tiến mới lắp thêm biển báo Đèn đỏ được phép rẽ phải, tuy nhiên theo hướng mũi tên chỉ đường thì chỉ có làn đi thẳng, không có làn rẽ phải ( rẽ phải lên vỉa hè là cổng vào công trường - nhưng phải lên vỉa hè chứ không phải đường đi). Mong cơ quan chức năng ghi thêm biển chỉ dẫn phụ để dân còn biết đường di chuyển, nhiều xe đến đó ko biết nên dừng hay nên đi",". Đèn xanh đỏ cuối đường Hồng Tiến mới lắp thêm biển báo Đèn đỏ được phép rẽ phải, tuy nhiên theo hướng mũi tên chỉ đường thì chỉ có làn đi thẳng, không có làn rẽ phải ( rẽ phải lên vỉa hè là cổng vào công trường - nhưng phải lên vỉa hè chứ không phải đường đi). Mong cơ quan chức năng ghi thêm biển chỉ dẫn phụ để dân còn biết đường di chuyển, nhiều xe đến đó ko biết nên dừng hay nên đi",https://congdanso.hanoi.gov.vn/phan-anh/bien-bao-giao-thong-266853
269284,Ha Noi,congdanso_hanoi,17,,"Xe ô tô đỗ ở nơi đường chỉ có độ rộng cho 1 làn xe cơ giới, gây cản trở giao thông, mất an toàn cho người tham gia giao thông, trời tối ko có vật cảnh báo.",". Xe ô tô đỗ ở nơi đường chỉ có độ rộng cho 1 làn xe cơ giới, gây cản trở giao thông, mất an toàn cho người tham gia giao thông, trời tối ko có vật cảnh báo.",https://congdanso.hanoi.gov.vn/phan-anh/xe-o-to-do-o-noi-duong-chi-co-do-rong-cho-1-lan-xe-co-gioi-269284
265022,Ha Noi,congdanso_hanoi,17,,Không hiểu sao vỉa hè ở đây lại biến thành bãi đỗ xe ô tô ngang nhiên ngang ngược như vây. Rất nhiều ô tô lao lên vỉa hè làm hỏng nền gạch của nhà nước. Khoảng 9h sáng Ngày 8/4/2026 Rất nhiều vô cùng ô tô đỗ trái phép trên vỉa hè. Tại sao cơ quan chức năng lại để cho việc này ngang nhiên xẩy ra thường xuyên??? Sau đây là 1 số ô tô tôi kịp thời chụp lại biển làm bằng chứng trình báo lên cơ quan công an. 30F 06363 29B 42526 30F 49655 30H 39569 30A 92319 29A 17693 30L 27273,. Không hiểu sao vỉa hè ở đây lại biến thành bãi đỗ xe ô tô ngang nhiên ngang ngược như vây. Rất nhiều ô tô lao lên vỉa hè làm hỏng nền gạch của nhà nước. Khoảng 9h sáng Ngày 8/4/2026 Rất nhiều vô cùng ô tô đỗ trái phép trên vỉa hè. Tại sao cơ quan chức năng lại để cho việc này ngang nhiên xẩy ra thường xuyên??? Sau đây là 1 số ô tô tôi kịp thời chụp lại biển làm bằng chứng trình báo lên cơ quan công an. 30F 06363 29B 42526 30F 49655 30H 39569 30A 92319 29A 17693 30L 27273,https://congdanso.hanoi.gov.vn/phan-anh/phan-anh-tai-137-nguyen-van-cu-265022
114075,Ha Noi,congdanso_hanoi,17,,"Ngã tư đầu làng thôn Cây Đề giao với thôn Sen Hồ các nông hộ trồng chuối gây khuất tầm nhìn của người tham gia giao thông. Va chạm giao thông liên tục xảy ra. Mong các cấp ủy, chính quyền vào cuộc trả lại hành lang an toàn giao thông cho người dân. Hình ảnh 2 vụ tai nạn giao thông ngày 15.12.2024.",". Ngã tư đầu làng thôn Cây Đề giao với thôn Sen Hồ các nông hộ trồng chuối gây khuất tầm nhìn của người tham gia giao thông. Va chạm giao thông liên tục xảy ra. Mong các cấp ủy, chính quyền vào cuộc trả lại hành lang an toàn giao thông cho người dân. Hình ảnh 2 vụ tai nạn giao thông ngày 15.12.2024.",https://congdanso.hanoi.gov.vn/phan-anh/hang-cay-gay-mat-an-toan-giao-thong-114075
268542,Ha Noi,congdanso_hanoi,17,,"Đề nghị phường và công an phường xử lý tình trạng ô tô đỗ xe trên vỉa hè xung quanh trường mầm non thực hành Linh Đàm. Chúng tôi đã phản ánh rất nhiều lần về tình trạng đỗ xe lấn chiếm vỉa hè này. Xe thậm chí còn phủ bạt đỗ lâu ngày, lên xuống gây hỏng vỉa hè và cống. Hằng ngày người già, trẻ em phải đi bộ xuống lòng đường xe đi lại gây nguy hiểm, mất an toàn giao thông",". Đề nghị phường và công an phường xử lý tình trạng ô tô đỗ xe trên vỉa hè xung quanh trường mầm non thực hành Linh Đàm. Chúng tôi đã phản ánh rất nhiều lần về tình trạng đỗ xe lấn chiếm vỉa hè này. Xe thậm chí còn phủ bạt đỗ lâu ngày, lên xuống gây hỏng vỉa hè và cống. Hằng ngày người già, trẻ em phải đi bộ xuống lòng đường xe đi lại gây nguy hiểm, mất an toàn giao thông",https://congdanso.hanoi.gov.vn/phan-anh/xe-o-to-do-tren-via-he-nguoi-di-bo-268542
266997,Ha Noi,congdanso_hanoi,17,,Xe ô tô bks 30h3559 quay đầu tại điểm cấm quay đầu trên đường cổ linh,. Xe ô tô bks 30h3559 quay đầu tại điểm cấm quay đầu trên đường cổ linh,https://congdanso.hanoi.gov.vn/phan-anh/phan-anh-tai-lannia---thanh-flower-2vhrcr5-phuong-long-bien-thanh-pho-ha-noi-266997
266995,Ha Noi,congdanso_hanoi,18,,Ô tô bks 30h3559 vượt phải trên cầu vượt eaon (cổ linh) (cấm vượt) và quay đầu tại điểm cấm quay đầu trên đường cổ inh,. Ô tô bks 30h3559 vượt phải trên cầu vượt eaon (cổ linh) (cấm vượt) và quay đầu tại điểm cấm quay đầu trên đường cổ inh,https://congdanso.hanoi.gov.vn/phan-anh/phan-anh-tai-hoang-phat-tho-cu-long-bien-phuong-long-bien-thanh-pho-ha-noi-266995
266459,Ha Noi,congdanso_hanoi,18,,Xe đỗ dưới lòng đường nơi có biển cấm dùng đỗ lần chiếm vỉa hè của phường,. Xe đỗ dưới lòng đường nơi có biển cấm dùng đỗ lần chiếm vỉa hè của phường,https://congdanso.hanoi.gov.vn/phan-anh/xe-do-duoi-long-duong-266459
265915,Ha Noi,congdanso_hanoi,18,,Xe ô tô đỗ ở vị trí có biển cấm đỗ,. Xe ô tô đỗ ở vị trí có biển cấm đỗ,https://congdanso.hanoi.gov.vn/phan-anh/xe-o-to-do-o-vi-tri-cam-doi-265915
265450,Ha Noi,congdanso_hanoi,18,,Ô tô đỗ trái phép trên vỉa hè. Làm lún vỡ nền gạch của nhà nước . Khoảng 11h25p 9/4/2026 Ô tô mang bks 30 38980 Rất mong cơ quan chức năng kịp thời xử lí,. Ô tô đỗ trái phép trên vỉa hè. Làm lún vỡ nền gạch của nhà nước . Khoảng 11h25p 9/4/2026 Ô tô mang bks 30 38980 Rất mong cơ quan chức năng kịp thời xử lí,https://congdanso.hanoi.gov.vn/phan-anh/phan-anh-tai-m2-clothing-outlet-minhtam-building-147-nguyen-van-cu-phuong-bo-de-thanh-pho-ha-noi-265450
265447,Ha Noi,congdanso_hanoi,18,,Ô tô đỗ trái phép trên vỉa hè. Nửa xe dưới lòng đường nửa xe trên vỉa hè. Khả năng gây tai nạn cho người đi đường. Khoảng 11h25p 9/4/2026 trước cửa số nhà 157 nguyễn văn cừ Kình mong cơ quan chức năng kịp thời xử lí những đối tượng này quá hống hách.,. Ô tô đỗ trái phép trên vỉa hè. Nửa xe dưới lòng đường nửa xe trên vỉa hè. Khả năng gây tai nạn cho người đi đường. Khoảng 11h25p 9/4/2026 trước cửa số nhà 157 nguyễn văn cừ Kình mong cơ quan chức năng kịp thời xử lí những đối tượng này quá hống hách.,https://congdanso.hanoi.gov.vn/phan-anh/phan-anh-tai-cafe-nam-viet-157-nguyen-van-cu-phuong-bo-de-thanh-pho-ha-noi-265447
264888,Ha Noi,congdanso_hanoi,18,,"Vào hồi 21:47phút ngày 7/4/2026 xe vinfast vf5 biển số99F 008.02 không xi nhan vượt phải tạt đầu xe của tôi,tiềm ẩn nguy cơ xảy va chạm. Sau đó tiếp tục không xi nhan vượt một loạt xe phía trước . Mong các đồng chí xem xét xử phạt",". Vào hồi 21:47phút ngày 7/4/2026 xe vinfast vf5 biển số99F 008.02 không xi nhan vượt phải tạt đầu xe của tôi,tiềm ẩn nguy cơ xảy va chạm. Sau đó tiếp tục không xi nhan vượt một loạt xe phía trước . Mong các đồng chí xem xét xử phạt",https://congdanso.hanoi.gov.vn/phan-anh/vi-pham-giao-thong-264888
265456,Ha Noi,congdanso_hanoi,18,,"Khoảng 11h trưa 9/4/2026 Rất nhiều ô tô ngang nhiên đỗ trái phép trên vỉa hè. Lấn chiếm hết lối đi của người đi bộ. Hơn nữa còn lam hỏng nền gạch của nhà nước. Rất mong chính quyền nghiêm khắc xử lí. Tôi đã kịp thời chụp lại bks, quay video 1 số xe đỗ trái phép . 30F 65483 30G 82383 29A 17693 30A 92319 30B 05800 99A 29595 Các a có thể xác minh thông qua video hình ảnh của tôi. Tôi xin trân trọng cám ơn.",". Khoảng 11h trưa 9/4/2026 Rất nhiều ô tô ngang nhiên đỗ trái phép trên vỉa hè. Lấn chiếm hết lối đi của người đi bộ. Hơn nữa còn lam hỏng nền gạch của nhà nước. Rất mong chính quyền nghiêm khắc xử lí. Tôi đã kịp thời chụp lại bks, quay video 1 số xe đỗ trái phép . 30F 65483 30G 82383 29A 17693 30A 92319 30B 05800 99A 29595 Các a có thể xác minh thông qua video hình ảnh của tôi. Tôi xin trân trọng cám ơn.",https://congdanso.hanoi.gov.vn/phan-anh/phan-anh-tai-137-nguyen-van-cu-phuong-bo-de-thanh-pho-ha-noi-265456
265082,Ha Noi,congdanso_hanoi,18,,9h sáng 8/4/2026 Ô tô đỗ trái phép trên vỉa hè. 30F 49655 Làm hỏng nền gạch của nhà nước .,. 9h sáng 8/4/2026 Ô tô đỗ trái phép trên vỉa hè. 30F 49655 Làm hỏng nền gạch của nhà nước .,https://congdanso.hanoi.gov.vn/phan-anh/phan-anh-tai-137a-nguyen-van-cu-265082
265081,Ha Noi,congdanso_hanoi,18,,Ô tô đỗ ngang nhiên chễm chệ trên vỉa hè. Làm hỏng nền gạch của nhà nước . Khoảng 9h sáng Ngày 8/4/2026 Ô tô mang bks: 30H 39569,. Ô tô đỗ ngang nhiên chễm chệ trên vỉa hè. Làm hỏng nền gạch của nhà nước . Khoảng 9h sáng Ngày 8/4/2026 Ô tô mang bks: 30H 39569,https://congdanso.hanoi.gov.vn/phan-anh/phan-anh-tai-137-nguyen-van-cu-265081
269357,Ha Noi,congdanso_hanoi,18,,Bãi xe lấn chiếm lòng đường hàng ngày luôn có xe đỗ ở nơi có biển báo cấm đỗ gây ảnh hưởng đến đi lại,. Bãi xe lấn chiếm lòng đường hàng ngày luôn có xe đỗ ở nơi có biển báo cấm đỗ gây ảnh hưởng đến đi lại,https://congdanso.hanoi.gov.vn/phan-anh/bai-xe-lan-chiem-long-duong-269357
267042,Ha Noi,congdanso_hanoi,19,,Các xe ô tô cá nhân của người dân xung quanh khu vực tiếp tục ngang nhiên đỗ xe lấn chiếm lòng đường; một số người dân tự lập điểm tập kết phân loại phế liệu ngay lòng đường gây cản trở giao thông và mất mỹ quan đô thị,. Các xe ô tô cá nhân của người dân xung quanh khu vực tiếp tục ngang nhiên đỗ xe lấn chiếm lòng đường; một số người dân tự lập điểm tập kết phân loại phế liệu ngay lòng đường gây cản trở giao thông và mất mỹ quan đô thị,https://congdanso.hanoi.gov.vn/phan-anh/phan-anh-lan-2-tiep-tuc-do-xe-can-tro-giao-thong-267042
267509,Ha Noi,congdanso_hanoi,19,,"Lấn chiếm lòng đường, đỗ xe cả ngày lẫn đêm. Mong các cơ quan vào cuộc xử lý dứt điểm",". Lấn chiếm lòng đường, đỗ xe cả ngày lẫn đêm. Mong các cơ quan vào cuộc xử lý dứt điểm",https://congdanso.hanoi.gov.vn/phan-anh/giao-thong-267509
261847,Ha Noi,congdanso_hanoi,19,,"Ngày 29/3/2026 tôi đang lưu thông dừng đèn đỏ ở ngã tư Ỷ Lan-Dương Đức Hiền.tất cả mọi phương tiện đều dừng đèn đỏ và đi đúng chiều đường của mình thì xe ô tô bks 89A72845 nhân lúc đèn xanh đã vượt ẩu lấn sang làn ngược chiều để vượt lên tạt đầu xe của tôi trong khi xe tôi dừng đỗ đúng quy định và có tín hiệu rẽ trái .Gây nguy hiểm cho tôi và phương tiện khác xung quanh,ý thức văn hóa giao thông của tài xế bks 89A72845 quá kém và coi thường luật pháp.Đề nghị cơ quan chức năng xử lý nghiêm",". Ngày 29/3/2026 tôi đang lưu thông dừng đèn đỏ ở ngã tư Ỷ Lan-Dương Đức Hiền.tất cả mọi phương tiện đều dừng đèn đỏ và đi đúng chiều đường của mình thì xe ô tô bks 89A72845 nhân lúc đèn xanh đã vượt ẩu lấn sang làn ngược chiều để vượt lên tạt đầu xe của tôi trong khi xe tôi dừng đỗ đúng quy định và có tín hiệu rẽ trái .Gây nguy hiểm cho tôi và phương tiện khác xung quanh,ý thức văn hóa giao thông của tài xế bks 89A72845 quá kém và coi thường luật pháp.Đề nghị cơ quan chức năng xử lý nghiêm",https://congdanso.hanoi.gov.vn/phan-anh/xe-o-to-bks-89a72845-vuot-au-lan-lan-261847
270430,Ha Noi,congdanso_hanoi,19,,Xe tải đứng rất lâu trả hàng ở 229 quan nhân gây ách tắc giao thông ngày nào cũng đứng chềnh ềnh ở đường,. Xe tải đứng rất lâu trả hàng ở 229 quan nhân gây ách tắc giao thông ngày nào cũng đứng chềnh ềnh ở đường,https://congdanso.hanoi.gov.vn/phan-anh/xe-tai-do-tra-hang-gay-tac-duong-anh-huong-toi-giao-thong-270430
259711,Ha Noi,congdanso_hanoi,19,,Xe máy dừng đỗ gây mất an toàn giao thông Cản trở giao thông gây ùn tẵ thường xuyên Xe để nhiều không đảm bảo an ninh cho người dân xung quanh Hàng hoá bày bán dưới lòng đường,. Xe máy dừng đỗ gây mất an toàn giao thông Cản trở giao thông gây ùn tẵ thường xuyên Xe để nhiều không đảm bảo an ninh cho người dân xung quanh Hàng hoá bày bán dưới lòng đường,https://congdanso.hanoi.gov.vn/phan-anh/xe-dung-do-259711
266196,Ha Noi,congdanso_hanoi,19,,"Xe ô tô con vô ý thức đỗ chắn hết lối ra vào, tiềm ẩn nguy cơ tai nạn khi học sinh tan tầm. Đề nghị cơ quan chức năng giải quyết cho các cháu học sinh",". Xe ô tô con vô ý thức đỗ chắn hết lối ra vào, tiềm ẩn nguy cơ tai nạn khi học sinh tan tầm. Đề nghị cơ quan chức năng giải quyết cho các cháu học sinh",https://congdanso.hanoi.gov.vn/phan-anh/xe-o-to-do-cong-truong-c1c2-tan-dinh-266196
270996,Ha Noi,congdanso_hanoi,19,,"Ngõ 318 rất nhiều xe đỗ, đặc biệt từ chiều tối và đỗ qua đêm gây cản trở giao, đã có xe cứu thương ko thể vào được phải dừng đón bệnh nhân từ trên đường Đê La Thành, người dân đi lại bất tiện.",". Ngõ 318 rất nhiều xe đỗ, đặc biệt từ chiều tối và đỗ qua đêm gây cản trở giao, đã có xe cứu thương ko thể vào được phải dừng đón bệnh nhân từ trên đường Đê La Thành, người dân đi lại bất tiện.",https://congdanso.hanoi.gov.vn/phan-anh/do-xe-tai-noi-co-bien-cam-270996
267156,Ha Noi,congdanso_hanoi,19,,Năm thửa đất hiện không có lối đi vì đã bị bịt kín xây dựng nhà xương. Vụ việc đã kéo dài 11 năm rồi mong các bác dải quyết cho vì các hộ quá khổ rồi,. Năm thửa đất hiện không có lối đi vì đã bị bịt kín xây dựng nhà xương. Vụ việc đã kéo dài 11 năm rồi mong các bác dải quyết cho vì các hộ quá khổ rồi,https://congdanso.hanoi.gov.vn/phan-anh/lan-chiem-loi-di-chung-267156
229708,Ha Noi,congdanso_hanoi,19,,Làm đường ống nước sạch lấp lại không đạt chuẩn nên tạo thành hố sâu trên đường giao thông gây nguy hiểm cho người tham gia giao thông. Đề nghị nhanh chóng khắc phục để đảm bảo an toàn cho người tham giao thông,. Làm đường ống nước sạch lấp lại không đạt chuẩn nên tạo thành hố sâu trên đường giao thông gây nguy hiểm cho người tham gia giao thông. Đề nghị nhanh chóng khắc phục để đảm bảo an toàn cho người tham giao thông,https://congdanso.hanoi.gov.vn/phan-anh/giao-thong-229708
263627,Ha Noi,congdanso_hanoi,19,,"Hiện nay lưu lượng xe trở vật liệu xây dựng đi qua khu vực Tân Xuân, Kẻ Giàn rất lớn. Tuy nhiên do không được che đậyj cẩn thận làm rơi vãi vật liệu xây dựng ra đường gây ô nhiễm, bụi bặm. Cộng với việc không có đơn vị quét dọn thường xuyên nên khu vực này là điểm gây ô nhiễm nặng, ảnh hưởng đến sức khỏe người dân, đi ngược lại chủ trương xanh, sạch, đẹp của thành phố. Đề nghị các cơ quan chức năng Phường Đông Ngạc tăng cường kiểm tra, đôn đốc để tình trạng trên không tiếp diễn. Đồng thời phải duy trì thường xuyên tránh tình trạng đánh trống bỏ dùi như trước đây.",". Hiện nay lưu lượng xe trở vật liệu xây dựng đi qua khu vực Tân Xuân, Kẻ Giàn rất lớn. Tuy nhiên do không được che đậyj cẩn thận làm rơi vãi vật liệu xây dựng ra đường gây ô nhiễm, bụi bặm. Cộng với việc không có đơn vị quét dọn thường xuyên nên khu vực này là điểm gây ô nhiễm nặng, ảnh hưởng đến sức khỏe người dân, đi ngược lại chủ trương xanh, sạch, đẹp của thành phố. Đề nghị các cơ quan chức năng Phường Đông Ngạc tăng cường kiểm tra, đôn đốc để tình trạng trên không tiếp diễn. Đồng thời phải duy trì thường xuyên tránh tình trạng đánh trống bỏ dùi như trước đây.",https://congdanso.hanoi.gov.vn/phan-anh/o-nhiem-vi-xe-cho-vat-lieu-263627
269109,Ha Noi,congdanso_hanoi,20,,"Dọc 2 chiều đường phố Nguyễn Văn Tuyết, 2 hàng xe ô tô xếp hàng đỗ dày đặc kéo dài từ đầu phố đến cuối phố, làm thu hẹp diện tích di chuyển, cản trở giao thông gây ùn ứ. Đề nghị xử lý",". Dọc 2 chiều đường phố Nguyễn Văn Tuyết, 2 hàng xe ô tô xếp hàng đỗ dày đặc kéo dài từ đầu phố đến cuối phố, làm thu hẹp diện tích di chuyển, cản trở giao thông gây ùn ứ. Đề nghị xử lý",https://congdanso.hanoi.gov.vn/phan-anh/phan-anh-viec-do-xe-lan-chiem-long-duong-gay-un-tac-giao-thong-269109
269975,Ha Noi,congdanso_hanoi,20,,Trục đường từ cổng làng Miêu Nha qua chợ đến nhà văn hoá tổ 2 Miêu Nha có rất nhiều người bày bán hàng 2 bên lấn chiếm lòng đường gây rất khó khăn khi tham gia giao thông. Nhiều khi chỉ 1 ô tô đi qua cũng chật vật trong khi đây là đường chính 2 xe có thể thoải mái lưu thông. Đặc biệt 2 điểm ngã tư hướng từ cổng làng rẽ vào 3 trường từ mầm non đến THCS và ngã tư từ chợ hướng vào nhà văn hoá tổ 2 nhiều khi các xe không thể tránh nhau được đã xảy ra va chạm. Trong chợ buổi chiều thì còn để trống khá nhiều. Vậy rất mong các cơ quan có trách nhiệm xem xét giải quyết.,. Trục đường từ cổng làng Miêu Nha qua chợ đến nhà văn hoá tổ 2 Miêu Nha có rất nhiều người bày bán hàng 2 bên lấn chiếm lòng đường gây rất khó khăn khi tham gia giao thông. Nhiều khi chỉ 1 ô tô đi qua cũng chật vật trong khi đây là đường chính 2 xe có thể thoải mái lưu thông. Đặc biệt 2 điểm ngã tư hướng từ cổng làng rẽ vào 3 trường từ mầm non đến THCS và ngã tư từ chợ hướng vào nhà văn hoá tổ 2 nhiều khi các xe không thể tránh nhau được đã xảy ra va chạm. Trong chợ buổi chiều thì còn để trống khá nhiều. Vậy rất mong các cơ quan có trách nhiệm xem xét giải quyết.,https://congdanso.hanoi.gov.vn/phan-anh/bay-ban-hang-lan-chiem-long-duong-gay-can-tro-giao-thong-269975
271391,Ha Noi,congdanso_hanoi,20,,Hố ga vỡ mặt gây nguy hiểm người tham gia giao thông. Có ít nhất 2 trường hợp xe máy kẹt bánh và đổ xe.,. Hố ga vỡ mặt gây nguy hiểm người tham gia giao thông. Có ít nhất 2 trường hợp xe máy kẹt bánh và đổ xe.,https://congdanso.hanoi.gov.vn/phan-anh/ho-ga-vo-mat-gay-nguy-hiem-nguoi-tham-gia-giao-thong-271391
265218,Ha Noi,congdanso_hanoi,20,,"Kính gửi cơ quan lãnh đạo có thẩm quyền! Tôi xin phép được phản ánh về việc xảy ra tại số nhà 66 võ thị sáu,bạch mai,hà nội.Hiện trạng có 2,3 chiếc ô tô đỗ thường xuyên ngày và đêm tại địa chỉ nêu trên.Nơi đây là trước cửa đền Cô Sáu nơi có rất nhiều người tham quan và tuyến đường hiện nay cũng là cấm đỗ các phương tiện ô tô vì tuyến phố này lượng xe tham gia giao thông qua lại rấ đông.2 chiếc ô tô hiện đang đỗ cả ngày lẫn đêm và rất thường xuyên tại địa chỉ cấm nêu trên gây ra rất nhiều bức xúc cho người dân và gây ra rất nhiều nguy cơ tai nạn giao thông có thể xảy ra trên tuyến phố.Kính mong các đồng chí lãnh đạo và các cấp có thẩm quyền xem xét và giúp đỡ để tuyến phố cấm đỗ ô tô thực sự là nơi thượng tôn pháp luật và trở nên an toàn hơn cho mọi người tham gia giao thông qua lại trên tuyến phố.Tôi xin thay mặt cư dân trên tuyến phố xin trân trọng cảm ơn.",". Kính gửi cơ quan lãnh đạo có thẩm quyền! Tôi xin phép được phản ánh về việc xảy ra tại số nhà 66 võ thị sáu,bạch mai,hà nội.Hiện trạng có 2,3 chiếc ô tô đỗ thường xuyên ngày và đêm tại địa chỉ nêu trên.Nơi đây là trước cửa đền Cô Sáu nơi có rất nhiều người tham quan và tuyến đường hiện nay cũng là cấm đỗ các phương tiện ô tô vì tuyến phố này lượng xe tham gia giao thông qua lại rấ đông.2 chiếc ô tô hiện đang đỗ cả ngày lẫn đêm và rất thường xuyên tại địa chỉ cấm nêu trên gây ra rất nhiều bức xúc cho người dân và gây ra rất nhiều nguy cơ tai nạn giao thông có thể xảy ra trên tuyến phố.Kính mong các đồng chí lãnh đạo và các cấp có thẩm quyền xem xét và giúp đỡ để tuyến phố cấm đỗ ô tô thực sự là nơi thượng tôn pháp luật và trở nên an toàn hơn cho mọi người tham gia giao thông qua lại trên tuyến phố.Tôi xin thay mặt cư dân trên tuyến phố xin trân trọng cảm ơn.",https://congdanso.hanoi.gov.vn/phan-anh/do-o-to-tai-pho-cam-do-gay-un-tacnguy-hien-ve-tai-nan-giao-thong-cuc-bo-tai-tuyen-pho-265218
263757,Ha Noi,congdanso_hanoi,20,,"Rất nhiều phương tiện oto tại đây dừng đỗ xe sai quy định.Thậm chí để xe tại đây rất lâu ngày không di chuyển, cản trở giao thông tại đây của người dân. Có biển cấm dừng đỗ tại đây.",". Rất nhiều phương tiện oto tại đây dừng đỗ xe sai quy định.Thậm chí để xe tại đây rất lâu ngày không di chuyển, cản trở giao thông tại đây của người dân. Có biển cấm dừng đỗ tại đây.",https://congdanso.hanoi.gov.vn/phan-anh/dung-do-xe-sai-quy-dinh-263757
263652,Ha Noi,congdanso_hanoi,20,,"Trông gửi xe máy, xe ô tô chắn lối vào làm ảnh hưởng đến dân sinh như chở đồ, chuyển nhà, đặc biệt tiềm ẩn nguy cơ cháy nổ, chặn đường xe cứu hoả khi có sự cố",". Trông gửi xe máy, xe ô tô chắn lối vào làm ảnh hưởng đến dân sinh như chở đồ, chuyển nhà, đặc biệt tiềm ẩn nguy cơ cháy nổ, chặn đường xe cứu hoả khi có sự cố",https://congdanso.hanoi.gov.vn/phan-anh/trong-gui-xe-chan-loi-vao-khu-tap-the-263652
263687,Ha Noi,congdanso_hanoi,20,,"Ngõ 42,phố sài đồng. Một trong những nhánh đường giao thông huyễt mạch của phường Phúc lợi. Có biển cấm đỗ xe nhưng 2 bên đường đã biến thành bãi đậu xe: 1. Xe đậu 2 bên đường ngày và đêm 2. Xe đậu cả ở ngã 3 ngã 4, lối cho người đi bộ 3. Dân tự ý kẻ vẽ, chặn gạch thành chỗ đậu xe cá nhân ngày trên lòng đường. Vấn đề này gây kẹt xe, mất an toàn giao thông, ảnh hưởng đến mỹ quan đô thị gây bất bình cho dư luận. Đã phản ánh nhiều lần và kéo dài chưa được giải quyết. Đề nghị chính quyền và các cơ quan chức nằng có những biện pháp cụ thể đảm bảo giao thông và văn hoá đô thị.",". Ngõ 42,phố sài đồng. Một trong những nhánh đường giao thông huyễt mạch của phường Phúc lợi. Có biển cấm đỗ xe nhưng 2 bên đường đã biến thành bãi đậu xe: 1. Xe đậu 2 bên đường ngày và đêm 2. Xe đậu cả ở ngã 3 ngã 4, lối cho người đi bộ 3. Dân tự ý kẻ vẽ, chặn gạch thành chỗ đậu xe cá nhân ngày trên lòng đường. Vấn đề này gây kẹt xe, mất an toàn giao thông, ảnh hưởng đến mỹ quan đô thị gây bất bình cho dư luận. Đã phản ánh nhiều lần và kéo dài chưa được giải quyết. Đề nghị chính quyền và các cơ quan chức nằng có những biện pháp cụ thể đảm bảo giao thông và văn hoá đô thị.",https://congdanso.hanoi.gov.vn/phan-anh/duong-cam-do-bien-thanh-bai-de-xe-ngay-va-dem-263687
265723,Ha Noi,congdanso_hanoi,20,,"Đoạn đường từ Trạm y tế Dân Hoà cũ lên ngã tư Vác có biển cấm oto đi vào nhưng vẫn có nhiều phương tiện vi phạm ngang nhiên, gây cản trở giao thông. Trong hình là xe 30B-038.57 vi phạm hồi 8h15 ngày 10/04/2026",". Đoạn đường từ Trạm y tế Dân Hoà cũ lên ngã tư Vác có biển cấm oto đi vào nhưng vẫn có nhiều phương tiện vi phạm ngang nhiên, gây cản trở giao thông. Trong hình là xe 30B-038.57 vi phạm hồi 8h15 ngày 10/04/2026",https://congdanso.hanoi.gov.vn/phan-anh/xe-o-to-30b-03857-di-vao-duong-cam-265723
270182,Ha Noi,congdanso_hanoi,20,,"Hiện nay, tuyến đường từ Tân Phú đi Đại Tảo (xã Đại Thành cũ) đang trong tình trạng hư hỏng; mặt đường hẹp, nhiều đoạn bong tróc, lún nứt. Trong khi đó, lưu lượng người và phương tiện qua lại trên tuyến ngày càng tăng cao do nhu cầu đi lại, giao thương và vận chuyển hàng hóa của người dân trong khu vực. Vì vậy, việc đầu tư cải tạo, nâng cấp và mở rộng tuyến đường nêu trên là hết sức cần thiết. Đề nghị cơ quan có thẩm quyền quan tâm xem xét, bố trí nguồn vốn để triển khai thực hiện dự án, nhằm đảm bảo an toàn giao thông, tạo điều kiện thuận lợi cho phát triển kinh tế - xã hội của địa phương, đồng thời nâng cao chất lượng đời sống của nhân dân.",". Hiện nay, tuyến đường từ Tân Phú đi Đại Tảo (xã Đại Thành cũ) đang trong tình trạng hư hỏng; mặt đường hẹp, nhiều đoạn bong tróc, lún nứt. Trong khi đó, lưu lượng người và phương tiện qua lại trên tuyến ngày càng tăng cao do nhu cầu đi lại, giao thương và vận chuyển hàng hóa của người dân trong khu vực. Vì vậy, việc đầu tư cải tạo, nâng cấp và mở rộng tuyến đường nêu trên là hết sức cần thiết. Đề nghị cơ quan có thẩm quyền quan tâm xem xét, bố trí nguồn vốn để triển khai thực hiện dự án, nhằm đảm bảo an toàn giao thông, tạo điều kiện thuận lợi cho phát triển kinh tế - xã hội của địa phương, đồng thời nâng cao chất lượng đời sống của nhân dân.",https://congdanso.hanoi.gov.vn/phan-anh/ve-viec-cai-tao-mo-rong-tuyen-duong-tan-phu-di-dai-tao-270182
267683,Ha Noi,congdanso_hanoi,20,,"Đề nghị cơ quan chức năng xử lý nghiêm trường hợp cố tình đỗ xe trên vạch ưu tiên phần đường cho người đi bộ sang đường. Ảnh chụp 8h15, ngày 15/04/2025 Địa điểm 25 Tô Hiến Thành - Hai Bà Trưng - Hà Nội",". Đề nghị cơ quan chức năng xử lý nghiêm trường hợp cố tình đỗ xe trên vạch ưu tiên phần đường cho người đi bộ sang đường. Ảnh chụp 8h15, ngày 15/04/2025 Địa điểm 25 Tô Hiến Thành - Hai Bà Trưng - Hà Nội",https://congdanso.hanoi.gov.vn/phan-anh/xe-do-de-lan-tren-vach-uu-tien-cho-nguoi-di-bo-sang-duong-267683
