id,city,time,content,handler,status,url
1,Hue,15:17 30/04/2026,"Lễ 30/04 ngày giải phóng miền Nam thống nhất đất nước nhưng cầu Trường Tiền không treo cờ tổ quốc.

Rất mong các cấp liên quan treo cờ tổ quốc vào các dịp lễ trọng đại của Đất nước","Kết quả xử lý
Sở Văn hóa và Thể thao
Kính gửi: Quý Ông/Bà.
Vấn đề quý Ông/Bà phản ánh, Sở Văn hoá và Thể thao thành phố Huế xin thông báo kết quả như sau:
Đối với các ngày lễ lớn của quê hương, đất nước, Sở Văn hoá và Thể thao tổ chức treo cờ thả tuyên truyền các khẩu hiệu trên các tuyến đường trung tâm, việc triển khai nhằm tạo không khí trang trọng, cổ động trực quan phục vụ các ngày lễ lớn, sự kiện chính trị quan trọng theo kế hoạch tuyên truyền đã được phê duyệt.
Đối với khu vực cầu Trường Tiền và cầu Phú Xuân, việc treo cờ chỉ được thực hiện vào các dịp lễ kỷ niệm năm tròn (năm chẵn) theo chủ trương nhằm bảo đảm tính trang nghiêm, đồng thời hạn chế ảnh hưởng đến cảnh quan kiến trúc, giao thông và kết cấu công trình. Ngoài các thời điểm này, Sở Văn hoá và Thể thao không tổ chức treo cờ tại hai cây cầu nêu trên.
Sở Văn hoá và Thể thao trân trọng ghi nhận ý kiến phản ánh của người dân và sẽ tiếp tục rà soát, điều chỉnh công tác tuyên truyền trực quan bảo đảm hiệu quả, phù hợp và đúng quy định trong thời gian tới.
Chân thành cảm ơn quý Ông/Bà.
Trân trọng./.
Hạn xử lý: 12/05/2026
Ngày xử lý: 02/05/2026",Đã xử lý,https://tuongtac.hue.gov.vn/phan-anh/kien-nghi-treo-co-to-quoc-vao-cac-dip-le-a222507.html
2,Hue,15:37 26/04/2026,"Kiến nghị xử lý sụt lún và nâng cấp đường tại Hẽm 8 kiệt 32 Thiên Thai, Phường Thuỷ Xuân, Thành phố Huế
Đường hẽm bị sụt lún và xuống cấp nghiêm trọng gây nguy hiểm cho người tham gia giao thông. Hai bên có mương thoát nước không được che đậy dẫn đến rác thải làm tắc nghẽn hệ thống thoát nước và nguy hiểm cho trẻ em.
Mong cơ quan đến kiểm tra và xử lý","Kết quả xử lý
Phường Thủy Xuân
Kính gửi: Quý Ông/Bà.
Vấn đề quý Ông/Bà phản ánh, UBND phường Thuỷ Xuân đã chỉ đạo Trung tâm Dịch vụ sự nghiệp công phường Thuỷ Xuân kiểm tra và xin thông báo kết quả như sau:
Trung tâm Dịch vụ sự nghiệp công phường Thuỷ Xuân (Trung tâm) đã tiến hành kiểm tra thực tế Hẻm 8, kiệt 32 Thiên Thai trời mưa xói mòn đường, sụt lún và xuống cấp nghiêm trọng. Trung tâm đã có báo cáo phương án, đề xuất UBND phường có phương án sửa chữa đoạn đường này đảm bảo mùa mưa sắp đến.
Thời gian tới, UBND phường có chủ trương phê duyệt sẽ tiến hàng sửa chữa đường kiệt này đảm bảo người dân đi lại thuận tiện
Chân thành cảm ơn quý Ông/Bà.
Trân trọng./.
Hạn xử lý: 11/05/2026
Ngày xử lý: 04/05/2026",Đã xử lý,https://tuongtac.hue.gov.vn/phan-anh/kien-nghi-xu-ly-sut-lun-va-nang-cap-duong-tai-hem-8-kiet-32-thien-thai-a222099.html
3,Hue,12:56 26/04/2026,"Nắp cống bị sụp lún ngay trường tiểu học Dạ Lê, 31 Nguyễn Văn Chư, phường Thanh Thủy, hơn một tháng nay chưa xứ lý, gây mất an toàn cho mọi người và các cháu học sinh. Kính mong cơ quan chức năng kiểm tra, xử lý.","Kết quả xử lý
Phường Thanh Thủy
Kính gửi: Quý Ông/Bà
Vấn đề quý Ông/Bà phản ánh, UBND phường Thanh Thủy xin thông báo kết quả như sau:
Sau khi nhận phản ánh, UBND phường đã chỉ đạo Trung tâm Dịch vụ sự nghiệp công giải quyết. Qua kiểm tra hiện trường, Trung tâm Dịch vụ sự nghiệp công đã đề nghị UBND phường Thanh Thủy bổ sung nắp cống. Hiện tại Trung tâm Dịch vụ sự nghiệp công đã cho đúc tấm đan, đang chờ đủ cường độ bê tông để lắp đặt thay thế.
Chân thành cảm ơn quý Ông/Bà.
Trân trọng./.
 Hạn xử lý: 11/05/2026
Ngày xử lý: 05/05/2026",Đã xử lý,https://tuongtac.hue.gov.vn/phan-anh/nap-cong-bi-sup-lun-ngay-truong-tieu-hoc-da-le-a222087.html
4,Hue,18:57 25/04/2026,Đoạn hố ga đường Khúc Thừa Dụ nằm sát với kiệt 343 Nguyễn Tất Thành bị bể nắp hố ga gây nguy hiểm cho người tham gia giao thông. Đề nghị cơ quan chức năng xử lý.,"Kết quả xử lý
Phường Thanh Thủy
Kính gửi: Quý Ông/Bà.
Vấn đề quý Ông/Bà phản ánh, UBND phường Thanh Thủy xin thông báo kết quả như sau:
Sau khi nhận phản ánh, UBND phường đã chỉ đạo Trung tâm Dịch vụ sự nghiệp công giải quyết. Qua kiểm tra hiện trường, Trung tâm Dịch vụ sự nghiệp công đã đề nghị UBND phường Thanh Thủy bổ sung nắp hố ga. Hiện tại đã đúc tấm đan, đang chờ đủ cường độ bê tông để lắp đặt thay thế.
Chân thành cảm ơn quý Ông/Bà.
Trân trọng./.
Hạn xử lý: 11/05/2026
Ngày xử lý: 05/05/2026",Đã xử lý,https://tuongtac.hue.gov.vn/phan-anh/kien-nghi-sua-chua-nap-ho-ga-tai-duong-khuc-thua-du-a222032.html
5,Hue,18:00 24/04/2026,"Bảng tên kiệt 35 Thanh Hải, phường Thủy Xuân nằm quá thấp và che phủ bởi lá cây. Kính mong cơ quan chức năng xử lý. Xin cảm ơn.","Kết quả xử lý
Phường Thủy Xuân
Kính gửi: Quý Ông/Bà.
Vấn đề Quý Ông/Bà phản ánh, UBND phường Thủy Xuân xin thông báo kết quả như sau:
UBND phường đã chỉ đạo Trung tâm Dịch vụ sự nghiệp công phường Thủy Xuân tiến hành kiểm tra thực tế tại khu vực kiệt 35 Thanh Hải. Qua kiểm tra, nguyên nhân là do cây cối phát triển che khuất bảng tên kiệt; đồng thời, biển tên kiệt này do người dân tự lắp đặt trước đây. Trung tâm đã huy động người dân tiến hành phát quang bụi cây, đảm bảo thông thoáng và nhận diện lối kiệt (có hình ảnh kèm theo).
Trong thời gian tới, Trung tâm sẽ tiếp tục rà soát và kiến nghị lắp đặt lại biển tên kiệt nhằm đảm bảo mỹ quan và thuận tiện cho việc nhận diện.
Chân thành cảm ơn Quý Ông/Bà.
Trân trọng./.
1/2
12
Hạn xử lý: 08/05/2026
Ngày xử lý: 05/05/2026",Đã xử lý,https://tuongtac.hue.gov.vn/phan-anh/kien-nghi-kiem-tra-bang-ten-kiet-35-thanh-hai-a221937.html
6,Hue,18:47 23/04/2026,"Tại Nghênh Lương Đình, 491 Lê Duẩn, phường Phú Xuân, Huế. Vào lúc 18h47 ngày 23/04/2026 thiếu gạch đi bị vấp nguy hiểm cho khách du lịch và người dân.","Kết quả xử lý
Trung tâm Bảo tồn di tích Cố đô Huế
Kính gửi: Quý Ông/Bà.
Vấn đề quý Ông/Bà phản ánh, Trung tâm Bảo tồn Di tích Cố đô Huế (Trung tâm) xin thông báo kết quả như sau:
Hiện nay, Trung tâm đã chỉ đạo các đơn vị liên quan sẽ tiến hành kiểm tra, xử lý và khắc phục nhằm đảm bảo an toàn cho người dân và du khách.
Chân thành cảm ơn quý Ông/Bà.
Trân trọng./.
Hạn xử lý: 08/05/2026
Ngày xử lý: 06/05/2026",Đã xử lý,https://tuongtac.hue.gov.vn/phan-anh/kien-nghi-lap-lai-gach-nen-tai-491-le-duan-a221851.html
7,Hue,16:25 23/04/2026,"Tại vị trí kiệt 137 đường Trường Chinh, phường An Cựu, hiện đang tồn tại hai bảng tên kiệt (một bảng cũ và một bảng mới) được lắp đặt sát nhau. Bảng tên cũ vẫn còn nguyên vẹn, rõ ràng và hoàn toàn có thể tiếp tục sử dụng. Việc lắp thêm bảng mới ngay cạnh gây dư thừa, lãng phí ngân sách và ảnh hưởng mỹ quan đô thị. Rất lãng phí khi đặt 2 bảng tên mới và cũ song song sát nhau, trong khi nhiều tuyến đường kiệt khác vẫn còn chưa có bảng tên kiệt. Cuối kiệt 137 Trường Chinh có thể thông ra kiệt 177 Trường Chinh, thiết nghĩ nên di dời 1 trong 2 bảng tên đó xuống đặt tại điểm giao nói trên để người dân đi từ hướng kiệt 177 muốn rẽ vào kiệt 137 dễ dàng nhận biết hơn. Xin cảm ơn.","Kết quả xử lý
Phường An Cựu
Kính gửi: Quý Ông/Bà.
Vấn đề quý Ông/Bà phản ánh, UBND phường An Cựu xin thông báo kết quả như sau:
UBND phường kiểm tra thực tế phản ánh. Qua kiểm tra, UBND phường đã làm việc với đơn vị thi công, yêu cầu đơn vị thi công thu hồi bảng tên đường kiệt cũ.
Việc lắp đặt các bảng tên đường kiệt mới thay cho các bảng tên đường kiệt cũ nhằm mang tính thống nhất chung cho tất các tuyến đường kiệt trên địa bàn toàn phường, tạo thuận lợi cho đời sống của bà con nhân dân trên địa bàn.
Chân thành cảm ơn quý Ông/Bà.
Trân trọng./.
1/2
12
Hạn xử lý: 07/05/2026
Ngày xử lý: 27/04/2026",Đã xử lý,https://tuongtac.hue.gov.vn/phan-anh/kien-nghi-di-doi-bang-ten-duong-tai-kiet-137-duong-truong-chinh-a221827.html
8,Hue,10:39 23/04/2026,"Tuyến đường liên thôn từ cổng chào thôn An Cư Đông 2, xã Chân Mây - Lăng Cô đến trước đình làng An Cư Đông đã nâng cấp sửa chữa nhưng còn hơn 10 hố ga lớn nhỏ vẫn nằm giữa đường. Chiếm hết diện tích của đường.
Rất nguy hiểm cho người và phương tiện qua lại!
Đã có nhiều trường hợp rơi xuống hố ga gây thương tích và hư hỏng phương tiện.
Đề nghị các cơ quan chức năng có hương hỗ trợ trả lại mặt bằng cho người dân đi lại!","Kết quả xử lý
Xã Chân Mây - Lăng Cô
Kính gửi: Quý Ông/Bà.
Vấn đề quý Ông/Bà phản ánh, UBND xã Chân Mây - Lăng Cô đã chỉ đạo Phòng Kinh tế, hạ tầng và Đô thị xã Chân Mây - Lăng Cô kiểm tra và xin thông báo kết quả như sau:
Vừa qua, Phòng Kinh tế, hạ tầng và Đô thị xã Chân Mây - Lăng Cô đã chỉ đạo đơn vị thi công sử dụng bao cát để lấp đầy các miệng hố ga nhằm đảm bảo an toàn tạm thời; đối với các tấm đan nắp hố ga, đã tiến hành gia công thép V bảo vệ viền và đã đổ bê tông, đang chờ đạt cường độ để lắp đặt theo đúng thời gian. Dự kiến tiến hành lắp đặt các tấm đan từ ngày 05 - 10/5/2026.
Chân thành cảm ơn quý Ông/Bà.
Trân trọng./.
Hạn xử lý: 07/05/2026
Ngày xử lý: 28/04/2026",Đã xử lý,https://tuongtac.hue.gov.vn/phan-anh/day-nhanh-thi-cong-duong-thon-an-cu-dong-2-a221792.html
9,Hue,20:24 22/04/2026,"Hiện sông An Hoà đang thi công làm bờ kè, xin hỏi cầu tránh An Hoà có được sửa chữa nâng cấp gì không. Đây là cây cầu phục vụ lượng lớn người dân lưu thông qua lại, gần trường, gần bệnh viện, gần chợ. Thường kẹt xe trong các khung giờ cao điểm. Đúng ra, đây là cây cầu nên được xây mới để phục vụ nhân dân vì nằm trong tuyến đường hay lưu thông, mở rộng cũng giúp thuận cho du lịch tham quan kinh thành Huế không phải chạy đường vòng. Tuy thành phố Huế lên Trung ương nhưng cơ sở hạ tầng không thấy thay đổi tương xứng hoặc không đúng chỗ dân cần.","Kết quả xử lý
Ban Quản lý dự án đầu tư xây dựng công trình giao thông thành phố Huế
Kính gửi: Quý Ông/Bà.
Vấn đề quý Ông/Bà phản ánh, Ban Quản lý dự án Đầu tư xây dựng công trình giao thông thành phố Huế xin thông báo như sau:
Dự án Cầu An Hòa đã được UBND Thành phố Huế phê duyệt chủ trương đầu tư tại Quyết định số 4003/QĐ-UBND ngày 29/12/2025. Hiện nay UBND Thành phố đang xem xét để bố trí vốn thực hiện các giai đoạn tiếp theo. Khi được bố trí vốn, Ban QLDA Đầu tư xây dựng công trình giao thông sẽ tổ chức thi tuyển phương án kiến trúc và hoàn thành Báo cáo nghiên cứu khả thi, trình cấp có thẩm quyền quyết định đầu tư dự án.
Chân thành cảm ơn quý Ông/Bà.
Trân trọng./.
Hạn xử lý: 05/05/2026
Ngày xử lý: 21/04/2026",Đã xử lý,https://tuongtac.hue.gov.vn/phan-anh/kien-nghi-nang-cap-cau-an-hoa-a221746.html
10,Hue,09:59 22/04/2026,"Thời gian gần đây đèn tín hiệu giao thông ở ngã tư giao giữa quốc lộ 1A và đường Hoàng Trung, phường Hương Trà không hoạt động vào sáng sớm (như hôm nay 6h45 vẫn không hoạt động). Với giờ giấc đi học đi làm của người dân và lượng xe lưu thông trên quốc lộ là rất lớn thì việc đèn giao thông không hoạt động đã gây khó khăn và có thể gây nguy hiểm cho người tham gia giao thông. Kính mong các cơ quan chức năng sớm khắc phục vấn đề này.","Kết quả xử lý
Trung tâm Quản lý và Khai thác hạ tầng thành phố Huế
Kính gửi: Quý Ông/Bà.
Vấn đề quý Ông/Bà phản ánh, Trung tâm Quản lý và Khai thác Hạ tầng thành phố Huế xin thông báo kết quả như sau:
Sau khi nhận được phản ánh, Trung tâm đã tiến hành kiểm tra và sửa chữa. Đến nay, công tác sửa chữa, khắc phục đã hoàn thành. (Đính kèm hình ảnh)
Chân thành cảm ơn quý Ông/Bà.
Trân trọng./.
1/2
12
Hạn xử lý: 06/05/2026
Ngày xử lý: 24/04/2026",Đã xử lý,https://tuongtac.hue.gov.vn/phan-anh/den-tin-hieu-giao-thong-o-nga-tu-giao-giua-quoc-lo-1a-va-duong-hoang-trung-khong-hoat-dong-a221671.html
11,Hue,07:48 22/04/2026,"Đề nghị gỡ bõ bảng cấm dừng đỗ không hợp lý ở trước nhà 11 Nguyễn Tri Phương.
Trước đây có đội PCCC thì bảng này tránh việc xe đậu vướng xe chữa cháy, nhưng nay đội PCCC đã đi nơi khác thì bảng này không còn tác dụng và gây khó cho dân đậu xe đón con.
Tôi đã phản ánh từ tháng 3, đơn vị quản lý hứa xử lý trong tháng 3 nhưng nay tháng 4 vẫn chưa xử lý.
Đề nghị gỡ bỏ gấp để tiện cho dân.
Ảnh chụp 22/4/2026.","Kết quả xử lý
Trung tâm Quản lý và Khai thác hạ tầng thành phố Huế
Kinh gửi: Quý Ông/Bà.
Vấn đề quý Ông/Bà phản ánh, Trung tâm Quản lý và Khai thác hạ tầng thành phố Huế xin thông báo kết quả như sau:
Sau khi nhận được phản ánh, Trung tâm đã kiểm tra và xem xét tổng thể các biển cấm trên tuyến đường, Trung tâm đã điều chỉnh biển cấm dừng, đỗ đối với ô tô trên 30 chỗ (có hình ảnh đính kèm).
Chân thành cảm ơn quý Ông/Bà.
Trân trọng./.
Hạn xử lý: 06/05/2026
Ngày xử lý: 28/04/2026",Đã xử lý,https://tuongtac.hue.gov.vn/phan-anh/de-nghi-thao-bo-bang-cam-do-xe-tai-11-nguyen-tri-phuong-a221643.html
12,Hue,07:21 22/04/2026,"Tại kiệt 137 Phan Bội Châu làm lề giảm tốc độ quá cao dễ gây nguy hiểm cho người qua lại về đêm không chú ý, dễ té xe. Mong chức năng cơ quan xem xét.","Kết quả xử lý
Phường Thuận Hóa
Kính gửi: Quý Ông/Bà.
Vấn đề quý Ông/Bà phản ánh, UBND phường Thuận Hoá đã chỉ đạo Trung tâm Dịch vụ sự nghiệp công phường kiểm tra và xin thông báo kết quả như sau:
Nhận được thông tin phản ánh, Trung tâm Dịch vụ sự nghiệp công phường (Trung tâm) đã tiến hành kiểm tra thực tế tại điểm phản ánh kiệt 137 Phan Bội Châu. Theo hình ảnh của quý Ông/Bà cung cấp, thì gờ giảm tốc này do các hộ dân trong kiệt tự làm. Tại thời điểm kiểm tra, ghi nhận lề giảm tốc đã được phá dỡ.
Trung tâm đề nghị các hộ dân trong kiệt không tự ý làm gờ giảm tốc và đặt bất cứ vật dụng gì trên tuyến kiệt gây cản trở giao thông. Đề nghị quý Ông/Bà khi phát hiện người dân tự ý làm gờ giảm tốc hay lắp dựng bất cứ vật dụng gì gây cản trở giao thông thì ghi nhận lại hình ảnh người đang thực hiện hành vi vi phạm và báo ngày cho Trung tâm Dịch vụ sự nghiệp công phường tại địa chỉ số 8 Lê Lợi hoặc 28 Nguyễn Khuyến, phường Thuận Hóa, thành phố Huế để xử lý kịp thời hành vi vi phạm (đính kèm hình ảnh).
Chân thành cảm ơn quý Ông/Bà.
Trân trọng./.
Hạn xử lý: 06/05/2026
Ngày xử lý: 28/04/2026",Đã xử lý,https://tuongtac.hue.gov.vn/phan-anh/go-giam-toc-qua-cao-gay-nguy-hiem-tai-kiet-137-phan-boi-chau-a221639.html
13,Hue,20:51 21/04/2026,"Hiện tại ngày 21/4/2026 vỉa hè ngay cột đèn đỏ ngã ba La Sơn, xã Hưng Lộc mặc dù công trình đã hoàn thành từ trước Tết nhưng đơn vị thi công vẫn chưa trả lại hiện trạng ban đầu. Kiến nghị các đơn vị liên quan lát gạch lại như ban đầu để cho người dân đi lại và nhìn vỉa hè đẹp hơn. Cám ơn!","Kết quả xử lý
VNPT Huế
Kính gửi: Quý Ông/Bà.
Vấn đề quý Ông/Bà phản ánh, VNPT Huế xin thông báo kết quả như sau:
VNPT Huế đã kiểm tra và xử lý vấn đề người dân phản ánh tại vị trí trên (Đính kèm hình ảnh).
Chân thành cảm ơn quý Ông/Bà.
Trân trọng./.
1/2
12
Hạn xử lý: 06/05/2026
Ngày xử lý: 24/04/2026",Đã xử lý,https://tuongtac.hue.gov.vn/phan-anh/kien-nghi-hoan-tra-mat-bang-vi-tri-cot-den-do-nga-ba-la-son-a221621.html
14,Hue,20:15 21/04/2026,"Đề nghị sân bay Phú Bài tháo bỏ gờ giảm tốc ở lối vào không cần thiết, gây ảnh hưởng du khách. Lối vào sân bay đã có bảng hạn chế tốc độ 40km/h. Trạm thu phí phía lối vào đã bỏ cabin thu phí nhưng vẫn còn những đoạn gờ giảm tốc, khiến xe đi vào bị xóc rất khó chịu. Đã có biển báo hạn chế 40km/h, đã không thu phí lối vào, thì gờ giảm tốc này không còn tác dụng và gây khó chịu cho người lái xe vào. Đề nghị sân bay tháo bỏ gờ này để tăng thêm trải nghiệm tốt về thành phố du lịch Huế. Ảnh và video ngày 21/4/26.","Kết quả xử lý
Cảng Hàng không Quốc tế Phú Bài
Kính gửi: Quý Ông/Bà.
Vấn đề quý Ông/Bà hỏi, Cảng Hàng không Quốc tế Phú Bài xin thông báo kết quả như sau:
Lời đầu tiên, Cảng HKQT Phú Bài xin chân thành cảm ơn quý Ông/Bà đã đóng góp ý kiến nhằm hoàn thiện cơ sở hạ tầng và chất lượng dịch vụ.
1. Tại vị trí Ông/Bà phản ánh là vị trí hạn chế tốc độ để camera của Hệ thống thu phí ghi nhận dữ liệu đầu vào của các phương tiện ra/vào sân bay. Việc bố trí gờ giảm tốc tại vị trí này nhằm hạn chế tối đa các tài xế phóng nhanh vượt ẩu và giảm thiểu nguy cơ tiềm ẩn tai nạn tại vị trí này. Tuy nhiên do gờ giảm tốc lớn và bố trí chưa phù hợp nên đã ảnh hưởng đến chất lượng phục vụ hành khách. Mong quý Ông/Bà thông cảm.
2. Nhằm khắc phục các khuyết điểm trên, đơn vị đã tiến hành rà soát tổng thể toàn bộ các biển báo, các gờ giảm tốc và cơ sở hạ tầng trong khu vực từ đường Quốc Lộ 1A vào sân đỗ máy bay của Cảng và dự kiến sẽ triển khai thực hiện tổng thể trong tháng 5 và tháng 6/2026 trong đó có nội dung quý Ông/Bà phản ánh. Một lần nữa trong thời gian chờ đợi, mong quý Ông/Bà thông cảm.
Chân thành cảm ơn quý Ông/Bà.
Trân trọng.
Hạn xử lý: 06/05/2026
Ngày xử lý: 06/05/2026",Đã xử lý,https://tuongtac.hue.gov.vn/phan-anh/kien-nghi-thao-bo-go-giam-toc-o-loi-vao-san-bay-phu-bai-a221616.html
15,Hue,17:46 21/04/2026,Làm lề giảm tốc độ ở kiệt 137 Phan Bội Châu quá cao gây nguy hiểm cho các phương tiện giao thông đặc biệt buổi tối. Mong cơ quan chức năng đến kiểm tra và xử lý kịp thời. Xin cám ơn. Ảnh được chụp lúc 17h ngày 21/4/2026. Vị trí trước nhà số 5 kiệt 137 Phan Bội Châu.,"Kết quả xử lý
Phường Thuận Hóa
 Kính gửi: Quý Ông/Bà.

Vấn đề quý Ông/Bà phản ánh, UBND phường Thuận Hoá đã chỉ đạo Trung tâm Dịch vụ sự nghiệp công phường kiểm tra và xin thông báo kết quả như sau:
Nhận được thông tin phản ánh, Trung tâm Dịch vụ sự nghiệp công phường đã tiến hành kiểm tra thực tế tại điểm phản ánh kiệt 137 Phan Bội Châu về vấn đề: Xây lề giảm tốc cao gây nguy hiểm đến người đi đường. Tại thời điểm kiểm tra, ghi nhận lề giảm tốc đã được phá dỡ (đính kèm hình ảnh).
Chân thành cảm ơn quý Ông/Bà.
Trân trọng./.
Hạn xử lý: 05/05/2026
Ngày xử lý: 28/04/2026",Đã xử lý,https://tuongtac.hue.gov.vn/phan-anh/le-giam-toc-do-o-kiet-137-phan-boi-chau-qua-cao-gay-nguy-hiem-a221591.html
16,Hue,12:11 21/04/2026,"Kiến nghị sửa chữa cống thoát nước ở 1/6 Nguyễn Hữu Dật, phường Kim Long. Mong cơ quan chức năng xử lý. Xin cảm ơn.","Kết quả xử lý
Trung tâm Quản lý và Khai thác hạ tầng thành phố Huế
Kính gửi: Quý Ông/Bà.
Vấn đề quý Ông/Bà phản ánh, Trung tâm Quản lý và Khai thác Hạ tầng thành phố Huế xin thông báo kết quả như sau:
Sau khi nhận được phản ánh, Trung tâm đã tiến hành kiểm tra và sửa chữa. Đến nay, công tác sửa chữa, khắc phục đã hoàn thành. (Đính kèm hình ảnh)
Chân thành cảm ơn quý Ông/Bà.
Trân trọng./.
Hạn xử lý: 05/05/2026
Ngày xử lý: 27/04/2026",Đã xử lý,https://tuongtac.hue.gov.vn/phan-anh/kien-nghi-sua-chua-cong-thoat-nuoc-o-1-6-nguyen-huu-dat-a221566.html
17,Hue,10:07 19/04/2026,"Cây xanh của môi trường đô thị bị chết khô trước nhà C18, C19 Đường số 3, khu đô thị The Manor, phường Vỹ Dạ, thành phố Huế. Cây khô nguy cơ đỗ gãy gây nguy hiểm cho người và phương tiện giao thông, đề nghị thay cây mới.","Kết quả xử lý
Ban Quản lý dự án Đầu tư xây dựng và Phát triển đô thị thành phố Huế
Kính gửi: Quý Ông/Bà.
Vấn đề quý Ông/Bà phản ánh, Ban QLDA Đầu tư xây dựng và Phát triển đô thị (Ban QLDA) xin thông báo kết quả như sau:
Ban QLDA đã kiểm tra vị trí cây xanh trước nhà C18, C19 Đường số 3, khu đô thị The Manor và các cây xanh bị sâu bệnh, chết khô phát sinh tại các vị trí, khu vực tương tự trên địa bàn Khu đô thị An Vân Dương và đã đưa vào kế hoạch thay thế, bổ sung cây xanh trong năm 2026, sẽ triển khai trong thời gian sớm nhất sau khi được phê duyệt kinh phí.
Chân thành cảm ơn quý Ông/Bà.
Trân trọng./.
Hạn xử lý: 04/05/2026
Ngày xử lý: 05/05/2026",Đã xử lý,https://tuongtac.hue.gov.vn/phan-anh/kien-nghi-thay-moi-cay-xanh-truoc-nha-c18-c19-duong-so-3-a221328.html
18,Hue,16:15 18/04/2026,"Tôi đã phản ánh cột điện tại cuối xóm 5, thôn Phú Lương A, phường Hoá Châu bị nghiêng vào ngày 13/01/2026 và bên phía Điện lực có trả lời sẽ xử lí trong quý I. Nhưng đến hiện tại ngày 18/04/2026 vẫn chưa được xử lí. Ảnh tôi chụp vào lúc 16:06 ngày 18/04.","Kết quả xử lý
Công ty Điện lực Huế
Kính gửi: Quý Ông/Bà.
Vấn đề quý Ông/Bà phản ánh, Công ty Điện lực Huế xin thông báo kết quả như sau:
Điện lực Quảng Điền sẽ lập kế hoạch sửa chữa, hoàn thành trước ngày 15/6/2026.
Chân thành cảm ơn quý Ông/Bà.
Trân trọng./.
Hạn xử lý: 04/05/2026
Ngày xử lý: 28/04/2026",Đã xử lý,https://tuongtac.hue.gov.vn/phan-anh/chua-xu-ly-cot-dien-bi-nghieng-tai-cuoi-xom-5-thon-phu-luong-a-a221267.html
19,Hue,15:31 18/04/2026,"Bảng tên đường bị hư hỏng ở kiệt 9 Nguyễn Bá Học, Phường Hương An, TP Huế xin được thay thế sửa chữa.","Kết quả xử lý
Phường Hương An
Kính gửi: Quý Ông/Bà.
Vấn đề quý Ông/Bà phản ánh, UBND phường Hương An xin thông báo kết quả như sau:
Đối với các Biển tên đường đầu Kiệt trên địa bàn là do bà con nhân dân các khu vực tự bỏ kinh phí để thực hiện (Ví dụ: Các tuyến Kiệt đường Đốc Sơ khu vực 6, 7 và 8; Tổ dân phố 9 kiệt Trần Quý Khoáng…).
UBND phường Hương An thông tin để quý Ông/Bà được biết.
Chân thành cảm ơn quý Ông/Bà.
Trân trọng./.
Hạn xử lý: 04/05/2026
Ngày xử lý: 06/05/2026",Đã xử lý,https://tuongtac.hue.gov.vn/phan-anh/kien-nghi-sua-chua-bang-ten-kiet-9-nguyen-ba-hoc-a221263.html
20,Hue,10:21 18/04/2026,"Đường Võ Chí Công (Võ Văn Kiệt) vạch kẻ đường đã bị mở hết, toàn tuyến đường dài. Yêu cầu đơn vị quản lý sơn lại gấp để đảm bảo an toàn giao thông. Ảnh ngày 18/4/26.","Kết quả xử lý
Sở Xây dựng
Kính gửi: Quý Ông/Bà.
Vấn đề quý Ông/Bà phản ánh, Sở Xây Dựng xin thông báo kết quả như sau:
Đoạn tuyến quý Ông/Bà phản ánh là đường Tỉnh 28. Sau khi nhận được phản ánh, Sở Xây dựng đã đi kiểm tra và thông báo như sau: Đường tỉnh 28 sẽ được nâng cấp, thảm nhựa lại và sau khi hoàn thành sẽ sơm, kẻ, vẽ lại toàn bộ hệ thống vạch sơn, biển báo, hệ thống an toàn giao thông. Dự kiến hoàn thành trong năm 2026.
Chân thành cảm ơn quý Ông/Bà.
Trân trọng./.
Hạn xử lý: 04/05/2026
Ngày xử lý: 25/04/2026",Đã xử lý,https://tuongtac.hue.gov.vn/phan-anh/kien-nghi-son-lai-vach-ke-duong-vo-chi-cong-a221234.html
21,Hue,10:17 18/04/2026,"Thi công ẩu gây mất an toàn giao thông và hư hỏng xe khi tham gia giao thông trên đoạn Võ Văn Kiệt (gần cây xăng petrolimex số 6).
Đơn vị thi công nào đó đã đào đoạn rảnh băng qua đường để lắp đặt thiết bị ngầm bên dưới nhưng lại không san lấp, đổ nhựa trả lại mặt đường, khiến nguy hiểm cho xe qua lại và gây hư hỏng xe.
(Đoạn phía trước công trường do Viettel Contruction thi công)
Đề nghị cơ quan chức năng xử lý và yêu cầu hoàn thiện gấp.
Ảnh và video sáng ngày 18/4/26.","Kết quả xử lý
Sở Xây dựng
 Kính gửi: Quý Ông/Bà.
Vấn đề quý Ông/Bà phản ánh, Sở Xây Dựng xin thông báo kết quả như sau:
Vị trí quý Ông/Bà phản ánh là tại Km6+700 đường Tỉnh 28. Sau khi nhận được phản ánh, Sở Xây dụng đã chỉ đạo đơn vị thi công hoàn trả mặt đường bằng bê tông nhựa đảm bảo giao thông. (có hình ảnh kèm theo)
Chân thành cảm ơn quý Ông/Bà.
Trân trọng./.
1/2
12
Hạn xử lý: 04/05/2026
Ngày xử lý: 25/04/2026",Đã xử lý,https://tuongtac.hue.gov.vn/phan-anh/kien-nghi-hoan-tra-mat-bang-tren-duong-vo-van-kiet-a221231.html
22,Hue,09:24 18/04/2026,"Đoạn đường liên thôn An Cư Đông 2, xã Chân Mây Lăng Cô (Từ nhà thờ Lăng Cô đến Trạm Biên phòng) vừa qua đã có thảm bê tông, điều đáng nói là để lại 8 miệng hố sâu khoản 20cm như 8 cái bẫy giữa đường. Đã gây ra nhiều vụ tai nạn cho người đi đường. Mong cơ quan chức năng sởm xử lý. Xin cám ơn.","Kết quả xử lý
Xã Chân Mây - Lăng Cô
Kính gửi: Quý Ông/Bà.
Vấn đề quý Ông/Bà phản ánh, UBND xã Chân Mây - Lăng Cô đã chỉ đạo Phòng Kinh tế, hạ tầng và Đô thị xã Chân Mây - Lăng Cô kiểm tra và xin thông báo kết quả như sau:
Vừa qua, Phòng Kinh tế, hạ tầng và Đô thị xã Chân Mây - Lăng Cô đã chỉ đạo đơn vị thi công sử dụng bao cát để lấp đầy các miệng hố ga nhằm đảm bảo an toàn tạm thời; đối với các tấm đan nắp hố ga, đã tiến hành gia công thép V bảo vệ viền và đã đổ bê tông, đang chờ đạt cường độ để lắp đặt theo đúng thời gian. Dự kiến tiến hành lắp đặt các tấm đan từ ngày 05 - 10/5/2026.
Chân thành cảm ơn quý Ông/Bà.
Trân trọng./.
  Hạn xử lý: 04/05/2026
Ngày xử lý: 28/04/2026",Đã xử lý,https://tuongtac.hue.gov.vn/phan-anh/nang-cap-duong-be-tong-gay-nguy-hiem-tai-duong-lien-thon-an-cu-dong-2-a221222.html
23,Hue,07:59 18/04/2026,"Dây cáp viễn thông không được thu gom gây mất an toàn giao thông tại chợ La Chữ, đường Lý Thần Tông, phường Kim Trà","Kết quả xử lý
Trung tâm Quản lý và Khai thác hạ tầng thành phố Huế
Kính gửi: Quý Ông/Bà.
Vấn đề quý Ông/Bà phản ánh, Trung tâm Quản lý và Khai thác Hạ tầng thành phố Huế xin thông báo kết quả như sau:
Sau khi nhận được phản ánh, Trung tâm đã tiến hành kiểm tra, nhận thấy đây là dây viễn thông. Trung tâm đã yêu cầu đơn vị thu gom rác tại khu vực này tiến hành thu gom sạch sẽ đảm bảo vệ sinh môi trường và mỹ quan đô thị. (Đính kèm hình ảnh) 
Chân thành cảm ơn quý Ông/Bà.
Trân trọng./.
Hạn xử lý: 04/05/2026
Ngày xử lý: 21/04/2026",Đã xử lý,https://tuongtac.hue.gov.vn/phan-anh/cap-vien-thong-khong-duoc-thu-gom-tai-cho-la-chu-a221218.html
24,Hue,21:28 17/04/2026,"Hiện nay cầu tránh An Hòa (Km2 + 950) là cây cầu nối nhau giữa đường Nguyễn Trãi nối dài và đường Đặng Tất là cây cầu dân sinh có lưu lượng phương tiện giao thông qua lại rất cao ở phía Bắc kinh thành, là cửa ngõ nối liền với khu dân cư Hương Sơ. Do thời gian xây dựng đã lâu cộng với tình hình thiên tai bão lũ khó lường nên cầu đã và đang bị xuống cấp, ảnh hưởng nghiêm trọng đến dân sinh và không còn phù hợp với lưu lượng xe thực tế. Vì vậy, để đảm bảo an toàn dân sinh & góp phần phát triển kinh tế, xã hội của khu vực, cần các cấp chính quyền sớm đưa mục mở rộng cầu tránh An Hòa vào danh mục đầu tư nâng cấp hạ tầng trên địa bàn thành phố Huế.","Kết quả xử lý
Ban Quản lý dự án đầu tư xây dựng công trình giao thông thành phố Huế
Kính gửi: Quý Ông/Bà.
Vấn đề quý Ông/Bà phản ánh, Ban Quản lý dự án Đầu tư xây dựng công trình giao thông thành phố Huế xin thông báo như sau:
Dự án Cầu An Hòa đã được UBND Thành phố Huế phê duyệt chủ trương đầu tư tại Quyết định số 4003/QĐ-UBND ngày 29/12/2025. Hiện nay UBND Thành phố đang xem xét để bố trí vốn thực hiện các giai đoạn tiếp theo. Khi được bố trí vốn, Ban QLDA Đầu tư xây dựng công trình giao thông sẽ tổ chức thi tuyển phương án kiến trúc và hoàn thành Báo cáo nghiên cứu khả thi, trình cấp có thẩm quyền quyết định đầu tư dự án.
Chân thành cảm ơn quý Ông/Bà.
Trân trọng./.
Hạn xử lý: 05/05/2026
Ngày xử lý: 21/04/2026",Đã xử lý,https://tuongtac.hue.gov.vn/phan-anh/kien-nghi-nang-cap-cau-tranh-an-hoa-km2--950-a221197.html
25,Hue,20:17 17/04/2026,"Đề nghị về kiểm tra và khắc phục sự cố nước từ dưới mặt đất trào lên rất nhiều và liên tục từ mấy tháng nay. Địa điểm quay video tại 148 Thái Phiên, phường Phú Xuân, TP Huế (ngày 17/4/2026).","Kết quả xử lý
Công ty cổ phần cấp nước Huế
Kính gửi: Quý Ông/Bà.
Vấn đề quý Ông/Bà phản ánh, Công ty cổ phần Cấp nước Huế (HueWACO) xin thông báo kết quả như sau:
Điểm chảy trên thuộc tuyến ống cấp nước DN50, ngay khi nhận được thông tin HueWACO đã khẩn trương tiến hành sửa chữa khắc phục sự cố không gây gián đoạn mất nước trong thời gian xử lý.
Các phản ánh liên quan dịch vụ cấp nước, HueWACO rất mong nhận được thông tin của quý Ông/Bà qua tổng đài CSKH (24/7, miễn cước) 18000036 để được hỗ trợ xử lý nhanh nhất.
Chân thành cảm ơn quý Ông/Bà.
Trân trọng./.
Hạn xử lý: 04/05/2026
Ngày xử lý: 25/04/2026",Đã xử lý,https://tuongtac.hue.gov.vn/phan-anh/kiem-tra-va-khac-phuc-su-co-nuoc-tu-duoi-mat-dat-trao-len-tai-148-thai-phien-a221187.html
26,Hue,19:17 17/04/2026,"Kiệt 96 Thiên Thai, phường An Cựu, thiếu đèn chiếu sáng, cột điện nghiêng ngã, dây điện chằng chịt rất nguy hiểm ở đầu kiệt vào khu dân sinh. Kính nhờ chính quyền địa phương quan tâm! Xin cảm ơn!","Kết quả xử lý
Trung tâm Quản lý và Khai thác hạ tầng thành phố Huế
Kính gửi: Quý Ông/Bà.
Vấn đề quý Ông/Bà phản ánh, Trung tâm Quản lý và Khai thác hạ tầng thành phố Huế xin thông báo kết quả như sau:
Về nội dung bổ sung điện chiếu sáng, Trung tâm ghi nhận ý kiến phản ánh của người dân và sẽ tổng hợp, đề xuất đến các cơ quan chức năng có thẩm quyền xem xét đầu tư khi có điều kiện đối với nội dung nêu trên.
Chân thành cảm ơn quý Ông/Bà.
Trân trọng./.
Hạn xử lý: 04/05/2026
Ngày xử lý: 24/04/2026",Đã xử lý,https://tuongtac.hue.gov.vn/phan-anh/kien-nghi-bat-dien-chieu-sang-va-kiem-tra-duong-day-dien-a221180.html
27,Hue,19:04 17/04/2026,"Đường Nguyễn Gia Thiều đang phân luồng giao thông để thi công. Tại vị trí nhà 63 Nguyễn Gia Thiều đường dây điện và viễn thông đang đánh võng hạ thấp không đảm bảo an toàn điện, cản trở giao thông. Kính mong cơ quan chức năng kiểm tra, xử lý.","Kết quả xử lý
Sở Khoa học và Công nghệ
Kính gửi: Quý Ông/Bà.
Vấn đề quý Ông/Bà phản ánh, Sở Khoa học và Công nghệ xin thông báo kết quả như sau:
Sở Khoa học và Công nghệ đã chỉ đạo các Doanh nghiệp viễn thông kiểm tra và xử lý làm gọn dây mạng tại vị trí trên (Đính kèm hình ảnh).
Chân thành cảm ơn quý Ông/Bà.
Trân trọng./.
1/2
12
Hạn xử lý: 04/05/2026
Ngày xử lý: 23/04/2026",Đã xử lý,https://tuongtac.hue.gov.vn/phan-anh/duong-day-dien-va-vien-thong-sa-thap-tai-63-nguyen-gia-thieu-a221179.html
28,Hue,13:20 17/04/2026,"Ô nhiễm môi trường cùng với an toàn cho người dân.
Dự án bờ kè sông Như Ý ở địa chỉ 71 Nguyễn Lộ Trạch đoạn chưa hoàn thiện, cọc sắt chỉa lên trời cùng rác thải tập trung gây ô nhiễm cũng như nguy hiểm cho người dân, địa điểm đã có người chết do té xuống sông. Đề nghị chính quyền giải quyết.","Kết quả xử lý
Ban Quản lý Dự án Đầu tư xây dựng khu vực 1
Kính gửi: Quý Ông/Bà.
Vấn đề quý Ông/Bà phản ánh, Ban Quản lý dự án Đầu tư xây dựng khu vực 1 (Ban QLDA) xin thông báo kết quả như sau:
Quá trình thi công kè đã gây hư hỏng công trình của một số hộ dân sống cạnh bờ sông, Ban QLDA đã tổ chức mời các đơn vị liên quan tổ chức giám định và xác nhận chi phí đền bù hư hỏng công trình để người dân ổn định cuộc sống. Đến nay, phần lớn các hộ dân bị ảnh hưởng đã đồng thuận và nhận kinh phí khắc phục. Tuy nhiên, vẫn còn 01 hộ dân chưa thống nhất về chi phí bồi thường, dẫn đến chưa đồng ý cho tiếp tục thi công tại vị trí liên quan, gây ảnh hưởng đến tiến độ dự án như phản ánh của Quý Ông/Bà.
Hiện Ban QLDA đang tiếp tục phối hợp với UBND phường Vỹ Dạ vận động, làm việc với hộ dân để đạt được sự đồng thuận, tạo điều kiện cho Nhà thầu triển khai thi công các khối lượng còn lại. Dự kiến công trình sẽ được hoàn thành trước ngày 30/5/2026. Vậy Ban QLDA trả lời để quý Ông/Bà được rõ.
Chân thành cảm ơn quý Ông/Bà.
Trân trọng./.
Hạn xử lý: 29/04/2026
Ngày xử lý: 28/04/2026",Đã xử lý,https://tuongtac.hue.gov.vn/phan-anh/kien-nghi-hoan-thien-bo-ke-song-nhu-y-o-71-nguyen-lo-trach-a221147.html
29,Hue,11:08 17/04/2026,"Kính gửi cơ quan chức năng,
Tại khu vực trước số nhà 297 Điện Biên Phủ, vỉa hè bị sụt lún, vỡ nắp mương thoát nước, tạo hố sâu nguy hiểm cho người đi bộ và phương tiện qua lại, đặc biệt vào buổi tối rất dễ gây tai nạn.
Kính đề nghị cơ quan chức năng sớm kiểm tra và sửa chữa để đảm bảo an toàn cho người dân và mỹ quan đô thị.
Xin cảm ơn.","Kết quả xử lý
Trung tâm Quản lý và Khai thác hạ tầng thành phố Huế
Kính gửi: Quý Ông/Bà.
Vấn đề quý Ông/Bà phản ánh, Trung tâm Quản lý và Khai thác Hạ tầng thành phố Huế xin thông báo kết quả như sau:
Sau khi nhận được phản ánh, Trung tâm đã tiến hành kiểm tra và sửa chữa. Đến nay công tác sửa chữa, khắc phục đã hoàn thành (Hình ảnh đính kèm).
Chân thành cảm ơn quý Ông/Bà.
Trân trọng./.
1/2
12
Hạn xử lý: 29/04/2026
Ngày xử lý: 23/04/2026",Đã xử lý,https://tuongtac.hue.gov.vn/phan-anh/kien-nghi-sua-chua-via-he-tai-297-dien-bien-phu-a221134.html
30,Hue,10:30 17/04/2026,"Tiêu đề: Kiến nghị lắp đặt đường dốc cho người đi xe lăn tại UBND phường Phú Bài
Nội dung phản ánh:
Kính gửi cơ quan chức năng,
Tôi xin phản ánh về việc tiếp cận dịch vụ hành chính tại Trung tâm Hành chính công và các phòng ban của UBND phường Phú Bài.
Hiện nay, lối vào các khu vực này đều là bậc cấp cao, hoàn toàn không có đường dốc (ram dốc) hay lối đi ưu tiên dành cho người sử dụng xe lăn. Điều này gây khó khăn rất lớn cho người khuyết tật, người già yếu khi muốn đến liên hệ công tác hoặc làm thủ tục hành chính. Họ thường phải chờ đợi người khiêng xe hoặc rất vất vả mới có thể tiếp cận được bên trong.
Để đảm bảo quyền lợi cho đối tượng yếu thế và thực hiện đúng quy chuẩn về công trình công cộng, kính đề nghị UBND phường Phú Bài sớm cho khảo sát và thi công bổ sung lối đi dành cho người khuyết tật tại các lối vào chính.
Rất mong cơ quan chức năng sớm tiếp nhận và có phương án xử lý để tạo điều kiện thuận lợi nhất cho mọi người dân.
Xin cảm ơn!","Kết quả xử lý
Phường Phú Bài
Kính gửi: Quý Ông/Bà.
Về vấn đề Quý Ông/Bà phản ánh, UBND phường Phú Bài xin thông báo kết quả như sau:
Sau khi triển khai mô hình chính quyền địa phương hai cấp từ ngày 01/7/2025, UBND phường Phú Bài đã kịp thời sửa chữa, nâng cấp cơ sở vật chất của Trung tâm Phục vụ hành chính công; bố trí khu vực tiếp nhận và trả kết quả thủ tục hành chính thông thoáng, khang trang, sạch đẹp. Trong quá trình cải tạo, đã bố trí lối đi riêng dành cho người khuyết tật và người cao tuổi. (Có hình ảnh kèm theo).
Chân thành cảm ơn Quý Ông/Bà.
Trân trọng./.
1/3
123
Hạn xử lý: 29/04/2026
Ngày xử lý: 24/04/2026",Đã xử lý,https://tuongtac.hue.gov.vn/phan-anh/kien-nghi-lap-dat-duong-doc-cho-nguoi-di-xe-lan-tai-tthcc-phuong-phu-bai-a221124.html
31,Hue,19:27 16/04/2026,"Hệ thống đèn đếm giây giao thông chưa hợp lí ở ngã tư cầu Dã Viên-Lê Duẩn.
Hôm qua tôi gặp trường hợp đi từ Lê Duẫn và rẽ trái lên cầu Dã Viên, đèn đếm giây đếm giảm về 0 nhưng đèn đỏ vẫn không chuyển xanh, đèn đếm giây sau đó tắt. Nhiều xe máy cũng tưởng số về 0 thì đèn xanh nên cũng đi giống tôi nhưng thực ra đèn vẫn đỏ. Đi qua thì tôi thấy nhân viên chắn tàu kéo chắn lại. Chứng tỏ đã có tác động làm đèn vẫn đó khi số về 0. Việc này gây nhầm lẫn, dễ dẫn đến vượt đèn đỏ vô ý. Nếu phạt vượt đèn đỏ là vô lý.
Theo tôi cần lập trình lại hệ thống đèn: khi nhân viên gác chắn nhấn nút tàu đến, thì toàn bộ đèn đếm giây sẽ tắt ngay (chứ không phải đếm về O mới tắt đèn đếm giây), tránh việc nhiều người nghĩ hết giây là đi sẽ bị bắt lỗi vượt đèn đỏ vô lý.
Đề nghị cơ quan chức năng lập trình lại đèn khu vực này. Video ngày 15/4/25. Cảm ơn.","Kết quả xử lý
Ban quản lý dự án đầu tư xây dựng Chương trình phát triển các đô thị loại II (các đô thị xanh)
Kính gửi: Quý Ông/Bà.
Vấn đề quý Ông/Bà phản ánh, Ban quản lý dự án đầu tư xây dựng Chương trình phát triển các đô thị loại II (các đô thị xanh) – dự án thành phần Thừa Thiên Huế (Ban QLDA) xin thông báo kết quả như sau:
Hiện tại, Hệ thống đèn tín hiệu tại nút giao đường bộ đang đồng bộ với hệ thống báo hiệu của đường sắt. Khi tàu đi qua đường ngang, vì một số nguyên nhân làm thời gia tàu đi qua phạm vi nút giao bị kéo dài hơn dự định, dẫn đến hệ thống đèn tín hiệu bị nhiễu tạm thời. Sau khi tàu đi qua khoảng 2 phút, hệ thống sẽ ổn định lại. Ban QLDA đang phối hợp với Công ty cổ phần Môi trường và Công trình đô thị Huế kiểm tra khắc phục trong thời gian tới.
Chân thành cảm ơn quý Ông/Bà.
Trân trọng./.
Hạn xử lý: 28/04/2026
Ngày xử lý: 20/04/2026",Đã xử lý,https://tuongtac.hue.gov.vn/phan-anh/he-thong-den-dem-giay-giao-thong-chua-hop-li-o-nga-tu-cau-da-vien-le-duan-a221063.html
32,Hue,15:23 16/04/2026,Ô trồng cây bị san lấp trong bê tông trước số 157 Mai Thúc Loan. Kính gửi cơ quan chức năng sớm xử lý.,"Kết quả xử lý
Trung tâm Công viên cây xanh thành phố Huế
Kính gửi: Quý Ông/Bà.
Vấn đề quý Ông/Bà phản ánh, Trung tâm Công viên Cây xanh thành phố Huế xin thông báo kết quả như sau:
Trung tâm đã cho phá dỡ lớp bê tông tại ô cây trước số 157 Mai Thúc Loan (đính kèm hình ảnh).
Chân thành cảm ơn quý Ông/Bà.
Trân trọng./.
Hạn xử lý: 28/04/2026
Ngày xử lý: 21/04/2026",Đã xử lý,https://tuongtac.hue.gov.vn/phan-anh/o-trong-cay-bi-san-lap-trong-be-tong-tai-157-mai-thuc-loan-a221036.html
33,Hue,10:17 16/04/2026,"Kính gửi quý cơ quan ban ngành, Tôi xin kính đề nghị cơ quan ban ngành nhanh chóng kiểm tra và xử lý nút đèn tín hiệu ở giao lộ ngã 4 đường Lý Thái Tổ và Nguyễn Văn Linh (gần bến xe phía Bắc). Sau nhiều ngày tham gia giao thông trên tuyến đường Lý Thái Tổ đi qua cột đèn xanh đèn đỏ thì nhận thấy cột đèn tín hiệu ở đây có dấu hiệu bị chạm chập, tôi đã quay video và trình gửi lên đây để nhờ quý ban ngành sớm xử lý để các phương tiện lưu thông được rõ ràng hơn. Cảm ơn quý ban ngành.","Kết quả xử lý
Trung tâm Quản lý và Khai thác hạ tầng thành phố Huế
Kính gửi: Quý Ông/Bà.
Vấn đề Quý Ông/Bà phản ánh, Trung tâm Quản lý và Khai thác Hạ tầng thành phố Huế xin thông báo kết quả như sau:
Sau khi nhận được phản ánh, Trung tâm đã tiến hành phối hợp Công ty CP Môi trường va Công trình đô thị Huế kiểm tra vị trí quý Ông/Bà phản ánh. Đến nay, công tác khắc phục đã hoàn thành. (Đính kèm video và hình ảnh)
Chân thành cảm ơn quý Ông/Bà.
Trân trọng./.
 File đính kèm:
1/2
12
Hạn xử lý: 28/04/2026
Ngày xử lý: 22/04/2026",Đã xử lý,https://tuongtac.hue.gov.vn/phan-anh/kien-nghi-sua-chua-den-tin-hieu-giao-thong-tai-nga-4-duong-ly-thai-to-va-nguyen-van-linh-a221008.html
34,Hue,12:43 15/04/2026,"Kiến nghị đẩy nhanh tiến độ thi công đường xóm Kiệt 3/1 Lý Nam Đế
Đường xóm với hơn 150m, nhưng thi công đến nay hơn 5 tháng vẫn chưa có ngày giờ hoàn thành?
Chúng tôi đã nhiều lần phản ánh nhưng đến nay vẫn nhận lại được những lời hứa hẹn, từ khi ra Tết Nguyên đán đến nay vẫn không thấy tiến triển và thi công gì cả.
Mọi công tác đã gần như hoàn thiện, chỉ còn bước hoàn thiện mặt và đổ bê tông, nhưng đã trì trệ rất lâu không hoàn thiện.
Kiến nghị Lãnh đạo kiểm tra xử lý sớm cho người dân đi lại.
Trân trọng cảm ơn. Hình ảnh được chụp lúc 7h - ngày 15/4/2026.","Kết quả xử lý
Phường Hương An
Kính gửi: Quý Ông/Bà.
Vấn đề Quý Ông/Bà phản ánh, UBND phường Hương An xin thông báo kết quả như sau:
Ngay sau khi tiếp nhận phản ánh của Nhân dân về việc thi công kéo dài tại kiệt 3, Tổ dân phố 12 An Hòa, sáng ngày 16/4, Lãnh đạo Đảng ủy, UBND phường cùng các bộ phận chuyên môn đã trực tiếp kiểm tra hiện trường và chỉ đạo xử lý dứt điểm các tồn tại, vướng mắc. Với tinh thần chỉ đạo quyết liệt, rõ trách nhiệm, lãnh đạo phường đã yêu cầu đơn vị thi công tập trung tối đa nhân lực, phương tiện nhằm đẩy nhanh tiến độ, khẩn trương hoàn thành công trình.
Trước sự chỉ đạo sát sao đó, đơn vị thi công đã cam kết hoàn thành tuyến đường trong tuần tiếp theo. Đến ngày 25/4/2026, đơn vị thi công đã hoàn thành việc đổ bê tông với tổng chiều dài công trình là 183m (có hình ảnh minh chứng kèm theo).
Chân thành cảm ơn Quý Ông/Bà.
Trân trọng./.
1/6
123456
Hạn xử lý: 24/04/2026
Ngày xử lý: 29/04/2026",Đã xử lý,https://tuongtac.hue.gov.vn/phan-anh/kien-nghi-day-nhanh-tien-do-thi-cong-duong-xom-kiet-3-1-ly-nam-de-a220909.html
35,Hue,12:09 15/04/2026,"Điện lưới cung cấp tại xóm Chung Cư, Nguyễn Dĩnh, Khuông Phò Nam, xã Quảng Điền, thành phố Huế hiện có 02 pha khác biệt (Pha 1, Pha 2). Hiện Pha 2 luôn xảy ra tình trạng quá tải, cúp điện đột ngột, đặc biệt là giờ cao điểm, nắng nóng, hoặc lý do nào đó (Pha 1 vẫn có điện). Mong cơ quan chức năng, cơ quan điện lực nên khảo sát và cân đối 2 pha hợp lý, để không xảy ra hiện tượng mãi như vậy. Để không ảnh hưởng đến các thiết bị điện, cũng như quá trình sinh hoạt các hộ dân nơi đây. Mong chính quyền cơ quan chức năng quan tâm giải quyết. Xin trân trọng.","Kết quả xử lý
Công ty Điện lực Huế
Kính gửi: Quý Ông/Bà.
Vấn đề quý Ông/Bà phản ánh, Công ty Điện lực Huế xin thông báo kết quả như sau:
Khu vực Ông/Bà sinh sống là điểm cuối, giáp ranh của 02 lưới điện hạ áp của 02 trạm biến áp cấp điện khác nhau. Do đó, khi cắt điện công tác trạm này thì trạm kia vẫn có điện, nên khu vực giáp ranh giữa 02 trạm sẽ có nhà có điện và nhà cúp điện. Điện lực Quảng Điền đã giải thích cho khách hàng sử dụng điện tại khu vực này.
Chân thành cảm ơn quý Ông/Bà.
Trân trọng./.
Hạn xử lý: 24/04/2026
Ngày xử lý: 21/04/2026",Đã xử lý,https://tuongtac.hue.gov.vn/phan-anh/xu-ly-qua-tai-dien-pha-2-tai-xom-chung-cu-nguyen-dinh-quang-dien-a220904.html
36,Hue,07:13 15/04/2026,"Cầu Nguyễn Hoàng lúc 7h05p ngày 15/4/20206 hàng cây hoa hồng không được chăm sóc, cỏ mọc um tùm, đã có 1 cây hoa hồng gốc to khô chết, nhiều cây còn lại có hiện tượng khô héo dần. Mong cơ quan chức năng lưu ý.","Kết quả xử lý
Ban Quản lý dự án đầu tư xây dựng công trình giao thông thành phố Huế
Kính gửi: Quý Ông/Bà.
Vấn đề quý Ông/Bà phản ánh, Ban Quản lý dự án Đầu tư xây dựng công trình giao thông thành phố Huế (Ban QLDA) xin thông báo kết quả như sau:
Vị trí được phản ánh thuộc Công trình cầu Nguyễn Hoàng, dự án Đường Nguyễn Hoàng và cầu vượt sông Hương do Ban QLDA Đầu tư xây dựng công trình giao thông làm chủ đầu tư. Sau khi nhận được phản ánh, Ban QLDA đã kiểm tra và xử lý.
Chân thành cảm ơn quý Ông/Bà.
Trân trọng.
1/4
1234
Hạn xử lý: 24/04/2026
Ngày xử lý: 21/04/2026",Đã xử lý,https://tuongtac.hue.gov.vn/phan-anh/cay-kho-heo-o-cau-nguyen-hoang-a220854.html
37,Hue,19:50 14/04/2026,"Đường Nguyễn Vịnh qua cầu Vĩnh Hoà thi công sửa mặt đường đã xong khá lâu
mà chưa dỡ rào chắn gây cản trở giao thông. Mong cơ quan chức năng dỡ rào chắn. Xin cảm ơn.","Kết quả xử lý
Xã Quảng Điền
Kính gửi: Quý Ông/Bà.
Vấn đề Ông/Bà phản ánh, UBND xã Quảng Điền xin thông báo kết quả như sau:
Hiện tại, tuyến đường Nguyễn Vịnh, xã Quảng Điền đoạn qua cầu Vĩnh Hòa đang tiến hành thi công sửa chữa mặt đường thuộc dự án: Duy tu, bảo dưỡng thường xuyên hàng năm do Công ty cổ phần đường bộ 01 thi công; mặt đường được sửa chữa và đổ bê tông vào ngày 30/3/2026, theo quy định thì sau khi đổ bê tông phải rào chắn để đảm bảo chất lượng công trình là 20 ngày, Công ty cổ phần đường bộ 01 dự kiến sẽ tháo gỡ rào chắn vào ngày Chủ nhật (19/4/2026).
Chân thành cảm ơn quý Ông/Bà.
Trân trọng.
Hạn xử lý: 24/04/2026
Ngày xử lý: 16/04/2026",Đã xử lý,https://tuongtac.hue.gov.vn/phan-anh/kien-nghi-do-rao-chan-sau-thi-cong-tai-duong-nguyen-vinh-qua-cau-vinh-hoa-a220837.html
38,Hue,18:54 14/04/2026,"Đồng hồ điện tại kiệt 67 Vạn Xuân, Kim Long, Huế đang bị hư hỏng nghiêm trọng có thể gây nguy hiểm và mất mỹ quan đô thị. Kính đề nghi các cơ quan chức năng xử lý!
Trân trọng!","Kết quả xử lý
Công ty Điện lực Huế
Kính gửi: Quý Ông/Bà.
Vấn đề quý Ông/Bà phản ánh, Công ty Điện lực Huế xin thông báo kết quả như sau:
Điện lực Bắc Sông Hương đã xử lý (đính kèm hình ảnh).
Chân thành cảm ơn quý Ông/Bà.
Trân trọng./.
Hạn xử lý: 23/04/2026
Ngày xử lý: 16/04/2026",Đã xử lý,https://tuongtac.hue.gov.vn/phan-anh/hop-dong-ho-dien-bi-hong-tai-kiet-67-van-xuan-a220832.html
39,Hue,18:03 14/04/2026,"Tại đường Ngự Hà, mặt sau địa chỉ nhà số 10/390 Đinh Tiên Hoàng, Phú Xuân hiện tại sâu rất nhiều, rất nguy hiểm cho trẻ em.
Đề nghị cơ quan chức năng lại phun thuốc, sâu đã ăn trụi cây.","Kết quả xử lý
Trung tâm Công viên cây xanh thành phố Huế
Kính gửi: Quý Ông/Bà.
Vấn đề quý Ông/Bà phản ánh, Trung tâm Công viên Cây xanh thành phố Huế xin thông báo kết quả như sau:
Trung tâm đã bố trí công nhân phun thuốc trừ sâu tại đường Ngự Hà, mặt sau địa chỉ số 10/390 Đinh Tiên Hoàng (đính kèm hình ảnh).
Chân thành cảm ơn quý Ông/Bà.
Trân trọng./.
Hạn xử lý: 06/05/2026
Ngày xử lý: 28/04/2026",Đã xử lý,https://tuongtac.hue.gov.vn/phan-anh/kien-nghi-phun-thuoc-sau-tai-duong-ngu-ha-a220824.html
40,Hue,16:45 14/04/2026,"Kiến nghị sửa chữa nâng cấp đường Đại Giang, tổ Lợi Nông, phường Hương Thuỷ, TP Huế do đang hư xuống cấp nghiêm trọng, gây mất an toàn cho người dân đi lại.","Kết quả xử lý
Phường Hương Thủy
Kính gửi: Quý Ông/Bà.
Vấn đề quý Ông/Bà phản ánh, UBND phường Hương Thủy xin thông báo kết quả như sau:
Theo thông tin phản ánh của quý Ông/Bà, UBND phường đã chỉ đạo Trung tâm Dịch vụ Sự nghiệp công phường (Trung tâm) tiến hành kiểm tra thực tế hiện trạng tuyến đường. Tại thời điểm kiểm tra (ngày 17/04/2026), tuyến đường Đại Giang tại tổ dân phố Lợi Nông đã có dấu hiệu hư hỏng, xuống cấp nghiêm trọng gây ảnh hưởng đến việc đi lại của người dân đúng như quý Ông/Bà phản ánh.
Để giải quyết vấn đề mà quý Ông/Bà phản ánh, UBND phường đã giao cho Trung tâm tiến hành rà soát, thống kê toàn bộ các tuyến đường hư hỏng nặng trên địa bàn phường Hương Thuỷ (trong đó có tuyến đường Đại Giang) và lập dự trù kinh phí trình UBND phường xem xét, bố trí nguồn để tiến hành duy tu, sửa chữa trong thời gian sớm nhất. UBND phường rất mong nhận được sự thông cảm của quý Ông/Bà và toàn thể bà con nhân dân về những bất tiện nếu có.
Trong thời gian chờ sửa chữa, kính mong bà con nhân dân tham gia lưu thông qua khu vực này di chuyển chậm, đảm bảo an toàn.
Chân thành cảm ơn quý Ông/Bà.
Trân trọng./.
Hạn xử lý: 23/04/2026
Ngày xử lý: 22/04/2026",Đã xử lý,https://tuongtac.hue.gov.vn/phan-anh/kien-nghi-sua-chua-nang-cap-duong-dai-giang-a220810.html
41,Hue,16:43 14/04/2026,Cây đèn giao thông tại ngã hướng cầu Trường Hà giao đường ĐTL2 giao hướng Phú Vinh bị lỗi giây đếm số hết số 1 rồi vẫn chưa qua đèn xanh tắt hơn 5 giây mới xanh và không thấy vạch dừng chờ đèn đỏ bị phai nhờ lực lượng chức năng kiểm tra vừa đi qua nó hiện xanh.,"Kết quả xử lý
Trung tâm Quản lý và Khai thác hạ tầng thành phố Huế
Kính gửi: Quý Ông/Bà.
Vấn đề quý Ông/Bà phản ánh, Trung tâm Quản lý và Khai thác Hạ tầng thành phố Huế xin thông báo kết quả như sau:
Sau khi nhận được phản ánh, Trung tâm đã tiến hành kiểm tra và sửa chữa. Đến nay, công tác sửa chữa, khắc phục đã hoàn thành. (Đính kèm video)
Chân thành cảm ơn quý Ông/Bà.
Trân trọng./.
File đính kèm:
Hạn xử lý: 24/04/2026
Ngày xử lý: 20/04/2026",Đã xử lý,https://tuongtac.hue.gov.vn/phan-anh/den-giao-thong-tai-huong-cau-truong-ha-giao-duong-dtl2-loi-a220809.html
42,Hue,15:52 14/04/2026,"Kính gởi UBND phường Hương Thuỷ
Hiện nay đoạn đường từ cầu Phú Thứ về thôn Hoà Phong phương tiện xe ben đi lại nhiều và nhiều chỗ sụt lún ổ gà nặng nề, bà con đi lại quá khó khăn và nguy hiểm. Hiện nay nghe nói đoạn đường này có dự án nâng cấp mở rộng nhưng chưa biết lúc nào triển khai. Kính mong UBND phường quan tâm và có phương án khắc phục rải sỏi làm phẳng những chỗ hư hại sụt lún để bà con đi lại được thuận tiện hơn. Xin chân thành.","Kết quả xử lý
Phường Hương Thủy
Kính gửi: Quý Ông/Bà.
Vấn đề quý Ông/Bà phản ánh, UBND phường Hương Thủy xin thông báo kết quả như sau:
Tại thời điểm kiểm tra (ngày 17/04/2026), tuyến đường từ cầu Phú Thứ về tổ dân phố Hòa Phong đã có dấu hiệu hư hỏng, xuống cấp nghiêm trọng gây ảnh hưởng đến việc đi lại của người dân đúng như quý Ông/Bà phản ánh.
Để giải quyết vấn đề này, UBND phường đã giao cho Trung tâm Dịch vụ sự nghiệp công phường (Trung tâm) tiến hành rà soát, thống kê toàn bộ các tuyến đường hư hỏng nặng trên địa bàn phường Hương Thuỷ (trong đó có tuyến đường từ cầu Phú Thứ về tổ dân phố Hòa Phong) và lập dự trù kinh phí trình UBND phường xem xét, bố trí nguồn để tiến hành duy tu, sửa chữa trong thời gian sớm nhất. UBND phường rất mong nhận được sự thông cảm của quý Ông/Bà và toàn thể bà con nhân dân về những bất tiện nếu có.
Trong thời gian chờ sửa chữa, kính mong bà con nhân dân tham gia lưu thông qua khu vực này di chuyển chậm, đảm bảo an toàn.
Chân thành cảm ơn quý Ông/Bà.
Trân trọng./.
Hạn xử lý: 23/04/2026
Ngày xử lý: 22/04/2026",Đã xử lý,https://tuongtac.hue.gov.vn/phan-anh/duong-hu-hong-va-sut-lun-tu-cau-phu-thu-ve-thon-hoa-phong-a220801.html
43,Hue,20:02 13/04/2026,"Mong cơ quan chức năng sớm vào cuộc.
Kiệt 3/1 đường Lý Nam Đế làm 5 tháng chưa xong.
Nhiều lần phản ánh lên Hue-S, được nhà thầu cam kết hoàn thành trước Tết nhưng qua Tết 3 tháng rồi,
thời tiết nắng nóng, trẻ em bà bầu người già phải đi bộ dưới nắng và bụi quá cực, có bà bầu còn phải đi bộ ra vì xe không vào được.
Ảnh chụp ngày 12/4/2026 lúc 15h.
Mong sớm được cơ quan chức năng hỗ trợ.","Kết quả xử lý
Phường Hương An
Kính gửi: Quý Ông/Bà.
Vấn đề Quý Ông/Bà phản ánh, UBND phường Hương An xin thông báo kết quả như sau:
Ngay sau khi tiếp nhận phản ánh của Nhân dân về việc thi công kéo dài tại kiệt 3, Tổ dân phố 12 An Hòa, sáng ngày 16/4, Lãnh đạo Đảng ủy, UBND phường cùng các bộ phận chuyên môn đã trực tiếp kiểm tra hiện trường và chỉ đạo xử lý dứt điểm các tồn tại, vướng mắc. Với tinh thần chỉ đạo quyết liệt, rõ trách nhiệm, lãnh đạo phường đã yêu cầu đơn vị thi công tập trung tối đa nhân lực, phương tiện nhằm đẩy nhanh tiến độ, khẩn trương hoàn thành công trình.
Trước sự chỉ đạo sát sao đó, đơn vị thi công đã cam kết hoàn thành tuyến đường trong tuần tiếp theo. Đến ngày 25/4/2026, đơn vị thi công đã hoàn thành việc đổ bê tông với tổng chiều dài công trình là 183m (có hình ảnh minh chứng kèm theo).
Chân thành cảm ơn Quý Ông/Bà.
Trân trọng./.
1/6
123456
Hạn xử lý: 22/04/2026
Ngày xử lý: 28/04/2026",Đã xử lý,https://tuongtac.hue.gov.vn/phan-anh/day-nhanh-thi-cong-duong-tai-kiet-3-1-duong-ly-nam-de-a220726.html
44,Hue,16:50 13/04/2026,"Các hộ dân mặt tiền đường Lê Đức Anh đoạn từ Nguyễn Viết Song đến Nguyễn Lân kéo dây điện vào khu vực lan can sắt của công ty Huefarm gây ảnh hưởng đến an toàn điện của công ty cũng như hoạt động sản xuất.
Công ty đã tiến hành liên hệ để xử lý từ các năm trước, các hộ hứa sẽ xử lý nhưng không tiến hành và vẫn để nguyên trạng đến thời điểm hiện tại.
Gần đây có hộ lắp điện mới, công ty đã thông báo nhưng vẫn cố tình lắp vào xem như quyền sở hữu của mình.
Nay công ty trình các cơ quan thẩm quyền xử lý dứt điểm tình trạng này để công ty hoạt động.","Kết quả xử lý
Phường Vỹ Dạ
Kính gửi: Quý Ông/Bà.
Vấn đề quý Ông/Bà phản ánh, UBND phường Vỹ Dạ xin thông báo kết quả như sau:
Sau khi nhận được phản ánh, UBND phường đã giao Phòng Kinh tế, Hạ tầng và Đô thị phường kiểm tra và xử lý. Qua kiểm tra tại Công ty Huefarm có 5 đường dây điện chiếu sáng của các hộ dân đang kéo vào khu vực lan can sắt của Công ty gây mất an toàn về sử dụng điện.
UBND phường đề nghị Ban cán sự tổ dân phố Xuân Hòa vận động người dân kéo lại đường dây điện trong khu vực lan can của Công ty nhằm đảm bảo an toàn về sử dụng điện. (Đính kèm hình ảnh và biên bản)
Chân thành cảm ơn quý Ông/Bà.
Trân trọng./.
File đính kèm:
1/6
123456
Hạn xử lý: 22/04/2026
Ngày xử lý: 21/04/2026",Đã xử lý,https://tuongtac.hue.gov.vn/phan-anh/kien-nghi-di-doi-day-dien-cac-ho-dan-mat-tien-duong-le-duc-anh-doan-tu-nguyen-viet-song-den-nguyen-l-a220705.html
45,Hue,07:28 13/04/2026,"Tình trạng chặt phá rừng cây bản địa để xây khuôn tỉnh cho người còn sống tại xứ rú, TDP Gia Viên, phường Phong Thái. Đề nghị các cấp chính quyền có quy định rõ trong việc chôn cất người chết tại địa phương và có chế tài đối với các trường hợp chặt phá cây bản địa để làm khuôn tỉnh đối với người còn sống.","Kết quả xử lý
Phường Phong Thái
Kính gửi: Quý Ông/Bà.
Vấn đề quý Ông/Bà phản ánh, UBND phường Phong Thái xin thông báo kết quả như sau:
UBND phường Phong Thái đã chỉ đạo Phòng Kinh tế, Hạ tầng và Đô thị phường phối hợp với với các cơ quan liên quan, Tổ dân phố Gia Viên tiến hành kiểm tra, làm việc với ông T.V.H, hiện trú tại Tổ dân phố Gia Viên, phường Phong Thái.
Qua kiểm tra đã xác định ông T.V.H đã tự ý xây dựng khuôn tỉnh với diện tích 35,75 m² tại khu vực nghĩa trang, nghĩa địa xứ Rú Bại, tổ dân phố Gia Viên thuộc đất do UBND phường quản lý. Quá trình thực hiện ông H có phát quang một số cây Bụi và không có dấu diệu chặt phá cây Bản địa gỗ lớn.
Tại buổi làm việc, ông T.V.H đã cam kết sẽ khắc phục, tháo dỡ công trình xây dựng hoàn thành trước ngày 30/4/2026 (Có biên bản làm việc kèm theo).
Chân thành cảm ơn quý Ông/Bà.
Trân trọng.
File đính kèm:
Hạn xử lý: 22/04/2026
Ngày xử lý: 28/04/2026",Đã xử lý,https://tuongtac.hue.gov.vn/phan-anh/tinh-trang-chat-pha-rung-cay-ban-dia-tai-tdp-gia-vien-a220648.html
46,Hue,19:35 12/04/2026,"Đèn đường tại số nhà 26/15 Nguyễn Viết Xuân (nay là đường Ngô Nhân Tuấn), phường Thanh Thủy, bị bay mất cả năm nay không thấy ai kiểm tra xử lý, dây điện rớt xuống đất có điện lúc về chiều rất nguy hiểm, mong quý cơ quan kiểm tra xử lý, trân trọng cảm ơn.","Kết quả xử lý
Phường Thanh Thủy
Kính gửi: Quý Ông/Bà.
Vấn đề quý Ông/Bà phản ánh, UBND phường Thanh Thủy xin thông báo kết quả như sau:
Sau khi nhận phản ánh, UBND phường đã chỉ đạo Trung tâm Dịch vụ sự nghiệp công giải quyết. Qua kiểm tra hiện trường, Căn cứ Quyết định số 696/QĐ-UBND ngày 23/02/2026 của UBND thành phố về việc giao trách nhiệm quản lý, bảo trì hạ tầng giao thông, hạ tầng kỹ thuật trên địa bàn thành phố Huế cho Trung tâm Quản lý và Khai thác hạ tầng thành phố Huế. Do đó, hiện nay UBND phường đang chỉ đạo Trung tâm Dịch vụ sự nghiệp công rà soát khối lượng điện chiếu sáng hiện trạng để bàn giao trong tháng 4/2026. Sau khi tiếp nhận bàn giao, UBND phường sẽ đề nghị Trung tâm Quản lý và Khai thác hạ tầng thành phố Huế xem xét có kế hoạch sửa chữa nhằm đảm bảo an toàn giao thông.
Chân thành cảm ơn quý Ông/Bà.
Trân trọng./.
Hạn xử lý: 22/04/2026
Ngày xử lý: 14/04/2026",Đã xử lý,https://tuongtac.hue.gov.vn/phan-anh/khong-co-bong-den-tai-26-15-nguyen-viet-xuan-a220629.html
47,Hue,15:48 12/04/2026,"Gạch vỉa hè bị xuống cấp tại 67 Trần Hưng Đạo, phường Phú Xuân gạch lát không chắc chắn không ăn khớp vào nhau gây động nước có mùi hôi rất nồng khi nắng nóng, ảnh hưởng đến môi trường, người đi bộ và người dân xung quanh. Ảnh chụp 15g ngày 12/4/2026. Kính gửi cơ quan chức năng xử lý","Kết quả xử lý
Trung tâm Quản lý và Khai thác hạ tầng thành phố Huế
Kính gửi: Quý Ông/Bà.
Vấn đề quý Ông/Bà phản ánh, Trung tâm Quản lý và Khai thác Hạ tầng thành phố Huế xin thông báo kết quả như sau:
Sau khi nhận được phản ánh, Trung tâm đã kiểm tra thực tế cùng các đơn vị liên quan. Vị trí quý Ông/Bà phản ánh thuộc phạm vi thi công xây dựng hệ thống đường dây trung thế 22kV và hạ thế 0,4kV trên Quốc lộ 1 do Điện lực Huế triển khai thực hiện, được cấp giấy phép tại văn bản số 8/GP-KQLĐBII ngày 03/04/2025 của Khu Quản lý đường bộ II.
Trung tâm đã phối hợp, yêu cầu Điện lực Huế hoàn trả kết cấu hạ tầng đường bộ sau khi thi công xây dựng đảm bảo yêu cầu theo nội dung được cấp phép.
Chân thành cảm ơn quý Ông/Bà.
Trân trọng./.
Hạn xử lý: 22/04/2026
Ngày xử lý: 20/04/2026",Đã xử lý,https://tuongtac.hue.gov.vn/phan-anh/gach-via-he-bi-xuo%CC%81ng-ca%CC%81p-tai-67-tran-hung-dao-a220617.html
48,Hue,10:41 12/04/2026,"Cây thông ở số 92 đường Lê Ngô Cát bị nghiêng hẳn ra đường làm cản trở xe cộ qua lại , có nguy cơ bật gốc cao.","Kết quả xử lý
Trung tâm Công viên cây xanh thành phố Huế
Kính gửi: Quý Ông/Bà.
Vấn đề quý Ông/Bà phản ánh, Trung tâm Công viên Cây xanh thành phố Huế xin thông báo kết quả như sau:
Trung tâm đã di dời cây thông có thân nghiêng tại 92 Lê Ngô Cát vào ngày 22/4/2026. (Đính kèm hình ảnh) 
Chân thành cảm ơn quý Ông/Bà.
Trân trọng./.
Hạn xử lý: 23/04/2026
Ngày xử lý: 24/04/2026",Đã xử lý,https://tuongtac.hue.gov.vn/phan-anh/cay-thong-o-so-92-duong-le-ngo-cat-bi-nghieng-a220596.html
49,Hue,10:24 12/04/2026,"Mình thấy dây điện này khá lâu rồi nhưng vẫn sà xuống nhà dân, quá nguy hiểm cho nhà dân xung quanh. Mong mọi người sớm có biện pháp xử lý. Địa chỉ gần trạm bơm Sư Lỗ Đông, phường Phú Hồ.","Kết quả xử lý
Xã Phú Hồ
Kính gửi: Quý Ông/Bà.
Vấn đề quý Ông/Bà phản ánh, UBND xã Phú Hồ xin thông báo kết quả như sau:
Sau khi nhận được phản ánh, UBND xã Phú Hồ đã tiến hành kiểm tra hiện trường và phối hợp với đơn vị Viettel để xử lý, sắp xếp, làm gọn hệ thống đường dây viễn thông tại khu vực phản ánh (có hình ảnh kèm theo).
Chân thành cảm ơn Quý Ông/Bà.
Trân trọng./.
Hạn xử lý: 22/04/2026
Ngày xử lý: 24/04/2026",Đã xử lý,https://tuongtac.hue.gov.vn/phan-anh/day-dien-sa-xuong-gay-nguy-hiem-gan-tram-bom-su-lo-dong-a220591.html
50,Hue,08:48 12/04/2026,"Đoạn đường đang thi công tại TDP Bắc Triều Vịnh, Phường Phong Thái không có hệ thống tưới nước nên bụi rất nhiều, ảnh hưởng đến sinh hoạt của bà con rất nhiều. Rất mong quý cơ quan can thiệp để bên thi công có biện pháp xử lí.","Kết quả xử lý
Ban Quản lý Dự án Đầu tư xây dựng khu vực 2
Kính gửi: Quý Ông/Bà.
Vấn đề Quý Ông/Bà phản ánh, Ban QLDA Đầu tư xây dựng khu vực 2 (Chủ đầu tư) xin thông báo kết quả như sau:
Chủ đầu tư đã yêu cầu nhà thầu thực hiện tưới nước để giảm bụi trong quá trình thi công nền đường đất.
Chân thành cảm ơn Quý Ông/Bà.
Trân trọng./.
1/2
12
Hạn xử lý: 22/04/2026
Ngày xử lý: 24/04/2026",Đã xử lý,https://tuongtac.hue.gov.vn/phan-anh/kien-nghi-co-bien-phap-thi-cong-dam-bao-tai-tdp-bac-trieu-vinh-a220585.html
51,Hue,06:33 12/04/2026,"Tại kiệt 41 đường Lý Thần Tông, phường Kim Trà có nhiều trụ điện nằm gần giữa đường gần chợ La Chữ, khiến giao thông đi lại ảnh hưởng rất nhiều cho người dân trong kiệt, cũng như người các nơi đi chợ. Kính mong chính quyền sớm cho di chuyển để tuyến đường được rộng hơn tiện cho bà con đi lại","Kết quả xử lý
Công ty Điện lực Huế
Kính gửi: Quý Ông/Bà.
Vấn đề quý Ông/Bà phản ánh, Công ty Điện lực Huế xin thông báo kết quả như sau:
Nguyên nhân dẫn đến các cột điện nằm dưới lòng đường là do địa phương nâng cấp mở rộng đường kiệt nhưng không di dời các cột điện theo quy định hiện hành. Điện lực sẽ kết gọn công tơ tại cột trước 30/4/2026.
Trong kế hoạch đầu tư giai đoạn 2028-2030, Điện lực sẽ đưa vào kế hoạch sửa chữa lưới điện tại khu vực này (đính kèm biên bản).
Chân thành cảm ơn quý Ông/Bà.
Trân trọng./.
File đính kèm:
Hạn xử lý: 22/04/2026
Ngày xử lý: 20/04/2026",Đã xử lý,https://tuongtac.hue.gov.vn/phan-anh/kien-nghi-di-doi-cac-tru-dien-tai-kiet-41-ly-than-tong-a220581.html
52,Hue,20:47 11/04/2026,"Kiến nghị lắp thêm đèn chiếu sáng tại bậc cấp xuống cầu gỗ Lim (đầu cầu phía cầu Trường Tiền). Hiện tại bậc cấp xuống cầu gỗ Lim rất tối, bậc cấp màu đen trong bóng tối đi rất dễ vấp ngã. Kính đề nghị cơ quan chức năng lắp thêm đèn chiếu sáng để đảm bảo an toàn cho khách bộ hành. Trân trọng cảm ơn!","Kết quả xử lý
Trung tâm Công viên cây xanh thành phố Huế
Kính gửi: Quý Ông/Bà.
Vấn đề quý Ông/Bà phản ánh, Trung tâm Công viên Cây xanh thành phố Huế xin thông báo kết quả như sau:
Trước đây, hệ thống đèn chiếu sáng tại bậc cấp xuống cầu gỗ Lim không nằm trong dự án nên chưa được lắp đặt đèn điện. Trung tâm đang xin ý kiến chủ trương từ các cấp có thẩm quyền bổ sung hệ thống đèn chiếu sáng tại khu vực này, dự kiến lắp đặt trước 30/5/2026.
Chân thành cảm ơn quý Ông/Bà.
Trân trọng./.
Hạn xử lý: 22/04/2026
Ngày xử lý: 24/04/2026",Đã xử lý,https://tuongtac.hue.gov.vn/phan-anh/kien-nghi-lap-them-den-chieu-sang-tai-bac-cap-xuong-cau-go-lim-a220559.html
53,Hue,18:37 11/04/2026,"Kính gửi UBND Phường Thanh Thủy. Cuối Năm 2025 vừa rồi người dân rất mừng khi được cơ quan chính quyền quan tâm và mở rộng tuyến đường liên xã Thủy Thanh đoạn qua cầu Trắng xã Thủy Thanh cũ. Với các khẩu hiệu:
""Chung sức làm đường, đổi thay vùng quê""
""Mở đường cho nông thôn phát triển""
""Phát triển hạ tầng giao thông: Xóa khoảng cách giữa thành thị, nông thôn""
""Chung sức xây dựng giao thông nông thôn tạo động lực phát triển""
""Dân biết, dân bàn, dân làm, dân kiểm tra, dân thụ hưởng"" (Áp dụng trong việc hiến đất làm đường)
""Xây dựng nông thôn mới: 100% đường xã được nhựa hoặc bê tông hóa, đảm bảo ô tô đi lại""
Được biết đây là trục đường chính di chuyển rất nhiều xe đi lại trong đó có cả ô tô, xe tải và xe khách. Xưa nay các xe vẫn tránh nhau để đi được và nay đã mở được đường rộng hơn nhưng nay đã cấm luôn cả xe khách và xe tải như trên hình tôi gửi như vậy là chưa hợp lý vì đường đã rộng hơn trước đây. Nếu cấm xe tải và xe khách thì xe phải đi đường vòng rất xa trên 4km để đi qua lại giữa 2 đầu đường dài chưa tới 100 mét.
Nếu để hạn chế phương tiện vào tuyến đường trên tôi xin góp ý là phải có biển phụ cấm xe trên 3.5 tấn và xe trên 30 chỗ ngồi.
Thực tế cho thấy đường rất rộng và nhu cầu xe 16 chỗ xe 30 chỗ, xe tải nhỏ cần qua lại và phục vụ cưới hỏi, phục vụ vận tải tuyến đường trên là rất lớn. Mong UBND phường xem xét để điều chỉnh. Trước nhà tôi mặt đường 7 mét là trục đường chính xe 16 chỗ vào đến tận nhà. Nhưng nếu cấm như vậy là không hợp lý cho 1 tuyến đường liên xã còn kém hơn cả kiệt ô tô nội thành","Kết quả xử lý
Phường Thanh Thủy
Kính gửi: Quý Ông/Bà.
Vấn đề quý Ông/Bà phản ánh, UBND phường Thanh Thủy xin thông báo kết quả như sau:
Hiện nay, để phục vụ du lịch cộng đồng tại Khu vực Cầu Ngói Thanh Toàn UBND phường cắm biển cấm lưu lượng xe để đảm bảo an toàn và phục vụ cho khách du lịch tại khu vực này. Đối với xe khách đã có bến bãi đậu đỗ để phục vụ tại khu vực này, đối với các xe tải phân luồn theo tuyến đường tỉnh lộ là hợp lý, đảm bảo giao thông và môi trường.
Chân thành cảm ơn quý Ông/Bà.
Trân trọng./.
Hạn xử lý: 22/04/2026
Ngày xử lý: 28/04/2026",Đã xử lý,https://tuongtac.hue.gov.vn/phan-anh/kien-nghi-ve-bien-cam-tuyen-duong-lien-xa-thuy-thanh-cu-a220551.html
54,Hue,18:07 11/04/2026,Ô trồng cây bị san lấp trong bê tông tại số 97 Trường Chinh (trước quán Keiki). Kính gửi cơ quan chức năng xử lý.,"Kết quả xử lý
Trung tâm Công viên cây xanh thành phố Huế
Kính gửi: Quý Ông/Bà.
Vấn đề quý Ông/Bà phản ánh, Trung tâm Công viên Cây xanh thành phố Huế xin thông báo kết quả như sau:
Trung tâm đã cho phá dỡ lớp bê tông tại ô cây trước số 97 Trường Chinh (đính kèm hình ảnh).
Chân thành cảm ơn quý Ông/Bà.
Trân trọng./.
1/2
12
Hạn xử lý: 22/04/2026
Ngày xử lý: 21/04/2026",Đã xử lý,https://tuongtac.hue.gov.vn/phan-anh/o-trong-cay-bi-san-lap-trong-be-tong-tai-so-97-truong-chinh-a220546.html
55,Hue,18:04 11/04/2026,"Kiến nghị trồng lại cây xanh tại số nhà 36 đường Bao Mỹ 5, phường Hương An, TP Huế. Kính mong cơ quan chức năng kiểm tra, xử lý.","Kết quả xử lý
Trung tâm Công viên cây xanh thành phố Huế
Kính gửi: Quý Ông/Bà.
Vấn đề quý Ông/Bà phản ánh, Trung tâm Công viên Cây xanh thành phố Huế xin thông báo kết quả như sau:
Trung tâm dự kiến sẽ trồng lại cây xanh tại số nhà 36 đường Bao Mỹ 5 trước ngày 30/5/2026.
Chân thành cảm ơn quý Ông/Bà.
Trân trọng./.
Hạn xử lý: 22/04/2026
Ngày xử lý: 24/04/2026",Đã xử lý,https://tuongtac.hue.gov.vn/phan-anh/kien-nghi-trong-lai-cay-xanh-tai-so-nha-36-duong-bao-my-5-a220545.html
56,Hue,17:30 11/04/2026,"Lỗ cống quá thấp so với đường tạo thành lỗ hỏng rất nguy hiểm, có rất nhiều người đã ngã do đi vào lỗ này tại 105 Tăng Bạt Hổ, phường Phú Xuân, TP Huế. Kính mong cơ quan chức năng kiểm tra, xử lý.","Kết quả xử lý
Trung tâm Quản lý và Khai thác hạ tầng thành phố Huế
Kính gửi: Quý Ông/Bà.
Vấn đề quý Ông/Bà phản ánh, Trung tâm Quản lý và Khai thác Hạ tầng thành phố Huế xin thông báo kết quả như sau:
Sau khi nhận được phản ánh, Trung tâm đã tiến hành kiểm tra và đã đưa vào kế hoạch để sửa chữa trong Quý II năm 2026. 
Chân thành cảm ơn quý Ông/Bà.
Trân trọng./.
Hạn xử lý: 22/04/2026
Ngày xử lý: 22/04/2026",Đã xử lý,https://tuongtac.hue.gov.vn/phan-anh/kiem-tra-lo-hong-nguy-hiem-tai-105-tang-bat-ho-a220539.html
57,Hue,11:08 11/04/2026,"Cần trả mặt bằng tại đường Thế Mỹ, TDP Thế Mỹ B, Phường Phong Phú, Thành phố Huế cho người dân và con em đi học đoạn đường qua nguy hiểm sớm giải quyết để không có chuyện đáng tiếc xảy ra.","Kết quả xử lý
Phường Phong Phú
Kính gửi: Quý Ông/Bà.
Vấn đề quý Ông/Bà phản ánh, UBND phường Phong Phú xin thông báo kết quả như sau:
Sau khi tiếp nhận thông tin, UBND phường Phong Phú đã chỉ đạo cơ quan chuyên môn tiến hành kiểm tra thực địa. Qua kiểm tra cho thấy:
Trên tuyến Tỉnh lộ 22 có cống băng đường đã thi công hoàn thành, tuy nhiên phần mặt bằng đường 2 bên cống chưa hoàn trả như ban đầu gây khó khăn cho việc lưu thông và tiềm ẩn nguy cơ mất an toàn giao thông, đặc biệt đối với người dân và học sinh. Tuyến Tỉnh lộ 22 không thuộc thẩm quyền quản lý của UBND phường. UBND phường đã ban hành Công văn số 341/UBND-KTHT&ĐT ngày 16/4/2026 gửi Sở Xây dựng đề nghị xem xét sớm khắc phục, sửa chữa nhằm đảm bảo an toàn giao thông trên tuyến đường trên (Có Công văn đính kèm).
Chân thành cảm ơn quý Ông/Bà.
Trân trọng./.
File đính kèm:
Hạn xử lý: 22/04/2026
Ngày xử lý: 20/04/2026",Đã xử lý,https://tuongtac.hue.gov.vn/phan-anh/kien-nghi-hoan-tra-mat-bang-duong-the-my-a220499.html
58,Hue,09:58 11/04/2026,"Đề nghị ban quản lý dự án xây dựng tuyến đường từ Tỉnh lộ 9 về Hương Long Thượng Hòa yêu cầu nhà thầu thi công tưới nước chống bụi trên tuyến đường thi công. Vị trí cần tưới nước thuộc đoạn đường đang thi công ở thôn Hưng Long Thượng Hòa, phường Phong Thái, TP Huế.","Kết quả xử lý
Ban Quản lý Dự án Đầu tư xây dựng khu vực 2
Kính gửi: Quý Ông/Bà.
Vấn đề Quý Ông/Bà phản ánh, Ban QLDA Đầu tư xây dựng khu vực 2 (Chủ đầu tư) xin thông báo kết quả như sau:
Chủ đầu tư đã làm việc với đơn vị thi công và yêu cầu đơn vị sử dụng xe bồn để tưới nước, giảm bụi trên tuyến đang thi công nền đường đất.
Chân thành cảm ơn Quý Ông/Bà.
Trân trọng./.
File đính kèm:
Hạn xử lý: 22/04/2026
Ngày xử lý: 24/04/2026",Đã xử lý,https://tuongtac.hue.gov.vn/phan-anh/kien-nghi-tuoi-nuoc-doan-tuyen-thi-cong-tinh-lo-9-a220487.html
59,Hue,08:07 11/04/2026,"Kiến nghị bổ sung các biển báo cấm dừng đỗ theo ngày chẵn, ngày lẽ tại tuyến đường Nguyễn Chí Diễu, phường Phú Xuân tránh gây ách tắc
Đường Nguyễn Chí Diễu. Ảnh ghi lại ngày 11/04/2026","Kết quả xử lý
Sở Xây dựng
Kính gửi: Quý Ông/Bà.
Vấn đề quý Ông/Bà phản ánh, Sở Xây dựng xin thông báo kết quả như sau:
Sở Xây dựng đã chỉ đạo Trung tâm Quản lý và Khai thác hạ tầng phối hợp với các đơn vị liên quan tiến hành rà soát, đánh giá hiện trạng tổ chức giao thông trên tuyến đường Nguyễn Chí Diễu cũng như khu vực xung quanh. Trên cơ sở kết quả rà soát, Sở Xây dựng sẽ xem xét, tổ chức giao thông phù hợp nhằm đáp ứng nhu cầu lưu thông và hạn chế ùn tắc.
Chân thành cảm ơn quý Ông/Bà.
Trân trọng.
Hạn xử lý: 29/04/2026
Ngày xử lý: 06/05/2026",Đã xử lý,https://tuongtac.hue.gov.vn/phan-anh/kien-nghi-bo-sung-cac-bien-bao-cam-dung-do-theo-ngay-chan-ngay-le-tai-tuyen-duong-nguyen-chi-dieu-a220478.html
60,Hue,19:54 10/04/2026,"Hàng rào dải phân cách bị hư hỏng 1 đoạn rất dài, đã lâu rồi nhưng chưa thấy sửa chữa. Để đảm bảo an toàn giao thông , kính mong cơ quan chức năng sớm xử lý. Vị trí: đối diện số 123 Nguyễn Tất Thành.","Kết quả xử lý
Văn phòng Quản lý đường bộ II.5
Kính gửi: Quý Ông/Bà.
Vấn đề Quý Ông/Bà phản ánh, Văn phòng Quản lý đường bộ II.5 xin thông báo kết quả như sau:
Dải phân cách giữa đối diện số 123 đường Nguyễn Tất Thành hiện thuộc tài sản do Trung tâm Quản lý và Khai thác hạ tầng – Sở Xây dựng thành phố Huế quản lý. Ngày 24/3/2026, dải phân cách bị hư hỏng do tai nạn giao thông. Sau khi xảy ra vụ việc, các đơn vị liên quan đã phối hợp lắp đặt biển báo và dây phản quang tạm thời nhằm cảnh báo, đảm bảo an toàn giao thông; đồng thời đang thực hiện các thủ tục đền bù, hoàn trả tài sản theo quy định.
Hiện nay, Văn phòng đang tiếp tục phối hợp với các đơn vị liên quan và kiến nghị khẩn trương khắc phục, thay thế tài sản bị hư hỏng nhằm đảm bảo an toàn giao thông trên tuyến.
Chân thành cảm ơn Quý Ông/Bà.
Trân trọng./.
1/2
12
Hạn xử lý: 22/04/2026
Ngày xử lý: 29/04/2026",Đã xử lý,https://tuongtac.hue.gov.vn/phan-anh/hang-rao-dai-phan-cach-bi-hu-hong-doi-dien-so-123-nguyen-tat-thanh-a220456.html
61,Hue,08:57 10/04/2026,"Để đảm bảo an toàn cho học sinh, giáo viên nhà trường, đề nghị kiểm tra và xử lý Cổng trường Tiểu học Kim Đồng, xã A Lưới 2, thành phố Huế khối bê tông trên cổng bị gãy, sập.","Kết quả xử lý
Xã A Lưới 2
Kính gửi: Quý Ông/Bà.
Vấn đề quý Ông/Bà phản ánh, UBND xã A Lưới 2 xin thông báo kết quả như sau:
Sau khi nhận phản ánh, UBND xã A Lưới 2 đã chỉ đạo các đơn vị liên quan tiến hành các thủ tục liên quan để sửa chữa công trường. Dự kiến sẽ thi công vào thời gian nghỉ hè của trường để đảm bảo an toàn cho học sinh.
Chân thành cảm ơn quý Ông/Bà.
Trân trọng./.
Hạn xử lý: 20/04/2026
Ngày xử lý: 20/04/2026",Đã xử lý,https://tuongtac.hue.gov.vn/phan-anh/kien-nghi-sua-chua-cong-truong-tieu-hoc-kim-dong-a220412.html
62,Hue,08:21 10/04/2026,Hố cống trước nhà 198 Lê Duẩn bị sụt lún gây tai nạn cho người đi bộ. Kính mong cơ quan chính quyền xử lý giúp. Trân trọng cám ơn.,"Kết quả xử lý
Trung tâm Công viên cây xanh thành phố Huế
Kính gửi: Quý Ông/Bà.
Vấn đề quý Ông/Bà phản ánh, Trung tâm Công viên Cây xanh thành phố Huế xin thông báo kết quả như sau:
Tuyến đường Lê Duẩn thuộc công trình Chỉnh trang vỉa hè đường Lê Duẩn (đoạn từ Kim Long đến Cống Chém) do Trung tâm làm chủ đầu tư. Hiện, tiến độ chỉnh trang đang triển khai đoạn từ cống Thủy Quang đến công viên An Hòa, vị trí phản ánh nằm ở đoạn từ cống Thủy Quang đến cầu Dã Viên chưa thực hiện thi công, dự kiến hoàn tất chỉnh trang tuyến đường này vào tháng 10 năm 2026 (đính kèm hình ảnh).
Chân thành cảm ơn quý Ông/Bà.
Trân trọng./.
   1/3
123
Hạn xử lý: 05/05/2026
Ngày xử lý: 04/05/2026",Đã xử lý,https://tuongtac.hue.gov.vn/phan-anh/ho-cong-truoc-nha-198-le-duan-sut-lun-gay-nguy-hiem-a220406.html
63,Hue,16:07 09/04/2026,"Hiện tại điện nhà đang sử dụng thuộc điện của bộ đội, đường dây xa nên có lúc tải điện tụt áp và tụt dòng, làm hư hỏng rất nhiều thiết bị điện tử và đã gây ra cháy nổ nhiều lần, ảnh hưởng đến tính mạng và tài sản gia đình nhiều lần.
Và cạnh nhà có tụ điện đã hạ thế tầm 15m khoảng cách từ trụ đến nhà, đã nộp đơn xin được cấp điện nhiều tháng, giấy tờ cùng đã đầy đủ. Cũng đã có điện lực vào khảo sát, nhưng vẫn chưa thấy được cấp điện hoặc đưa ra phương án hỗ trợ.
Kính mong cơ quan chức năng xem xét hỗ trợ về trường hợp này.
Để gia đình có 1 nguồn điện ổn định để sinh hoạt, đảm bảo được an toàn tính mạng con người đặc biệt là trẻ nhỏ, tránh trường hợp điện chập chờn dẫn đến cháy nổ gây nguy hiểm.
Trân trọng!
Địa điểm: Km29 đường tránh Huế QL1A , TDP Châu Sơn, phường Hương Thuỷ, Tp Huế.","Kết quả xử lý
Công ty Điện lực Huế
Kính gửi: Quý Ông/Bà.
Vấn đề quý Ông/Bà phản ánh, Công ty Điện lực Huế xin thông báo kết quả như sau:
Khu vực Ông/Bà sinh sống là nơi không tập trung dân cư, nằm ngoài bán kính cấp điện của lượi điện hạ áp mà Điện lực đang quản lý (cách lưới điện gần nhất trên 2km). Điện lực đã liên hệ với UBND phường Hương Thủy để thỏa thuận cấp điện cho khu vực Ông/Bà sinh sống qua trạm biến áp chiếu sáng KQH Thủy Châu (là tài sản của địa phương). Sau khi UBND phường Hương Thủy chấp thuận bằng văn bản, Điện lực sẽ thông báo để Ông/Bà mua điện qua trạm này.
Chân thành cảm ơn quý Ông/Bà.
Trân trọng./.
Hạn xử lý: 20/04/2026
Ngày xử lý: 10/04/2026",Đã xử lý,https://tuongtac.hue.gov.vn/phan-anh/kien-nghi-cap-dien-su-dung-tai-km29-duong-tranh-hue-tdp-chau-son-a220353.html
64,Hue,15:29 09/04/2026,"Thời gian 15h58 ngày 09/04/2026, đề nghị đơn vị thi công làm vỉa hè 42 Phạm Văn Đồng, một là làm xong hết để chúng tôi đổ bê tông để xe ra vào, chỗ kinh doanh làm vỉa hè một nửa rồi xe sao ra vào, làm thì làm cho xong làm một nửa rồi bỏ vậy sao người ta kinh doanh. Mong cơ quan chức năng xử lý sớm.","Kết quả xử lý
Ban Quản lý Dự án Đầu tư xây dựng khu vực 1
Kính gửi: Quý Ông/Bà.
Vấn đề Quý Ông/Bà phản ánh, Ban Quản lý dự án Đầu tư Xây dựng Khu vực 1 (Ban QLDA) xin thông báo kết quả như sau:
Tại vị trí quý Ông/Bà phản ánh, Nhà thầu đã hoàn thành thi công theo đúng hồ sơ thiết kế phê duyệt của dự án (có hình ảnh kèm theo). Ban QLDA thông báo để quý Ông/Bà được biết.
Chân thành cảm ơn Quý Ông/Bà.
Trân trọng./.
Hạn xử lý: 21/04/2026
Ngày xử lý: 21/04/2026",Đã xử lý,https://tuongtac.hue.gov.vn/phan-anh/kien-nghi-hoan-thanh-thi-cong-via-he-tai-42-pham-van-dong-a220347.html
65,Hue,14:24 09/04/2026,"Cổng Trường Tiểu học Kim Đồng thuộc xã A Lưới 2, mời lãnh đạo thanh tra, công trình không có 1 lõi sắt, độn xốp, sáng 9/4/2026 bị bể sập cũng may chưa trúng vào đầu các cháu, trưa 9/4/2026 tôi lên quay lại video thì thấy thợ đang thi công sửa lại. Liệu có đảm bảo an toàn cho các cháu.","Kết quả xử lý
Xã A Lưới 2
Kính gửi: Quý Ông/Bà.
Vấn đề quý Ông/Bà phản ánh, UBND xã A Lưới 2 xin thông báo kết quả như sau:
Sau khi nhận phản ánh, UBND xã A Lưới 2 đã chỉ đạo các đơn vị liên quan tiến hành kiểm tra, xác minh và khắc phục sự cố trên. Hiện nay, UBND xã đã chỉ đạo các đơn vị liên quan khắc phục tạm thời và tiến hành các thủ tục liên quan để sửa chữa công trường. Dự kiến sẽ thi công vào thời gian nghỉ hè của trường để đảm bảo an toàn cho học sinh.
Chân thành cảm ơn quý Ông/Bà.
Trân trọng./.
1/2
12
Hạn xử lý: 20/04/2026
Ngày xử lý: 20/04/2026",Đã xử lý,https://tuongtac.hue.gov.vn/phan-anh/kiem-tra-cong-truong-khong-dam-bao-tai-truong-tieu-hoc-kim-dong-a220341.html
66,Hue,20:39 08/04/2026,"Mặt đường xuống cấp nghiêm trọng làm ảnh hưởng đến quá trình tham gia giao thông, đặt biệt đây là tuyến đường chính đến trường của các em học sinh trên địa bàn Tổ dân phố La Khê Trẹm. Mong cơ quan đến kiểm tra và xử lý.
Lí Do: Xe chở gỗ với trọng lượng lớn và thường xuyên.
Vị trí: Tuyến đường lên Lăng Vua Gia Long, Thuộc địa phận Tổ dân Phố La Khê Trẹm, phường Kim Long, Thành phố Huế.","Kết quả xử lý
Phường Kim Long
Kính gửi: Quý Ông/Bà. 
Vấn đề Ông/Bà phản ánh UBND phường Kim Long xin thông báo kết quả như sau:
Trước hết, UBND phường Kim Long xin ghi nhận và cảm ơn ý kiến phản ánh kịp thời của ông/bà về tình trạng xuống cấp tại tuyến đường lên Lăng Vua Gia Long (thuộc địa phận Tổ dân phố La Khê Trẹm). Về vấn đề này, UBND phường xin được thông tin cụ thể như sau:
1. Về công tác kiểm tra thực tế: Ngay sau khi nhận được thông tin, lãnh đạo UBND phường đã chỉ đạo bộ phận chuyên môn phối hợp cùng Ban điều hành Tổ dân phố La Khê Trẹm tiến hành khảo sát hiện trạng. Ghi nhận thực tế cho thấy mặt đường đã xuất hiện nhiều vị trí hư hỏng, lồi lõm, gây khó khăn cho phương tiện lưu thông.
2. Về nguyên nhân và biện pháp xử lý:
Kiểm soát tải trọng: Đối với nội dung phản ánh về xe chở gỗ trọng lượng lớn thường xuyên lưu thông, UBND phường sẽ có văn bản đề nghị Công an phường tăng cường tuần tra, đồng thời phối hợp với các lực lượng chức năng của Thành phố để kiểm tra, xử lý nghiêm các trường hợp xe quá khổ, quá tải đi vào tuyến đường này.
Phương án khắc phục: Trước mắt: UBND phường sẽ chỉ đạo lực lượng chức năng tiến hành dặm vá tạm thời bằng đá dăm hoặc vật liệu phù hợp tại các vị trí hư hỏng nặng để đảm bảo an toàn giao thông tức thời cho người dân và các em học sinh.
Lâu dài: Do đây là tuyến đường chính dẫn vào khu di tích và có lưu lượng giao thông lớn, UBND phường đang tiến hành rà soát để đưa vào danh mục đầu tư công hoặc báo cáo, đề xuất UBND Thành phố Huế xem xét, nâng cấp tổng thể trong thời gian tới.
Rất mong tiếp tục nhận được sự đóng góp ý kiến của quý Ông/Bà để công tác quản lý đô thị trên địa bàn phường ngày càng tốt hơn.
Chân thành cảm ơn quý Ông/Bà.
Trân trọng./.
Hạn xử lý: 20/04/2026
Ngày xử lý: 24/04/2026",Đã xử lý,https://tuongtac.hue.gov.vn/phan-anh/kien-nghi-nang-cap-duong-tai-tdp-la-khe-trem-a220271.html
67,Hue,18:08 08/04/2026,"Tình trạng đi ngược chiều tại điểm giao từ cổng làng Dạ Lê (đường Dạ Lê Chánh) tiếp giáp đường hai chiều Võ Chí Công, phường Vỹ Dạ, người dân thường xuyên không có ý thức tham gia giao thông (đi ngược chiều) dẫn đến gây ra tai nạn.
Đề nghị cơ quan chức năng lắp bảng chỉ dẫn giao thông cấm đi ngược chiều, cấm rẽ trái vào đường ngược chiều kèm dòng chữ để người dân hiểu rõ.
Lực lượng công an giao thông tuần tra để xử phạt những trường hợp này.
Hình ảnh được ghi nhận lúc 17h45 phút ngày 08 tháng 04 năm 2026.","Kết quả xử lý
Công an thành phố Huế
Kính gửi: Quý Ông/Bà.
Vấn đề Quý Ông/Bà phản ánh, Công an thành phố Huế đã chỉ đạo Phòng Cảnh sát giao thông xin thông báo như sau:
Phòng CSGT ghi nhận nội dung phản ánh về tình trạng một số người điều khiển phương tiện đi ngược chiều tại khu vực giao nhau giữa đường Dạ Lê Chánh (cổng làng Dạ Lê) và đường Võ Chí Công, phường Vỹ Dạ vào thời điểm 17h45 ngày 08/4/2026.
Qua theo dõi và nắm tình hình, khu vực trên là điểm giao thông có lưu lượng phương tiện qua lại đông, tuy nhiên ý thức chấp hành pháp luật của một bộ phận người tham gia giao thông chưa tốt, còn xảy ra tình trạng đi không đúng chiều đường quy định, tiềm ẩn nguy cơ mất an toàn giao thông như phản ánh.
Đối với kiến nghị của công dân, Phòng CSGT xin tiếp thu và sẽ:
Phối hợp với cơ quan quản lý hạ tầng giao thông (Sở Xây dựng, đơn vị quản lý tuyến đường) để khảo sát, đề xuất lắp đặt bổ sung hệ thống biển báo như: biển cấm đi ngược chiều, biển cấm rẽ trái và các biển chỉ dẫn cần thiết nhằm đảm bảo người dân dễ nhận biết và chấp hành.
Tăng cường tuần tra, kiểm soát, xử lý nghiêm các trường hợp vi phạm lỗi đi ngược chiều theo quy định của pháp luật.
Đẩy mạnh tuyên truyền nâng cao ý thức chấp hành Luật Giao thông đường bộ cho người dân khu vực.
Chân thành cảm ơn Quý Ông/Bà.
Trân trọng./.
Hạn xử lý: 20/04/2026
Ngày xử lý: 06/05/2026",Đã xử lý,https://tuongtac.hue.gov.vn/phan-anh/kien-nghi-lap-bang-cam-di-nguoc-chieu-va-xu-ly-di-nguoc-chieu-tai-nut-giao-cong-lang-da-le-%E2%80%93-vo-chi--a220256.html
68,Hue,15:40 08/04/2026,"Xin gửi Hue-S cho phép tôi xin được phản ánh về trật tự an toàn giao thông khu vực đường Tam Thai phía trước chùa Từ Hoá như sau: Đối diện chùa Từ Hoá phía bên phải đường Tam Thai là Kiệt 6, bên cạnh là chùa Phổ Tế, giao thông khu vực này vào giờ cao điểm rất nhiều phương tiện và người tham gia giao thông, đường Tam Thai hẹp, chỉ có 2 làn xe, đôi lúc bị tắc đường do có xe tải lớn tham gia giao thông. Người dân đi từ Kiệt 6 ra không quan sát được hướng từ chùa Ba Đồn lên, dừng lại chờ thì xe phía trên Nam Giao chạy xuống, có khi xử lý không kịp dễ gây nguy hiểm cho người và phương tiện tham gia giao thông. Vậy xin đề nghị Sở Xây dựng thành phố Huế kiểm tra, nghiên cứu và nên cắm biển cảnh báo nguy hiểm cả ba hướng, từ Nam Giao xuống, từ chùa Ba Đồn lên và từ trong Kiệt 6 Tam Thai ra đường chính. Kính mong Hue-S quan tâm.","Kết quả xử lý
Trung tâm Quản lý và Khai thác hạ tầng thành phố Huế
Kính gửi: Quý Ông/Bà.
Vấn đề Quý Ông/Bà phản ánh, Trung tâm Quản lý và Khai thác Hạ tầng thành phố Huế xin thông báo kết quả như sau:
Sau khi nhận được phản ánh, Trung tâm đã tiến hành kiểm tra tại nút giao nêu trên. Qua kiểm tra, đường Tam Thai có mặt cắt hẹp nhưng lưu lượng phương tiện lớn; kiệt 6 Tam Thai khi đi ra giao lộ bị khuất tầm nhìn. Về phương án xử lý, trên tuyến đường Tam Thai, Trung tâm sẽ bố trí 02 cụm gờ giảm tốc tại hai đầu nút giao, dự kiến thực hiện trong Quý II năm 2026.
Đối với kiệt 6 Tam Thai (thuộc phường An Cựu quản lý), Trung tâm kiến nghị địa phương lắp đặt bổ sung biển báo “Đi chậm” hoặc “Giao đường ưu tiên”; đồng thời về lâu dài cần có phương án mở rộng đầu kiệt nhằm đảm bảo tầm nhìn thông thoáng hơn.
Chân thành cảm ơn Quý Ông/Bà.
Trân trọng./.
Hạn xử lý: 17/04/2026
Ngày xử lý: 28/04/2026",Đã xử lý,https://tuongtac.hue.gov.vn/phan-anh/kien-nghi-cam-bien-canh-bao-tai-duong-tam-thai-truoc-chua-tu-hoa-a220242.html
69,Hue,15:14 08/04/2026,"Đường dây điện tại kiêt đường số nhà 40/59/7 Nguyễn Hữu Dật, phường Kim Long bị sà thấp. Rất nguy hiểm cần xem lại gấp","Kết quả xử lý
Phường Kim Long
Kính gửi: Quý Ông/Bà.
Vấn đề quý Ông/Bà phản ánh, UBND phường Kim Long xin thông báo kết quả xử lý như sau:
Qua kiểm tra thực tế tại địa chỉ 40/59/7 Nguyễn Hữu Dật, phường Kim Long, Tổ công tác đã tiến hành làm việc với các đơn vị liên quan và đại diện hộ dân trong khu vực. Kết quả ghi nhận, tại hiện trường có hệ thống dây điện sà thấp, gây ảnh hưởng trực tiếp đến sinh hoạt của các hộ dân xung quanh.
Tại buổi làm việc, Tổ kiểm tra xác định vị trí phản ánh thuộc hộ bà T, Tổ đã tiến hành lập biên bản làm việc, yêu cầu bà T phải có biện pháp khắc phục các tồn tại nêu trên để đảm bảo an toàn cho khu dân cư. Sau khi được vận động và nhắc nhở, bà T đã nghiêm túc chấp hành, đồng thời tiến hành khắc phục ngay khi Tổ công tác trao đổi và làm việc (có biên bản kèm theo).
Chân thành cảm ơn quý Ông/Bà.
Trân trọng./.
1/2
12
Hạn xử lý: 28/04/2026
Ngày xử lý: 16/04/2026",Đã xử lý,https://tuongtac.hue.gov.vn/phan-anh/duong-day-dien-tai-so-nha-40-59-7-nguyen-huu-dat-sa-thap-a220238.html
70,Hue,14:43 08/04/2026,"Đường nhựa bị lún sâu tại đầu kiệt 145 Thiên Thai gây nguy hiểm cho người tham gia giao thông, yêu cầu cơ quan chức năng sớm xử lý.","Kết quả xử lý
Trung tâm Quản lý và Khai thác hạ tầng thành phố Huế
Kính gửi: Quý Ông /Bà
Vấn đề quý Ông/Bà phản ánh, Trung tâm Quản lý và Khai thác Hạ tầng thành phố Huế xin thông báo kết quả như sau:
Sau khi nhận được phản ánh, Trung tâm đã tiến hành kiểm tra và sửa chữa. Đến nay công tác sửa chữa, khắc phục đã hoàn thành. (Hình ảnh đính kèm).
 Chân thành cảm ơn quý Ông/Bà.
Trân trọng./.
Hạn xử lý: 17/04/2026
Ngày xử lý: 09/04/2026",Đã xử lý,https://tuongtac.hue.gov.vn/phan-anh/duong-nhua-bi-lun-sau-tai-dau-kiet-145-thien-thai-a220232.html
71,Hue,09:12 08/04/2026,"Đường kẻ vạch vàng trên cầu Bến Ngự quá mờ, khiến tài xế khó phân biệt và dễ vi phạm lấn làn. Đề nghị cơ quan chức năng sơn lại gấp. Ảnh chụp 8/4/26.","Kết quả xử lý
Trung tâm Quản lý và Khai thác hạ tầng thành phố Huế
Kính gửi: Quý Ông/Bà. 
Vấn đề quý Ông/Bà phản ánh, Trung tâm Quản lý và Khai thác hạ tầng kỹ thuật thành phố xin thông báo kết quả như sau:
Trung tâm chân thành cảm ơn Quý Ông/Bà đã phản ánh, Trung tâm sẽ đưa vào kế hoạch duy ty bảo trì trong quý 2 năm 2026.
Chân thành cảm ơn quý Ông/Bà.
Trân trọng./.
Hạn xử lý: 17/04/2026
Ngày xử lý: 14/04/2026",Đã xử lý,https://tuongtac.hue.gov.vn/phan-anh/kien-nghi-son-lai-vach-vang-tren-cau-ben-ngu-a220197.html
72,Hue,09:00 08/04/2026,"Biển báo hạn chế tốc độ 50km/h không phù hợp ở đoạn Võ Văn Kiệt nối dài (về biển Thuận An). Đoạn này tốc độ chỉ 60km, khúc cua rộng, 3 làn đường. Thì việc hạn chế xuống 50km/h không cần thiết, việc này chỉ khiến tài xế giật mình phanh, gây nguy hiểm hơn. Đề nghị xem xét gỡ bỏ. Ảnh chụp 08/4/2026.","Kết quả xử lý
Sở Xây dựng
Kính gửi: Quý Ông/Bà.
Vấn đề quý Ông/Bà phản ảnh, Sở Xây dựng xin thông báo kết quả như sau:
Vị trí quý Ông/Bà phản ánh cắm biển báo Hạn chế tốc độ 50 trên đường Võ Văn Kiệt là đoạn đi qua nút giao, hai bên có đường nhánh nhập vào đường Võ Văn Kiệt và phía trước có vị trí mở lối ngang để các phương tiện quay đầu.
Trước vị trí lắp đặt biển báo, Sở Xây dựng đã chỉ đạo các đơn vị sơn kẻ gờ giảm tốc nhằm cảnh báo cho phương tiện lưu thông. Như vậy, việc lắp biển báo hạn chế 50 km/h tại đây cơ bản phù hợp và đảm bảo an toàn giao thông.
Chân thành cảm ơn quý Ông/Bà.
Trân trọng./.
Hạn xử lý: 17/04/2026
Ngày xử lý: 13/04/2026",Đã xử lý,https://tuongtac.hue.gov.vn/phan-anh/kien-nghi-go-bo-bien-bao-tai-doan-vo-van-kiet-noi-dai-a220194.html
73,Hue,23:43 07/04/2026,Mất nắp cống ở đường Tố Hữu gần với cầu Phát Lát 2. Kính gửi cơ quan chức năng sớm xử lý vì quá nguy hiểm.,"Kết quả xử lý
Trung tâm Quản lý và Khai thác hạ tầng thành phố Huế
Kính gửi: Quý Ông/Bà.
Vấn đề quý Ông/Bà phản ánh, Trung tâm Quản lý và Khai thác Hạ tầng thành phố Huế xin thông báo kết quả như sau:
Sau khi nhận được phản ánh, Trung tâm đã tiến hành kiểm tra và cho lắp đặt tấm đan để đảm bảo an toàn (Đính kèm hình ảnh)
Chân thành cám ơn quý Ông/Bà.
Trân trọng./.
Hạn xử lý: 17/04/2026
Ngày xử lý: 21/04/2026",Đã xử lý,https://tuongtac.hue.gov.vn/phan-anh/kien-nghi-bo-sung-nap-cong-tai-duong-to-huu-a220184.html
74,Hue,18:01 07/04/2026,"Tình trạng xuống cấp trầm trọng chợ Phò Trạch, phường Phong Điền, thành phố Huế. Chợ Phò Trạch được xây dựng rất lâu, nay đã xuống cấp ảnh hưởng đến đời sống bà con tiểu thương và mùi hôi thối bốc lên cho các hộ dân lân cận, tình trạng phòng cháy chữa cháy không được đảm bảo, chợ treo quá nhiều chất dễ cháy (bạc, xốp, giấy). Nhờ quý cơ quan quan tâm đừng để điều đáng tiếc xảy ra trong mùa nắng nóng này ạ. Cám ơn quý cơ quan đã giải quyết","Kết quả xử lý
Phường Phong Điền
Kính gửi: Quý Ông/Bà.
Vấn đề Quý Ông/Bà phản ánh, UBND phường Phong Điền đã chỉ đạo Phòng Kinh tế, Hạ tầng và Đô thị phường kiểm tra và xin thông báo kết quả như sau:
Chợ Phò Trạch được xây dựng từ lâu, hiện nay một số hạng mục đã xuống cấp. Trước tình hình trên, UBND phường đã và đang triển khai các nội dung sau:
1. Chỉ đạo Ban Quản lý chợ tăng cường công tác vệ sinh môi trường, thu gom rác thải, hạn chế phát sinh mùi hôi, đảm bảo mỹ quan và sức khỏe cho người dân. Đồng thời, UBND phường đã phối hợp với Công ty Cổ phần Tập đoàn Quế Lâm triển khai mô hình xử lý thí điểm rác thải hữu cơ bằng công nghệ sinh học tại chợ Phò Trạch; sau khi hoàn thành sẽ góp phần giải quyết tình trạng ô nhiễm môi trường.
2. Phối hợp với lực lượng chức năng kiểm tra, rà soát công tác phòng cháy, chữa cháy tại chợ; yêu cầu các hộ kinh doanh sắp xếp hàng hóa gọn gàng, giảm thiểu vật liệu dễ cháy, trang bị các phương tiện phòng cháy, chữa cháy theo quy định.
3. Tổ chức kiểm tra, đánh giá hiện trạng cơ sở vật chất của chợ; trên cơ sở đó đề xuất cấp có thẩm quyền phương án sửa chữa, nâng cấp trong thời gian tới. Trong năm 2025, UBND phường đã đầu tư sửa chữa, cải tạo một số hạng mục xuống cấp tại chợ với tổng kinh phí 400 triệu đồng; hiện đang khảo sát các hạng mục còn lại để lập phương án nâng cấp, sửa chữa trong năm 2026 (bao gồm: mương thoát nước, mái che, nhà vệ sinh và chỉnh trang sân trước chợ...).
Trong thời gian chờ triển khai các giải pháp đồng bộ, UBND phường đề nghị các hộ tiểu thương và người dân nâng cao ý thức giữ gìn vệ sinh môi trường, chấp hành nghiêm các quy định về phòng cháy, chữa cháy nhằm đảm bảo an toàn chung. UBND phường Phong Điền trân trọng cảm ơn sự quan tâm, phản ánh kịp thời của công dân và sẽ tiếp tục theo dõi, xử lý trong thời gian tới.
Chân thành cảm ơn Quý Ông/Bà.
Trân trọng./.
Hạn xử lý: 16/04/2026
Ngày xử lý: 21/04/2026",Đã xử lý,https://tuongtac.hue.gov.vn/phan-anh/tinh-trang-xuong-cap-tram-trong-cho-pho-trach-a220162.html
75,Hue,16:10 07/04/2026,"Đường Tỉnh lộ 15 thuộc phường Phú Bài xuống cấp nghiêm trọng, nhiều điểm nguy cơ mất an toàn. Vị trí: Bắt đầu từ cổng chào giao nhau giữa QL1A với TL15 chạy vào TL15B hướng Hồ chứa nước Phú Bài, nhiều đoạn hư hỏng dài khoảng 02km, thuộc TDP 8B, phường Phú Bài. Kính báo quý cơ quan, quan tâm, xử lý. Trân trọng.","Kết quả xử lý
Ban Quản lý Dự án Đầu tư xây dựng khu vực 3
Kính gửi: Quý Ông/Bà.
Vấn đề Quý Ông/Bà phản ánh, Ban Quản lý dự án đầu tư xây dựng khu vực 3 xin thông báo kết quả như sau:
Tuyến đường từ cổng chào (giao QL1A) đến đập dâng TDP 8A đã được UBND thị xã Hương Thủy (cũ) phê duyệt dự án đầu tư nâng cấp, mở rộng. Hiện nay, dự án đang trong quá trình thực hiện công tác giải phóng mặt bằng để triển khai thi công. Tuy nhiên, vẫn còn một số hộ dân và hệ thống đường điện trung thế chưa hoàn tất việc di dời. Sau khi các hộ dân còn lại nhận tiền bồi thường và hoàn thành việc di dời đường điện trung thế (dự kiến vào đầu tháng 6/2026), đơn vị thi công sẽ tập trung triển khai dự án, phấn đấu hoàn thành trong năm 2026.
Chân thành cảm ơn Quý Ông/Bà.
Trân trọng./.
Hạn xử lý: 05/05/2026
Ngày xử lý: 05/05/2026",Đã xử lý,https://tuongtac.hue.gov.vn/phan-anh/kien-nghi-sua-chua-duong-tai-duong-tinh-lo-15-tdp-8b-phuong-phu-bai-a220151.html
76,Hue,13:15 07/04/2026,"Sập nắp cống trước mặt số nhà 24 xóm 7, TDP Lại Thế gây nguy hiểm, ảnh hưởng giao thông . Mong quý ban ngành xử lý sớm","Kết quả xử lý
Phường Mỹ Thượng
Kính gửi: Quý Ông/Bà.
Vấn đề quý Ông/Bà phản ánh, UBND phường Mỹ Thượng xin thông báo kết quả như sau:
Liên quan đến nội dung phản ánh, UBND phường đã tiến hành kiểm tra xác minh và ghi nhận: Tại vị trí phản ánh xảy ra tình trạng nắp đan cống bị sụp, UBND phường đã tiến hành thực hiện việc dùng đá chèn để đảm bảo việc đi lại cho người dân. bên cạnh đó đã chỉ đạo các phòng ban chuyên môn liên hệ đơn vị bảo trì thực hiện việc đúc lại đan cống nhằm đảm bảo an toàn và mỹ quan đô thị (đính kèm hình ảnh).
Chân thành cảm ơn quý Ông/Bà.
Trân trọng./.
1/2
12
Hạn xử lý: 16/04/2026
Ngày xử lý: 22/04/2026",Đã xử lý,https://tuongtac.hue.gov.vn/phan-anh/sap-nap-cong-truoc-mat-so-nha-24-xom-7-tdp-lai-the-a220134.html
77,Hue,09:57 07/04/2026,"Kính thưa quý cơ quan.
Chúng tôi vui mừng sung sướng khi nhà nước có chủ trương làm cầu qua sông Như Ý nối đường Điềm Phùng Thị và đường 36 m thuộc dự án ecogarden. Sau thời gian thi công hiện nay công trình vẫn đang thi công trễ tiến độ đề ra. Công tác giải phóng mặt bằng 2 đầu cầu vẫn chạm tiến độ. Kính mong quý cơ quan rà doát kiểm tra hồ sơ về đền bù và yêu cầu nhà thầu đẩy nhanh tiến độ thi công để cầu đưa vào sử dụng đúng hạn. Cảm ơn.
Ảnh chụp lúc 7h30 ngày 7/4/2026.","Kết quả xử lý
Ban Quản lý Dự án Đầu tư xây dựng khu vực 1
Kính gửi: Quý Ông/Bà.
Vấn đề quý Ông/Bà phản ánh, kiến nghị Ban Quản lý dự án Đầu tư xây dựng khu vực 1 (Ban QLDA) xin thông báo kết quả như sau:
Về công tác GPMB: Hiện nay, các hộ dân tại hai đầu mố cầu đã được bồi thường, hỗ trợ và đang triển khai xây dựng nhà ở tại khu tái định cư; các hộ đã nhận đất tái định cư cam kết bàn giao mặt bằng trước ngày 15/4/2026. Đối với các trường hợp còn lại, hiện vẫn còn một số vướng mắc, khiếu nại; Ban QLDA đang phối hợp với UBND phường Vỹ Dạ tập trung giải quyết và xử lý dứt điểm trong thời gian sớm nhất.
Về công tác thi công: Đối với hạng mục cầu, hiện Nhà thầu đang thực hiện thử tải hệ đà giáo. Sau khi hoàn thành công tác thử tải, Ban QLDA sẽ đôn đốc, yêu cầu Nhà thầu khẩn trương tổ chức thi công nhằm đảm bảo hoàn thành công trình cầu trước ngày 30/5/2026.
Chân thành cảm ơn quý Ông/Bà.
Trân trọng./.
Hạn xử lý: 16/04/2026
Ngày xử lý: 09/04/2026",Đã xử lý,https://tuongtac.hue.gov.vn/phan-anh/day-nhanh-thi-cong-cau-tai-cau-qua-song-nhu-y-noi-duong-diem-phung-thi-a220118.html
78,Hue,07:37 07/04/2026,"Công trình xây dựng toà nhà Heritage Huế ở Đống Đa - Lê Hồng Phong, phường Thuận Hoá quay cần cẩu ra ngoài đường không cảnh báo, không đảm bảo an toàn cho người dân. Ảnh ghi lại lúc 7g15 ngày 7/4/2026.","Kết quả xử lý
Phường Thuận Hóa
Kính gửi: Quý Ông/Bà.
Vấn đề quý Ông/Bà phản ánh, UBND phường Thuận Hóa xin thông báo kết quả như sau:
Sau khi xem xét nội dung phản ánh, UBND phường Thuận Hóa tiến hành kiểm tra hiện trạng và làm việc với Công ty Đống Đa và đại diện nhà thầu liên quan đến nội dung đơn kiến nghị phản ánh:
Tại buổi làm việc phía công ty và nhà thầu xin tiếp thu kiến nghị phản ánh và cam kết quá trình thi công luôn đảm bảo an toàn tại công trình cũng như an toàn cho người dân trên các trục đường, hạn chế vươn cần cẩu ra khu vực đường trong giờ cao điểm, quá trình thi công luôn đảm bảo nghiêm ngặt của nhà nước về an toàn lao động. Đồng thời phía Công ty Đống Đa và nhà thầu cung cấp cho chính quyền địa phương các văn bản liên quan đến sử dụng máy, thiết bị, vật tư có yêu cầu nghiêm ngặt về an toàn lao động. (Đính kèm biên bản làm việc và giấy khai báo)
Chân thành cảm ơn quý Ông/Bà.
Trân trọng.
1/4
1234
Hạn xử lý: 16/04/2026
Ngày xử lý: 16/04/2026",Đã xử lý,https://tuongtac.hue.gov.vn/phan-anh/xay-dung-quay-can-cau-ra-duong-gay-nguy-hiem-tai-dong-da---le-hong-phong-a220102.html
79,Hue,21:58 06/04/2026,"Hiện nay, tại khu vực 36 Dương Thanh Bình, phường Hương Thuỷ, Thành phố Huế có một trạm biến áp Lương Mỹ 2 được đặt sát cạnh nhà dân. Trong thời gian qua, trạm biến áp này đã nhiều lần xảy ra sự cố cháy nổ, phát ra tiếng nổ lớn, tia lửa điện và khói, gây hoang mang, lo lắng cho các hộ dân xung quanh.
Tình trạng này tiềm ẩn nguy cơ rất cao gây thiệt hại về tài sản, đặc biệt là đe dọa trực tiếp đến tính mạng của người dân, nhất là người già và trẻ nhỏ. Ngoài ra, trạm biến áp đặt quá gần khu dân cư còn không đảm bảo các tiêu chuẩn an toàn về khoảng cách theo quy định.
Chúng tôi đã nhiều lần phản ánh, tuy nhiên đến nay vẫn chưa được giải quyết triệt để.
Vì vậy, chúng tôi kính đề nghị:
Cơ quan có thẩm quyền kiểm tra, đánh giá mức độ an toàn của trạm biến áp nêu trên.
Có phương án di dời trạm biến áp ra khỏi khu vực dân cư, đảm bảo khoảng cách an toàn theo quy định.
Trong thời gian chưa di dời, đề nghị có biện pháp khắc phục, gia cố và đảm bảo an toàn tuyệt đối cho người dân.
Chúng tôi cam kết những nội dung trình bày trên là hoàn toàn đúng sự thật và chịu trách nhiệm trước pháp luật về nội dung đơn này.
Kính mong Quý cơ quan xem xét, giải quyết kịp thời để đảm bảo an toàn cho người dân.","Kết quả xử lý
Công ty Điện lực Huế
Kính gửi: Quý Ông/Bà.
Vấn đề quý Ông/Bà phản ánh, Công ty Điện lực Huế xin thông báo kết quả như sau:
Trạm biến áp công cộng là được xây dựng trong khu dân cư để đảm bảo bán kính cấp điện và chất lượng điện áp. Trạm biến áp Lương Mỹ 2 được đầu tư xây dựng từ năm 2012 với mục đích phủ kín lưới điện hạ áp, cấp điện đến từng hộ trong khu vực.
Tại thời điểm xây dựng, hướng tuyến và vị trí trạm Lương Mỹ 2 đã được chính quyền địa phương thỏa thuận, đồng thời đảm bảo tuân thủ các quy định kỹ thuật cũng như an toàn điện hiện hành. Qua thời gian vận hành, trong năm 2025, lưới điện hạ áp có 01 lần mo-ve do khách hàng sử dụng điện tăng tải đột biến trên 1 pha nhưng không báo Điện lực về việc tăng phụ tải như quy định trong hợp đồng sử dụng điện. Điện lực đã chủ động cân pha, san tải trên lưới điện ngay trong thời điểm 2025 và đảm bảo cấp điện ổn định.
Chân thành cảm ơn quý Ông/Bà.
Trân trọng./.
Hạn xử lý: 16/04/2026
Ngày xử lý: 16/04/2026",Đã xử lý,https://tuongtac.hue.gov.vn/phan-anh/kien-nghi-di-doi-tram-bien-ap-tai-36-duong-thanh-binh-a220085.html
80,Hue,21:08 06/04/2026,"Dây điện, cáp viễn thông sà xuống đường gây nguy hiểm cho người tham gia giao thông tại số 01 đường Huyền Trân Công Chúa.
Hiện nay, tại ngã ba đường Huyền Trân Công Chúa - Bùi Thị Xuân có một số dây điện, cáp viễn thông sà xuống vắt ngang đường rất nguy hiểm cho người tham gia giao thông và xe du lịch thường xuyên qua lại, mặc dù đã xảy ra mấy ngày nay nhưng chưa hề có sự quan tâm của các cơ quan liên quan để khắc phục tình trạng này.
Xin nói thêm là tuyến đường điện, cáp viễn thông này được mắc rất thấp, không được quan tâm đưa lên cao nên thường xuyên bị vướng vào xe tải sà xuống đường, lâu lâu lại sà xuống rồi được xử lý tạm bợ, chưa khắc phục được triệt để.
Đề nghị cơ quan chức năng sớm khắc phục, đưa tuyến cáp này lên cao, tránh các tai nạn đáng tiếc cho người tham gia giao thông và khách du lịch. Trân trọng!","Kết quả xử lý
Sở Khoa học và Công nghệ
Kính gửi: Quý Ông/Bà.
Vấn đề quý Ông/Bà phản ánh, Sở Khoa học và Công nghệ xin thông báo kết quả như sau:
Sở Khoa học và Công nghệ đã chỉ đạo các Doanh nghiệp viễn thông kiểm tra và xử lý tại vị trí trên (Đính kèm hình ảnh).
Chân thành cảm ơn quý Ông/Bà.
Trân trọng./.
Hạn xử lý: 16/04/2026
Ngày xử lý: 07/04/2026",Đã xử lý,https://tuongtac.hue.gov.vn/phan-anh/day-vien-thong-sa-thap-tai-nga-ba-duong-huyen-tran-cong-chua---bui-thi-xuan-a220081.html
81,Hue,19:57 06/04/2026,"Cầu này mình thấy làm đã quá lâu rồi, nhưng vẫn chưa hoàn thành, đường thì quá tối mà đoạn lên cầu xuống cầu còn ổ gà quá nhiều, hư hỏng nặng. Quá nguy hiểm cho những người đi qua cầu ạ! Mong mọi người sớm hoàn thành cầu này ạ. Cầu đi qua đường Phạm Thị Liên.","Kết quả xử lý
Ban quản lý dự án đầu tư xây dựng Chương trình phát triển các đô thị loại II (các đô thị xanh)
Kính gửi: Quý Ông/Bà. 
Vấn đề quý Ông/Bà phản ánh, Ban quản lý dự án đầu tư xây dựng Chương trình phát triển các đô thị loại II (các đô thị xanh) – dự án thành phần Thừa Thiên Huế (Ban QLDA) xin thông báo kết quả như sau:
Ngày 09/4/2026, đơn vị thi công đã triển khai thi công phần đường đầu cầu phía đường sắt (phần đã được giải phóng mặt bằng) thuộc hạng mục: Cầu nối từ đường Phạm Thị Liên sang đường Lê Duẩn (đính kèm hình ảnh). Ban QLDA kính mong bà con thông cảm.
Chân thành cảm ơn quý Ông/Bà.
Trân trọng./.
1/2
12
Hạn xử lý: 15/04/2026
Ngày xử lý: 10/04/2026",Đã xử lý,https://tuongtac.hue.gov.vn/phan-anh/kien-nghi-som-hoan-thanh-cau-qua-duong-pham-thi-lien-a220076.html
82,Hue,19:01 06/04/2026,"Vào lúc 11h35 ngày 6/4/2026 đèn tín hiệu giao thông tại 22 Nguyễn Thị Minh Khai, Phường Thuận Hóa, Thành phố Huế đã bị dỡ phần số giây đếm, đề nghị được lắp lại.","Kết quả xử lý
Trung tâm Quản lý và Khai thác hạ tầng thành phố Huế
Kính gửi: Quý Ông/Bà.
Vấn đề quý Ông/Bà phản ánh, Trung tâm Quản lý và Khai thác hạ tầng thành phố Huế (Trung tâm) xin thông báo kết quả như sau:
Sau khi nhận được phản ánh, Trung tâm đã phối hợp cùng Công ty CP Môi trường và Công trình đô thị Huế tiến hành kiểm tra và sửa chữa. Đến nay, công tác sửa chữa, khắc phục đã hoàn thành. (Đính kèm hình ảnh)
Chân thành cảm ơn quý Ông/Bà.
Trân trọng./.
Hạn xử lý: 15/04/2026
Ngày xử lý: 16/04/2026",Đã xử lý,https://tuongtac.hue.gov.vn/phan-anh/kien-nghi-lap-lai-den-hien-thi-so-dem-giay-a220073.html
83,Hue,17:37 06/04/2026,"Đường Đức Bưu, tại số 28 Đường Đức Bưu, phường Hương An xuống cấp, gây nguy hiểm đến lưu thông.","Kết quả xử lý
Ban Quản lý dự án Đầu tư xây dựng và Phát triển đô thị thành phố Huế
Kính gửi: Quý Ông/Bà.
Vấn đề Quý Ông/Bà phản ánh, Ban QLDA Đầu tư xây dựng và Phát triển đô thị xin thông báo kết quả như sau:
Vị trí Quý Ông/Bà phản ánh thuộc dự án HTKT khu định cư Hương Sơ (giai đoạn 3) do Ban QLDA làm chủ đầu tư; dự án đã hoàn thành năm 2016. Tuy nhiên, các hạng mục đường giao thông chưa được bàn giao cho đơn vị tiếp nhận do còn phải khắc phục, sửa chữa một số vị trí hư hỏng theo yêu cầu. Qua kiểm tra hiện trường, tại vị trí số 28 đường Đức Bưu ghi nhận có hư hỏng một phần mặt đường.
Ban QLDA sẽ yêu cầu nhà thầu thi công tiến hành sửa chữa, khắc phục trong thời gian sớm nhất nhằm đảm bảo an toàn đi lại cho người dân.
Chân thành cảm ơn Quý Ông/Bà.
Trân trọng./.
Hạn xử lý: 22/04/2026
Ngày xử lý: 28/04/2026",Đã xử lý,https://tuongtac.hue.gov.vn/phan-anh/duong-duc-buu-xuong-cap-a220059.html
84,Hue,17:05 06/04/2026,Tại ngã ba đường Bùi Thị Xuân và đường Huyền Trân Công Chúa dây điện sà xuống đường quá nhiều gây nguy hiểm cho xe cộ qua lại. Video này được quay vào lúc 7h51' ngày 3/4/2026,"Kết quả xử lý
Sở Khoa học và Công nghệ
Kính gửi: Quý Ông/Bà.
Vấn đề quý Ông/Bà phản ánh, Sở Khoa học và Công nghệ xin thông báo kết quả như sau:
Sở Khoa học và Công nghệ đã chỉ đạo các Doanh nghiệp viễn thông kiểm tra và xử lý tại vị trí trên (Đính kèm hình ảnh).
Chân thành cảm ơn quý Ông/Bà.
Trân trọng./.
Hạn xử lý: 15/04/2026
Ngày xử lý: 07/04/2026",Đã xử lý,https://tuongtac.hue.gov.vn/phan-anh/day-dien-sa-xuong-thap-tai-nga-ba-duong-bui-thi-xuan-va-duong-huyen-tran-cong-chua-a220057.html
85,Hue,16:45 06/04/2026,"Tôi xin phản ánh về việc bố trí biển báo giao thông tại đầu đường Trịnh Công Sơn giao với cầu Gia Hội.
Hiện tại có biển “Cấm đi ngược chiều” kèm biển phụ “30m”. Tuy nhiên, sau đoạn 30m này không có biển báo nào tiếp theo để thông báo việc chuyển sang đường hai chiều hoặc hướng lưu thông mới. Điều này gây khó hiểu và dễ khiến người tham gia giao thông vi phạm ngoài ý muốn.
Đường Trịnh Công Sơn có chiều dài hơn 1km, nhưng việc chỉ đặt biển cấm trong phạm vi 30m mà không có biển hướng dẫn tiếp theo là chưa hợp lý, có thể gây khó khăn cho người dân và du khách.
Kính đề nghị cơ quan chức năng kiểm tra, rà soát và bổ sung biển báo phù hợp (biển kết thúc cấm hoặc biển chỉ dẫn chiều lưu thông) để đảm bảo rõ ràng, an toàn giao thông. Xin chân thành cảm ơn.","Kết quả xử lý
Trung tâm Quản lý và Khai thác hạ tầng thành phố Huế
Kính gửi: Quý Ông/Bà. 
Vấn đề quý Ông/Bà phản ánh, Trung tâm Quản lý và Khai thác Hạ tầng thành phố Huế xin thông báo kết quả như sau:
Hiện nay tuyến đường Trịnh Công Sơn được tổ chức lưu thông 1 chiều hướng từ Nguyễn Bỉnh Khiêm đến lối vào công viên Trịnh Công Sơn.
Hiện trạng thực tế trên tuyến, tại vị trí km0+010 (gần cầu Gia Hội) đã cắm biển báo P.102 “Cấm đi ngược chiều” và biển phụ S.502 “Khoảng cách đến đối tượng báo hiệu 30m” thông báo khoảng cách thực tế từ vị trí đặt biển đến vị trí hiệu lực của biển Cấm đi ngược chiều là 30m, phù hợp quy định.
Trung tâm thông tin để quý Ông/Bà được rõ.
Chân thành cảm ơn quý Ông/Bà.
Trân trọng./.
Hạn xử lý: 15/04/2026
Ngày xử lý: 15/04/2026",Đã xử lý,https://tuongtac.hue.gov.vn/phan-anh/kien-nghi-bo-tri-bien-bao-giao-thong-tai-duong-trinh-cong-son-a220053.html
86,Hue,14:56 06/04/2026,"Kính gửi cơ quan chức năng,
Đại diện hộ gia đình số 113, 117, 119 Phạm Văn Đồng, phường Vỹ Dạ, Huế. Chúng tôi muốn phản ánh tình trạng các bãi giới hạ, vật liệu gây chắn hành lang vỉa hè và mất an toàn cho người đi bộ, trẻ nhỏ.
Ngày 31/03/2026, sau khi nhà thầu di dời cọc tủ quản lý hệ thống điện chiếu sáng ra sát trụ đèn, các bãi giới hạ vẫn nằm nguyên tại chỗ sau 6 ngày vừa qua. Điều này dẫn đến một số tác hại như sau:
- Cửa nắp cống giữa 2 nhà 117 và 119 Phạm Văn Đồng không được đóng kín nên chuột từ cống chui lên, hơi mùi xộc lên gây ảnh hưởng đến cư dân.
- Các bãi giải hạ không được dọn dẹp, di dời nên ngày 04/04/2026 đã có cháu bé khi cố ý đi qua đã bị ngả. Bãi giải hạ nằm gần shop bán đồ trẻ em nên nhiều trẻ em hay hoạt động ở khu vực này.
- Cư dân gặp khó khăn khi di chuyển trên vỉa hè. Ngoài ra, các cọc sắt nhô lên từ trụ cọc tủ điện (chờ lắp tủ) rất mất an toàn với người đi bộ, đặc biệt là trẻ nhỏ.
Kính mong cơ quan chức năng có phương án dọn dẹp giải hạ, đậy nắp cống (hố kỹ thuật), che chắn đầu nhọn trụ cọc để trả lại vỉa hè cho cư dân.","Kết quả xử lý
Ban Quản lý Dự án Đầu tư xây dựng khu vực 1
Kính gửi: Quý Ông/Bà.
Vấn đề Quý Ông/Bà phản ánh, Ban Quản lý Dự án Đầu tư Xây dựng Khu vực 1 (Ban QLDA) xin thông báo kết quả như sau:
Hiện nay, Nhà thầu đang tiến hành đặt hàng tủ điện theo đúng hồ sơ thiết kế. Sau khi hoàn thành lắp đặt, Nhà thầu sẽ xử lý dứt điểm tình trạng các cọc sắt nhô lên tại vị trí trụ đặt tủ điện (phần chờ lắp đặt tủ).
Đối với các nội dung về dọn dẹp, giải tỏa vật liệu thi công và đậy nắp cống, Nhà thầu đã hoàn thành công tác xử lý vào ngày 08/4/2026 (có hình ảnh kèm theo).
Ban QLDA thông báo để Quý Ông/Bà được biết.
Chân thành cảm ơn Quý Ông/Bà.
Trân trọng./.
Hạn xử lý: 15/04/2026
Ngày xử lý: 09/04/2026",Đã xử lý,https://tuongtac.hue.gov.vn/phan-anh/kien-nghi-hoan-tra-mat-bang-sau-thi-cong-tai-113-117-119-pham-van-dong-a220043.html
87,Hue,14:22 06/04/2026,"Tại ngã tư Kim Long - Cầu Dã Viên, xe tôi BKS 75H07034 đang lưu thông từ Kim Long rẽ phải lên Cầu Dã Viên, đèn tín hiệu màu xanh đang còn 08 giây, bỗng chuyển qua tín hiệu màu vàng, dù xung quanh không có sự cố hay chắn tàu gì cả. Tôi phản ánh lỗi kỹ thuật của đèn tín hiệu, mong quý anh chị xem xét và xử lý kịp thời. Xin cảm ơn.","Kết quả xử lý
Ban quản lý dự án đầu tư xây dựng Chương trình phát triển các đô thị loại II (các đô thị xanh)
Kính gửi: Quý Ông/Bà.
Vấn đề quý Ông/Bà phản ánh, Ban quản lý dự án đầu tư xây dựng Chương trình phát triển các đô thị loại II (các đô thị xanh) – dự án thành phần Thừa Thiên Huế (Ban QLDA) xin thông báo kết quả như sau:
Hiện tại, Hệ thống đèn tín hiệu tại nút giao đường bộ đang đồng bộ với hệ thống báo hiệu của đường sắt. Khi tàu chuẩn bị đi qua và đi ngang qua đường ngang, vì một số nguyên nhân làm thời gia tàu đi qua phạm vi nút giao bị kéo dài hơn dự định, dẫn đến hệ thống đèn tín hiệu bị nhiễu tạm thời. Sau khi tàu đi qua khoảng 2 phút, hệ thống sẽ ổn định lại. Ban QLDA đang phối hợp với Công ty cổ phần Môi trường và Công trình đô thị Huế kiểm tra khắc phục trong thời gian tới.
Chân thành cảm ơn quý Ông/Bà.
Trân trọng./.
Hạn xử lý: 15/04/2026
Ngày xử lý: 20/04/2026",Đã xử lý,https://tuongtac.hue.gov.vn/phan-anh/kien-nghi-sua-chua-den-tin-hieu-giao-thong-tai-tu-kim-long-re-phai-len-cau-da-vien-a220040.html
88,Hue,13:31 06/04/2026,"Hiện nay đoạn đường tỉnh lộ 15 đã hư hỏng nghiêm trọng, hàng ngày các xe tải trọng lớn để tránh trạm thu phí và chạy vào cao tốc vẫn đi qua đoạn đường này rất nhanh, rất nguy hiểm cho các em học sinh giờ cao điểm đi học về, mong chính quyền xem xét sửa chửa lại đường cho dân đi và các e học sinh đi học thuận tiện và đề xuất bắt camera an ninh để tuyến đường trên giảm các xe phân khối lớn chạy qua
Phú Bài (Phú Sơn) ngày 6/4/2026","Kết quả xử lý
Sở Xây dựng
Kính gửi: Quý Ông/Bà.
Vấn đề quý Ông/Bà phản ánh, Sở Xây dựng thành phố Huế xin thông báo kết quả như sau:
Đoạn tuyến quý Ông/Bà phản ánh từ Km9+100-Km11+600 (ĐT15) được nâng cấp vào năm 2004, hoàn thành đưa vào sử dụng vào năm 2005. Đến nay đoạn tuyến này đã xuống cấp, bề rộng mặt đường rộng 3.5m, không đáp ứng kịp nhu cầu phát triển của khu vực và các loại, lượng phương tiện thường xuyên lưu thông.
Sở Xây dựng cũng đã có đề xuất phương án nâng cấp, chỉnh trang đoạn tuyến này trong năm 2026. Sở Xây dựng đã theo dõi, nắm biết thực trạng hư hỏng trên tuyến, thường xuyên chỉ đạo đơn vị quản lý tuyến đảm bảo giao thông tạm thời, ưu tiên sửa chữa các đoạn hư hỏng nặng, khu vực đông dân cư (có hình ảnh đính kèm).
Hiện nay, UBND thành phố Huế đã có quyết định số: 2567/ QĐ-UBND ngày 12/08/2025 về chủ trương đầu tư dự án nâng cấp mở rộng đường Nam Cao (Km0+00-Km2 Đường tỉnh 15). Thời gian và tiến độ thực hiện dự án trong 3 năm.
Chân thành cảm ơn quý Ông/Bà.
Trân trọng.
1/7
1234567
Hạn xử lý: 15/04/2026
Ngày xử lý: 09/04/2026",Đã xử lý,https://tuongtac.hue.gov.vn/phan-anh/duong-tinh-lo-15-hu-hong-nang-a220036.html
89,Hue,09:25 06/04/2026,Đội thi công tại 245 Phạm Văn Đồng làm lâu ảnh hưởng đến việc bán hàng và ảnh hưởng đến việc đi lại của người dân. Mở hố ga lên không lắp lại người dân đi lại khó khăn và nguy hiểm ạ.,"Kết quả xử lý
Ban Quản lý Dự án Đầu tư xây dựng khu vực 1
Kính gửi: Quý Ông/Bà.
Vấn đề quý Ông/Bà phản ánh, Ban Quản lý dự án Đầu tư xây dựng khu vực 1 (Ban QLDA) xin thông báo kết quả như sau:
Hiện, Nhà thầu đã hoàn thành công tác hoàn trả đá Granite tại vị trí quý Ông/Bà phản ánh (đính kèm hình ảnh xử lý).
Chân thành cảm ơn quý Ông/Bà.
Trân trọng./.
Hạn xử lý: 15/04/2026
Ngày xử lý: 08/04/2026",Đã xử lý,https://tuongtac.hue.gov.vn/phan-anh/kien-nghi-day-nhanh-thi-cong-tai-245-pham-van-dong-a220006.html
90,Hue,21:55 05/04/2026,"Nhà thầu thi công phá dỡ Thuộc Công trình HTKT Dự án Đầu tư xây dựng nhà ở tại các khu đất thuộc đường Trần Cao Vân và Nguyễn Tri Phương, phường Thuận Hóa, TP Huế. Thi công không đảm bảo mỹ quan đô thị, gây bụi bặm, không có phương án thu hồi xà bần trong quá trình phá dỡ, gây văng đá gạch ra đường. Hoạt động phá dỡ sau 22h gây tiếng ồn nghiêm trọng với tiếng xe múc, máy đục. Ảnh hưởng đến đời sống khu dân cư, hoạt động nghỉ dưỡng lưu trú của khách du lịch. Thời gian quay video 22h15 ngày 05/04/2026. Rất mong cơ quan chức năng kiểm tra chấn chỉnh kịp thời.","Kết quả xử lý
Phường Thuận Hóa
Kính gửi: Quý Ông/Bà.

Vấn đề quý Ông/Bà phản ánh, UBND phường Thuận Hoá đã chỉ đạo Trung tâm Dịch vụ sự nghiệp công kiểm tra và xin thông báo kết quả như sau:
Sau khi tiếp nhận phản ánh của quý Ông/Bà, Trung tâm Dịch vụ sự nghiệp công phường Thuận Hóa đã cử lực lượng trật tự xây dựng đến kiểm tra thực tế tại hiện trường. Qua kiểm tra, lực lượng chức năng đã yêu cầu đơn vị thi công thực hiện che chắn, đảm bảo mỹ quan đô thị, thường xuyên phun, xịt nước để giảm bụi trong quá trình thi công, thu gom vật liệu, không để rơi vãi ra đường, chấp hành quy định về thời gian thi công, hạn chế gây tiếng ồn vào ban đêm.
Lực lượng chức năng đã nhắc nhở và yêu cầu đơn vị khẩn trương khắc phục các tồn tại. Trong thời gian tới, lực lượng chức năng sẽ tiếp tục theo dõi, kiểm tra và xử lý nếu còn vi phạm (đính kèm hình ảnh).
Chân thành cảm ơn Quý Ông/Bà.
Trân trọng./.
File đính kèm:
1/2
12
Hạn xử lý: 15/04/2026
Ngày xử lý: 15/04/2026",Đã xử lý,https://tuongtac.hue.gov.vn/phan-anh/thi-cong-gay-o-nhiem-tai-duong-tran-cao-van-a219994.html
91,Hue,09:50 05/04/2026,"Hiện nay, tại tuyến đường Đắc Lập, phường Thủy Xuân có một bên là khu dân cư sinh sống, phía còn lại là công viên phục vụ nhu cầu đi bộ, tập thể dục và vui chơi của người dân, đặc biệt là trẻ nhỏ. Tuy nhiên, tình trạng xe tải lớn và xe container thường xuyên di chuyển vào và đậu đỗ dọc tuyến đường diễn ra ngày càng nhiều. Việc này không chỉ gây mất mỹ quan đô thị mà còn ảnh hưởng trực tiếp đến sinh hoạt thường ngày của người dân như tiếng ồn, khói bụi và nguy cơ ô nhiễm môi trường.
Tuyến đường Đắc Lập có chiều dài ngắn, mặt đường hẹp, có 4 ngã ba giao cắt. Khi các phương tiện có kích thước lớn đậu đỗ thì tầm nhìn của người tham gia giao thông, đặc biệt tại các khúc cua và điểm giao nhau, bị che khuất nghiêm trọng. Điều này tiềm ẩn nguy cơ cao xảy ra tai nạn giao thông, đặc biệt nguy hiểm đối với người đi bộ và các cháu nhỏ thường xuyên vui chơi trong khu vực công viên.
Vì vậy, để đảm bảo an toàn giao thông, giữ gìn môi trường và cảnh quan khu vực, kính đề nghị cơ quan chính quyền địa phương có biện pháp xử lý phù hợp. Cụ thể, đề xuất xem xét lắp đặt biển báo cấm đậu đỗ đối với xe tải và xe container tại tuyến đường Đắc Lập; đồng thời tăng cường công tác kiểm tra, giám sát.
Rất mong nhận được sự quan tâm, hỗ trợ từ quý cơ quan trong thời gian sớm nhất để đảm bảo an toàn và quyền lợi cho người dân trong khu vực.
Xin chân thành cảm ơn!","Kết quả xử lý
Sở Xây dựng
Kính gửi: Quý Ông/Bà.
Vấn đề Quý Ông/Bà phản ánh, Sở Xây dựng thông báo kết quả như sau:
Sau khi tiếp nhận phản ánh, Sở Xây dựng đã tổ chức kiểm tra, rà soát tình hình tổ chức giao thông tại khu vực. Qua rà soát, đường Đắc Lập là tuyến đường nội bộ, kết nối ra đường Đồng Khởi, có lưu lượng phương tiện tham gia giao thông không lớn.
Hiện nay, trên tuyến đường Đồng Khởi đã được lắp đặt biển báo cấm đỗ đối với xe tải theo quy định. Đối với kiến nghị liên quan đến tình trạng xe tải, xe container lưu thông và dừng, đỗ trên đường Đắc Lập, Sở Xây dựng ghi nhận ý kiến của Quý Ông/Bà và sẽ tiếp tục theo dõi, đánh giá lưu lượng phương tiện, tình hình giao thông thực tế để xem xét, điều chỉnh tổ chức giao thông cho phù hợp, đảm bảo an toàn giao thông và trật tự đô thị.
Căn cứ điểm e khoản 4 Điều 18 Luật Giao thông đường bộ, người điều khiển phương tiện không được dừng xe, đỗ xe tại vị trí “nơi đường giao nhau và trong phạm vi 05 mét tính từ mép đường giao nhau”; các trường hợp dừng, đỗ xe không đúng quy định sẽ bị cơ quan có thẩm quyền xử lý theo quy định pháp luật.
Sở Xây dựng thông tin để Quý Ông/Bà được biết.
Chân thành cảm ơn quý Ông/Bà.
Trân trọng./.
Hạn xử lý: 17/04/2026
Ngày xử lý: 06/05/2026",Đã xử lý,https://tuongtac.hue.gov.vn/phan-anh/kien-nghi-co-bien-phap-xu-ly-an-toan-doi-voi-tinh-trang-xe-tai-lon-va-xe-container-tai-tuyen-duong-d-a219956.html
92,Hue,08:14 05/04/2026,"Để nghị xử lý nhánh phượng khô, rất dễ rớt xuống gây nguy hiểm trước mặt số nhà 69 Đào Tấn, phường Thuận Hoá.","Kết quả xử lý
Trung tâm Công viên cây xanh thành phố Huế
Kính gửi: Quý Ông/Bà.
Vấn đề quý Ông/Bà phản ánh, Trung tâm Công viên Cây xanh thành phố Huế xin thông báo kết quả như sau:
Trung tâm đã cắt mé nhánh phượng khô tại 69 Đào Tấn đảm bảo an toàn cho người dân (đính kèm hình ảnh).
Chân thành cảm ơn quý Ông/Bà.
Trân trọng./.
Hạn xử lý: 15/04/2026
Ngày xử lý: 08/04/2026",Đã xử lý,https://tuongtac.hue.gov.vn/phan-anh/nhanh-phuong-bi-kho-gay-nguy-hiem-tai-69-dao-tan-a219945.html
93,Hue,23:05 04/04/2026,Ô trồng cây tại số 43 Đinh Tiên Hoàng bị san lấp trong bê tông. Kính gửi cơ quan chức năng xử lý. Xin cảm ơn.,"Kết quả xử lý
Trung tâm Công viên cây xanh thành phố Huế
Kính gửi: Quý Ông/Bà.
Vấn đề quý Ông/Bà phản ánh, Trung tâm Công viên Cây xanh thành phố Huế xin thông báo kết quả như sau:
Trung tâm đã phá dỡ lớp bê tông che lấp ô cây tại 43 Đinh Tiên Hoàng. (Đính kèm hình ảnh) 
Chân thành cảm ơn quý Ông/Bà.
Trân trọng./.
Hạn xử lý: 15/04/2026
Ngày xử lý: 07/04/2026",Đã xử lý,https://tuongtac.hue.gov.vn/phan-anh/o-trong-cay-tai-so-43-dinh-tien-hoang-bi-san-lap-trong-be-tong-a219933.html
94,Hue,20:40 04/04/2026,"Kính gửi UBND Thành phố Huế và UBND Phường Phú Xuân
Đoạn đường Ngô Đức kế phía chợ Xép thì công đào đường quá chậm làm ảnh hưởng đến quá trình sinh hoạt và buôn bán của người dân xung quanh chợ. Rất mong quý cơ quan vào cuộc xử lý nhà thầu thi công trì trệ và khẩn trương rải nhựa đường Ngô Đức Kế. Đề phòng tại nạn và rác thải bụi mang lại cho người dân. Xin cám ơn","Kết quả xử lý
Trung tâm Công viên cây xanh thành phố Huế
Kính gửi: Quý Ông/Bà.
Vấn đề quý Ông/Bà phản ánh, Trung tâm Công viên Cây xanh thành phố Huế (Trung tâm) xin thông báo kết quả như sau:
Trung tâm đã làm việc với đơn vị thi công để đẩy nhanh tiến độ đường Ngô Đức Kế, dự kiến hoàn thành trước ngày 15/5/2026.
Chân thành cảm ơn quý Ông/Bà.
Trân trọng./.
1/2
12
Hạn xử lý: 15/04/2026
Ngày xử lý: 16/04/2026",Đã xử lý,https://tuongtac.hue.gov.vn/phan-anh/kien-nghi-kiem-tra-thi-cong-duong-ngo-duc-ke-a219926.html
95,Hue,18:23 04/04/2026,"Hiện tại vỉa hè trước số nhà 19 Phạm Ngũ Lão, phường Thuận Hóa, tp Huế có một số chỗ đá lát bị vỡ, gây sụt lún. Rất mong các cơ quan chức năng kiểm tra và xử lý.
Trân trọng cám ơn.","Kết quả xử lý
Trung tâm Quản lý và Khai thác hạ tầng thành phố Huế
Kính gửi: Quý Ông/Bà. 
Vấn đề quý Ông/Bà phản ánh, Trung tâm Quản lý và Khai thác Hạ tầng thành phố Huế xin thông báo kết quả như sau:
Sau khi nhận được phản ánh, Trung tâm đã tiến hành kiểm tra và đã đưa vào kế hoạch để sửa chữa trong tháng 04/2026.
Chân thành cảm ơn quý Ông/Bà.
Trân trọng.
Hạn xử lý: 15/04/2026
Ngày xử lý: 14/04/2026",Đã xử lý,https://tuongtac.hue.gov.vn/phan-anh/via-he-hu-hong-tai-19-pham-ngu-lao-a219918.html
96,Hue,17:26 04/04/2026,"Kính gửi UBND thành phố
Hiện nay hói Đốc Sơ đã hoàn thiện phần bờ kè góp phần chỉnh trang đô thị thành phố. Tuy nhiên tôi thấy bờ kè xây xong nhưng không thấy xây dựng đường bê tông trên mặt bờ kè, nên cỏ cây mọc um tùm....Tôi thấy nhiều dự án bờ kè rất nhiều nơi trong TP Huế hay các khu vực vùng ven khi xây dựng bờ kè đều xây dựng đường bê tông nhìn rất sạch sẽ, trong khi hói Đốc Sơ là khu vực trung tâm phường Phú Xuân, nhưng nhìn bờ kè rất nhếc nhác, khu vực này nếu xây dựng đường giao thông thì cũng góp phần phát triển đô thị hoá, người dân rất hưởng lợi. Vậy kính đề nghị quý cơ quan khi nào thực hiện dự án xây đường bê tông để góp phần phát triển thành phố khu vực kè hói Đốc Sơ này.
Vị trí, hói Đốc Sơ bắt đầu từ đoạn cầu tránh An Hoà (Km2 +950), đường Đặng Tất, phường Hương An, thành phố Huế đến đoạn Cống Chém
Trân trọng","Kết quả xử lý
Ban Quản lý Dự án Đầu tư xây dựng khu vực 1
Kính gửi: Quý Ông/Bà.
Vấn đề quý Ông/Bà phản ánh, Ban Quản lý dự án Đầu tư xây dựng khu vực 1 xin thông báo kết quả như sau:
Theo hồ sơ thiết kế được phê duyệt, dự án xây dựng tuyến kè 2 bên hói và các công trình trên tuyến. Điểm đầu tuyến là cầu Tri A và cuối tuyến là Cầu Tránh An Hòa. Phía bờ tả (Phía đường Đốc Sơ) được thi công đường bê tông rộng 4m từ Cầu Tri A đến Cầu tránh An Hòa. Phía bờ hữu chỉ thi công từ cầu Tri A vào đến Km 0+277,66m, các đoạn còn lại không thi công đường bê tông. Đoạn kè tuyến nhánh nối từ tuyến hói chính tại cọc KC-N được đấu nối vào tường Cầu Cống Chém. Đoạn tuyến nhánh này theo hồ sơ được duyệt chỉ đầu tư đoạn tường kè không có tuyến đường bê tông. Hạng mục, hoàn trả đường bê tông như quý Ông/Bà phản ánh không thuộc hồ sơ thiết kế của dự án. Hiện tại, công trình đã được nghiệm thu và bàn giao đưa vào khai thác sử dụng hoàn thành đúng theo hồ sơ thiết kế được duyệt và bàn giao cho Trung tâm Quản lý và Khai thác Hạ tầng thành phố để quản lý và khai thác. 
Vậy Ban QLDA trả lời để quý Ông/Bà được rõ.
Chân thành cảm ơn quý Ông/Bà.
Trân trọng./.
Hạn xử lý: 15/04/2026
Ngày xử lý: 09/04/2026",Đã xử lý,https://tuongtac.hue.gov.vn/phan-anh/kien-nghi-kiem-tra-thi-cong-bo-ke-hoi-doc-so-a219912.html
97,Hue,10:57 04/04/2026,"Xóm Loài Mộc Sơn, thôn 4 xã Phú Lộc xóm tôi hiến đất và cây trồng nhưng 4 năm rồi vẫn chưa thấy đổ bê tông đường thì đá dăm mưa 1 trộ thôi là lầy lún. Bây giờ xóm người ta có 4 nhà cũng đổ bê tông hoá nhưng xóm tôi 15 hộ vẫn mòn mỏi chờ đợi con đường bê tông. Vậy tôi gửi lên đây kính mong các cơ quan có thẩm quyền nhìn nhận để giải quyết sớm ạ. Tôi xin chân thành cám ơn.","Kết quả xử lý
Xã Phú Lộc
Kính gửi: Quý Ông/Bà.
Vấn đề quý Ông/Bà phản ánh, UBND xã Phú Lộc xin thông báo kết quả như sau:
Liên quan đến nội dung phản ánh, UBND xã Phú Lộc đã chỉ đạo Phòng Kinh tế chủ trì, phối hợp với các đơn vị liên quan tiến hành kiểm tra, xử lý.
Công trình đường Loài Mộc Sơn được phê duyệt tại Quyết định số 3875/QĐ-UBND ngày 02 tháng 12 năm 2020 của UBND huyện Phú Lộc (cũ) về việc phê duyệt báo cáo kinh tế kỹ thuật công trình Đường giao thông xóm Loài Mộc Sơn, Tổ dân phố 4, thị trấn Phú Lộc.
Công trình nêu trên được thực hiện công tác bồi thường giải phóng mặt bằng theo đúng quy định. UBND thị trấn Phú Lộc (cũ) đã phối hợp với Trumg tâm Phát triển quỹ đất huyện (cũ) tiến hành kiểm kê bồi thường, giải phóng mặt bằng và đã thi công tuyến đường chính. Riêng tuyến đường nhánh như phản ánh, trong quá trình kiểm kê bồi thường Giải phóng mặt bằng có đến 04 hộ chưa giải quyết được do khi đo đạc bồi thường đã đo gộp 04 thửa đất của 04 hộ thành 01 thửa; do đó, các hộ gia đình yêu cầu bóc tách riêng từng thửa để kiểm kê bồi thường cho từng đối tượng.
Sau khi thực hiện Chính quyền 2 cấp, UBND xã đã chỉ đạo Phòng Kinh tế tiếp tục triển khai thực hiện dự án nêu trên. Ngày 26/12/2025, Phòng Kinh tế đã có Công văn số 471/CV-KT gửi Chi nhánh Văn phòng đăng ký đất đai để đo đạc bóc tách từng hộ riêng biệt và đã được Chi nhánh đo đạc bóc tách từng thửa riêng cho từng hộ. Sau khi đo đạc bóc tách, Phòng Kinh tế đã phối hợp với Ban quản lý dự án Đầu tư xây dựng khu vực 3 tiến hành kiểm kê, kê khai đất đai và tài sản trên đất. Tuy nhiên, đến nay, UBND thành phố chưa ban hành hệ số điều chỉnh giá đất (hệ số K bồi thường) để áp dụng nên chưa phê duyệt được phương án bồi thường để chi trả tiền cho các hộ gia đình, cá nhân.
Thời gian đến, sau khi UBND thành phố ban hành hệ số điều chỉnh giá đất, Ban quản lý dự án Đầu tư xây dựng khu vực 3 trình phương án bồi thường, hỗ trợ về đất và tài sản cho các hộ gia đình, cá nhân. UBND xã sẽ chỉ đạo Phòng Kinh tế tiến hành thẩm định và trình UBND xã phê duyệt phương án bồi thường, hỗ trợ về đất và tài sản cho các hộ gia đình, cá nhân theo đúng quy định.
Chân thành cảm ơn quý Ông/Bà.
Trân trọng./.
Hạn xử lý: 15/04/2026
Ngày xử lý: 14/04/2026",Đã xử lý,https://tuongtac.hue.gov.vn/phan-anh/kien-nghi-be-tong-hoa-xom-loai-moc-son-a219880.html
98,Hue,10:08 04/04/2026,"Từ Quốc lộ 1A rẽ vào đường Trần Trùng Quang, xã Quảng Điền có ổ gà rất nguy hiểm. Mùa mưa, đoạn đường này bị ngập dẫn đến mất an toàn giao thông. Mong cơ quan xem xét và nâng cấp đoạn đường này.","Kết quả xử lý
Xã Quảng Điền
Kính gửi: Quý Ông/Bà.
Vấn đề quý Ông/Bà phản ánh, UBND xã Quảng Điền xin thông báo kết quả như sau:
Trong thời gian qua, trên địa bàn xã đang triển khai thi công dự án: Hạ tầng kỹ thuật các khu tái định cư, khu nghĩa trang khu vực phía Bắc thành phố Huế phục vụ dự án đường sắt tốc độ cao trên trục Bắc - Nam. Vị trí mà Ông/Bà phản ánh tại tuyến đường Trần Trùng Quang hiện là tuyến đường chính để xe lưu thông thi công Khu tái định cư Vân Căn, trong quá trình thi công lượng xe tải lưu thông lớn đã làm ảnh hưởng đến mặt đường; liên quan đến vấn đề này, UBND xã đã có kiến nghị với chủ đầu tư là Ban quản lý dự án đầu tư xây dựng khu vực 02; vào ngày 07/4/2026, Ban quản lý dự án Đầu tư xây dựng khu vực 02 đã tổ chức buổi làm việc với UBND xã và các đơn vị có liên quan để xử lý hiện trường tuyến đường Trần Trùng Quang thuộc công trình Khu tái định cư Vân Căn (có Giấy mời kèm theo); Tại buổi làm việc, Chủ đầu tư đã cam kết khắc phục tạm thời các vị trí hư hỏng đường Trần Trùng Quang do ảnh hưởng của thi công dự án.
Trong thời gian tới, UBND xã sẽ chỉ đạo đơn vị chuyên môn rà soát các điểm bị xuống cấp nằm trong phạm vi thẩm quyền của xã để lên phương án khắc phục để thuận lợi cho Nhân dân đi lại; đồng thời, đề xuất cấp trên lập dự án nâng cấp tuyến đường này.
Chân thành cảm ơn quý Ông/Bà.
Trân trọng.
File đính kèm:
Hạn xử lý: 15/04/2026
Ngày xử lý: 11/04/2026",Đã xử lý,https://tuongtac.hue.gov.vn/phan-anh/o-ga-nguy-hiem-tai-duong-tran-trung-quang-a219871.html
99,Hue,06:13 04/04/2026,"Ngay trước mặt số nhà 373 Lê Duẩn, phường Phú Xuân, Tp Huế, có cây cột điện bị bể và bị nứt, để lâu dài sẽ nguy hiểm đến mọi người. Kính mong Quý cơ quan ban ngành xem và xử lý để cho mọi người yên tâm.","Kết quả xử lý
Xí nghiệp thông tin tín hiệu Bình Trị Thiên
Kính gửi: Quý Ông/Bà,
Vấn đề Quý Ông/Bà phản ánh, Xí nghiệp Thông tin tín hiệu Bình Trị Thiên xin thông báo kết quả như sau:
Đường dây thông tin tín hiệu đường sắt được thi công từ năm 1976 nhằm phục vụ công tác chỉ huy chạy tàu. Hiện nay, Công ty Cổ phần Thông tin tín hiệu đường sắt Đà Nẵng – Xí nghiệp Thông tin tín hiệu Bình Trị Thiên thực hiện công tác quản lý, bảo trì, bảo dưỡng hệ thống thông tin tín hiệu thuộc tài sản kết cấu hạ tầng đường sắt quốc gia.
Đối với đường dây và cột tín hiệu đường sắt trước nhà số 373 Lê Duẩn, đây là công trình thông tin tín hiệu phục vụ chỉ huy chạy tàu, thuộc tài sản kết cấu hạ tầng đường sắt quốc gia.
Theo quy định tại Điều 17 Nghị định số 16/2026/NĐ-CP ngày 14/01/2026 của Chính phủ về phạm vi bảo vệ công trình thông tin, tín hiệu, hệ thống cấp điện đường sắt: phạm vi bảo vệ phía trên là 2,5 mét tính từ đường dây trên cùng trở lên theo phương thẳng đứng; hai bên là 2,5 mét tính từ đường dây ngoài cùng trở ra; phía dưới là toàn bộ khoảng không, vùng đất, vùng nước phía dưới đường dây và tính từ đường dây ngoài cùng trở ra mỗi bên 2,5 mét.
Hiện trạng cột điện nêu trên xuất hiện vết rạn nhưng vẫn đảm bảo an toàn. Xí nghiệp đã đưa vào kế hoạch quý II năm 2026 để thực hiện thay thế theo quy định.
Chân thành cảm ơn Quý Ông/Bà.
Trân trọng./.
Hạn xử lý: 15/04/2026
Ngày xử lý: 16/04/2026",Đã xử lý,https://tuongtac.hue.gov.vn/phan-anh/kien-nghi-co-bien-phap-xu-ly-cot-dien-truoc-mat-so-nha-373-le-duan-a219852.html
100,Hue,21:56 03/04/2026,"Kiến nghị: Bổ sung biển báo cấm ô tô tại các lối rẽ vào cầu Vĩnh Lợi, kính gửi cơ quan chức năng, hiện nay, tại khu vực cầu Vĩnh Lợi (giáp ranh phường Thuận Hòa cũ và Tây Lộc cũ), cơ quan chức năng đã đặt biển báo cấm xe ô tô lưu thông qua cầu theo hướng từ đường Nguyễn Trãi đi thẳng lên cầu. Tuy nhiên, việc cắm biển báo hiện tại còn tồn tại bất cập sau:
• Vấn đề: Tại hai lối rẽ từ đường Triệu Quang Phục rẽ vào đầu cầu Vĩnh Lợi hiện đang thiếu biển báo cấm ô tô.
• Hệ quả: Người điều khiển xe ô tô lưu thông từ đường Triệu Quang Phục khi rẽ vào cầu không nhìn thấy biển cảnh báo. Khi xe đã vào sát đầu cầu mới phát hiện có biển cấm (đặt ở hướng Nguyễn Trãi) thì buộc phải lùi xe hoặc quay đầu, gây xung đột giao thông, nguy cơ tai nạn và ùn tắc nghiêm trọng tại khu vực nút giao vốn hẹp này.
Kính mong cơ quan chức năng kiểm tra và sớm cho lắp đặt bổ sung biển báo ""Cấm xe ô tô"" (Biển số P.103a) hoặc biển ""Cấm rẽ"" kèm biển phụ tại các vị trí:
1.Đầu đường Triệu Quang Phục lối rẽ vào cầu Vĩnh Lợi.
2.Rà soát lại toàn bộ hệ thống biển báo tại các hướng tiếp cận cầu để đảm bảo người dân dễ dàng quan sát từ xa.
Việc bổ sung biển báo sẽ giúp người dân chấp hành đúng luật giao thông và đảm bảo an toàn, thông thoáng cho khu vực này.
Trân trọng cảm ơn.","Kết quả xử lý
Trung tâm Quản lý và Khai thác hạ tầng thành phố Huế
Kính gửi: Quý Ông/Bà. 
Vấn đề Quý Ông/Bà phản ánh, Trung tâm Quản lý và Khai thác Hạ tầng thành phố Huế xin thông báo kết quả như sau:
Sau khi nhận được phản ánh, Trung tâm đã kiểm tra và yêu cầu đơn vị quản lý, duy tu đường bộ khảo sát, thực hiện lên phương án bổ sung trong tháng 5/2026.
Chân thành cảm ơn quý Ông/Bà.
Trân trọng./.
Hạn xử lý: 15/04/2026
Ngày xử lý: 15/04/2026",Đã xử lý,https://tuongtac.hue.gov.vn/phan-anh/bo-sung-bien-bao-cam-o-to-tai-cac-loi-re-vao-cau-vinh-loi-a219843.html
101,Hue,16:21 03/04/2026,"Tuyến đường Quốc Lộ 49B đi qua từ BCH Quân Sự phường Phong Dinh, gần Cổng làng Ưu Điềm thuộc xã Phong Hòa cũ, thi công mở rộng mấy tháng nay nhưng tiến độ quá chậm và ngưng trệ dẫn đến đá dăm rất nhiều gây nên trình trạng ô nhiễm và nguy hiểm khi lưu thông qua lại. Kính mong các cơ quan ban nghành vào cuộc chỉ đạo đơn vị thi công đẩy nhanh tiến độ để đem lại sự lưu thông thuận lợi cho nhân dân. Xin cảm ơn","Kết quả xử lý
Sở Xây dựng
Kính gửi: Quý Ông/Bà.
Vấn đề quý Ông/Bà phản ánh, Sở Xây dựng xin thông báo kết quả như sau:
Dự án nâng câp mở rộng Quốc lộ 49B đoạn qua phường Phong Dinh (trong đó có vị trí từ BCH Quân Sự phường Phong Dinh đến gần cổng làng Ưu Điềm thuộc xã Phong Hòa cũ). Hiện nay đã thực hiện được trên 80% khối lượng của dự án.
Tuy nhiên, trong thời gian từ ngày 28/2/2026 đến nay, tình hình địa chính trị quốc tế diễn biến phức tạp đã tác động trực tiếp đến thị trường năng lượng và chuỗi cung ứng toàn cầu, trong đó có Việt Nam. Giá xăng dầu và các loại nguyên vật liệu xây dựng chủ yếu như (Nhựa đường, xăng, dầu diesel, vật liệu xây dựng các loại….) tăng đột biến đặc biệt dầu diesel, vượt ngoài khả năng kiểm soát và dự liệu trong hồ sơ, hợp đồng xây dựng đã ký kết. Ảnh hưởng đến tiến độ thi công cho các công trình đang triển khai trên địa bàn thành phố Huế nói chung và “Dự án nâng cấp, mở rộng quốc lộ 49B” nói riêng.
Trước mắt, Sở Xây dựng làm việc với đơn vị thi công yêu cầu thực hiện công tác đảm bảo an toàn giao thông trên đoạn tuyến và cùng nhà thầu bàn bạc, tháo gỡ các khó khăn, vướng mắc để đẩy nhanh tiến độ của dự án.
Chân thành cảm ơn quý Ông/Bà.
Trân trọng./.
Hạn xử lý: 24/04/2026
Ngày xử lý: 16/04/2026",Đã xử lý,https://tuongtac.hue.gov.vn/phan-anh/day-nhanh-tien-do-thi-cong-gan-cong-lang-uu-diem-a219816.html
102,Hue,14:31 03/04/2026,"Kính gửi cơ quan chức năng.
Hiện nay tại khu vực cây xăng 3 sao ngã tư Đường tránh Huế và Đường Dạ Lê có rất nhiều xe dừng đỗ phía trước trong và ngoài đường phía trước cây xăng làm che mất sự quan sát của người đi đường từ phía tổ dân phố 12 đi ra rất nguy hiểm đến tính mạng ( đã có rất nhiều vụ tại nạn xảy ra ở đây). Kính đề nghị Trung Tâm làm việc với các cấp chính quyền phải đặt biển báo cấm dừng đỗ xe trên đường phía trước cây xăng và nhắc nhở nhân viên cây xăng không nên cho các loại xe tải đỗ phía trước để người đi đường đi ra có tầm nhìn được rõ hơn. Trân trọng. Ảnh được chụp lúc 9h58' ngày 3/4/2026.","Kết quả xử lý
Văn phòng Quản lý đường bộ II.5
Kính gửi: Quý Ông/Bà.
Vấn đề Quý Ông/Bà phản ánh, Văn phòng Quản lý đường bộ II.5 xin thông báo kết quả như sau:
Qua kiểm tra hiện trường tại khu vực ngã tư đường tránh Huế và đường Dạ Lê, Văn phòng ghi nhận có xe ô tô tải dừng, đỗ trong phạm vi sân của cây xăng 3 Sao, cách mép ngoài mặt đường khoảng 2–3 m, chưa ảnh hưởng đáng kể đến tầm nhìn của các phương tiện tham gia giao thông. Mặt khác, việc lắp đặt biển cấm dừng, đỗ xe chỉ có hiệu lực đối với phần mặt đường và lề đường thuộc tuyến đường tránh Huế, do đó không áp dụng đối với khu vực nêu trên.
Trong thời gian tới, Văn phòng sẽ tiếp tục theo dõi tình hình giao thông tại nút giao này; trường hợp phát sinh nguy cơ mất an toàn giao thông sẽ phối hợp với các cơ quan chức năng liên quan để kiểm tra, thống nhất phương án xử lý phù hợp.
Chân thành cảm ơn Quý Ông/Bà.
Trân trọng./.
Hạn xử lý: 17/04/2026
Ngày xử lý: 29/04/2026",Đã xử lý,https://tuongtac.hue.gov.vn/phan-anh/kien-nghi-dat-bien-bao-cam-dung-do-tai-khu-vuc-cay-xang-3-sao-nga-tu-duong-tranh-hue-va-duong-da-le-a219806.html
103,Hue,14:19 03/04/2026,"Tồn tại ở trước bến xe phía Nam bãi taxi, đậu nhiều xe trên trục đường chính cả ngày lẫn đêm. Số lượng xe nhiều trên 15 chiếc / 1 thời điểm, gây ảnh hưởng giao thông. Nên có biển báo cấm đậu đỗ, hoặc đơn vị kinh doanh đang hoạt động sửa chữa loại xe này không đậu nữa. Thời gian chụp hình 10h14 phút ngày 02/04/2026 tại phía trước 97 An Dương Vương.","Kết quả xử lý
Văn phòng Quản lý đường bộ II.5
Kính gửi: Quý Ông/Bà.
Vấn đề Quý Ông/Bà phản ánh, Văn phòng Quản lý đường bộ II.5 xin thông báo kết quả như sau:
Đoạn tuyến từ bến xe phía Nam đến cầu vượt Thủy Dương đã được lắp đặt biển báo cấm dừng, đỗ đối với xe trên 09 chỗ ngồi tại đầu đường Dương Thiệu Tước (giao với đường sắt). Đối với kiến nghị lắp đặt biển cấm dừng, đỗ đối với toàn bộ xe ô tô (bao gồm xe ô tô con, taxi…), Văn phòng xin tiếp thu ý kiến.
Trong thời gian tới, Văn phòng sẽ phối hợp mời các cơ quan liên quan tổ chức kiểm tra liên ngành, đánh giá hiện trường và thống nhất phương án xử lý phù hợp.
Chân thành cảm ơn Quý Ông/Bà.
Trân trọng./.
Hạn xử lý: 14/04/2026
Ngày xử lý: 29/04/2026",Đã xử lý,https://tuongtac.hue.gov.vn/phan-anh/kien-nghi-lap-bien-cam-do-xe-o-to-tai-truoc-97-an-duong-vuong-a219803.html
104,Hue,10:55 03/04/2026,"Đoạn đường Tỉnh lộ 15 thuộc Phú Sơn, phường Phú Bài. Từ Ủy ban nhân dân Phú Sơn cũ nối dài về ngã 3 thôn 1 Phú Sơn, hiện hư hỏng rất nhiều, đoạn đường này hàng ngày các em học sinh đi học rất bất tiện và nguy hiểm cho các em khi qua những chỗ lở đá như thế này. Mong chính quyền xem xét để sửa chữa cho người dân đi lại.
Phú Sơn 11h ngày 3/4/2026.","Kết quả xử lý
Sở Xây dựng
Kính gửi: Quý Ông/Bà.
Vấn đề quý Ông/Bà phản ánh, Sở Xây dựng thành phố Huế xin thông báo kết quả như sau:
Đoạn tuyến quý Ông/Bà phản ánh từ Km9+100-Km11+600 (ĐT15) được nâng cấp vào năm 2004, hoàn thành đưa vào sử dụng vào năm 2005. Đến nay đoạn tuyến này đã xuống cấp, bề rộng mặt đường rộng 3.5m, không đáp ứng kịp nhu cầu phát triển của khu vực và các loại, lượng phương tiện thường xuyên lưu thông.
Sở Xây dựng cũng đã có đề xuất phương án nâng cấp, chỉnh trang đoạn tuyến này trong năm 2026. Sở Xây dựng đã theo dõi, nắm biết thực trạng hư hỏng trên tuyến, thường xuyên chỉ đạo đơn vị quản lý tuyến đảm bảo giao thông tạm thời, ưu tiên sửa chữa các đoạn hư hỏng nặng, khu vực đông dân cư (có hình ảnh đính kèm).
Hiện nay, UBND thành phố Huế đã có quyết định số: 2567/ QĐ-UBND ngày 12/08/2025 về chủ trương đầu tư dự án nâng cấp mở rộng đường Nam Cao (Km0+00-Km2 Đường tỉnh 15). Thời gian và tiến độ thực hiện dự án trong 3 năm.
Chân thành cảm ơn quý Ông/Bà.
Trân trọng.
1/7
1234567
Hạn xử lý: 14/04/2026
Ngày xử lý: 09/04/2026",Đã xử lý,https://tuongtac.hue.gov.vn/phan-anh/kien-nghi-sua-chua-duong-tai-tinh-lo-15-phuong-phu-bai-a219792.html
105,Hue,09:45 03/04/2026,Tại số nhà 14 đường Nguyễn Lộ Trạch hố ga của môi trường đô thị bị bể nắp hố ga đã lâu nhưng chưa thấy xử lý. Rất nguy hiểm cho người qua lại. Kính mong cơ quan chức năng xử lý.,"Kết quả xử lý
Trung tâm Quản lý và Khai thác hạ tầng thành phố Huế
Kính gửi: Quý Ông/Bà.
Vấn đề quý Ông/Bà phản ánh, Trung tâm Quản lý và Khai thác Hạ tầng thành phố Huế (Trung tâm) xin thông báo kết quả như sau:
Sau khi nhận được phản ánh, Trung tâm đã tiến hành kiểm tra và đã thay thế tấm đan hư hỏng (Hình ảnh đính kèm).
Chân thành cảm ơn quý Ông/Bà.
Trân trọng./.
Hạn xử lý: 14/04/2026
Ngày xử lý: 08/04/2026",Đã xử lý,https://tuongtac.hue.gov.vn/phan-anh/nap-ho-bi-sap-tai-14-nguyen-lo-trach-23-nguyen-lo-trach-a219779.html
106,Hue,08:14 03/04/2026,"Nắp hố bị sập, mong được xử lý sớm vì khu vực gần trường học và chợ. Ảnh chụp lúc 07 giờ ngày 03/04/2026 tại 23 Nguyễn Lộ Trạch, phường Vỹ Dạ, Huế.","Kết quả xử lý
Trung tâm Quản lý và Khai thác hạ tầng thành phố Huế
Kính gửi: Quý Ông/Bà.
Vấn đề quý Ông/Bà phản ánh, Trung tâm Quản lý và Khai thác Hạ tầng thành phố Huế (Trung tâm) xin thông báo kết quả như sau:
Sau khi nhận được phản ánh, Trung tâm đã tiến hành kiểm tra và đã thay thế tấm đan hư hỏng (Hình ảnh đính kèm).
Chân thành cảm ơn quý Ông/Bà.
Trân trọng./.
Hạn xử lý: 14/04/2026
Ngày xử lý: 08/04/2026",Đã xử lý,https://tuongtac.hue.gov.vn/phan-anh/nap-ho-bi-sap-tai-23-nguyen-lo-trach-a219763.html
107,Hue,18:55 02/04/2026,"Đề nghị cơ quan chức năng kiểm tra thiết bị lạ trên cột đèn đoạn đường dưới chân cầu Vĩ Dạ ven sông Như Ý. Gây mất nguy cơ an toàn phòng chống cháy nổ. Địa chỉ: Đường đi bộ ven sông Như Ý, dưới chân cầu Vĩ Dạ, phía sau nhà 23 Nguyễn Lộ Trạch.","Kết quả xử lý
Ban Quản lý Dự án Đầu tư xây dựng khu vực 1
Kính gửi: Quý Ông/Bà.
Vấn đề quý Ông/Bà phản ánh, Ban Quản lý dự án Đầu tư xây dựng khu vực 1 (Ban QLDA) xin thông báo kết quả như sau:
Hiện, Nhà thầu đã tháo dỡ thiết bị gắn trên đèn chiếu sáng của dự án (đính kèm hình ảnh xử lý).
Chân thành cảm ơn quý Ông/Bà.
Trân trọng./.
Hạn xử lý: 13/04/2026
Ngày xử lý: 13/04/2026",Đã xử lý,https://tuongtac.hue.gov.vn/phan-anh/kiem-tra-thiet-bi-la-tren-den-chieu-sang-tai-duong-di-bo-ven-song-nhu-y-a219730.html
108,Hue,18:53 02/04/2026,"Đường Ngô Thế Lân từ đầu đường đến cuối đường (từ đường Trần Văn Kỷ đến đường Nguyễn Trãi) mặt đường đã được trải nhựa lán khoảng 4 năm nay nhưng các nắp cống thoát nước không làm bằng để lõm xuống (khoảng hơn 10 nắp) nên người tham gia giao thông khi đi chỉ đi hơn một nửa mặt đường phía bờ sông Ngự Hà mà phía bên sông Ngự Hà này xe oto đậu đỗ nhiều cho nên lòng đường khi tham gia giao thông rất chật hẹp.
Vậy tôi kiến nghị cơ quan chức năng có thẩm quyền làm phẳng khoảng 10 nắp cống đã tồn tại hơn 4 năm nay, để đảm bảo an toàn cho người dân tham gia giao thông.
Trước khi được sự đồng ý của cơ quan chức năng tôi xin thành thật cảm ơn
Ảnh clip quay lúc 17g ngày 2 tháng 4 năm 2026.
Đường Ngô thế Lân, phường Phú Xuân, thành phố Huế.","Kết quả xử lý
Trung tâm Quản lý và Khai thác hạ tầng thành phố Huế
Kính gửi: Quý Ông/Bà.
Vấn đề quý Ông/Bà phản ánh, Trung tâm Quản lý và Khai thác Hạ tầng thành phố Huế xin thông báo kết quả như sau:
Sau khi nhận được phản ánh, Trung tâm đã tiến hành kiểm tra, khảo sát và đã đưa vào kế hoạch để sửa chữa trong thời gian tới. Rất mong quý Ông/Bà thông cảm và chia sẻ.
Chân thành cảm ơn quý Ông/Bà.
Trân trọng./.
Hạn xử lý: 13/04/2026
Ngày xử lý: 14/04/2026",Đã xử lý,https://tuongtac.hue.gov.vn/phan-anh/kien-nghi-xu-ly-cac-nap-cong-lom-xuong-tai-duong-ngo-the-lan-a219729.html
109,Hue,12:54 02/04/2026,Cho chúng tôi hỏi khi nào tuyến đường giáp với cuối đường Hoa Lư mới được thông đường và có tên đường. Xin cám ơn.,"Kết quả xử lý
Phường Hóa Châu
Kính gửi: Quý Ông/Bà.
Vấn đề Quý Ông/Bà phản ánh, UBND phường Hóa Châu xin thông báo kết quả như sau:
Ngày 02/4/2026, UBND phường Hóa Châu đã tiếp nhận phản ánh về thời điểm thông tuyến và việc đặt tên đoạn đường nối cuối đường Hoa Lư. Sau đó, UBND phường đã chỉ đạo bộ phận chuyên môn thuộc Phòng Kinh tế, Hạ tầng và Đô thị phối hợp với TDP Thế Lại Thượng tiến hành kiểm tra thực tế tại hiện trường.
Qua kiểm tra, ghi nhận: đường Hoa Lư (đoạn qua phường Hóa Châu) hiện có điểm đầu tiếp giáp đường Lê Minh Trường, điểm cuối tiếp giáp khu dân cư. Theo quy hoạch phân khu tỷ lệ 1/2000 của phường Hương Vĩnh (cũ), thành phố Huế, hiện chưa có quy hoạch thông tuyến đường Hoa Lư. Đồng thời, thực hiện Nghị quyết số 43/2023/NQ-HĐND ngày 10/12/2024, hiện nay đường Hoa Lư đã được đặt tên theo quy định.
Chân thành cảm ơn Quý Ông/Bà.
Trân trọng./.
Hạn xử lý: 13/04/2026
Ngày xử lý: 13/04/2026",Đã xử lý,https://tuongtac.hue.gov.vn/phan-anh/thac-mac-ve-thoi-diem-thong-tuyen-va-dat-ten-duong-noi-cuoi-duong-hoa-lu-a219690.html
110,Hue,09:05 02/04/2026,"Gốc cây khu đô thị An Cựu City đâm rễ vô nhà dân, bới gạch lên gây nguy hiểm cho người đi lại. Hình ảnh được chụp vào lúc 8h00 ngày 02/4/2026. Địa chỉ: Lô C27, đường số 2, khu đô thị An Cựu City, phường An Cựu, TP Huế. Kính mong cơ quan chức năng xử lý.","Kết quả xử lý
Công ty cổ phần Đầu tư IMG
Kính gửi: Quý Ông/Bà.
Vấn đề quý Ông/Bà phản ánh, Công ty Cổ phần Đầu tư IMG xin thông báo kết quả như sau:
Trước hết BQLDA khu ĐTM An Cựu gửi lời cảm ơn về phản ánh kịp thời của người dân, đặc biệt là cư dân nhà C27 đường số 5 đang đối mặt với tình trạng cây xanh gây ảnh hưởng đến hạ tầng và an toàn của cư dân. Lời cảm ơn này nhằm ghi nhận sự đóng góp của cộng đồng trong việc nâng cao chất lượng môi trường sống đô thị.
BQLDA khu ĐTM An Cựu đã tiếp nhận và xem xét nghiêm túc các phản ánh của cư dân về tình trạng rễ cây đâm vào nhà dân, gây hư hại vỉa hè và tiềm ẩn nguy cơ mất an toàn. BQLDA khu ĐTM An đang phối hợp với các đơn vị chức năng để đánh giá hiện trạng, xác định nguyên nhân và lên phương án xử lý cụ thể, đảm bảo sự hài hòa giữa cây xanh đô thị và hạ tầng. Hiện chủ BQLDA khu ĐTM An Cựu đang xử lý các hạng mục liên quan đến công tác bàn giao hạ tầng khu đô thị nên việc xử lý việc rễ cây đâm vào nhà dân ở bên canh nhà C27 sẽ tiến hành xử lý trong thời gian tới.
Chân thành cảm ơn quý Ông/Bà.
Trân trọng!
Hạn xử lý: 13/04/2026
Ngày xử lý: 14/04/2026",Đã xử lý,https://tuongtac.hue.gov.vn/phan-anh/goc-cay-dam-re-vo-nha-dan-tai-lo-c27-khu-do-thi-an-cuu-city-a219659.html
111,Hue,20:58 01/04/2026,"Không có nắp đậy đồng hồ điện gây nguy hiểm, tại địa chỉ 22 Tôn Thất Tùng. Kiến nghị công ty điện lực lắp lại.","Kết quả xử lý
Công ty Điện lực Huế
Kính gửi: Quý Ông/Bà.
Vấn đề quý Ông/Bà phản ánh, Công ty Điện lực Huế xin thông báo kết quả như sau:
Điện lực Nam Sông Hương đã xử lý (đính kèm hình ảnh).
Chân thành cảm ơn quý Ông/Bà.
Trân trọng./.
Hạn xử lý: 13/04/2026
Ngày xử lý: 03/04/2026",Đã xử lý,https://tuongtac.hue.gov.vn/phan-anh/khong-co-nap-day-dong-ho-dien-gay-nguy-hiem-tai-22-ton-that-tung-a219629.html
112,Hue,20:38 01/04/2026,"Kiến nghị trồng lại cây trước số 176 Nguyễn Huệ, đồng thời nếu ô trồng cây không đảm bảo để cây sinh trưởng, xin cơ quan chức năng lát gạch vỉa hè lấp ô cây đi, để như vậy vừa mấy mỹ quan vừa không an toàn. Kính gửi cơ quan chức năng xử lý.","Kết quả xử lý
Trung tâm Công viên cây xanh thành phố Huế
Kính gửi: Quý Ông/Bà.
Vấn đề quý Ông/Bà phản ánh, Trung tâm Công viên Cây xanh thành phố Huế (Trung tâm) xin thông báo kết quả như sau:
Ô cây tại 176 Nguyễn Huệ nằm ngay góc cua ngã tư giao lộ nên không thể trồng lại cây vì sẽ che khuất tầm nhìn của người đi đường. Trung tâm sẽ làm việc với Công ty Cổ phần Môi trường và Công trình đô thị Huế làm lại vỉa hè tại vị trí này.
Chân thành cảm ơn quý Ông/Bà.
Trân trọng./.
Hạn xử lý: 10/04/2026
Ngày xử lý: 07/04/2026",Đã xử lý,https://tuongtac.hue.gov.vn/phan-anh/kien-nghi-trong-lai-cay-truoc-so-176-nguyen-hue-a219626.html
113,Hue,16:52 01/04/2026,"Kiến nghị cơ quan chức năng lắp đặt bảng tên kiệt 147B Thiên Thai. Hiện tại người dân lắp tạm miếng tôn dùng làm bảng tên kiệt không được đảm bảo mỹ quan cho lắm. Kính mong cơ quan chức năng xem xét, xử lý.","Kết quả xử lý
Phường An Cựu
Kính gửi: Quý Ông/Bà.
Vấn đề Quý Ông/Bà phản ánh, UBND phường An Cựu xin thông báo kết quả như sau:
UBND phường đã tiến hành kiểm tra thực tế theo nội dung phản ánh. Qua kiểm tra, UBND phường đã rà soát các tuyến đường kiệt trên địa bàn. Trên cơ sở đó, UBND phường đã lập danh sách để triển khai lắp đặt bảng tên các đường kiệt, trong đó có kiệt 147B Thiên Thai.
Chân thành cảm ơn Quý Ông/Bà.
Trân trọng./.
Hạn xử lý: 10/04/2026
Ngày xử lý: 13/04/2026",Đã xử lý,https://tuongtac.hue.gov.vn/phan-anh/kien-nghi-lap-bang-ten-kiet-147b-thien-thai-a219600.html
114,Hue,09:57 01/04/2026,"Đường đi ổ gà rất nhiều, khó khăn cho dân đi lại, đoạn đường từ TDP Thanh Phước, phường Hoá Châu, thành phố Huế đến TDP Thuận Hoà, phường Hoá Châu, thành phố Huế. Kính mong cơ quan chức năng xử lý.","Kết quả xử lý
Sở Xây dựng
Kính gửi: Quý Ông/Bà.
Vấn đề quý Ông/Bà phản ánh, Sở Xây Dựng xin thông báo kết quả như sau:
Vị trí quý Ông/Bà phản ánh là đoạn tuyến thuộc Km7-Km8 đường Tỉnh 8B. Đoạn tuyến này đã nằm trong danh mục nâng cấp sửa chữa 2026, Sở Xây dựng sẽ cho kiểm tra và đảm bảo giao thông các vị trí nguy hiểm.
Chân thành cảm ơn quý Ông/Bà.
Trân trọng./.
Hạn xử lý: 10/04/2026
Ngày xử lý: 09/04/2026",Đã xử lý,https://tuongtac.hue.gov.vn/phan-anh/duong-di-o-ga-tai-tdp-thanh-phuoc-a219559.html
115,Hue,09:31 01/04/2026,"Tại đèn đỏ đường Hoàng Văn Thụ ra ngã tư Trường Chinh, tình trạng xe đậu đỗ ở khu vực đèn đỏ làm ảnh hưởng đến việc tham gia giao thông, kiến nghị lắp biển cấm đậu đỗ ở khu vực gần đèn đỏ, làn đường nhỏ mà đậu đỗ xe như vậy dẫn đến tình trạng các xe cùng chiều phải đi lấn làn để né tránh gây nguy hiểm khi tham gia giao thông.","Kết quả xử lý
Trung tâm Quản lý và Khai thác hạ tầng thành phố Huế
Kính gửi: Quý Ông/Bà.
Vấn đề Quý Ông/Bà phản ánh, Trung tâm Quản lý và Khai thác hạ tầng thành phố Huế xin thông báo kết quả như sau:
Sau khi nhận được phản ánh, Trung tâm đã tiến hành kiểm tra và nhận thấy kiến nghị của Quý Ông/Bà là phù hợp. Trung tâm sẽ rà soát, tổng hợp để đề xuất kế hoạch lắp đặt các biển cấm đỗ trong phạm vi các nút giao có đèn tín hiệu giao thông.
Chân thành cảm ơn Quý Ông/Bà.
Trân trọng./.
Hạn xử lý: 10/04/2026
Ngày xử lý: 03/04/2026",Đã xử lý,https://tuongtac.hue.gov.vn/phan-anh/kien-nghi-lap-bien-bao-cam-do-xe-tai-den-do-duong-hoang-van-thu-ra-nga-tu-truong-chinh-a219557.html
116,Hue,07:54 01/04/2026,"Kính gửi Trung tâm đô thị xanh và phường Thuỷ Xuân.
Chúng tôi muốn kiến nghị về việc làm đường tại kiệt 100 Lê Ngô Cát, phường Thuỷ Xuân.
Sau khi kiến nghị về việc làm đường hiện tại đã được triển khai, chúng tôi rất vui mừng và xin cảm ơn nhà nước và các cấp đã quan tâm đến đời sống của dân.
Nhưng hiện tại có phát sinh sau khi nới rộng đường thì dòng nước chảy bị chặn và cống vào xóm bị bóp nhỏ lại, nên nước không được lưu thông cũng như cống hẹp nước không kịp chảy mùa mưa gây ngập úng cục bộ. Các hộ cũng họp để bàn làm nhưng chi phí quá cao vượt khả năng của các hộ.
Kiến nghị xem xét và hỗ trợ nới rộng miệng cống và nâng cấp phần đường ở miệng cống cao lên xíu tránh ngập lụt mùa mưa.
Xin chân thành cảm ơn !","Kết quả xử lý
Phường Thủy Xuân
Kính gửi: Quý Ông/Bà.
Vấn đề quý Ông/Bà phản ánh, UBND phường Thủy Xuân xin thông báo kết quả như sau:
Kiệt 100 đường Lê Ngô Cát do Văn phòng HĐND và UBND phường làm chủ đầu tư, hiện đang được triển khai thi công thực tế. Kiến nghị của 06 hộ dân về việc xem xét, hỗ trợ nới rộng miệng cống và nâng cấp phần đường tại khu vực miệng cống để tránh ngập lụt nằm ngoài phạm vi của dự án nâng cấp kiệt 100 đường Lê Ngô Cát. Hiện nay, kinh phí dự phòng của dự án không còn, nên không thể điều chỉnh, bổ sung khối lượng theo nội dung phản ánh trên Hue-S.
Sau khi hoàn thành thi công, đơn vị thi công sẽ tiến hành nạo vét trong phạm vi dự án, đảm bảo không làm ảnh hưởng đến tình trạng ngập lụt của khu vực. UBND phường Thủy Xuân xin ghi nhận ý kiến của người dân để xem xét, ưu tiên bổ sung chỉnh trang trong thời gian tới khi có điều kiện.
Chân thành cảm ơn quý Ông/Bà.
Trân trọng./.
1/2
12
Hạn xử lý: 10/04/2026
Ngày xử lý: 06/04/2026",Đã xử lý,https://tuongtac.hue.gov.vn/phan-anh/phan-anh-bat-cap-cong-nuoc-tai-kiet-100-le-ngo-cat-a219544.html
117,Hue,18:03 31/03/2026,Đề nghị đẩy nhanh tiến độ thi công công trình chỉnh trang vỉa hè từ cầu Đông Ba đến cầu Thanh Long đường Huỳnh Thúc Kháng để người dân để xe được trên vỉa hè.,"Kết quả xử lý
Ban Quản lý Dự án Đầu tư xây dựng khu vực 1
Kính gửi: Quý Ông/Bà.
Vấn đề quý Ông/Bà phản ánh, Ban Quản lý dự án Đầu tư xây dựng khu vực 1 (Ban QLDA) xin thông báo kết quả như sau:
Hiện nay, Nhà thầu thi công tại dự án Chỉnh trang vải hè đường Huỳnh Thúc Kháng (từ cầu Đông Ba đến cống Thanh Long) đã ngừng triển khai thi công. Ban QLDA đã nhiều lần ban hành văn bản yêu cầu, đôn đốc Nhà thầu khẩn trương tiếp tục thi công nhằm hoàn thành dự án; tuy nhiên, đến nay Nhà thầu không có phản hồi và không cam kết tiến độ thực hiện. Hành vi nêu trên của Nhà thầu là vi phạm các điều khoản của hợp đồng đã ký kết. Do đó, Ban QLDA đã ban hành văn bản thông báo chấm dứt hợp đồng, đồng thời thực hiện các biện pháp xử lý theo quy định của hợp đồng.
Trong trường hợp Nhà thầu vẫn không triển khai thi công trở lại, Ban QLDA sẽ báo cáo, xin ý kiến cấp có thẩm quyền quyết định đầu tư để thực hiện thủ tục chấm dứt hợp đồng và tổ chức lựa chọn Nhà thầu khác tiếp tục triển khai thi công. Dự kiến thời gian thực hiện trong tháng 6 năm 2026. Ban QLDA thông tin để quý Ông/Bà được biết.
Chân thành cảm ơn quý Ông/Bà.
Trân trọng./.
Hạn xử lý: 10/04/2026
Ngày xử lý: 09/04/2026",Đã xử lý,https://tuongtac.hue.gov.vn/phan-anh/day-nhanh-thi-cong-via-he-tai-duong-huynh-thuc-khang-a219510.html
118,Hue,16:21 31/03/2026,"Kiến nghị các cơ quan liên quan, đề nghị xử lý các loại dây điện (cáp viễn thông) chằng chịt, tại các cột điện, đã xảy ra chập cháy nhiều lần, tại kiệt 26 Trưng Nữ Vương, phường Phú Bài (nay là đường Trần Huy Tích), phường Phú Bài, TP Huế. (Cột điện số nhà 04, 64, 10,16)","Kết quả xử lý
Sở Khoa học và Công nghệ
Kính gửi: Quý Ông/Bà.
Vấn đề quý Ông/Bà phản ánh, Sở Khoa học và Công nghệ xin thông báo kết quả như sau:
Sở Khoa học và Công nghệ đã chỉ đạo các Doanh nghiệp viễn thông kiểm tra và xử lý làm gọn dây mạng tại vị trí trên (Đính kèm hình ảnh).
Chân thành cảm ơn quý Ông/Bà.
Trân trọng./.
Hạn xử lý: 10/04/2026
Ngày xử lý: 06/04/2026",Đã xử lý,https://tuongtac.hue.gov.vn/phan-anh/day-dien-cap-vien-thong-chang-chit-kiet-26-trung-nu-vuong-a219504.html
119,Hue,15:49 31/03/2026,"Dây điện tràn thấp xuống bề mặt vườn tại 18 đường Nguyễn Đăng Thịnh, phường Hương An trong thời gian dài chưa thấy xử lý, rất nguy hiểm. Kính mong cơ quan chức năng liên quan xử lý. Xin cám ơn.","Kết quả xử lý
Sở Khoa học và Công nghệ
Kính gửi: Quý Ông/Bà.
Vấn đề quý Ông/Bà phản ánh, Sở Khoa học và Công nghệ xin thông báo kết quả như sau:
Sở Khoa học và Công nghệ đã chỉ đạo các Doanh nghiệp viễn thông kiểm tra và xử lý làm gọn dây mạng tại vị trí trên (Đính kèm hình ảnh).
Chân thành cảm ơn quý Ông/Bà.
Trân trọng./.
Hạn xử lý: 10/04/2026
Ngày xử lý: 16/04/2026",Đã xử lý,https://tuongtac.hue.gov.vn/phan-anh/day-dien-sa-xuong-duong-gay-nguy-hiem-tai-18-nguyen-dang-thinh-a219499.html
120,Hue,11:15 31/03/2026,"Phản ánh tuyến đường chính 19,5 mét, khu quy hoạch Thuỷ Thanh 2, phường Thanh Thuỷ, cây cỏ mọc um tùm trên hành lang đi bộ, không xứng là 1 đô thị xanh, sạch, hiện đại. Đề nghị cơ quan chức năng xử lý các hành lang đi bộ này, trở về hiện trạng sạch sẽ, không cỏ cây mọc um tùm làm mất mỹ quan quan cảnh đô thị.","Kết quả xử lý
Phường Thanh Thủy
Kính gửi: Quý Ông/Bà.
Vấn đề Quý Ông/Bà phản ánh, UBND phường Thanh Thủy xin thông báo kết quả như sau:
Sau khi tiếp nhận phản ánh, UBND phường đã chỉ đạo Trung tâm Dịch vụ sự nghiệp công kiểm tra, xử lý. Qua kiểm tra hiện trường, khu quy hoạch Thủy Thanh hiện do Ban Quản lý Đầu tư Xây dựng và Phát triển đô thị thành phố quản lý, bao gồm hệ thống vỉa hè và cây xanh. Ghi nhận tại một số vị trí trên vỉa hè còn tồn tại cỏ mọc cục bộ.
Trong thời gian tới, UBND phường sẽ đề nghị Ban Quản lý Đầu tư Xây dựng và Phát triển đô thị thành phố quan tâm, tăng cường công tác dọn cỏ, cắt tỉa cây xanh tại khu vực này. Đồng thời, đề nghị Quý Ông/Bà hưởng ứng phong trào “Chủ Nhật xanh”, cùng tham gia vệ sinh khu vực xung quanh nhằm đảm bảo mỹ quan đô thị.
Chân thành cảm ơn Quý Ông/Bà.
Trân trọng./.
Hạn xử lý: 09/04/2026
Ngày xử lý: 29/04/2026",Đã xử lý,https://tuongtac.hue.gov.vn/phan-anh/kien-nghi-ve-sinh-sach-se-cay-co-moc-tran-ra-duong-195m-kqh-thuy-thanh-a219473.html
121,Hue,08:47 31/03/2026,Vào lúc 8h05 ngày 31/3/2026 tại số nhà 26 kiệt 16 đường Hai Bà Trưng có cột điện tại ngã ba xuống cấp gây nguy cơ cháy nổ và dây điện lòng thòng nguy hiểm đến người xung quanh. Kính mong cơ quan chức năng có hướng xử lý giúp người dân. Xin cám ơn.,"Kết quả xử lý
Sở Khoa học và Công nghệ
Kính gửi: Quý Ông/Bà.
Vấn đề quý Ông/Bà phản ánh, Sở Khoa học và Công nghệ xin thông báo kết quả như sau:
Sở Khoa học và Công nghệ đã chỉ đạo các Doanh nghiệp viễn thông kiểm tra và xử lý làm gọn dây mạng tại vị trí trên (Đính kèm hình ảnh).
Chân thành cảm ơn quý Ông/Bà.
Trân trọng./.
Hạn xử lý: 09/04/2026
Ngày xử lý: 06/04/2026",Đã xử lý,https://tuongtac.hue.gov.vn/phan-anh/kien-nghi-xu-ly-day-vien-thong-tai-26-16-hai-ba-trung-a219455.html
122,Hue,16:47 30/03/2026,"Hố ga và cống nước bị hỏng ngay ngã 3 ở địa chỉ số 6 Hoàng Quốc Việt và kiệt 15 Tôn Quang Phiệt.
Thời gian chụp ảnh ngày 29/3/2026.","Kết quả xử lý
Trung tâm Quản lý và Khai thác hạ tầng thành phố Huế
Kính gửi: Quý Ông/Bà. 
Vấn đề quý Ông/Bà phản ánh, Trung tâm Quản lý và Khai thác Hạ tầng thành phố Huế xin thông báo kết quả như sau:
- Nguyên nhân đường bị sụt lún: Do xe bê tông đang thi công công trình vào kiệt gây ra (công trình của hộ dân đang sinh sống trong kiệt) .
- Ngay khi xảy ra sự cố, Trung tâm DVSNC phường An Cựu cùng với Công ty CP Môi trường và Công trình đô thị Huế đã tiến hành lập biên bản với chủ công trình, các bên đã thống nhất việc khắc phục sẽ do chủ công trình thực hiện (biên bản đính kèm). Sáng ngày 9/4/2026 hộ dân đã thực hiện việc sửa chữa hư hỏng (Đính kèm hình ảnh). 
Chân thành cảm ơn quý Ông/Bà.
Trân trọng.
1/2
12
Hạn xử lý: 09/04/2026
Ngày xử lý: 10/04/2026",Đã xử lý,https://tuongtac.hue.gov.vn/phan-anh/ho-ga-va-cong-nuoc-bi-hong-tai-nga-3-hoang-quoc-viet-va-ton-quang-phiet-a219416.html
123,Hue,15:51 30/03/2026,"Đoạn đường Võ Văn Kiệt, đoạn Trưng Nữ Vương với cầu vượt Thủy Dương, ngã 3 vào nhà nghỉ I like thường xuyên có nhiều xe máy bị trượt té, đa số là sinh viên, do có nhiều cát sạn trên đường. Đề nghị chính quyền có cách khắc phục.","Kết quả xử lý
Sở Xây dựng
Kính gửi: Quý Ông/Bà.
Vấn đề quý Ông/Bà phản ánh, Sở Xây Dựng xin thông báo kết quả như sau:
Vị trí quý Ông/Bà phản ánh là đoạn tuyến thuộc Km3-Km4 đường Tỉnh 28. Hiện tại đơn vị bảo dưỡng thường xuyên đang triển khai cắt cỏ phát quang vệ sinh mặt đường đoạn tuyến trên nhằm phục vụ công tác nghiệm thu quý I/2026.
Chân thành cảm ơn quý Ông/Bà.
Trân trọng./.
Hạn xử lý: 08/04/2026
Ngày xử lý: 09/04/2026",Đã xử lý,https://tuongtac.hue.gov.vn/phan-anh/kien-nghi-don-dep-duong-vo-van-kiet-a219409.html
124,Hue,12:26 30/03/2026,"Hiện nay có công trình xây dựng tại ngã ba đường Đào Tấn - Trần Thái Tông, phường Thuận Hóa có cắt mặt đường Đào Tấn nhưng vá lấp sơ sài, cát sỏi gây nguy hiểm cho người tham gia giao thông. Kính đề nghị cơ quan chức năng kiểm tra xử lý. Hình ảnh ghi lại lúc 09h ngày 30/3/2026.","Kết quả xử lý
Trung tâm Quản lý và Khai thác hạ tầng thành phố Huế
Kính gửi: Quý Ông/Bà.
Vấn đề quý Ông/Bà phản ánh, Trung tâm Quản lý và Khai thác hạ tầng kỹ thuật thành phố Huế (Trung tâm) xin thông báo kết quả như sau:
Trung tâm đã khắc phục thảm lại đường hoàn thành (hình ảnh khắc phục đính kèm).
Chân thành cám ơn quý Ông/Bà.
Trân trọng./.
Hạn xử lý: 08/04/2026
Ngày xử lý: 09/04/2026",Đã xử lý,https://tuongtac.hue.gov.vn/phan-anh/duong-cat-soi-gay-nguy-hiem-tai-nga-ba-dao-tan---tran-thai-tong-a219391.html
125,Hue,11:29 30/03/2026,"Tiến độ thi công quá chậm, ảnh hưởng đến cuộc sống người dân.
Đoạn đường rất ngắn chưa tới 2km, nằm trong tuyến liên phường Dương Nỗ - Phú Thượng, đi ngang qua tổ dân phố Thanh Vinh (làng Thanh Tiên cũ), đã thi công nhiều tháng những mãi không hoàn thành, nhiều ngày ngưng trệ, làm xong mỗi công đoạn rồi để đó kéo dài, gây ra nhiều vấn đề ảnh hưởng sau đây:
1. Người dân sống hai bên đường hằng ngày phải đối diện với bụi đường rất nhiều, ảnh hưởng đến cuộc sống và sức khỏe
2. Sỏi đá đã rãi nhưng không đổ bê tông hay rãi nhựa, tiềm ẩn nguy cơ gây tai nạn giao thông nặng. Đặc biệt rất nhiều ổ gà xuất hiện, rất nguy hiểm.
3. Việc đi lại của người dân khá bất tiện, khó khăn, gây hư hỏng phương tiện đi lại của bà con.
Sau phản ánh này, chúng tôi ghi nhận ngày phản ánh và đề nghị các đơn vị liên quan giải quyết tránh các nguy cơ hậu quả trong phản ảnh này","Kết quả xử lý
Phường Dương Nỗ
Kính gửi: Quý Ông/Bà.
Vấn đề quý Ông/Bà phản ánh, UBND Dương Nỗ xin thông báo kết quả như sau:
- Dự án Nâng cấp tuyến đường liên phường Phú Thượng - Phú Mậu giai đoạn 3 đã được UBND quận Thuận Hoá phê duyệt theo QĐ số 2174/QĐ-UBND ngày 28/4/2025. Dự án đang thi công.
- Theo hồ sơ thiết đã được phê duyệt, Từ Ko đến cọc 22 đã hoàn thành đổ bê tông (Cty Châu Lê), từ cọc 22 đến cầu Bản ( Cty Rồng Việt).
- Ngày 01/04/2026 Văn phòng HĐND&UBND đã mời đơn vị thi công Rồng Việt làm việc tại UBND phường do đồng chí Nguyễn Văn Trai Phó Chủ tịch UBND chủ trì cuộc họp. Đơn vị cũng đã nêu những khó khăn như là khan hiếm đá để sản xuất bê tông, những nhà máy sản xuất bê tông trên địa bàn thành phố Huế do khan hiếm nguyên vật liệu nên một số nhà máy tạm ngưng cung cấp bê tông thành phẩm.
- Đơn vị thi công cũng cam kết lúc nào các nhà máy sản xuất bê tông hoạt động trở lại sẽ tiến hành đổ bê tông. Nếu nguyên vật liệu trên địa bàn thành phố thời gian tới chưa ổn định. Đơn vị thi công sẽ nhập bê tông thành phẩm ở ngoại tỉnh để thực hiện đúng theo hợp đồng đã kí kết.
Chân thành cảm ơn quý Ông/Bà.
Trân trọng!
Hạn xử lý: 08/04/2026
Ngày xử lý: 07/04/2026",Đã xử lý,https://tuongtac.hue.gov.vn/phan-anh/kien-nghi-day-nhanh-tien-do-thi-cong-di-ngang-tdp-thanh-vinh-a219385.html
126,Hue,08:31 30/03/2026,"Đoạn đường Nguyễn Thị Bích Chi, thôn 1A, phường Phú Bài, đoạn đường xây dựng hơn 1km, tiến độ chậm làm ảnh hưởng đến đời sống người dân, đường chưa đổ nhựa gây ô nhiễm không khí nghiêm trọng. Đề nghị cơ quan ban ngành có liên quan quan tâm thúc đẩy nhà thầu đẩy nhanh tiến độ.
Xin cảm ơn.","Kết quả xử lý
Phường Phú Bài
Kính gửi: Quý Ông/Bà.
Vấn đề Quý Ông/Bà phản ánh, UBND phường Phú Bài xin thông báo kết quả như sau:
Hiện nay, đơn vị thi công đã hoàn thành việc thi công và nghiệm thu đo độ chặt đối với lớp cấp phối đá dăm mặt đường. UBND phường Phú Bài đã chỉ đạo các đơn vị thi công đẩy nhanh tiến độ để sớm hoàn thành dự án.
UBND phường xin thông tin để quý Ông/Bà được biết.
Chân thành cảm ơn Quý Ông/Bà.
Trân trọng./.
Hạn xử lý: 08/04/2026
Ngày xử lý: 09/04/2026",Đã xử lý,https://tuongtac.hue.gov.vn/phan-anh/kien-nghi-day-nhanh-thi-cong-duong-tai-duong-nguyen-thi-bich-chi-a219365.html
127,Hue,07:39 30/03/2026,"Tôi đã phản ánh 2 lần trước đó trên Hue-S về tình trạng thi công công trình thoát nước đường Đông Du, phường Phong Điền và đã được phản hồi là sẽ xử lý. Tuy nhiên, đến nay vẫn chưa có chuyển biến thực tế.
Hiện trạng:
• Công trình đào bới kéo dài hơn 6 tháng nhưng chưa hoàn thiện.
• Để lại hố sâu, đất đá, vật liệu chắn ngang đường.
• Không có biện pháp che chắn, cảnh báo an toàn đầy đủ.
Hậu quả:
• Gây nguy hiểm cho người tham gia giao thông.
• Ảnh hưởng nghiêm trọng đến môi trường, mỹ quan khu dân cư.
• Gia đình tôi đang xây dựng nhà ở nhưng không thể vận chuyển vật liệu, làm đình trệ tiến độ, thiệt hại chi phí.
Tôi đề nghị:
1. Kiểm tra và có phản hồi cụ thể về tiến độ công trình.
2. Yêu cầu đơn vị thi công khẩn trương hoàn thiện, trả lại mặt bằng.
3. Có biện pháp đảm bảo an toàn ngay lập tức cho người dân.
Đây là lần phản ánh thứ 3, kính đề nghị cơ quan có thẩm quyền xử lý dứt điểm, tránh kéo dài gây bức xúc cho người dân.","Kết quả xử lý
Phường Phong Điền
Kính gửi: Quý Ông/Bà.
Vấn đề quý Ông/Bà phản ánh, UBND phường Phong Điền đã chỉ đạo Phòng Kinh tế, Hạ tầng và Đô thị phường kiểm tra và xin thông báo kết quả như sau:
Đối với nội dung phản ánh liên quan đến công trình thoát nước đường Đông Du chậm tiến độ, gây mất an toàn và ảnh hưởng đến sinh hoạt của người dân.
Qua kiểm tra xác định công trình do Ban Quản lý dự án Đầu tư xây dựng khu vực 2 thuộc UBND thành phố làm chủ đầu tư. UBND phường trước đó đã có Công văn số 1328/UBND-KTHT ngày 10/3/2026 đề nghị chủ đầu tư cung cấp thông tin về tiến độ thực hiện để làm cơ sở trả lời công dân.
Đến nay, Ban Quản lý dự án Đầu tư xây dựng khu vực 2 đã ban hành Thông báo số 184/TB-BQLDA ngày 02/4/2026 về việc tiếp tục triển khai thi công công trình Mở rộng đường Đông Du, thời gian thực hiện từ ngày 04/4/2026 đến ngày 26/4/2026. Phòng Kinh tế, Hạ tầng và Đô thị báo cáo UBND phường được biết để tiếp tục chỉ đạo (kèm thông báo số 184/TB-BQLDA ngày 02/4/2026).
Chân thành cảm ơn quý Ông/Bà.
Trân trọng./.
File đính kèm:
Hạn xử lý: 08/04/2026
Ngày xử lý: 09/04/2026",Đã xử lý,https://tuongtac.hue.gov.vn/phan-anh/kien-nghi-day-nhanh-thi-cong-cong-thoat-nuoc-tai-duong-dong-du-a219357.html
128,Hue,20:46 29/03/2026,"Vỉa hè bị sập nhiều năm, đã nhiều người đi bộ ngang qua vấp phải, gây nguy hiểm, đã nhiều năm chưa tu sửa. Mong cơ quan chức năng sửa chữa lại vị trí này.
Vị trí cần sửa chữa: 65 Chi Lăng, phường Phú Xuân, thành phố Huế.","Kết quả xử lý
Trung tâm Quản lý và Khai thác hạ tầng thành phố Huế
Kính gửi: Quý Ông/Bà.
Vấn đề quý Ông/Bà phản ánh, Trung tâm Quản lý và Khai thác Hạ tầng thành phố Huế xin thông báo kết quả như sau:
Sau khi nhận được phản ánh, Trung tâm đã phối hợp với Công ty CP Môi trường và Công trình đô thị Huế tiến hành kiểm tra, khảo sát hiện trạng và đã đưa vào kế hoạch để sửa chữa trong Quý II năm 2026. 
Chân thành cảm ơn quý Ông/Bà.
Trân trọng./.
1/2
12
Hạn xử lý: 09/04/2026
Ngày xử lý: 09/04/2026",Đã xử lý,https://tuongtac.hue.gov.vn/phan-anh/kien-nghi-sua-chua-via-he-tai-65-chi-lang-a219338.html
129,Hue,16:52 29/03/2026,"Đường tỉnh lộ 10A qua thôn Vĩnh Lương Khê, Xã Phú Hồ, thành phố Huế đã nhiều lần kiến nghị tuy nhiên vẫn chưa thi công. Đường mới đổ đá cấp phối xe chạy ổ gà rất nguy hiểm. Ngoài ra xe chạy rất bụi ảnh hưởng đến sức khỏe người dân. Yêu cầu cơ quan chức năng triển khai thi công sớm. Trân trọng","Kết quả xử lý
Sở Xây dựng
Kính gửi: Quý Ông/Bà.
Vấn đề quý Ông/Bà phản ảnh, Sở Xây dựng xin thông báo kết quả như sau:
Tuyến đường 10A đã được thi công 80%, còn 20% đã được thi công hoàn thành cấp phối đá dăm; Sở Xây dựng đang đôn đốc nhà thầu thi công hoàn thành. Tuy nhiên, đơn vị thi công đã có Tờ trình số 46/KHKT-Cty501.1 ngày 09/4/2026 gửi Sở Xây dựng về việc xin tạm dừng thi công do vấn đề nêu trên (do diễn biến tình hình chiến sự ở Trung Đông phức tạp, dẫn đến giá vật liệu và xăng dầu tăng cao đột biến ảnh hưởng tới quá trình triển khai thi công).
Trong thời gian tới, Sở Xây dựng sẽ làm việc với đơn vị thi công yêu cầu đảm bảo an toàn giao thông; tháo gỡ các khó khăn, vướng mắc để đẩy nhanh tiến độ dự án.
Chân thành cảm ơn quý Ông/Bà.
Trân Trọng./.
File đính kèm:
Hạn xử lý: 08/04/2026
Ngày xử lý: 14/04/2026",Đã xử lý,https://tuongtac.hue.gov.vn/phan-anh/do-da-cap-phoi-gay-nguy-hiem-tai-duong-tinh-lo-10a-a219326.html
130,Hue,15:43 29/03/2026,"Kiến nghị xử lý dây viễn thông tại ngã tư đường Lý Thường Kiệt - Nguyễn Huệ, tại vị trí này đã gửi 1 lần và có hẹn xử lý trước ngày 8/10 năm 2025, đến bây giờ vẫy chưa xử lý, đề nghị các đơn vị liên quan xử lý dứt điểm tránh gây mất mỹ quan!","Kết quả xử lý
Sở Khoa học và Công nghệ
Kính gửi: Quý Ông/Bà.
Vấn đề quý Ông/Bà phản ánh, Sở Khoa học và Công nghệ xin thông báo kết quả như sau:
Sở Khoa học và Công nghệ đã chỉ đạo các Doanh nghiệp viễn thông kiểm tra và xử lý làm gọn dây mạng tại vị trí trên (Đính kèm hình ảnh).
Chân thành cảm ơn quý Ông/Bà.
Trân trọng./.
Hạn xử lý: 08/04/2026
Ngày xử lý: 06/04/2026",Đã xử lý,https://tuongtac.hue.gov.vn/phan-anh/kien-nghi-xu-ly-day-vien-thong-tai-nga-tu-duong-ly-thuong-kiet---nguyen-hue-a219320.html
131,Hue,14:23 29/03/2026,"Kính gửi cơ quan chức năng, tại địa chỉ: 74 Lý Thái Tổ, phường Hương An, Thành phố Huế, rễ của cây xanh vỉa hè đã phát triển lớn và đâm vào phần nền móng nhà, gây hiện tượng bong tróc gạch nền và có dấu hiệu ảnh hưởng đến kết cấu công trình.
Tình trạng này đang có xu hướng nghiêm trọng hơn và tiềm ẩn nguy cơ mất an toàn cho nhà ở. Kính đề nghị cơ quan chức năng kiểm tra thực tế và có biện pháp xử lý phù hợp (cắt tỉa rễ hoặc xử lý cây xanh) để đảm bảo an toàn. Xin cảm ơn!","Kết quả xử lý
Trung tâm Công viên cây xanh thành phố Huế
Kính gửi: Quý Ông/Bà.
Vấn đề quý Ông/Bà phản ánh, Trung tâm Công viên Cây xanh thành phố Huế (Trung tâm) xin thông báo kết quả như sau:
Cây xanh tại 74 Lý Thái Tổ đã được cắt mé gọn gàng đảm bảo an toàn, Trung tâm cũng đã trao đổi với chủ nhà về việc cây xanh nằm trong diện di dời để chỉnh trang lại vỉa hè của tuyến đường này trong thời gian tới.
Chân thành cảm ơn quý Ông/Bà.
Trân trọng./.
Hạn xử lý: 08/04/2026
Ngày xử lý: 08/04/2026",Đã xử lý,https://tuongtac.hue.gov.vn/phan-anh/cat-tia-hoac-xu-ly-cay-xanh-tai-74-ly-thai-to-a219317.html
132,Hue,21:04 28/03/2026,"Đường Thánh Gióng đoạn từ đường Phan Huy chú đến đường Nguyễn Trãi xe ô tô đậu đỗ 2 bên đường lộn xộn, có chỗ 2 xe đỗ đối xứng 2 bên làm lối giao thông chật hẹp. Ở đoạn này có nhà có xe tải, xe ben cứ đi về là đỗ ngay ngoài đường suốt cả ngày lẫn đêm, như nhà xe vật liệu xây dựng có 2 chiếc xe tải đỗ chiếm cả hết lòng đường.
Nói chung đường Thánh Gióng nhỏ hẹp nhà cửa dân cư 2 bên đông đúc việc đậu đỗ xe như vậy ảnh hưởng đến người dân tham gia giao thông và người dân 2 bên đường trong khu vực này.
Vậy tôi kiến nghị cơ quan chức năng nghiên cứu xem xét để kêu gọi các chủ xe kiếm chỗ mà đỗ xe hoặc có bảng cấm đậu đỗ/đậu xe theo ngày chẵn lẻ chứ đỗ 2 bên đường lâu dài ảnh hưởng đến người dân là quá phiền phức rồi.
Ảnh, clip lúc 17g ngày 28 tháng 3 năm 2026.","Kết quả xử lý
Trung tâm Quản lý và Khai thác hạ tầng thành phố Huế
Kính gửi: Quý Ông/Bà.
Vấn đề quý Ông/Bà phản ánh, Trung tâm Quản lý và Khai thác Hạ tầng thành phố Huế xin thông báo kết quả như sau:
Trung tâm xin ghi nhận ý kiến đóng góp của quý Ông/Bà và sẽ phối hợp với các đơn vị liên quan nghiên cứu phương án đỗ xe phù hợp thực tế trên tuyến.
Chân thành cảm ơn quý Ông/Bà.
Trân trọng./.
Hạn xử lý: 08/04/2026
Ngày xử lý: 06/04/2026",Đã xử lý,https://tuongtac.hue.gov.vn/phan-anh/kien-nghi-co-bang-cam-dau-do-dau-xe-theo-ngay-chan-le-tai-duong-thanh-giong-a219267.html
133,Hue,16:24 28/03/2026,"Ngày 28_03_2026
Địa chỉ : kiệt 1/102 Địa Linh _ phường Hoá Châu
Bắt camera anh ninh xóm quá thấp, chìa ra không gian công cộng gây cản trở xe lưu thông, ảnh hưởng chung cho xóm. Nếu nhà ai có cháy nổ , xe cứu hỏa lưu thông không được, gây cản trở, vì xóm rất rộng ngang hơn 6m
Kính mong cơ quan chức năng kiểm tra Và yêu cầu ông Đều chỉnh lại cho xóm.","Kết quả xử lý
Phường Hóa Châu
Kính gửi: Quý Ông/Bà.
Vấn đề quý Ông/Bà phản ánh, UBND phường Hoá Châu xin thông báo kết quả như sau:
Ngày 30/3/2026, UBND phường Hoá Châu đã nhận được kiến nghị bắt cao Camera tại kiệt 1/102 Địa Linh và đã chỉ đạo Phòng Kinh tế, hạ tầng và Đô thị phân công chuyên viên phụ trách lĩnh vực phối hợp với TDP Minh Thanh tiến hành kiểm tra.
Qua kiểm tra, tại kiệt 1/102 Địa Linh thì có bắt 3 camera trên khung sắt nối vào cột điện với chiều cao 3,1m chưa đảm bảo quy định. Vì vậy Phòng Kinh tế, hạ tầng và Đô thị sẽ phối hợp với các Tổ dân phố, Công an phường và các hộ dân trong đường kiệt 1/102 Địa Linh để điều chỉnh độ cao camera cho đúng quy định trước ngày 11/4/2026.
Chân thành cảm ơn quý Ông/bà.
Trân trọng./.
Hạn xử lý: 08/04/2026
Ngày xử lý: 08/04/2026",Đã xử lý,https://tuongtac.hue.gov.vn/phan-anh/kien-nghi-bat-cao-camera-tai-kiet-1-102-dia-linh-a219245.html
134,Hue,15:36 28/03/2026,Cây che khuất tín hiệu giao thông đường Lê Duẩn (cửa Nhà Đồ). Kính đề nghi đơn vị quản lý xử lý.,"Kết quả xử lý
Trung tâm Công viên cây xanh thành phố Huế
Kính gửi: Quý Ông/Bà.
Vấn đề quý Ông/Bà phản ánh, Trung tâm Công viên Cây xanh thành phố Huế xin thông báo kết quả như sau:
Trung tâm đã cắt mé một số cành, nhánh cây xanh tại tuyến đường Lê Duẩn che khuất đèn tín hiệu giao thông đảm bảo thông thoáng tầm nhìn cho các phương tiện tham gia giao thông (đính kèm hình ảnh).
Chân thành cảm ơn quý Ông/Bà.
Trân trọng./.
  Hạn xử lý: 08/04/2026
Ngày xử lý: 31/03/2026",Đã xử lý,https://tuongtac.hue.gov.vn/phan-anh/cay-che-khuat-tin-hieu-giao-thong-duong-le-duan-a219239.html
135,Hue,14:00 28/03/2026,"Đoạn giao nhau với đường sắt và đường Phan Bội Châu lần trước tôi có phản hồi có nhiều ổ gà gây nguy hiểm cho người đi đường, tuy đã có sửa chữa nhưng rất sơ xài, tôi cũng đã bình luận vào bài phản ánh của tôi nhưng không được phản hồi hay khắc phục. Nay tôi tiếp tục phản ánh nhờ các cấp kiểm tra và sửa chữa lại điểm giao này sớm. Trân trọng!","Kết quả xử lý
Công ty cổ phần đường sắt Bình Trị Thiên
Kính gửi: Quý Ông/Bà.
Vấn đề quý Ông/Bà phản ánh, Công ty Cổ phần Đường sắt Bình Trị Thiên (Công ty) xin thông báo kết quả như sau:
Công ty nhận được phản ánh của quý Ông/Bà, Công ty đã bố trí cán bộ kiểm tra hiện trường và sẽ khắc phục xong trong ngày 04/4/2026.
Chân thành cảm ơn quý Ông/Bà.
Trân trọng./.
Hạn xử lý: 13/04/2026
Ngày xử lý: 02/04/2026",Đã xử lý,https://tuongtac.hue.gov.vn/phan-anh/kien-nghi-sua-chua-doan-giao-nhau-voi-duong-sat-va-duong-phan-boi-chau-a219232.html
136,Hue,06:52 28/03/2026,"Cây xanh che bóng đèn chiếu sáng đô thị tại 19 Thạch Hãn, phường Phú Xuân. Kính gửi cơ quan chức năng xử lý.","Kết quả xử lý
Trung tâm Công viên cây xanh thành phố Huế
Kính gửi: Quý Ông/Bà.
Vấn đề quý Ông/Bà phản ánh, Trung tâm Công viên Cây xanh thành phố Huế xin thông báo kết quả như sau:
Trung tâm đã cắt mé các cành, nhánh cây xanh che bóng đèn chiếu sáng tại 19 Thạch Hãn đảm bảo thông thoáng (đính kèm hình ảnh).
Chân thành cảm ơn quý Ông/Bà.
Trân trọng./.
Hạn xử lý: 08/04/2026
Ngày xử lý: 08/04/2026",Đã xử lý,https://tuongtac.hue.gov.vn/phan-anh/cay-xanh-che-bong-den-chieu-sang-do-thi-tai-19-thach-han-a219199.html
137,Hue,20:56 27/03/2026,"Nút giao thông đường Tam Thai và Võ Văn Kiệt cạnh cầu Nam Sông Hương có đặt 1 biển báo cấm xe tải vào các khung giờ cao điểm rất hợp lý và được người dân rất đồng tình vì lưu lượng xe tải chạy vào giờ cao điểm quá nhiều đường lại hẹp, không có lề đường rất dễ gây ra tai nạn giao thông.
Tuy nhiên, biển báo đang đặt ở vị trí khuất tầm nhìn nên nhiều tài xe không quan sát thấy. Vì vậy, tôi kiến nghị cơ quan có chức năng đặt biển báo ở vị trí dễ nhìn thấy hơn. Vì chạy xe từ phía Võ Văn Kiệt xuống bị rất nhiều tán cây che khuất cộng thêm bị che bởi bản tên đường.
Trân trọng cảm ơn.","Kết quả xử lý
Trung tâm Quản lý và Khai thác hạ tầng thành phố Huế
Kính gửi: Quý Ông/Bà.
Vấn đề quý Ông/Bà phản ánh, Trung tâm Quản lý và Khai thác hạ tầng thành phố Huế (Trung tâm) xin thông báo kết quả như sau:
Sau khi nhận được phản ánh, Trung tâm đã tiến hành kiểm tra và di dời biển báo đến vị trí dễ quan sát hơn cho người tham gia giao thông (hình ảnh đính kèm).
Chân thành cảm ơn quý Ông/Bà.
Trân trọng./.
Hạn xử lý: 08/04/2026
Ngày xử lý: 03/04/2026",Đã xử lý,https://tuongtac.hue.gov.vn/phan-anh/bien-bao-cam-xe-tai-bi-che-khuat-tai-duong-tam-thai-va-vo-van-kiet-a219179.html
138,Hue,18:45 27/03/2026,Kiến nghị hạ giải ngôi nhà bỏ hoang sau khi giải tỏa mặt bằng ở đối diện số 141 đường Xuân 68. Ngôi nhà hiện nay có nguy cơ đổ sập đồng thời trở thành bãi rác sinh hoạt vứt bừa bãi. Kính gửi cơ quan chức năng xử lý. Xin cảm ơn.,"Kết quả xử lý
Ban Quản lý Dự án Đầu tư xây dựng khu vực 1
Kính gửi: Quý Ông/Bà.
Vấn đề quý Ông/Bà phản ánh, Ban Quản lý dự án Đầu tư xây dựng khu vực 1 (Ban QLDA) xin thông báo kết quả như sau:
Hiện nay, Ban QLDA đã bàn giao mặt bằng cho Nhà thầu thi công, dự kiến trước ngày 15/4/2026 Nhà thầu sẽ hoàn thành công tác hạ giải các ngôi nhà bỏ hoang tại vị trí quý Ông/Bà phản ánh.
Vậy Ban QLDA xin thông tin để quý Ông/Bà được rõ.
Chân thành cảm ơn quý Ông/Bà.
Trân trọng./.
Hạn xử lý: 03/04/2026
Ngày xử lý: 06/04/2026",Đã xử lý,https://tuongtac.hue.gov.vn/phan-anh/kien-nghi-ha-giai-ngoi-nha-bo-hoang-sau-khi-giai-toa-mat-bang-o-doi-dien-so-141-duong-xuan-68-a219165.html
139,Hue,17:41 27/03/2026,Cây bàng trước kiệt 35 Lương Văn Can có nhiều sâu róm. Cần quét vôi hoặc có biện pháp xử lý. Xin cảm ơn.,"Kết quả xử lý
Phường An Cựu
Kính gửi: Quý Ông/Bà.
Vấn đề quý Ông/Bà phản ánh, UBND phường An Cựu xin thông báo kết quả như sau:
Ngoài nội dung cây Bàng có nhiều sâu róm theo thông tin phản ánh. Phòng Kinh tế, hạ tầng và Đô thị phường đã khảo sát thì cây Bàng còn vươn ra đường Lương Văn Can gây mất an toàn giao thông nên đã tổ chức đốn hạ cây Bàng này.
Chân thành cảm ơn quý Ông/Bà.
Trân trọng./.
Hạn xử lý: 07/04/2026
Ngày xử lý: 07/04/2026",Đã xử lý,https://tuongtac.hue.gov.vn/phan-anh/kiem-tra-cay-bang-co-nhieu-sau-rom-tai-truoc-kiet-35-luong-van-can-a219158.html
140,Hue,16:17 27/03/2026,"Trạm biến áp An Ninh Hạ 4 (đầu kiệt 59 Lý Nam Đế, cạnh trường tiểu học Hương Long). Đề nghị xem xét lắp rào chắn an toàn cho TBA này. Vị trí đặt TBA này cạnh trường tiểu học rất nguy hiểm cho các cháu vì lý do nhận thức mức độ nguy hiểm chưa cao.","Kết quả xử lý
Công ty Điện lực Huế
Kính gửi: Quý Ông/Bà.
Vấn đề quý Ông/Bà phản ánh, Công ty Điện lực Huế xin thông báo kết quả như sau:
Trạm biến áp An Ninh Hạ 4 được xây dựng để nâng cao chất lượng điện áp tại khu vực, tuân thủ các quy định và tiêu chuẩn Quốc gia. Vị trí trạm đã được chính quyền địa phương thống nhất, quá trình vận hành Điện lực Bắc Sông Hương đã nâng cao tủ điện lên sát máy biến áp. Vị trí này không thể lắp hàng rào bao quanh, sẽ làm khuất tầm nhìn và gây cản trở giao thông. Điện lực Bắc Sông Hương sẽ lắp thêm cảnh báo an toàn tại trạm.
Chân thành cảm ơn quý Ông/Bà.
Trân trọng./.
Hạn xử lý: 07/04/2026
Ngày xử lý: 31/03/2026",Đã xử lý,https://tuongtac.hue.gov.vn/phan-anh/kien-nghi-lap-dat-rao-chan-cho-tba-an-ninh-ha-4-a219154.html
141,Hue,14:50 27/03/2026,"Kiến nghị UBND phường Thanh Thủy sớm cấp số nhà cho đường Phạm Công Trứ.
Đường Phạm Công Trứ đã được gắn biển tên đường từ năm 2024 nhưng đến nay vẫn chưa được đánh số nhà. Do đó để thuận lợi trong liên lạc địa chỉ nhà cho người dân sống trên tuyến đường, kiến nghị ubnd phường Thanh Thủy sớm cấp biển số nhà cho người dân.","Kết quả xử lý
Phường Thanh Thủy
Kính gửi: Quý Ông/Bà.
Vấn đề quý Ông/Bà phản ánh, UBND phường Thanh Thủy xin thông báo kết quả như sau:
Đề nghị hộ gia đình có nhu cầu liên hệ UBND phường Thanh Thủy, phòng Kinh tế, Hạ tầng và Đô thị phường để cấp chứng nhận số nhà theo đúng quy định.
Chân thành cảm ơn quý Ông/Bà.
Trân trọng./.
Hạn xử lý: 07/04/2026
Ngày xử lý: 27/04/2026",Đã xử lý,https://tuongtac.hue.gov.vn/phan-anh/kien-nghi-som-cap-so-nha-cho-duong-pham-cong-tru-a219145.html
142,Hue,13:58 27/03/2026,"Tại địa chỉ Lô L49 và L50 Đường Đức Bưu 3, Phường Hương An, TP Huế có cây xanh của đô thị đã chết héo khô. Nguyên nhân do nắng gắt nhiều ngày. Tôi xin phản ánh lên đây để phía đô thị có hướng xử lý sớm.","Kết quả xử lý
Trung tâm Công viên cây xanh thành phố Huế
Kính gửi: Quý Ông/Bà.
Vấn đề quý Ông/Bà phản ánh, Trung tâm Công viên Cây xanh thành phố Huế xin thông báo kết quả như sau:
Trung tâm đã chặt hạ cây chết khô tại Lô L49-L50 đường Đức Bưu 3 và sẽ trồng thay thế lại cây xanh khác trong thời gian sớm nhất (đính kèm hình ảnh).
Chân thành cảm ơn quý Ông/Bà.
Trân trọng./.
Hạn xử lý: 07/04/2026
Ngày xử lý: 31/03/2026",Đã xử lý,https://tuongtac.hue.gov.vn/phan-anh/kien-nghi-xu-ly-cay-xanh-chet-kho-tai-lo-l49-va-l50-duong-duc-buu-3-a219136.html
143,Hue,12:58 27/03/2026,"Cột mốc TP HCM - HÀ NỘI trước mặt nhà số 06 An Dương Vương đã bị gãy lìa do tai nạn xe máy. Hiện nay các công nhân chỉ dựng cột lên và chêm đá tạm thời vào chân cột, nên không được chắn chắn. Đây cũng là nơi các khách du lịch thường ghé lại chụp hình và người dân cũng đi qua lại liên tục. Nếu lỡ không may chạm vào thì sẽ đổ nên rất nguy hiểm. Kính mong cơ quan đô thị xử lý gấp để tránh gây nguy hiểm cho người dân. Xin cám ơn.","Kết quả xử lý
Văn phòng Quản lý đường bộ II.5
Kính gửi: Quý Ông/Bà.
Vấn đề Quý Ông/Bà phản ánh, Văn phòng QLĐB II.5 xin thông báo kết quả như sau:
Văn phòng đã chỉ đạo đơn vị bảo dưỡng thường xuyên kiểm tra, sửa chữa lại cột Km828 bị hư hỏng do phương tiện va quẹt (đính kèm hình ảnh).
Chân thành cảm ơn Quý Ông/Bà.
Trân trọng./.
Hạn xử lý: 07/04/2026
Ngày xử lý: 08/04/2026",Đã xử lý,https://tuongtac.hue.gov.vn/phan-anh/cot-moc-tp-hcm---ha-noi-truoc-mat-nha-so-06-an-duong-vuong-bi-hong-a219131.html
144,Hue,10:51 27/03/2026,Thành nguy cơ đổ sập rất cao gây nguy hiểm tính mạng con người lúc đi cận kề. Mong phường và gia đình có biện pháp khác phục để tránh nguy hiểm tính mạng người đi bộ hay xe máy tham gia giao thông đoạn đường này tại số nhà 104/25 Kim Long - TP Huế.,"Kết quả xử lý
Phường Kim Long
Kính gửi: Quý Ông/Bà.
Vấn đề quý Ông/Bà phản ánh, UBND phường Kim Long xin thông báo kết quả như sau:
Qua kiểm tra thực tế tại nhà số 104/25 Kim Long, Tổ kiểm tra đã làm việc với ông L là chủ hộ.
Kết quả ghi nhận: Bức tường giáp kiệt 69 Phạm Thị Liên có chiều dài khoảng 16m, cao khoảng 2m, hiện đang bị nghiêng và tách khỏi kết cấu trụ, tiềm ẩn nguy cơ đổ sập, chưa xác định được nguyên nhân cụ thể.
Theo ông L trình bày: Vào năm 2017, trong quá trình thi công mương thoát nước và nâng cấp đường kiệt đã làm ảnh hưởng đến móng công trình, dẫn đến tình trạng bức tường bị nghiêng. Tổ kiểm tra đã yêu cầu gia đình thực hiện các biện pháp gia cố bức tường nhằm đảm bảo an toàn; qua làm việc và vận động, gia đình đã thống nhất và đồng ý thực hiện (có biên bản kèm theo).
Chân thành cảm ơn quý Ông/Bà.
Trân trọng./.
1/2
12
Hạn xử lý: 07/04/2026
Ngày xử lý: 07/04/2026",Đã xử lý,https://tuongtac.hue.gov.vn/phan-anh/kien-nghi-kiem-tra-bo-thanh-co-nguy-co-sap-do-tai-104-25-kim-long-a219120.html
145,Hue,09:12 27/03/2026,"Kính gửi ban quản lý điện lưới thành phố.
Hiện tại cung đường liên thôn TDP Bắc Triều Vịnh đang thi công nâng cấp tuyến đường. Trên tuyến đường có 1 trụ điện cao thế (dây trần) đang thấp hơn so với các trụ còn lại, chiều cao trụ không đủ điều kiện để các hộ dân kéo dây băng qua đường.
Tôi xin đề nghị các cơ quan có thẩm quyền xem xét mà có phương án xử lý sớm để tiện cho các phương tiện đi lại và để phòng tránh những điều rủi ro xảy ra.
Địa chỉ : TDP Bắc Triều Vịnh, phường Phong Thái, thành phố Huế.","Kết quả xử lý
Công ty Điện lực Huế
Kính gửi: Quý Ông/Bà.
Vấn đề quý Ông/Bà phản ánh, Công ty Điện lực Huế xin thông báo kết quả như sau:
Chiều cao cột điện không gây ảnh hưởng đến việc nâng cấp tuyến đường liên thôn khu vực Bắc Triều Vịnh. Chủ sở hữu dây điện khi kéo dây vượt đường giao thông phải đảm bảo chiều cao tối thiểu theo quy định hiện hành để không gây ảnh hưởng đến các phương tiện tham gia giao thông.
Chân thành cảm ơn quý Ông/Bà.
Trân trọng./.
Hạn xử lý: 07/04/2026
Ngày xử lý: 30/03/2026",Đã xử lý,https://tuongtac.hue.gov.vn/phan-anh/kien-nghi-kiem-tra-chieu-cao-tru-dien-tai-tdp-bac-trieu-vinh-a219109.html
146,Hue,08:50 27/03/2026,Hộ dân đang cư trú tại nhà 167 Trường Chinh trộn vữa hồ xây lấp đoạn rãnh thoát nước phía trước. Việc thực hiện được quan sát thấy từ chiều ngày 26/3/2026. Đến thời điểm phản ánh việc đang dần hoàn thiện.,"Kết quả xử lý
Phường An Cựu
Kính gửi: Quý Ông/Bà.

Vấn đề quý Ông/Bà phản ánh, UBND phường An Cựu xin thông báo kết quả như sau:

UBND phường tiến hành kiểm tra thực tế phản ánh. Qua kiểm tra, UBND phường phối hợp cùng đại diện Công ty Cổ phần Môi trường và Công trình Đô thị Huế làm việc với hộ gia đình ông L.N.H ở tại địa chỉ 167 Trường Chinh, phường An Cựu. Qua buổi làm việc, UBND phường đã yêu cầu hộ gia đình ông H tháo dỡ phần xây dựng lắp mương thoát nước như phản ánh, hoàn trả lại toàn bộ hiện trạng ban đầu trong thời gian 03 ngày kể từ ngày lập biên bản làm việc.

Chân thành cảm ơn quý Ông/Bà. 

Trân trọng./.
File đính kèm:
Hạn xử lý: 07/04/2026
Ngày xử lý: 08/04/2026",Đã xử lý,https://tuongtac.hue.gov.vn/phan-anh/lap-doan-ranh-thoat-nuoc-tai-167-truong-chinh-a219106.html
147,Hue,19:01 26/03/2026,Kiến nghị đậy lại nắp hố ga hoặc đang thi công sửa chữa thì rào chắn cảnh báo để đảm bảo an toàn tại công viên Bến Me khu vực đối diện đường vào Cửa Ngăn.,"Kết quả xử lý
Trung tâm Công viên cây xanh thành phố Huế
Kính gửi: Quý Ông/Bà.
Vấn đề quý Ông/Bà phản ánh, Trung tâm Công viên Cây xanh thành phố Huế (Trung tâm) xin thông báo kết quả như sau:
Trung tâm đã xử lý nắp đậy bê tông hộc chứa nước tại công viên Phú Xuân 1, đảm bảo an toàn cho người dân (đính kèm hình ảnh).
Chân thành cảm ơn quý Ông/Bà.
Trân trọng./
Hạn xử lý: 07/04/2026
Ngày xử lý: 06/04/2026",Đã xử lý,https://tuongtac.hue.gov.vn/phan-anh/kien-nghi-co-bien-phap-dam-bao-an-toan-ho-ga-tai-cong-vien-ben-me-a219084.html
148,Hue,18:58 26/03/2026,"Đoạn đường Sông Bồ đang nâng cấp mở rộng nhưng lại bị bẻ cong vì 1 cột điện lệch so với các cột điện khác tại vị trí 75 đường Sông Bồ, phường Hương Trà, TP Huế. Kiến nghị cơ quan chức năng làm việc với phường Hương Trà và phía điện lực để xử lý dời cột điện vào cho thẳng hàng.","Kết quả xử lý
Ban Quản lý Dự án Đầu tư xây dựng khu vực 2
Kính gửi: Quý Ông/Bà.
Vấn đề quý Ông/Bà phản ánh, Ban Quản lý dự án Đầu tư xây dựng khu vực 2 xin thông báo kết quả như sau:
Đoạn đường được thi công theo đúng tim hồ sơ thiết kế đã được phê duyệt, phù hợp với nền đường và vỉa hè theo tuyến hiện trạng.
Về vị trí cột điện không được thẳng hàng do hệ thống thoát nước dọc nằm bên dưới nên không thể đặt trụ sát bó hè được; hơn nữa, cột cuối tuyến giao hói Kim Trà phải dịch sâu vào phía trong đảm bảo tầm nhìn tại nút giao ở vị trí này.
Chân thành cảm ơn quý Ông/Bà.
Trân trọng./.
Hạn xử lý: 07/04/2026
Ngày xử lý: 09/04/2026",Đã xử lý,https://tuongtac.hue.gov.vn/phan-anh/kien-nghi-ve-cot-dien-dang-thi-cong-duong-tai-75-song-bo-a219083.html
149,Hue,16:18 26/03/2026,"Tại ngã tư Nguyễn Huệ - Lý Thường Kiệt, tại vị trí trụ đèn giao thông hướng từ Đại học Khoa học lên ga Huế tán cây che khuất đèn tín hiệu giao thông. Đề nghị cắt nhánh cây. Xin cám ơn.","Kết quả xử lý
Trung tâm Công viên cây xanh thành phố Huế
Kính gửi: Quý Ông/Bà.
Vấn đề quý Ông/Bà phản ánh, Trung tâm Công viên Cây xanh thành phố Huế xin thông báo kết quả như sau:
Trung tâm đã cắt mé các cành, nhánh cây xanh che khuất đèn tín hiệu tại ngã tư Nguyễn Huệ - Lý Thường Kiệt đảm bảo thông thoáng tầm nhìn cho người đi đường (đính kèm hình ảnh).
Chân thành cảm ơn quý Ông/Bà.
Trân trọng./.
  Hạn xử lý: 06/04/2026
Ngày xử lý: 06/04/2026",Đã xử lý,https://tuongtac.hue.gov.vn/phan-anh/tan-cay-che-khuat-tru-den-giao-thong-tai-nga-tu-nguyen-hue---ly-thuong-kiet-a219070.html
150,Hue,16:05 26/03/2026,"Đường tại 3/2 kiệt 109 Minh Mạng xuống cấp trầm trọng. Vào mùa mưa lại đọng nước, ổ gà nhiều, ngừơi dân làm từng đoạn rất chắp vá. Hiện nay Thuỷ Xuân đã là phường trung tâm thành phố với hạ tầng đường xóm rất hiện đại. Tuy nhiên tại kiệt này nhiều năm không được quan tâm. Đề nghị chính quyền quan tâm cho tu sửa, nâng cấp để nâng cao đời sống ngừơi dân và làm đẹp bộ mặt đô thị, phường. Trân trọng cảm ơn.","Kết quả xử lý
Phường Thủy Xuân
Kính gửi: Quý Ông/Bà.
Vấn đề Quý Ông/Bà phản ánh, UBND phường Thủy Xuân xin thông báo kết quả như sau:
UBND phường đã chỉ đạo Trung tâm Dịch vụ sự nghiệp công tiến hành khảo sát, đánh giá thực trạng. Qua kiểm tra thực địa, Trung tâm đã khảo sát tuyến đường hẻm 2, kiệt 109 Minh Mạng (thuộc Tổ dân phố 1) và ghi nhận hiện trạng đã xuống cấp.
Trung tâm Dịch vụ sự nghiệp công đã có Tờ trình số 33 ngày 23/3/2026 gửi UBND phường để kiến nghị đưa tuyến đường này vào danh mục đầu tư công trung hạn. Trong thời gian tới, UBND phường sẽ chỉ đạo các phòng, ban chuyên môn xây dựng kế hoạch, sớm triển khai đầu tư nhằm tạo điều kiện thuận lợi cho việc đi lại của người dân.
Chân thành cảm ơn Quý Ông/Bà.
Trân trọng./.
Hạn xử lý: 06/04/2026
Ngày xử lý: 31/03/2026",Đã xử lý,https://tuongtac.hue.gov.vn/phan-anh/duong-tai-3-2-kiet-109-minh-mang-xuong-cap-tram-trong-a219067.html
151,Hue,15:34 26/03/2026,"Cổng sau của trụ sở UBND phường Đông Ba (cũ) tại số 51 Huỳnh Thúc Kháng nay là cổng sau trụ sở công an phường Phú Xuân còn tồn tại biển bảng tên cũ ghi ""địa chỉ Hội Quảng Trị"", xét thấy biển tên này không còn phù hợp với hiện tại và gây nhầm lẫn. Kính đề nghị cơ quan chức năng nên điều chỉnh lại. Xin cảm ơn.","Kết quả xử lý
Sở Văn hóa và Thể thao
Kính gửi: Quý Ông/Bà.
Vấn đề Quý Ông/Bà phản ánh, Sở Văn hóa và Thể thao thành phố Huế xin thông báo kết quả như sau:
Sở Văn hóa và Thể thao đã chỉ đạo Phòng Quản lý Di sản văn hóa tiến hành kiểm tra, xác minh tại địa chỉ số 51 đường Huỳnh Thúc Kháng, phường Phú Xuân, thành phố Huế. Qua kiểm tra, đây hiện là cổng sau của trụ sở Công an phường Phú Xuân. Địa điểm này trước đây có tên gọi là Hội Quảng Tri (còn gọi là Hội quán Quảng Tri, Nhà Đại Chúng), từng là nơi diễn ra nhiều hoạt động giao lưu về văn hóa, giáo dục, khoa học và nghệ thuật; đồng thời gắn liền với tên tuổi của nhiều chí sĩ yêu nước, nhà cách mạng và nhà văn hóa, trí thức tiêu biểu. Trong giai đoạn từ sau khi Đảng Cộng sản Việt Nam ra đời đến năm 1975, nơi đây đã diễn ra nhiều sự kiện có ý nghĩa quan trọng đối với đời sống chính trị, văn hóa của địa phương và cả nước.
Về kiến trúc, Hội Quảng Tri trước đây gồm các hạng mục như: cổng tam quan, la thành và hội trường. Sau năm 1975, công trình được sử dụng làm trụ sở của nhiều cơ quan, đơn vị và hiện nay là trụ sở Công an phường Phú Xuân. Sau khi tham vấn ý kiến các cơ quan chuyên môn và các nhà nghiên cứu, trong quá trình cải tạo, xây dựng trụ sở Đảng ủy, Hội đồng nhân dân và Ủy ban nhân dân phường Phú Hòa (trước đây) vào năm 2017, các yếu tố kiến trúc gắn với Hội Quảng Tri như cổng tam quan, la thành đã được bảo tồn, gìn giữ. Đồng thời, đã lắp đặt biển tên “Địa chỉ Hội Quảng Tri” nhằm ghi dấu một địa điểm có giá trị lịch sử - văn hóa, góp phần tuyên truyền, giáo dục truyền thống đến các tầng lớp Nhân dân.
Sở Văn hóa và Thể thao ghi nhận ý kiến phản ánh của Quý Ông/Bà và sẽ tiếp tục nghiên cứu, rà soát để tránh gây hiểu nhầm.
Chân thành cảm ơn Quý Ông/Bà.
Trân trọng./.
Hạn xử lý: 17/04/2026
Ngày xử lý: 13/04/2026",Đã xử lý,https://tuongtac.hue.gov.vn/phan-anh/kien-nghi-dieu-chinh-lai-bien-ten-tai-so-51-huynh-thuc-khang-a219060.html
152,Hue,15:14 26/03/2026,"Kiến nghị hoàn trả mặt bằng mặt đường cắt ngang tại đường Nguyễn Văn Linh (đoạn ngã ba gần quán cafe F.79 và siêu thị gạch men Quang Thiện), phường Hương An. Kính mong cơ quan chức năng sớm xử lý.","Kết quả xử lý
Trung tâm Quản lý và Khai thác hạ tầng thành phố Huế
Kính gửi: Quý Ông/Bà.
Vấn đề quý Ông/Bà phản ánh, Trung tâm Quản lý và Khai thác hạ tầng thành phố Huế xin thông báo kết quả như sau:
Thực hiện Quyết định số 696/QĐ-UBND ngày 23/02/2026 của UBND thành phố Huế, Trung tâm hiện đang phối hợp với UBND phường Hóa Châu để thực hiện công tác bàn giao, tiếp nhận tuyến đường nêu trên nhằm đưa vào quản lý. Sau khi hoàn thành việc tiếp nhận, Trung tâm sẽ tổng hợp, báo cáo cơ quan chức năng xem xét, xây dựng kế hoạch duy tu, sửa chữa tuyến đường.
Chân thành cảm ơn Quý Ông/Bà.
Trân trọng./.
Hạn xử lý: 06/04/2026
Ngày xử lý: 27/03/2026",Đã xử lý,https://tuongtac.hue.gov.vn/phan-anh/kien-nghi-hoan-tra-mat-bang-mat-duong-cat-ngang-tai-duong-nguyen-van-linh-a219058.html
153,Hue,14:32 26/03/2026,"Đề nghị thực hiện cấm rẽ phải đối với xe ô tô, xe tải (ngoại trừ xe đạp, xe máy) lúc đèn đỏ tại ngã tư đường Lê Lợi rẽ phải vào đường Hà Nội; mặc dù đã có cấm xe tải/ ô tô trong khung giờ 7h30-10h30 và từ 16h30 đến 18h30, tuy nhiên tình trạng xe tải rẽ phải vào đường Hà Nội khi đèn đỏ (lúc này đèn xanh từ cầu Phú Xuân đi đường Hà Nội) vẫn rất nguy hiểm, nhiều tài xe tải/ô tô đánh lái rộng, choáng đường; một số trường hợp xe xe tải/ô tô khi rẽ phải vào đường Hà Nội thì lại rẽ trái vào đường Trương Định nên gây cản trở giao thông trên đường Hà Nội - lúc này xe lưu thông từ cầu Phú Xuân đi đường Hà Nội rất đông đúc, dễ gây va quẹt giao thông (đã xảy ra tình trạng va quẹt giao thông)
Yêu cầu cơ quan chức năng thực hiện cấm rẽ phải đối với xe ô tô, xe tải (ngoại trừ xe đạp, xe máy) lúc đèn đỏ tại ngã tư đường Lê Lợi rẽ phải vào đường Hà Nội. Cám ơn.","Kết quả xử lý
Sở Xây dựng
Kính gửi: Quý Ông/Bà.
Vấn đề Quý Ông/Bà phản ánh, Sở Xây dựng xin thông báo kết quả như sau:
Việc mở rộng mặt đường, bổ sung làn rẽ phải nhằm giải tỏa ùn tắc giao thông trên các tuyến có lưu lượng phương tiện lớn, đặc biệt như đường Lê Lợi và cầu Phú Xuân. Hiện nay, việc lắp đặt biển báo, phân làn và tổ chức giao thông trên các tuyến đường Quý Ông/Bà phản ánh cơ bản là phù hợp. Tuy nhiên, trong thời điểm lưu lượng phương tiện tăng cao (giờ cao điểm), tình trạng ùn tắc giao thông vẫn có thể xảy ra.
Trên tuyến đường Lê Lợi đã lắp đặt biển báo cấm xe ô tô tải; Sở Xây dựng cũng đã phối hợp, trao đổi với Phòng Cảnh sát giao thông – Công an thành phố Huế để tăng cường công tác tuần tra, xử lý vi phạm trên tuyến. Về lâu dài, Sở Xây dựng sẽ tiếp tục theo dõi, tham mưu UBND thành phố Huế trong việc điều chỉnh, tổ chức giao thông nhằm khắc phục các bất cập và vấn đề phát sinh.
Chân thành cảm ơn Quý Ông/Bà.
Trân trọng./.
Hạn xử lý: 17/04/2026
Ngày xử lý: 09/04/2026",Đã xử lý,https://tuongtac.hue.gov.vn/phan-anh/kien-nghi-cam-re-phai-doi-voi-o-to-xe-tai-luc-den-do-tai-nga-tu-le-loi-re-phai-vao-duong-ha-noi-a219053.html
154,Hue,22:19 25/03/2026,"Kính gửi: Các cấp chính quyền TP Huế
Tôi xin phản ánh về thực trạng thi công tuyến đường kết nối QL49 và khu dân cư thôn Thanh Hương Tây, Điền Hương, Phong Điền, Huế nay là phường Phong Phú, TP Huế, đơn vị thi công đã thi công tuyến đường kết nối này kéo dài, tình trạng san lấp mặt bằng nham nhở, mặt đường ngổn ngang, gây mất ATGT rất cao, đặc biệt đây là tuyến đường cho các em học sinh trường Tiểu học Điền Hương đi lại hằng ngày, thời tiết nắng nóng bụi bay mù mịt, ảnh hưởng tới đời sống người dân xung quanh, cũng như sức khoẻ của các cháu nhỏ, tình trạng này đã kéo dài từ tháng 10/2025 đến nay vẫn chưa hoàn thiện. Tuyến đường nằm ngay giữa UBND Xã Điền Hương cũ và trường tiểu học Điền Hương. Kính mong các cấp chính quyền quan tâm xem xét, vì an toàn và sức khoẻ của các em học sinh.
Trân Trọng.","Kết quả xử lý
Phường Phong Phú
Kính gửi: Quý Ông/Bà.
Vấn đề quý Ông/Bà phản ánh, UBND phường Phong Phú xin thông báo kết quả như sau:
Qua kiểm tra, xác minh, tuyến đường nêu trên thuộc Dự án nâng cấp, chỉnh trang các tuyến đường trung tâm xã Điền Hương, được UBND thành phố Huế điều chỉnh, bổ sung vào kế hoạch trung hạn giai đoạn 2021–2025 (nguồn vốn đầu tư phát triển từ ngân sách nhà nước thực hiện các chương trình mục tiêu quốc gia) tại Quyết định số 3995/QĐ-UBND ngày 29/12/2025. Tuy nhiên, đến nay dự án chưa được UBND thành phố Huế bố trí vốn để tiếp tục triển khai. Vì vậy, công trình hiện đang tạm dừng thi công do thiếu vốn. Sau khi được bố trí vốn, UBND phường sẽ chỉ đạo các bộ phận chuyên môn hoàn thiện hồ sơ, thủ tục để đơn vị thi công tiếp tục triển khai, đảm bảo hoàn thành theo quy định.
Đối với việc đơn vị thi công đổ đá dăm gây ảnh hưởng đến việc đi lại của người dân và học sinh, UBND phường sẽ chỉ đạo đơn vị thi công thực hiện các biện pháp cảnh báo theo quy định, nhằm đảm bảo an toàn giao thông.
Chân thành cảm ơn quý Ông/Bà.
Trân trọng./.
Hạn xử lý: 06/04/2026
Ngày xử lý: 06/04/2026",Đã xử lý,https://tuongtac.hue.gov.vn/phan-anh/kien-nghi-day-nhanh-thi-cong-du-an-duong-ket-noi-ql49-va-kdc-thon-thanh-huong-tay-a219016.html
155,Hue,17:30 25/03/2026,"Kiến nghị sơn kẻ vạch giao thông tại nút giao phía Bắc Cầu Phú Xuân (đối diện ngân hàng ACB). Lần phản ánh 1 vào ngày 29/01/2026 thì do gần Tết mật độ giao thông lớn chưa triển khai. Nhưng đến nay đã qua Tết hơn 1 tháng, mật độ giao thông đã giảm nhưng thấy chưa thấy sơn kẻ lại các vạch kẻ bị mờ (đính kèm ảnh chụp lúc 14h50 ngày 25/03/2026). Kính đề nghị cơ quan chức năng sớm triển khai. Xin cảm ơn","Kết quả xử lý
Văn phòng Quản lý đường bộ II.5
Kính gửi: Qúy Ông/Bà.
Vấn đề Ông/Bà phản ánh, Văn phòng Quản lý đường bộ II.5 thông báo kết quả xử lý như sau:
Vạch sơn phía bắc nút giao cầu Phú Xuân thuộc dự án trong trong thời gan bảo hành. Văn phòng đã tiếp tục có văn bản đôn đốc đơn vị thi công sơn lại vạch sơn kẻ đường tại nút giao phía Bắc cầu Phú Xuân, tiến độ yêu cầu xong trước ngày 13/4/2026.
Chân thành cảm ơn Ông/Bà.
Trân trọng./.
File đính kèm:
Hạn xử lý: 03/04/2026
Ngày xử lý: 08/04/2026",Đã xử lý,https://tuongtac.hue.gov.vn/phan-anh/kien-nghi-son-ke-vach-giao-thong-tai-nut-giao-phia-bac-cau-phu-xuan-a218982.html
156,Hue,17:12 25/03/2026,Đầu kiệt 44 Nguyễn Sinh Cung còn dư phần cốt thép trên mặt đường sau khi di dời trụ điện. Phần thép dôi dư nhô cao trên mặt đường vô cùng nguy hiểm lại còn nằm ở góc cua ra vào kiệt. Kính gửi cơ quan chức năng sớm xử lý.,"Kết quả xử lý
Công ty Điện lực Huế
Kính gửi: Quý Ông/Bà.
Vấn đề quý Ông/Bà phản ánh, Công ty Điện lực Huế xin thông báo kết quả như sau:
Điện lực Nam Sông Hương đã xử lý (đính kèm hình ảnh).
Chân thành cảm ơn quý Ông/Bà.
Trân trọng./.
Hạn xử lý: 06/04/2026
Ngày xử lý: 02/04/2026",Đã xử lý,https://tuongtac.hue.gov.vn/phan-anh/thi-cong-chua-hoan-tra-mat-bang-sau-khi-di-doi-tru-dien-dau-kiet-44-nguyen-sinh-cung-a218978.html
157,Hue,17:09 25/03/2026,Kiến nghị hoàn thiện lát vỉa hè đầu kiệt 267 Phạm Văn Đồng. Còn 4 nắp hố ga nhưng không chịu lát gạch mà để vậy rất nguy hiểm cho các phương tiện ra vào kiệt. Kính gửi cơ quan chức năng sớm xử lý,"Kết quả xử lý
Ban Quản lý Dự án Đầu tư xây dựng khu vực 1
Kính gửi: Quý Ông/Bà.
Vấn đề quý Ông/Bà phản ánh, Ban Quản lý dự án Đầu tư xây dựng khu vực 1 (Ban QLDA) xin thông báo kết quả như sau:
Hiện, Nhà thầu đã hoàn thành công tác hoàn trả đá Granite tại vị trí quý Ông/Bà phản ánh (đính kèm hình ảnh xử lý).
Chân thành cảm ơn quý Ông/Bà.
Trân trọng./.
Hạn xử lý: 03/04/2026
Ngày xử lý: 01/04/2026",Đã xử lý,https://tuongtac.hue.gov.vn/phan-anh/kien-nghi-hoan-thien-lat-via-he-dau-kiet-267-pham-van-dong-a218976.html
158,Hue,16:52 25/03/2026,"Đề nghị sửa chữa đường Lê Đức Anh.
Hiện nay, tháng 3/2026, tại tuyến đường Lê Đức Anh hướng từ Võ Văn Kiệt đến Phạm Văn Đồng bị hư hại nghiêm trọng, rất nhiều ổ gà, ổ voi gây nguy hiểm cho các phương tiện giao thông. Kính mong cơ quan chức năng có biện pháp xử lý. Xin cảm ơn.","Kết quả xử lý
Ban Quản lý dự án Đầu tư xây dựng và Phát triển đô thị thành phố Huế
Kính gửi: Quý Ông/Bà.
Vấn đề quý Ông/Bà phản ánh, Ban QLDA Đầu tư xây dựng và Phát triển đô thị (Ban QLDA) xin thông báo kết quả như sau:
Ban QLDA đã kiểm tra hiện trường và ghi nhận khối lượng một số vị trí phát sinh ổ gà thuộc tuyến đường Lê Đức Anh để đưa vào kế hoạch sửa chữa và sẽ thực hiện ngay khi được cấp thẩm quyền phê duyệt dự toán phát sinh năm 2026 trong thời gian đến.
Chân thành cảm ơn quý Ông/Bà.
Trân trọng./.
Hạn xử lý: 03/04/2026
Ngày xử lý: 02/04/2026",Đã xử lý,https://tuongtac.hue.gov.vn/phan-anh/de-nghi-sua-chua-duong-le-duc-anh-a218973.html
159,Hue,15:30 25/03/2026,"Tại 29/56 Duy Tân cột điện sắt nằm sát nhà dân vướng vào nhà, cột nằm ngay khúc cua rất nguy hiểm. Mong cơ quan chức năng di dời hoặc có biện pháp chứ ngay nhà dân chi cách có 0,5 m thế này là rất nguy hiểm dễ gây cháy nổ điện.","Kết quả xử lý
Công ty Điện lực Huế
Kính gửi: Quý Ông/Bà.
Vấn đề quý Ông/Bà phản ánh, Công ty Điện lực Huế xin thông báo kết quả như sau:
Vị trí cột điện Ông/Bà phản ảnh đang làm nhiệm truyền tải và cấp điện cho nhân dân trọng kiệt 56 Duy Tân. Vị trí cột hiện tại là được di dời từ góc sân gia đình 29/56 Duy Tân ra theo biên bản làm việc ngày 23/01/2026 (đính kèm) trên cơ sở sự nổ lực và đồng thuận cao gia đình 29/56 Duy Tân, của nhân dân trong kiệt, của Tổ dân phố và UBND phường An Cựu. Dây dẫn điện đang sử dụng để cấp điện trong kiệt 56 Duy Tân là cáp vặn xoắn cách điện hoàn toàn, đáp ứng TCVN 6447:1998. Quá trình di dời lưới điện, Điện lực Nam Sông Hương đã lắp thêm bộ và nạnh để đưa cáp vặn xoắn ra khỏi khuôn viên nhà 29/56 Duy Tân nên không ảnh hưởng đến sinh hoạt của gia đình 29/56 Duy Tân. Vị trí cột hiện tại là hợp lý về kết cấu và cấp điện cho nhân dân trong kiệt nên không thể di dời. Đối với các dây thông tin đang treo dọc đường dây hạ áp và trên điện này không thuộc quản lý của Điện lực, kính đề nghị Ông/Bà liên hệ với các nhà mạng viễn thông để có giải pháp phù hợp. 
Chân thành cảm ơn quý Ông/Bà.
Trân trọng./.
File đính kèm:
1/2
12
Hạn xử lý: 03/04/2026
Ngày xử lý: 31/03/2026",Đã xử lý,https://tuongtac.hue.gov.vn/phan-anh/di-doi-cot-dien-tai-29-56-duy-tan-a218967.html
160,Hue,15:15 25/03/2026,"Đường Tôn Thất Bách, Phường Hương Trà, đoạn từ chùa Long Quang đi lên Lai Thành, do đợt lũ lụt năm 2025 lòng đường bị nứt, hư hỏng nghiêm trọng, gây mất an toàn cho người dân mỗi khi đi qua, đến nay đã mấy tháng trời nhưng chưa được sửa chữa. Kính mong cơ quan chính quyền nhanh chóng khắc phục để người dân yên tâm qua lại. Xin chân thành cám ơn.","Kết quả xử lý
Phường Hương Trà
Kính gửi: Quý Ông/Bà.
Vấn đề quý Ông/Bà phản ánh, UBND phường Hương Trà xin thông báo kết quả như sau:
UBND phường đã giao phòng Kinh tế, Hạ tầng và Đô thị kiểm tra và xác định nguyên nhân do ảnh hưởng của đợt mưa lũ năm 2025 làm kết cấu mặt đường bị xuống cấp. Đồng thời, tổng hợp hiện trạng và đề xuất cấp có thẩm quyền bố trí kinh phí để sửa chữa, khắc phục.
Đến nay, công trình đã được bố trí kinh phí để thực hiện nâng cấp, sửa chữa; dự kiến khởi công và hoàn thành trong Quý II/2026.
Chân thành cảm ơn quý Ông/Bà.
Trân trọng./.
Hạn xử lý: 03/04/2026
Ngày xử lý: 03/04/2026",Đã xử lý,https://tuongtac.hue.gov.vn/phan-anh/duong-bi-nut-hu-hong-nghiem-trong-tai-duong-ton-that-bach-a218966.html
161,Hue,22:34 24/03/2026,"Phản ánh về sửa chữa kiệt 246 Miếu Đôi, Phường An Cựu lần 2. Hiện tại mặt đường đã xuống cấp nhưng vẫn chưa thấy cơ quan chức năng hứa sửa chữa, lần 1 là đầu kiệt lần 2 là nắp cống. Hi vọng cơ quan chức năng sớm sửa chữa nâng cấp để tiện đi lại cho người dân. Xin cám ơn.","Kết quả xử lý
Phường An Cựu
Kính gửi: Quý Ông/Bà.
Vấn đề quý Ông/Bà phản ánh, UBND phường An Cựu xin thông báo kết quả như sau:
UBND phường An Cựu đã giao Phòng Kinh tế, hạ tầng và Đô thị phường đã kiểm tra thực tế và đưa vào kế hoạch sửa chữa thường xuyên của đơn vị. Dự kiến sửa chữa phần đường theo nội dung phản ánh trong Quý II/2026.
Chân thành cảm ơn quý Ông/Bà.
Trân trọng./.
Hạn xử lý: 03/04/2026
Ngày xử lý: 07/04/2026",Đã xử lý,https://tuongtac.hue.gov.vn/phan-anh/kien-nghi-sua-chua-duong-tai-kiet-246-hung-vuong-lan-2-a218903.html
162,Hue,20:42 24/03/2026,"Đường Nguyễn Đình Thọ đi ngang TDP Cao Ban, Truông Cầu - La Vần, phường Phong Thái bị đội xe ben thi công khu tái định cư ở TDP Sơn Tùng, phường Phong Phái chạy gây hư hỏng, sụt lún mặt nhựa nhiều điểm. Đề nghị CĐT, ĐVTC về khắc phục sửa chữa trước khi hỏng nặng.","Kết quả xử lý
Phường Phong Thái
Kính gửi: Quý Ông/Bà.
Vấn đề quý Ông/Bà phản ánh, UBND phường Phong Thái đã chỉ đạo Phòng Kinh tế, Hạ tầng và Đô thị phường kiểm tra và xin thông báo kết quả như sau:
Ngay sau khi tiếp nhận được thông tin, UBND phường Phong Thái đã chỉ đạo các cơ quan, đơn vị có liên quan kiểm tra, xác minh thông tin. Ngày 03/4/2026, Phòng Kinh tế, Hạ tầng và Đô thị đã phối hợp với các đơn vị liên quan kiểm tra tuyến đường nhựa Nguyễn Đình Thọ đoạn TDP Cao ban - Truông Cầu - La Vần.
Qua kiểm tra thì tuyến đường này có 03 điểm hư hỏng cục bộ. Nguyên nhân việc hư hỏng này là do quá trình vận chuyển vật liệu để thi công xây dựng Khu tái định cư Sơn Tùng, phường Phong Thái; trách nhiệm khắc phục thuộc về đơn vị thi công (Công ty TNHH Quý Hưng đại diện Liên danh đường sắt tốc độ cao Bắc Nam STPT); phía Công ty đã cam kết khắc phục sửa chữa đối với các điểm hư hỏng trên tuyến đường nhựa Cao Ban- Sơn Tùng. (Kèm theo Biên bản làm việc)
Chân thành cảm ơn quý Ông/Bà.
Trân trọng./.
File đính kèm:
Hạn xử lý: 03/04/2026
Ngày xử lý: 07/04/2026",Đã xử lý,https://tuongtac.hue.gov.vn/phan-anh/kien-nghi-kiem-tra-sut-lun-mat-duong-nguyen-dinh-tho-a218895.html
163,Hue,15:54 24/03/2026,"Đây là đường Tịnh Tâm, không hiểu sao làm từ trong Tết và bỏ dở đến bây giờ, đường đào vá gập gềnh, bụi bặm rất nhiều, hay xảy ra tai nạn. Rất mong quý cơ quan ban ngành quan tâm để tiếp tục hoàn tất cho người dân ổn định cuộc sống.","Kết quả xử lý
Trung tâm Công viên cây xanh thành phố Huế
Kính gửi: Quý Ông/Bà.
Vấn đề Quý Ông/Bà phản ánh, Trung tâm Công viên Cây xanh thành phố Huế xin thông báo kết quả như sau:
Trung tâm đã làm việc với đơn vị thi công, Công ty Cổ phần Xây dựng Thương mại và Dịch vụ Hoàng Nguyên. Trong quá trình thi công, nhà thầu ghi nhận sự biến động về giá vật tư, nhiên liệu, ảnh hưởng đến việc đặt hàng và tập kết vật tư, nhiên liệu tại chân công trình. Tuy nhiên, đơn vị thi công đã nỗ lực triển khai các công tác thi công trên công trường để đảm bảo tiến độ đề ra, dự kiến hoàn thành trước ngày 10/4/2026.
Chân thành cảm ơn Quý Ông/Bà.
Trân trọng./.
Hạn xử lý: 02/04/2026
Ngày xử lý: 27/03/2026",Đã xử lý,https://tuongtac.hue.gov.vn/phan-anh/kien-nghi-day-nhanh-thi-cong-duong-tinh-tam-a218876.html
164,Hue,14:58 24/03/2026,"Kiến nghị dọn dẹp phát quang cây cối xung quanh Sân vận động phường Kim Long (trước mặt chợ Kim Long) Kiệt 104 Phạm Thị Liên, phường Kim Long, thành phố Huế. Hiện nay sân vận động phường Kim Long cỏ và cây cối tốt phủ không có lối vào sân vận động (Vì đã lâu không sử dụng). Kính nhờ Phường kiểm tra và dọn dẹp tạo lối đi vào từ 2 phía cho bà con nhân dân và trẻ em có chỗ vui chơi, giải trí.","Kết quả xử lý
Phường Kim Long
Kính gửi: Quý Ông/Bà.
Vấn đề quý Ông/Bà phản ánh, UBND phường Kim Long xin thông báo kết quả như sau:
UBND phường Kim Long trân trọng cảm ơn ý kiến đóng góp của bà con về việc cải tạo cảnh quan sân vận động phường. Về vấn đề này, UBND phường xin được thông tin cụ thể như sau:
1. Ghi nhận tình hình thực tế: 
UBND phường xác nhận tình trạng tại Sân vận động phường (khu vực Kiệt 104 Phạm Thị Liên) hiện nay có cây cối, cỏ dại mọc cao, che khuất lối đi và làm hạn chế không gian sinh hoạt của bà con. Việc sân vận động không được sử dụng thường xuyên trong thời gian qua đã dẫn đến tình trạng mất mỹ quan đô thị và thiếu không gian vui chơi an toàn cho trẻ em.
2. Kế hoạch xử lý:
Để sớm hoàn trả không gian vui chơi, giải trí cho nhân dân, UBND phường đề ra phương án xử lý như sau:
Về nhân lực: UBND phường sẽ huy động lực lượng Đoàn Thanh niên, Dân quân tự vệ phối hợp cùng Tổ dân phố thực hiện đợt ra quân ""Ngày Chủ nhật xanh"".
3. Phương hướng quản lý lâu dài:
Sau khi dọn dẹp, UBND phường sẽ giao cho Đoàn Thanh niên phường chịu trách nhiệm quản lý, thường xuyên kiểm tra và duy trì vệ sinh tại sân vận động. Đồng thời, phường khuyến khích các câu lạc bộ thể thao, nhóm thanh thiếu nhi tại địa phương tích cực sử dụng sân để tránh việc bỏ hoang khiến cây cối tiếp tục mọc lại.
UBND phường rất mong bà con nhân dân tại khu vực Kiệt 104 cùng chung tay, hỗ trợ lực lượng chức năng trong buổi ra quân dọn dẹp sắp tới để môi trường sống của chúng ta thêm xanh - sạch - sáng.
Chân thành cảm ơn quý Ông/Bà.
Trân trọng./.
Hạn xử lý: 02/04/2026
Ngày xử lý: 01/04/2026",Đã xử lý,https://tuongtac.hue.gov.vn/phan-anh/don-dep-phat-quang-cay-coi-san-van-dong-phuong-kim-long-a218863.html
165,Hue,12:13 24/03/2026,"Dây điện, cáp viễn thông trước số nhà 40 Lê Thánh Tôn bị chùng, sà thấp xuống sát lề đường, gây mất an toàn cho người đi bộ và phương tiện. Đề nghị cơ quan chức năng kiểm tra, xử lý.","Kết quả xử lý
Sở Khoa học và Công nghệ
Kính gửi: Quý Ông/Bà.
Vấn đề quý Ông/Bà phản ánh, Sở Khoa học và Công nghệ xin thông báo kết quả như sau:
Sở Khoa học và Công nghệ đã chỉ đạo các Doanh nghiệp viễn thông kiểm tra và xử lý làm gọn dây mạng tại vị trí trên (Đính kèm hình ảnh).
Chân thành cảm ơn quý Ông/Bà.
Trân trọng./.
Hạn xử lý: 02/04/2026
Ngày xử lý: 05/04/2026",Đã xử lý,https://tuongtac.hue.gov.vn/phan-anh/day-vien-thong-sa-thap-gay-nguy-hiem-tai-40-le-thanh-ton-a218834.html
166,Hue,11:42 24/03/2026,"Kiến nghị xử lý việc bảng tên kiệt lắp chưa đúng tại kiệt 8 Lý Nam Đế (lần 2)
Kính gửi: UBND phường Hương An.
Trước đây tôi đã có phản ánh về việc tại Kiệt 8 Lý Nam Đế xuất hiện các bảng tên “Kiệt 3” và “Kiệt 7”, gây nhầm lẫn cho người dân trong việc tìm đường, giao hàng và xác định địa chỉ.
Sau phản ánh lần 1, UBND phường đã trả lời sẽ rà soát cho phù hợp thực tế. Tuy nhiên, đến nay tình trạng này vẫn chưa được xử lý, các bảng tên gây nhầm lẫn vẫn còn tồn tại.
Việc để trong Kiệt 8 nhưng lại xuất hiện bảng Kiệt 3 và Kiệt 7 gây khó khăn cho người dân, người giao hàng và khách đến liên hệ công việc, đồng thời làm thông tin địa chỉ tại khu vực thiếu thống nhất.
Vì vậy, tôi kính đề nghị UBND phường Hương An sớm kiểm tra, điều chỉnh lại bảng tên kiệt cho đúng thực tế, tránh kéo dài gây bất tiện cho người dân. Trân trọng cảm ơn.","Kết quả xử lý
Phường Hương An
Kính gửi: Quý Ông/Bà.
Vấn đề quý Ông/Bà phản ánh, UBND phường Hương An xin thông báo kết quả như sau:
Đối với các Biển tên đường đầu Kiệt trên địa bàn là do bà con nhân dân các khu vực tự bỏ kinh phí để thực hiện (Ví dụ Các tuyến Kiệt đường Đốc Sơ khu vực 6,7 và 8; Tổ dân phố 9 kiệt Trần Quý Khoáng…).
Đối với vấn đề Kiệt 3 và Kiệt 7 xuất hiện trong Kiệt 8, UBND phường đã chỉ đạo Phòng Kinh tế, hạ tầng và Đô thị phối hợp với Tổ dân phố đang tiến hành rà soát đánh lại số nhà tại khu vực cho phù hợp thực tế (Đính kèm hình ảnh đang tổ chức rà soát).  
UBND phường Hương An thông tin để quý Ông/Bà được biết.
Chân thành cảm ơn quý Ông/Bà.
Trân trọng./.
Hạn xử lý: 02/04/2026
Ngày xử lý: 01/04/2026",Đã xử lý,https://tuongtac.hue.gov.vn/phan-anh/kien-nghi-lap-bang-ten-kiet-tai-kiet-8-ly-nam-de-lan-2-a218830.html
167,Hue,11:31 24/03/2026,"Kiến nghị về việc sớm lắp nắp đậy mương thoát nước tại hẻm 21 kiệt 8 Lý Nam Đế (lần 2).
Kính gửi: UBND phường Hương An, thành phố Huế.
Tôi xin tiếp tục phản ánh và kiến nghị về tình trạng mương thoát nước hở tại hẻm 21 kiệt 8 Lý Nam Đế, gây mất an toàn nghiêm trọng cho người dân khi tham gia lưu thông trên tuyến đường này.
Trước đó, tôi đã gửi phản ánh lần 1 về nội dung trên và đã nhận được kết quả xử lý của UBND phường Hương An ngày 02/3/2026, trong đó nêu: “Trung tâm sẽ rà soát để báo cáo UBND phường Hương An xem xét, đưa vào kế hoạch cải tạo nâng cấp hệ thống trong năm 2026…”
Tuy nhiên, tôi nhận thấy nội dung trả lời như trên chưa đáp ứng được tính cấp bách của vấn đề. Đây là khu vực có mương thoát nước hở nằm sát lối đi dân sinh, lòng đường hẹp, người dân qua lại thường xuyên, đặc biệt có nhiều trẻ em và học sinh đi lại hằng ngày. Với mức độ nguy hiểm hiện hữu như vậy, việc chỉ đưa vào kế hoạch cải tạo trong năm 2026 là quá chậm và chưa có mốc thời gian cụ thể.
Tôi xin được đặt câu hỏi: Vì sao trước nguy cơ tai nạn luôn rình rập, nhất là đối với trẻ em, quý cơ quan vẫn chưa có biện pháp xử lý nhanh chóng, kịp thời? Nếu chờ đến kế hoạch cải tạo trong năm 2026 thì cụ thể là khi nào? Hay phải đợi xảy ra sự việc nghiêm trọng thì mới tiến hành lắp nắp mương?

Thực tế, vừa qua đã có một nhóm học sinh đi qua khu vực này và bị ngã xuống mương, cho thấy nguy cơ mất an toàn không còn là cảnh báo nữa mà đã xảy ra trên thực tế. Nếu không có biện pháp xử lý sớm, rất dễ dẫn đến hậu quả đáng tiếc hơn.
Vì vậy, tôi kính đề nghị UBND phường Hương An quan tâm, khẩn trương chỉ đạo kiểm tra và sớm có biện pháp xử lý cụ thể, kịp thời, như:
• Lắp đặt nắp đậy mương tại khu vực nguy hiểm;
• Hoặc có phương án bó vỉa/bê tông hóa, che đậy lại mương thoát nước để bảo đảm an toàn cho người dân;
• Trường hợp chưa thể xử lý ngay toàn tuyến, đề nghị có biện pháp tạm thời trước mắt để phòng ngừa tai nạn.
Tôi rất mong quý cơ quan quan tâm xem xét, giải quyết sớm nhằm bảo đảm an toàn cho người dân, đặc biệt là trẻ em và học sinh tại khu vực này.
Trân trọng cảm ơn!","Kết quả xử lý
Phường Hương An
Kính gửi: Quý Ông/Bà.
Vấn đề quý Ông/Bà phản ánh, Trung tâm Dịch vụ sự nghiệp công phường Hương An (Trung tâm) xin thông báo kết quả như sau:
Qua nội dung phản ánh, Trung tâm Dịch vụ sự nghiệp công đã phân công cán bộ về kiểm tra trực tiếp tại hẻm 21 kiệt 8 Lý Nam Đế; vị trí đường kiệt hiện trạng hẹp, bên cạnh có tuyến mương hở, tiềm ẩn nguy cơ mất an toàn giao thông.
Hiện nay, Trung tâm rà soát để báo cáo UBND phường Hương An xem xét, đưa vào kế hoạch duy tu sửa chữa. Khi có vốn ngân sách đầu tư công trung hạn sẽ ưu tiên triển khai, thực hiện đảm bảo việc lưu thông đi lại an toàn trên tuyến đường này.
Chân thành cảm ơn quý Ông/Bà.
Trân trọng./.
Hạn xử lý: 02/04/2026
Ngày xử lý: 28/03/2026",Đã xử lý,https://tuongtac.hue.gov.vn/phan-anh/kien-nghi-som-lap-nap-day-muong-thoat-nuoc-tai-hem-21-kiet-8-ly-nam-de-lan-2-a218829.html
168,Hue,10:49 24/03/2026,Ngã tư Tỉnh lộ 10 giao với đường Võ Chí Công thường xuyên xảy ra tai nạn giao thông. Nhưng hệ thống đèn xanh đỏ luôn bật qua chế độ đèn vàng nhấp nháy. Rất dễ xảy ra tai nạn thương tâm cho mọi người. Hôm nay ngày 24/3/2026 vào lúc 11h01 phút.,"Kết quả xử lý
Công an thành phố Huế
Kính gửi: Quý Ông/Bà.
Vấn đề quý Ông/Bà phản ánh, Công an thành phố Huế đã chỉ đạo Phòng Cảnh sát giao thông kiểm tra và xin thông báo kết quả như sau:
Sau khi nhận được phản ánh của người dân, Phòng Cảnh sát giao thông đã thông báo đến lực lượng tuần tra kiểm soát trực tiếp đến vị trí phản ánh khắc phục lại hệ thống đèn tín hiệu.
Chân thành cảm ơn quý Ông/Bà.
Trân trọng./.
File đính kèm:
Hạn xử lý: 02/04/2026
Ngày xử lý: 01/04/2026",Đã xử lý,https://tuongtac.hue.gov.vn/phan-anh/kien-nghi-bat-den-tin-hieu-giao-thong-tai-nga-tu-tinh-lo-10-giao-voi-duong-vo-chi-cong-a218819.html
169,Hue,10:36 24/03/2026,"Kiến nghị sửa chữa đường tại đường Lê Đức Anh, phường Vỹ Dạ phía khu đô thị Eco Garden. Hình ảnh ghi lại ngày 23/03/2026. Mong cơ quan chức năng xử lý. Xin cảm ơn.","Kết quả xử lý
Ban Quản lý dự án Đầu tư xây dựng và Phát triển đô thị thành phố Huế
Kính gửi: Quý Ông/Bà.
Vấn đề quý Ông/Bà phản ánh, Ban QLDA Đầu tư xây dựng và Phát triển đô thị (Ban QLDA) xin thông báo kết quả như sau:
Ban QLDA đã tiến hành kiểm tra hiện trường và ghi nhận một số vị trí phát sinh ổ gà trên tuyến đường Lê Đức Anh. Nội dung này đã được tổng hợp, đưa vào kế hoạch sửa chữa và sẽ triển khai thực hiện ngay sau khi được cấp có thẩm quyền phê duyệt dự toán phát sinh năm 2026.
Chân thành cảm ơn quý Ông/Bà.
Trân trọng./.
Hạn xử lý: 02/04/2026
Ngày xử lý: 02/04/2026",Đã xử lý,https://tuongtac.hue.gov.vn/phan-anh/kien-nghi-sua-chua-duong-tai-duong-le-duc-anh-a218817.html
170,Hue,10:23 24/03/2026,"Hệ thống đèn đường tại Kiệt 309 đường Trưng Nữ Vương, Tổ 9A, phường Thanh Thuỷ, thành phố Huế chụp lúc 05 giờ 10 phút ngày 24/3/2026 toàn bộ các trụ đèn không sáng. Đã bị hỏng không sáng từ ngày 17/02/2026. Kính mong cơ quan chắc năng quản lý hệ thống điện kiểm tra và khắc phục. Trân trọng cám ơn và chờ đợi từng ngày.","Kết quả xử lý
Phường Thanh Thủy
Kính gửi: Quý Ông/Bà.
Vấn đề Quý Ông/Bà phản ánh, UBND phường Thanh Thủy xin thông báo kết quả như sau:
Sau khi tiếp nhận phản ánh, UBND phường đã chỉ đạo Trung tâm Dịch vụ sự nghiệp công xử lý. Qua kiểm tra hiện trường và căn cứ Quyết định số 696/QĐ-UBND ngày 23/02/2026 của UBND thành phố về việc giao trách nhiệm quản lý, bảo trì hạ tầng giao thông, hạ tầng kỹ thuật trên địa bàn thành phố Huế cho Trung tâm Quản lý và Khai thác hạ tầng thành phố Huế, UBND phường đang chỉ đạo Trung tâm Dịch vụ sự nghiệp công rà soát khối lượng điện chiếu sáng hiện trạng để bàn giao trong tháng 3/2026.
Sau khi tiếp nhận bàn giao, UBND phường sẽ đề nghị Trung tâm Quản lý và Khai thác hạ tầng thành phố Huế xem xét, lập kế hoạch sửa chữa nhằm đảm bảo an toàn giao thông.
Chân thành cảm ơn Quý Ông/Bà.
Trân trọng./.
Hạn xử lý: 02/04/2026
Ngày xử lý: 31/03/2026",Đã xử lý,https://tuongtac.hue.gov.vn/phan-anh/den-duong-khong-sang-tai-kiet-309-trung-nu-vuong-a218814.html
171,Hue,07:41 24/03/2026,"Cụm đèn tín hiệu giao thông tại ngã tư đường Trưng Nữ Vương giao với Dạ Lê bị hư hỏng, cụm đèn bị chúc xuống phía dưới. Kính mong cơ quan chức năng kiểm tra, xử lý.","Kết quả xử lý
Phường Thanh Thủy
Kính gửi: Quý Ông/Bà.
Vấn đề quý Ông/Bà phản ánh, UBND phường Thanh Thủy xin thông báo kết quả như sau:
Sau khi nhận phản ánh, UBND phường đã chỉ đạo Trung tâm Dịch vụ sự nghiệp công giải quyết. Qua kiểm tra hiện trường, Căn cứ Quyết định số 696/QĐ-UBND ngày 23/02/2026 của UBND thành phố về việc giao trách nhiệm quản lý, bảo trì hạ tầng giao thông, hạ tầng kỹ thuật trên địa bàn thành phố Huế cho Trung tâm Quản lý và Khai thác hạ tầng thành phố Huế. Do đó, hiện nay UBND phường đang chỉ đạo Trung tâm Dịch vụ sự nghiệp công rà soát khối lượng điện chiếu sáng hiện trạng (trong đó có tín hiệu đèn giao thông) để bàn giao trong tháng 3/2026. Sau khi tiếp nhận bàn giao, UBND phường sẽ đề nghị Trung tâm Quản lý và Khai thác hạ tầng thành phố Huế xem xét có kế hoạch sửa chữa nhằm đảm bảo an toàn giao thông.
Chân thành cảm ơn quý Ông/Bà.
Trân trọng./.
Hạn xử lý: 02/04/2026
Ngày xử lý: 24/03/2026",Đã xử lý,https://tuongtac.hue.gov.vn/phan-anh/cum-den-tin-hieu-giao-thong-tai-nga-tu-duong-trung-nu-vuong-giao-voi-da-le-bi-hong-a218790.html
172,Hue,06:48 24/03/2026,"Mặt đường Tỉnh lộ 4 bị hư hỏng nặng, gây tai nạn cho nhiều người. Đề nghị cơ quan chủ quản sớm sửa chữa, khắc phục để đảm bảo an toàn cho người dân đi lại. Vị trí: tại cầu Cao, Đường Tỉnh lộ 4, gần nhà thờ họ Phạm, thôn Tây Hoàng, xã Đan Điền.","Kết quả xử lý
Sở Xây dựng
Kính gửi: Quý Ông/Bà.
Vấn đ quý Ông/Bà phản ánh, Sở Xây dựng xin thông báo kết quả như sau:
Đoạn tuyến Ông/Bà phản ánh đã được UBND thành phố phê duyệt kinh phí sửa chữa một số đoạn hư hỏng nặng trên tuyến đường này.
Hiện nay đang hoàn thiện các thủ tục pháp lý và sẽ thực hiện sớm khi xong các thủ tục. Đơn vị quản lý tuyến cũng đã có kế hoạch sửa chữa tạm thời đảm bảo giao thông trong Quý II/2026.
Chân thành cảm ơn quý Ông/Bà.
Trân trọng./.
Hạn xử lý: 02/04/2026
Ngày xử lý: 27/03/2026",Đã xử lý,https://tuongtac.hue.gov.vn/phan-anh/mat-duong-tinh-lo-4-bi-hu-hong-nang-a218784.html
173,Hue,18:59 23/03/2026,"Kiến nghị thống nhất số hẻm tại đường Trần Thái Tông, phường Thủy Xuân. Đầu hẻm lắp cùng lúc 2 bảng hẻm 19 và hẻm 21 kiệt 111 Trần Thái Tông rất dễ gây nhầm lẫn. Kính gửi cơ quan chức năng xử lý","Kết quả xử lý
Phường Thủy Xuân
Kính gửi: Quý Ông/Bà.
Vấn đề quý Ông/Bà phản ánh, UBND phường Thuỷ Xuân xin thông báo kết quả như sau:
UBND phường đã chỉ đạo Trung tâm Dịch vụ sự nghiệp công kiểm tra thực tế hẻm 19 kiệt 111 Trần Thái Tông. Trung tâm đã làm việc với Tổ trưởng dân phố và đã tháo hẻm 21 kiệt 111 Trần Thái Tông.
Chân thành cảm ơn quý Ông/Bà.
Trân trọng./.
1/2
12
Hạn xử lý: 01/04/2026
Ngày xử lý: 26/03/2026",Đã xử lý,https://tuongtac.hue.gov.vn/phan-anh/kien-nghi-thong-nhat-so-hem-tai-duong-tran-thai-tong-a218761.html
174,Hue,18:56 23/03/2026,"Nắp cống bị sập đối diện số 39 Đào Tấn nối dài (lúc trước là kiệt 244 Điện Biên Phủ), phường Thuận Hóa. Kính gửi cơ quan chức năng xử lý. Xin cảm ơn","Kết quả xử lý
Trung tâm Quản lý và Khai thác hạ tầng thành phố Huế
Kính gửi: Quý Ông/Bà.
Vấn đề quý Ông/Bà phản ánh, Trung tâm Quản lý và Khai thác Hạ tầng thành phố Huế xin thông báo kết quả như sau:
Sau khi nhận được phản ánh, Trung tâm đã tiến hành kiểm tra và sửa chữa. Đến nay công tác sửa chữa, khắc phục đã hoàn thành (Hình ảnh đính kèm).
Chân thành cảm ơn quý Ông/Bà.
Trân trọng./.
Hạn xử lý: 02/04/2026
Ngày xử lý: 03/04/2026",Đã xử lý,https://tuongtac.hue.gov.vn/phan-anh/nap-cong-bi-sap-doi-dien-so-39-dao-tan-noi-dai-a218760.html
175,Hue,18:48 23/03/2026,"Kiến nghị lắp đặt gương cầu lồi giao thông ở đoạn đường cong tại vị trí 105 Nguyễn Khoa Chiêm, phường An Cựu. Đoạn này bị khất tầm nhìn, làn đường hẹp rất nguy hiểm. Kính gửi cơ quan chức năng xem xét xử lý. Xin cảm ơn","Kết quả xử lý
Trung tâm Quản lý và Khai thác hạ tầng thành phố Huế
Kính gửi: Quý Ông/Bà.
Vấn đề quý Ông/Bà phản ánh, Trung tâm Quản lý và Khai thác hạ tầng thành phố Huế (Trung tâm) xin thông báo kết quả như sau:
Sau khi nhận được phản ánh, Trung tâm đã kiểm tra và thấy kiến nghị của quý Ông/Bà là hợp lý. Trung tâm sẽ tổng hợp có kế hoạch lắp đặt gương cầu lồi tại vị trí này.
Chân thành cảm ơn quý Ông/Bà.
Trân trọng./.
Hạn xử lý: 02/04/2026
Ngày xử lý: 03/04/2026",Đã xử lý,https://tuongtac.hue.gov.vn/phan-anh/kien-nghi-lap-dat-guong-cau-loi-giao-thong-o-doan-duong-cong-tai-vi-tri-105-nguyen-khoa-chiem-a218759.html
176,Hue,18:48 23/03/2026,"Tuyến đường Thân Nhân Trung tại phường Hương Thuỷ, thành Phố Huế phương tiện lưu thông nhiều hiện đang xuống cấp nghiêm trọng, xuất hiện nhiều ổ gà, gây khó khăn và mất an toàn cho việc đi lại của người dân.
Kính đề nghị quý lãnh đạo quan tâm, xem xét, chỉ đạo sửa chữa tuyến đường.","Kết quả xử lý
Phường Hương Thủy
Kính gửi: Quý Ông/Bà.
Vấn đề quý Ông/Bà phản ánh, UBND phường Hương Thủy xin thông báo kết quả như sau:
Sau khi nhận được phản ánh, UBND phường đã chỉ đạo Trung tâm Dịch vụ sự nghiệp công phường Hương Thuỷ tiến hành kiểm tra, ghi nhận hiện trạng thực tế tại tuyến đường Thân Nhân Trung.
Liên quan đến kiến nghị của quý Ông/Bà về việc đầu tư, xây dựng nâng cấp tuyến đường nói trên, UBND phường đã giao Trung tâm Trung tâm Dịch vụ sự nghiệp công phường tiến hành liên hệ với đơn vị tư vấn để khảo sát, lập dự án đưa vào vào danh mục các công trình đầu tư công/chỉnh trang đô thị của địa phương, trình cấp có thẩm quyền xem xét, phê duyệt chủ trương đầu tư xây dựng tuyến đường này trong thời gian đến nhằm đảm bảo vệ sinh môi trường và thuận tiện giao thông, đi lại của bà con nhân dân.
Hiện nay, đơn vị tư vấn đang triển khai thực hiện. UBND phường thông tin đến quý Ông/Bà được biết.
Chân thành cảm ơn quý Ông/Bà.
Trân trọng./.
Hạn xử lý: 01/04/2026
Ngày xử lý: 01/04/2026",Đã xử lý,https://tuongtac.hue.gov.vn/phan-anh/tuyen-duong-than-nhan-trung-xuong-cap-nghiem-trong-a218758.html
177,Hue,16:42 23/03/2026,"Cây nguy hiểm.
Cây nghiêng đổ, nghiêng vào hiên nhà dân
Gây nguy hiểm cho người đi đường và người dân 2 bên
Kiến nghị: Chặt cây.
Địa chỉ: 157-158 Hoa Lư, Hương An, TP Huế.","Kết quả xử lý
Trung tâm Công viên cây xanh thành phố Huế
Kính gửi: Quý Ông/Bà.
Vấn đề quý Ông/Bà phản ánh, Trung tâm Công viên Cây xanh thành phố Huế xin thông báo kết quả như sau:
Trung tâm đã kiểm tra và cắt mé các cành, nhánh cây xanh tại 157-158 Hoa Lư đảm bảo an toàn cho người dân và các phương tiện tham giao thông (đính kèm hình ảnh).
Chân thành cảm ơn quý Ông/Bà.
Trân trọng./.
  Hạn xử lý: 01/04/2026
Ngày xử lý: 31/03/2026",Đã xử lý,https://tuongtac.hue.gov.vn/phan-anh/cay-xanh-bi-nghieng-gay-nguy-hiem-tai-157-158-hoa-lu-a218744.html
178,Hue,16:39 23/03/2026,"Nắp hộp điện gắn cột điện trước nhà 287, 285 Chi Lăng phường Phú Xuân không có. Nếu trời mưa dễ nước mưa tạt vào gây cháy nổ. Đề nghị điện lực kiểm tra và bổ sung.","Kết quả xử lý
Công ty Điện lực Huế
Kính gửi: Quý Ông/Bà.
Vấn đề quý Ông/Bà phản ánh, Công ty Điện lực Huế xin thông báo kết quả như sau:
Điện lực Bắc Sông Hương đã xử lý (đính kèm hình ảnh).
Chân thành cảm ơn quý Ông/Bà.
Trân trọng./.
Hạn xử lý: 01/04/2026
Ngày xử lý: 26/03/2026",Đã xử lý,https://tuongtac.hue.gov.vn/phan-anh/nap-hop-dien-gan-cot-dien-truoc-nha-287-285-chi-lang-bi-hong-a218742.html
179,Hue,16:01 23/03/2026,"Bậc thềm lối vào quảng trường Time Square số 5 Lê Lợi bị hư hỏng, nhiều vị trí nứt vỡ gạch lát. Kính mong cơ quan chức năng quản lý vận hành khắc phục sửa chữa để đảm bảo mỹ quan đô thị. Xin cảm ơn.","Kết quả xử lý
Trung tâm Quản lý và Khai thác hạ tầng thành phố Huế
Kính gửi: Quý Ông/Bà.
Vấn đề quý Ông/Bà phản ánh, Trung tâm Quản lý và Khai thác hạ tầng thành phố Huế (Trung tâm) xin thông báo kết quả như sau:
Sau khi nhận được phản ánh, Trung tâm đã kiểm tra thực tế hiện trường. Trung tâm đã đề nghị đơn vị thi công khẩn trương sửa chữa các vị trí hư hỏng trên (công trình này hiện nay đang còn trong giai đoạn bảo hành). Hiện nay, đơn vị thi công đã tiến hành đặt hàng vật liệu phù hợp để tiến hành thay thế, sửa chữa trong thời gian tới.
Chân thành cảm ơn quý Ông/Bà.
Trân trọng./.
Hạn xử lý: 01/04/2026
Ngày xử lý: 03/04/2026",Đã xử lý,https://tuongtac.hue.gov.vn/phan-anh/bac-them-loi-vao-quang-truong-time-square-so-5-le-loi-bi-hong-a218734.html
180,Hue,14:10 23/03/2026,"Các trụ điện cũ nằm ra ngoài mép đường Kiệt 68 đường Nguyễn Hữu Dật, phường Kim Long. Khi đơn vị điện đã được dựng thêm trụ điện mới nhưng đơn vị điện vẫn chưa tháo gỡ các trụ điện cũ nằm sát mép mặt đường gây nguy hiểm cho các phương tiện tham gia giao thông, buổi tối mấy cháu chạy xe rất nguy hiểm, nhất các vị trí điểm cong.","Kết quả xử lý
Công ty Điện lực Huế
Kính gửi: Quý Ông/Bà.
Vấn đề quý Ông/Bà phản ánh, Công ty Điện lực Huế xin thông báo kết quả như sau:
Khu vực này, Điện lực đang nâng cấp sửa chữa lưới điện nhằm đảm bảo cấp điện. Dự kiến đến trước 30/4/2026, sau khi hoàn thành việc chuyển phụ tải và lưới điện, Điện lực sẽ thu hồi các cột cũ.
Chân thành cảm ơn quý Ông/Bà.
Trân trọng./.
Hạn xử lý: 02/04/2026
Ngày xử lý: 27/03/2026",Đã xử lý,https://tuongtac.hue.gov.vn/phan-anh/xu-ly-cac-tru-dien-cu-nam-ra-ngoai-mep-duong-kiet-68-duong-nguyen-huu-dat-a218722.html
181,Hue,09:29 23/03/2026,"Tại đường Quốc lộ 1A bắc hầm Hải Vân xã Chân Mây - Lăng Cô, đoạn đường rất nguy hiểm, nhiều lần phản ảnh lên Hue-S chỉ đến chắp vá nhưng không chịu sửa chữa, và phản ánh có kết quả tháng 3 đến sửa chữa nhưng hiện tại vẫn không làm, hình ảnh được chụp lúc 15h30 ngày 22/3/2026 tại 627 đường Lạc Long Quân làm ảnh hưởng từng nứt nhà người dân. Đề nghị cấp trên đưa ra phương án giải quyết.","Kết quả xử lý
Văn phòng Quản lý đường bộ II.5
Kính gửi: Quý Ông/Bà.
Vấn đề Quý Ông/Bà phản ánh, Văn phòng Quản lý đường bộ II.5 xin thông báo kết quả như sau:
Sau khi tiếp nhận phản ánh, Văn phòng đã yêu cầu Công ty Cổ phần Đầu tư Đèo Cả thường xuyên kiểm tra, bù phụ vật liệu nhằm đảm bảo mặt đường tại đoạn Km0+100, đường dẫn hầm đường bộ Hải Vân được êm thuận, phục vụ an toàn cho các phương tiện lưu thông. Tuy nhiên, trong thời gian tháng 3 vừa qua, do ảnh hưởng từ tình hình xung đột giữa một số quốc gia trên thế giới đã làm nguồn cung vật liệu khan hiếm, giá dầu và vật liệu tăng cao, dẫn đến khó khăn trong việc triển khai sửa chữa.
Hiện nay, đơn vị đang chờ nguồn cung vật liệu và điều chỉnh phương án tài chính để thực hiện cào bóc, thảm lại mặt đường. Văn phòng Quản lý đường bộ II.5 đang tiếp tục đôn đốc đơn vị khẩn trương triển khai, thực hiện trong thời gian sớm nhất.
Chân thành cảm ơn Quý Ông/Bà.
Trân trọng./.
Hạn xử lý: 01/04/2026
Ngày xử lý: 15/04/2026",Đã xử lý,https://tuongtac.hue.gov.vn/phan-anh/kien-nghi-sua-chua-duong-tai-627-duong-lac-long-quan-a218689.html
182,Hue,17:22 22/03/2026,"Trụ điện hạ thế vị trí 2/50 Dương Thiệu Tước, phường Thanh Thuỷ lấn mặt tiền nhà dân đang xây dựng, nằm ở vị trí cổng đang xây dựng, kèm theo đồng hồ điện, và dây điện kèm theo rất nguy hiểm khi chập điện và trời mưa đối với trẻ nhỏ và người già. Kiến nghị đi dời trụ điện qua bên đường hạn chế nguy hiểm cho người dân.","Kết quả xử lý
Công ty Điện lực Huế
Kính gửi: Quý Ông/Bà.
Vấn đề quý Ông/Bà phản ánh, Công ty Điện lực Huế xin thông báo kết quả như sau:
Cột điện theo phản ánh đang nằm ranh giới 02 lô đất, cách mương thoát nước 0,35m. Vị trí dựng cột đã được chính quyền địa phương trước đây thống nhất, làm nhiệm vụ chuyển tải và cấp điện cho khu vực. Điện lực Hương Thủy đã hỗ trợ kết gọn dây sau công tơ tại cột (đính kèm hình ảnh).
Trường hợp Ông/Bà muốn dời cột này, xin liên hệ Điện lực Hương Thủy để được hỗ trợ giải pháp và chịu mọi kinh phí di dời và các quy định khác của địa phương.
Chân thành cảm ơn quý Ông/Bà.
Trân trọng./.
Hạn xử lý: 01/04/2026
Ngày xử lý: 28/03/2026",Đã xử lý,https://tuongtac.hue.gov.vn/phan-anh/kien-nghi-di-doi-tru-dien-o-2-50-duong-thieu-tuoc-a218636.html
183,Hue,17:20 22/03/2026,"Cần khắc phục, hiện trường lổ trống lớn gây nguy hiểm cho bà con khi đến chơi tại Quảng Trường đường Tố Hữu.","Kết quả xử lý
Ban Quản lý dự án Đầu tư xây dựng và Phát triển đô thị thành phố Huế
Kính gửi: Quý Ông/Bà.
Vấn đề quý Ông/Bà phản ánh, Ban QLDA Đầu tư xây dựng và phát triển đô thị xin thông báo kết quả như sau:
Qua kiểm tra thực tế, vị trí lỗ hổng theo phản ánh là phần mặt che đèn LED âm sàn thuộc hệ thống nhạc nước tại Quảng trường Trung tâm hành chính đã bị hư hỏng, vỡ. Ban QLDA đã tiến hành kiểm tra và đưa nội dung này vào kế hoạch sửa chữa, thay thế trong thời gian tới.
Chân thành cảm ơn quý Ông/Bà.
Trân trọng./.
Hạn xử lý: 01/04/2026
Ngày xử lý: 02/04/2026",Đã xử lý,https://tuongtac.hue.gov.vn/phan-anh/lo-trong-gay-nguy-hiem-tai-quang-truong-duong-to-huu-a218635.html
184,Hue,15:16 22/03/2026,"Dây điện và dây viễn thông trước nhà số 18 và 20 kiệt 79 đường Phùng Lưu, phường Thanh Thuỷ, thành phố Huế bị sà xuống thấp, móc vào mái tôn sắt gây nguy hiểm cho người dân. Đề nghị điện lực và công ty viễn thông có biện pháp xử lý ạ","Kết quả xử lý
Sở Khoa học và Công nghệ
Kính gửi: Quý Ông/Bà.
Vấn đề quý Ông/Bà phản ánh, Sở Khoa học và Công nghệ xin thông báo kết quả như sau:
Sở Khoa học và Công nghệ đã chỉ đạo các Doanh nghiệp viễn thông kiểm tra và xử lý làm gọn dây mạng tại vị trí trên (Đính kèm hình ảnh).
Chân thành cảm ơn quý Ông/Bà.
Trân trọng./.
Hạn xử lý: 01/04/2026
Ngày xử lý: 20/04/2026",Đã xử lý,https://tuongtac.hue.gov.vn/phan-anh/day-dien-va-day-vien-thong-truoc-nha-so-18-va-20-kiet-79-duong-phung-luu-sa-thap-a218627.html
185,Hue,13:34 22/03/2026,"Hiện tại, tại khu vực Tổ 11 Thôn Đông Xuyên, xã Quảng Điền, TP Huế. Đơn vị điện lực đang tiến hành đào và chôn trụ điện mới để di dời trụ điện hiện hữu.
Tuy nhiên, trụ điện này đang cấp điện cho nhiều hộ dân (trong đó có gia đình tôi), nhưng trước khi thi công, phía điện lực chưa làm việc, chưa thông báo và chưa lấy ý kiến các hộ dân liên quan.
Việc di dời trụ điện có thể ảnh hưởng đến an toàn điện, đường dây và quyền lợi của các hộ sử dụng chung. Vì vậy, kính đề nghị cơ quan chức năng kiểm tra lại quy trình thực hiện, làm rõ thông tin và đảm bảo an toàn, quyền lợi cho người dân trong khu vực.
Xin cảm ơn!","Kết quả xử lý
Công ty Điện lực Huế
Kính gửi: Quý Ông/Bà.
Vấn đề quý Ông/Bà phản ánh, Công ty Điện lực Huế xin thông báo kết quả như sau:
Trong quản lý vận hành và cung ứng điện, Điện lực nâng cấp hệ thống điện để đảm bảo cấp điện và phù hợp với quy hoạch phát triển của địa phương. Cột điện Ông/Bà phản ánh sẽ được chuyển đến vị trí mới (đã dựng) và sẽ thu hồi cột cũ đã xuống cấp. Việc chuyển lưới và đấu nối điện vào các hộ dân ở đây sẽ do Điện lực Quảng Điền thực hiện.
Chân thành cảm ơn quý Ông/Bà.
Trân trọng./.
Hạn xử lý: 01/04/2026
Ngày xử lý: 31/03/2026",Đã xử lý,https://tuongtac.hue.gov.vn/phan-anh/kiem-tra-viec-di-doi-tru-dien-o-to-11-thon-dong-xuyen-a218617.html
186,Hue,13:32 22/03/2026,"Nguy hiểm cột điện mất nắp! Nằm thấp ngang tầm tay, nguy hiểm chết người! Cột điện gần nhà thờ Thừa Lưu, xã Chân Mây - Lăng Cô, tp Huế.","Kết quả xử lý
Công ty Điện lực Huế
Kính gửi: Quý Ông/Bà.
Vấn đề quý Ông/Bà phản ánh, Công ty Điện lực Huế xin thông báo kết quả như sau:
Điện lực Phú Lộc đã xử lý (đính kèm hình ảnh).
Chân thành cảm ơn quý Ông/Bà.
Trân trọng./.
Hạn xử lý: 01/04/2026
Ngày xử lý: 26/03/2026",Đã xử lý,https://tuongtac.hue.gov.vn/phan-anh/xu-ly-cot-dien-mat-nap-va-nam-thap-gan-nha-tho-thua-luu-a218616.html
187,Hue,13:14 22/03/2026,"Trụ điện ở nút giao đường Lê Minh và Nguyễn Đức Cảnh, phường An Cựu có dấu hiệu bị nghiêng vào trong và xuống cấp trầm trọng kèm thêm dây điện lòi lõi mất nguy cơ an toàn điện với người dân xung quan. Kính gửi cơ quan thẩm quyền khắc phục sự cố trên","Kết quả xử lý
Công ty Điện lực Huế
Kính gửi: Quý Ông/Bà.
Vấn đề quý Ông/Bà phản ánh, Công ty Điện lực Huế xin thông báo kết quả như sau:
Qua kiểm tra, cột điện vẫn đảm bảo vận hành, không xuống cấp như phản ánh. Các loại dây lôn xộn trên cột điện không thuộc tài sản Điện lực quản lý (đính kèm hình ảnh).
Chân thành cảm ơn quý Ông/Bà.
Trân trọng./.
Hạn xử lý: 01/04/2026
Ngày xử lý: 31/03/2026",Đã xử lý,https://tuongtac.hue.gov.vn/phan-anh/xu-ly-tru-dien-o-nut-giao-duong-le-minh-va-nguyen-duc-canh-a218614.html
188,Hue,11:27 22/03/2026,"Kính gửi cơ quan chức năng. Đề nghị bên viễn thông di dời cột điện (viễn thông) trước số nhà 271 Trần Quý Khoáng, phường Hương An để làng chúng tôi xây dựng thờ tự được tôn nghiêm.","Kết quả xử lý
VNPT Huế
Kính gửi: Quý Ông/Bà.
Vấn đề quý Ông/Bà phản ánh, VNPT Huế xin thông báo kết quả như sau:
Cột tại vị trí này đã nằm sát vệ đường, có sơn cảnh báo, hiện đang sử dụng để treo 1 sợi cáp quang 12FO của doanh nghiệp nên không thể di dời/thu hồi được.
Chân thành cảm ơn quý Ông/Bà.
Trân trọng./.
1/2
12
Hạn xử lý: 01/04/2026
Ngày xử lý: 05/04/2026",Đã xử lý,https://tuongtac.hue.gov.vn/phan-anh/kien-nghi-di-doi-cot-dien-vien-thong-tai-271-tran-quy-khoang-a218603.html
189,Hue,10:08 22/03/2026,"Tại đường Sông Như Ý đường hư hỏng do thi công bờ kè trong dự án cải thiện môi trường nước và cầu bắt qua sông Như Ý, đường hư hỏng hơn 2 năm rồi hiện nay bờ kè cũng hoàn thiện, cầu bắt qua Sông Như Ý nối đường Nguyễn Lộ Trạch cũng đã thông cầu mà đường vẫn chưa có tiến triển gì. Kính mong các phòng ban quan tâm xem xét sửa chữa lại đường cho bà con đi lại được an toàn chứ bụi, ổ gà ổ voi quá nhiều gây ô nhiễm và mất an toàn quá cao! Trân trọng cảm ơn!","Kết quả xử lý
Ban Quản lý Dự án Đầu tư xây dựng khu vực 1
Kính gửi: Quý Ông/Bà.
Vấn đề quý Ông/Bà phản ánh, Ban Quản lý dự án Đầu tư xây dựng khu vực 1 (Ban QLDA) xin thông báo kết quả như sau:
Tuyến đường dọc sông Như Ý đã xuống cấp tại nhiều vị trí từ trước khi triển khai thi công kè sông và cầu Nhất Đông. Trong quá trình thi công, một số đoạn mặt đường tiếp tục bị ảnh hưởng, hư hỏng. Ban QLDA đã yêu cầu các nhà thầu khắc phục, hoàn trả các vị trí bị hư hỏng do thi công gây ra, đảm bảo an toàn giao thông.
Hiện nay, nhà thầu đang thường xuyên san gạt, bổ sung cấp phối để đảm bảo giao thông tại các vị trí bị hư hỏng. Tuy nhiên, về lâu dài để giải quyết dứt điểm vấn đề này, Ban QLDA sẽ đề xuất cấp có thẩm quyền xem xét, phê duyệt chủ trương đầu tư nâng cấp tuyến đường này trong thời gian sớm nhất. Vậy, Ban QLDA trả lời để quý Ông/Bà được rõ.
Chân thành cảm ơn quý Ông/Bà.
Trân trọng./.
Hạn xử lý: 02/04/2026
Ngày xử lý: 02/04/2026",Đã xử lý,https://tuongtac.hue.gov.vn/phan-anh/thi-cong-chua-hoan-tra-mat-bang-tai-duong-song-nhu-y-a218593.html
190,Hue,09:23 22/03/2026,"Đề nghị nâng cấp tuyến đường gần cổng chào thôn Đông Lưu, xã Phú Lộc. Mặt đường đã xuống cấp gây khó khăn việc đi lại của người dân. Xin cám ơn. Ảnh chụp vào lúc 9h09 ngày 22/3/2026.","Kết quả xử lý
Xã Phú Lộc
Kính gửi: Quý Ông/Bà.
Vấn đề quý Ông/Bà phản ánh, UBND xã Phú Lộc xin thông báo kết quả như sau:
Liên quan đến nội dung phản ánh, UBND xã Phú Lộc đã chỉ đạo Phòng Kinh tế chủ trì, phối hợp với các đơn vị liên quan tiến hành kiểm tra, xử lý.
Theo đó qua kiểm tra, xác minh thực tế tại hiện trường khu vực phản ánh, nhận thấy: Hiện nay, trên tuyến đường gần cổng chào thôn Đông Lưu có nhiều đoạn đã bị hư hỏng, ảnh hưởng đến việc đi lại của Nhân dân, trong đó có đoạn đường nêu trên. UBND xã đã chỉ đạo Phòng Kinh tế rà soát, thống kê và đưa vào danh mục đề xuất đầu tư công trung hạn giai đoạn 2026 -2030 và sẽ tiến hành đầu tư sửa chữa khi có kinh phí (dự kiến năm 2027).
Chân thành cảm ơn quý Ông/Bà.
Trân trọng./.
Hạn xử lý: 01/04/2026
Ngày xử lý: 01/04/2026",Đã xử lý,https://tuongtac.hue.gov.vn/phan-anh/nang-cap-tuyen-duong-thon-dong-luu-a218587.html
191,Hue,09:14 22/03/2026,"Kiến nghị trồng lại cây ở lô B3 đường Bãi Sậy, phường Hương An, nhằm mục đích để cây có thời gian phát triển. Kính mong Trung tâm công viên cây xanh quan tâm.","Kết quả xử lý
Trung tâm Công viên cây xanh thành phố Huế
Kính gửi: Quý Ông/Bà.
Vấn đề quý Ông/Bà phản ánh, Trung tâm Công viên Cây xanh thành phố Huế xin thông báo kết quả như sau:
Trung tâm đã có kế hoạch trồng lại cây xanh tại lô B3 đường Bãi Sậy vào điều kiện thời tiết thích hợp, dự kiến trước ngày 30/4/2026.
Chân thành cảm ơn quý Ông/Bà.
Trân trọng./.
 Hạn xử lý: 01/04/2026
Ngày xử lý: 02/04/2026",Đã xử lý,https://tuongtac.hue.gov.vn/phan-anh/kien-nghi-trong-lai-cay-o-lo-b3-duong-bai-say-a218585.html
192,Hue,15:46 21/03/2026,"Kính gửi: Ban Giám đốc và Bộ phận Kỹ thuật - Điện lực TP Huế.
Hiện tại, tôi phát hiện cột điện tại trước khu vực số nhà 122 Nguyễn Hữu Cảnh, phường An Tây, TP Huế đang trong tình trạng bị hở nắp tủ điện trên cao.
Tình trạng này tiềm ẩn rủi ro chập cháy và phóng điện rất lớn, đe dọa trực tiếp đến người dân qua lại cũng như tài sản khu vực xung quanh.
Kính đề nghị Điện lực TP Huế khẩn trương cử nhân viên kỹ thuật xuống hiện trường kiểm tra, đóng và khóa lại nắp tủ điện nhằm đảm bảo an toàn lưới điện và an sinh cho khu vực.
Trân trọng cảm ơn.","Kết quả xử lý
FPT Huế
Kính gửi: Quý Ông/Bà.
Vấn đề quý Ông/Bà phản ánh, FPT Huế xin thông báo kết quả như sau:
FPT Huế đã kiểm tra và xử lý vấn đề người dân phản ánh tại vị trí trên (Đính kèm hình ảnh).
Chân thành cảm ơn quý Ông/Bà.
Trân trọng./.
Hạn xử lý: 01/04/2026
Ngày xử lý: 27/03/2026",Đã xử lý,https://tuongtac.hue.gov.vn/phan-anh/nap-tu-dien-bi-mo-ra-gay-nguy-hiem-tai-122-nguyen-huu-canh-a218538.html
193,Hue,15:40 21/03/2026,"Kính gửi các cơ quan chức năng.
Hiện nay, tuyến đường Tỉnh Lộ 9 từ quốc lộ hướng lên nhà máy Xi măng Đồng Lâm có 1 số đoạn hư hỏng nặng và phát sinh bụi gây ô nhiễm môi trường cho người dân đi lại và cư dân sinh sống dọc theo tuyến đường này. Tình trạng này do xe trọng tải lớn và xe tải chở đất cho các mỏ đất thường xuyên chạy qua và chạy nhanh gây ra. Chúng tôi đã có kiến nghị đến Công an phường Phong Điền và đã có họp, thống nhất biện pháp trước mắt là tưới nước để giảm thiểu bụi bặm cho người dân, việc tưới nước do các doanh nghiệp: Hùng Đạt, Xi măng Đồng Lâm, Cường Hương chịu trách nhiệm tưới.
Tuy nhiên, do số lần tưới nước quá ít nên tình trạng bụi bặm vẫn tiếp diễn. Vì vậy, chúng tôi kiến nghị đến các cơ quan liên quan chỉ đạo đến các doanh nghiệp tăng số lần tưới nước và đảm bảo đường luôn ẩm, tránh tình trạng ô nhiễm môi trường ảnh hưởng đến người dân đi lại và sinh hoạt của cư dân sống dọc theo Tỉnh Lộ 9.
Kính mong các cơ quan liên quan xem xét, giải quyết!","Kết quả xử lý
Sở Xây dựng
Kính gửi: Quý Ông/Bà.
Vấn đề quý Ông/Bà phản ánh, Sở Xây dựng thành phố Huế xin thông báo kết quả như sau:
Đoạn tuyến này có lưu lượng phương tiện vận tải tham gia giao thông rất lớn, chủ yếu xe của các doanh nghiệp vận chuyển vật liệu tại các mỏ đi qua, nhiều xe có tải trọng lớn vượt quá khả năng chịu tải của mặt đường, không che chắn đúng quy định gây ra hư hỏng trên tuyến đường này, ô nhiễm môi trường ảnh hưởng đến cuộc sống người dân quanh vùng.
Thời gian qua đơn vị quản lý tuyến đường thường xuyên khắc phục, sửa chữa (có hình ảnh đính kèm). Nhưng tình trạng xe quá tải vẫn thường xuyên lưu thông trên đoạn tuyến, tiếp tục gây hư hỏng nền, mặt đường của đoạn tuyến này.
Chân thành cảm ơn quý Ông/Bà.
Trân trọng./.
1/5
12345
Hạn xử lý: 01/04/2026
Ngày xử lý: 27/03/2026",Đã xử lý,https://tuongtac.hue.gov.vn/phan-anh/kien-nghi-sua-chua-duong-va-tang-so-lan-tuoi-nuoc-tai-duong-duong-tinh-lo-9-a218536.html
194,Hue,14:05 21/03/2026,"Dây điện (viễn thông) sà thấp ngay tại cột biến áp ngã 3 Lương Văn Can và Phan Chu Trinh gây nguy hiểm cho xe đậu đỗ và mất mỹ quan đô thị, đã mấy xe bị dây điện móc vào biển số và gương chiếu hậu, tình trạng này đã mấy tháng nay không ai xử lý. Kính mong cơ quan chức năng xử lý kịp thời.","Kết quả xử lý
Sở Khoa học và Công nghệ
Kính gửi: Quý Ông/Bà.
Vấn đề quý Ông/Bà phản ánh, Sở Khoa học và Công nghệ xin thông báo kết quả như sau:
Sở Khoa học và Công nghệ đã chỉ đạo các Doanh nghiệp viễn thông kiểm tra và xử lý làm gọn dây mạng tại vị trí trên (Đính kèm hình ảnh).
Chân thành cảm ơn quý Ông/Bà.
Trân trọng./.
Hạn xử lý: 01/04/2026
Ngày xử lý: 03/04/2026",Đã xử lý,https://tuongtac.hue.gov.vn/phan-anh/day-vien-thong-sa-thap-gay-nguy-hiem-tai-nga-3-luong-van-can-va-phan-chu-trinh-a218525.html
195,Hue,13:09 21/03/2026,"Trước mặt Trường THCS Phú Xuân thuộc thôn Lộc Sơn, xã Phú Hồ là tuyến đường ĐT10A, Hiện nay, khu vực này có lưu lượng xe cộ qua lại rất đông và tốc độ di chuyển cao như video và hình ảnh đính kèm. Tuy nhiên, gờ giảm tốc được thiết kế ngang bằng với mặt đường nên chưa phát huy hiệu quả, tiềm ẩn nhiều nguy cơ mất an toàn giao thông, đặc biệt đối với các em học sinh.
Vì vậy, kính đề nghị cơ quan chức năng xem xét nâng cao độ gờ giảm tốc nhằm giảm tốc độ phương tiện lưu thông, góp phần đảm bảo an toàn giao thông tại khu vực.","Kết quả xử lý
Sở Xây dựng
Kính gửi: Quý Ông/Bà
Vấn đề quý Ông/Bà phản ánh, Sở Xây Dựng xin thông báo kết quả như sau:
Đoạn tuyến quý Ông/Bà phản ánh là đoạn Km12+400 đường Tỉnh 10A. Sau khi nhận được phản ánh, Sở Xây Dựng đã đi kiểm tra hiện trường và nhận thấy đoạn tuyến trên hệ thống biển báo đầy đủ, vạch sơn gờ giảm tốc qua thời gian khai thác cũng đã bị phai mòn nhưng hiện tại vẫn còn tác dụng. Sở Xây Dựng sẽ thường xuyên theo dõi và xử lý những vị trí trên nhằm đảm bảo an toàn giao thông.
Chân thành cảm ơn quý Ông/Bà.
Trân trọng./.
Hạn xử lý: 01/04/2026
Ngày xử lý: 20/04/2026",Đã xử lý,https://tuongtac.hue.gov.vn/phan-anh/kien-nghi-nang-cao-go-giam-toc-tai-thon-loc-son-a218520.html
196,Hue,10:59 21/03/2026,"Đèn xanh ngã tư đường Nguyễn Khoa Văn - Nguyễn Tất Thành, phường Phú Bài không hiện số. Khi đèn xanh, người tham gia giao thông đang đi bất ngờ chuyển sang đèn đỏ rất nguy hiểm. Kính đề nghị các cơ quan chức năng kiểm tra xử lý.","Kết quả xử lý
Phường Phú Bài
Kính gửi: Quý Ông/Bà.
Vấn đề quý Ông/Bà phản ánh, UBND phường Phú Bài đã chỉ đạo Trung tâm Dịch vụ sự nghiệp công phường kiểm tra và xin thông báo kết quả như sau:
Đối với vấn đề này, Trung tâm Dịch vụ sự nghiệp công sẽ phối hợp với Trung tâm Quản lý và khai thác hạ tầng thành phố để bảo trì hệ thống cụm đèn tín hiệu giao thông xử lý vấn đề đèn không hiện số đếm này (Theo Quyết định số 3691/QĐ-UBND ngày 05 tháng 12 năm 2025 của UBND thành phố Huế về giao trách nhiệm quản lý, bảo trì hệ thống cụm đèn tín hiệu giao thông và hệ thống điện chiếu sáng trên tuyến đường Hồ Chí Minh, đường tránh phía tây thành phố Huế, các tuyến đường Quốc lộ 1A, quốc lộ 49 và Quốc lộ 49B trên địa bàn thành phố Huế giao trách nhiệm cho Trung tâm Quản lý và khai thác hạ tầng quản lý, bảo trì hệ thống cụm đèn tín hiệu giao thông).
Chân thành cảm ơn quý Ông/Bà.
Trân trọng./.
Hạn xử lý: 01/04/2026
Ngày xử lý: 31/03/2026",Đã xử lý,https://tuongtac.hue.gov.vn/phan-anh/den-xanh-nga-tu-duong-nguyen-khoa-van---nguyen-tat-thanh-khong-hien-so-dem-a218504.html
197,Hue,09:56 21/03/2026,"Xin cho tôi hỏi tại sao đoạn đường Phạm Văn Đồng đoạn dốc cầu Vỹ Dạ đổ xuống đổ cấp phối đã gần 2 tháng nay sao không đổ dầu ạ? Ảnh chụp 10h ngày 21.3.2026.
Xin cám ơn.","Kết quả xử lý
Ban quản lý dự án đầu tư xây dựng Chương trình phát triển các đô thị loại II (các đô thị xanh)
Kính gửi: Quý Ông/Bà.
Vấn đề quý Ông/Bà phản ánh, Ban quản lý dự án đầu tư xây dựng Chương trình phát triển các đô thị loại II (các đô thị xanh) – dự án thành phần Thừa Thiên Huế (Ban QLDA) xin thông báo kết quả như sau:
Hiện tại, Ban QLDA đang xem xét chấm dứt hợp đồng đối với đơn vị thi công cầu Vỹ Dạ. Đoạn đường đầu cầu Vỹ Dạ sẽ được thảm bê tông nhựa sau khi xử lý chấm dứt hợp đồng đối với nhà thầu hoặc sau khi đấu thầu để lựa chọn nhà thầu mới. Ban QLDA kính mong bà con thông cảm. 
Chân thành cảm ơn quý Ông/Bà.
Trân trọng./.
Hạn xử lý: 02/04/2026
Ngày xử lý: 03/04/2026",Đã xử lý,https://tuongtac.hue.gov.vn/phan-anh/kien-nghi-tiep-tuc-thi-cong-duong-pham-van-dong-doan-doc-cau-vy-da-do-xuong-a218497.html
198,Hue,09:21 21/03/2026,"Kính gửi:
- Sở Khoa học và Công nghệ;
- VNPT Huế;
- UBND phường Mỹ Thượng.
Đã từ lâu và đến hiện bây giờ, tại vị trí đầu Kiệt 267 Phạm Văn Đồng, TP Huế vẫn đang tồn tại những sợi cáp ngầm viễn thông VNPT Huế trên mặt lề, ảnh hưởng đến môi trường xung quanh, người bộ hành đã vấp ngã nhiều lần; Gây cản trở cho đơn vị thi công mặt lề không lát gạch được.
Kính đề nghị các cơ quan chức năng chỉ đạo giải quyết sớm vấn đề nêu trên tồn tại đã lâu.
Xin chân thành cảm ơn.","Kết quả xử lý
Sở Khoa học và Công nghệ
Kính gửi: Quý Ông/Bà.
Vấn đề quý Ông/Bà phản ánh, Sở Khoa học và Công nghệ xin thông báo kết quả như sau:
Sở Khoa học và Công nghệ đã chỉ đạo các Doanh nghiệp viễn thông kiểm tra và xử lý làm gọn dây mạng tại vị trí trên (Đính kèm hình ảnh).
Chân thành cảm ơn quý Ông/Bà.
Trân trọng./.
1/2
12
Hạn xử lý: 01/04/2026
Ngày xử lý: 22/04/2026",Đã xử lý,https://tuongtac.hue.gov.vn/phan-anh/kien-nghi-xu-ly-cap-ngam-vien-thong-tren-mat-le-duong-dau-kiet-267-pham-van-dong-a218494.html
199,Hue,07:22 21/03/2026,"Ổ gà lớn ở ngay lòng đường ở địa chỉ 46 Kim Long, TP Huế, rất mất an toàn cho người dân, đây là đoạn giao thông đông đúc. Đề nghị xử lý sớm. Cám ơn.","Kết quả xử lý
Sở Xây dựng
Kính gửi: Quý Ông/Bà.
Vấn đề quý Ông/Bà phản ánh, Sở Xây Dựng xin thông báo kết quả như sau:
Sau khi nhận được phản ánh, Sở Xây Dựng đã chỉ đạo đơn vị quản lý tuyến đường cho vá ổ gà đảm bảo giao thông (Đính kèm hình ảnh).
Chân thành cảm ơn quý Ông/Bà.
Trân trọng./.
Hạn xử lý: 01/04/2026
Ngày xử lý: 09/04/2026",Đã xử lý,https://tuongtac.hue.gov.vn/phan-anh/o-ga-lon-o-ngay-long-duong-tai-46-kim-long-a218487.html
200,Hue,07:00 21/03/2026,"Biển báo giới hạn tốc độ 50km/h không phù hợp ở đường Võ Văn Kiệt nối dài (gần cầu Diên Trường 2).
Biển báo này không phù hợp vì:
1-góc cua này không phải cua gấp, không cần giảm tốc độ chổ này
2-việc đặt bảng 50km/h khiến tài xế giật mình, giảm từ 90km/h xuống là rất nhiều và nguy hiểm cho các phương tiện đi lại.
Đề xuất vị trí này chỉ cần đặt biển báo ""Cảnh báo nguy hiểm có khúc cua"" là đủ cảnh báo tài xế.
Hoặc nếu có phải giảm tốc thì đặt bảng hạn chế tốc độ 70km/h sẽ phù hợp hơn.
Ảnh chụp 19/3/26.
Cảm ơn.","Kết quả xử lý
Sở Xây dựng
Kính gửi: Quý Ông/Bà.
Vấn đề quý Ông/Bà phản ánh, Sở Xây dựng xin thông báo kết quả như sau:
Vị trí quý Ông/Bà phản ánh thuộc tuyến đường Tỉnh 28, nằm trong khu vực đô thị, theo quy định, xe cơ giới được phép lưu thông với tốc độ tối đa 60 km/h. Do đó, tại các ngã ba, ngã tư, việc hạn chế tốc độ còn 50 km/h là phù hợp để đảm bảo an toàn giao thông.
Hiện nay, một số phương tiện lưu thông trên đoạn tuyến đã bị xử phạt vi phạm tốc độ, trong đó có cả xử lý qua hình ảnh.
Rất mong quý Ông/Bà lưu ý và tham gia giao thông an toàn.
Chân thành cảm ơn quý Ông/Bà.
Trân trọng./.
Hạn xử lý: 01/04/2026
Ngày xử lý: 30/03/2026",Đã xử lý,https://tuongtac.hue.gov.vn/phan-anh/kien-nghi-xem-xet-lai-bien-bao-gioi-han-toc-do-50km-h-duong-vo-van-kiet-noi-dai-a218483.html
201,Hue,21:18 20/03/2026,"Kiến nghị đặt biển cấm xe tải tại đường Đắc Lập (đoạn song song với đường Đồng Khởi). Tuyến đường nhỏ nhưng hàng ngày các xe tải từ nơi khác đến đậu tại đây thường xuyên và không di chuyển, có xe đậu cả tuần không di chuyển làm ảnh hưởng giao thông đi lại của người dân. Đây là tuyến đường giao thông chứ không phải bãi đậu xe công cộng mà các xe đậu cả tuần không di chuyển.","Kết quả xử lý
Trung tâm Quản lý và Khai thác hạ tầng thành phố Huế
Kính gửi: Quý Ông/Bà.
Vấn đề Quý Ông/Bà phản ánh, Trung tâm Quản lý và Khai thác hạ tầng thành phố Huế xin thông báo kết quả như sau:
Trung tâm xin ghi nhận kiến nghị, góp ý của Quý Ông/Bà. Trung tâm sẽ rà soát, tổng hợp và báo cáo đến Sở Xây dựng để xem xét, xử lý theo quy định.
Chân thành cảm ơn Quý Ông/Bà.
Trân trọng./.
Hạn xử lý: 01/04/2026
Ngày xử lý: 03/04/2026",Đã xử lý,https://tuongtac.hue.gov.vn/phan-anh/kien-nghi-dat-bien-cam-xe-tai-tai-duong-dac-lap-a218470.html
202,Hue,20:34 20/03/2026,"Cống thoát nước tại số 3 Lương Quán, phường Thủy Xuân, không có nắp che chắn nguy hiểm cho trẻ em có nguy cơ chạy vào ống cống. Kính mong cơ quan chức năng kiểm tra, xử lý.","Kết quả xử lý
Ban quản lý dự án đầu tư xây dựng Chương trình phát triển các đô thị loại II (các đô thị xanh)
Kính gửi: Quý Ông/Bà.
Vấn đề quý Ông/Bà phản ánh, Ban Quản lý dự án đầu tư xây dựng Chương trình phát triển các đô thị loại II (các đô thị xanh) xin thông báo kết quả như sau:
Theo hồ sơ thiết kế bản vẽ thi công đã được phê duyệt, vị trí cống tại số 3 đường Lương Quán có nhiệm vụ thu nước mưa, chống ngập cho tuyến đường bê tông khu dân cư hiện hữu. Do vậy, theo kiến nghị của quý Ông/Bà về việc sử dụng nắp che hoặc rào chắn sẽ ảnh hưởng đến khả năng thoát nước của cống trong mùa mưa, có thể gây tắc nghẽn và dẫn đến ngập úng trong khu vực dân cư hiện hữu.
Chân thành cảm ơn quý Ông/Bà.
Trân trọng./.
Hạn xử lý: 01/04/2026
Ngày xử lý: 03/04/2026",Đã xử lý,https://tuongtac.hue.gov.vn/phan-anh/cong-thoat-nuoc-khong-co-nap-tai-so-3-luong-quan-a218466.html
203,Hue,19:24 20/03/2026,Kiểm tra cây xanh đặt ở bùng binh ngã ba Lương Ngọc Quyến - Mang Cá. Cây đặt gần trụ điện rất dễ cháy nổ và che tầm nhìn quan sát. Kính gửi cơ quan chức năng xử lý,"Kết quả xử lý
Phường Phú Xuân
Kính gửi: Quý Ông/Bà.
Vấn đề quý Ông/Bà phản ánh, UBND phường Phú Xuân đã chỉ đạo Trung tâm Dịch vụ sự nghiệp công phường kiểm tra và xin thông báo kết quả như sau:
Sau khi tiếp nhận phản ánh, Trung tâm Dịch vụ sự nghiệp công đã cử Tổ công tác đến khu vực ngã ba Lương Ngọc Quyến - Mang Cá để kiểm tra thực tế hiện trường. Qua xác minh, được biết các chậu cây xanh đặt tại vị trí này là tài sản của cá nhân.
Tổ công tác đã làm việc và yêu cầu chủ sở hữu thực hiện di chuyển, thu dọn các cây xanh đặt không đúng quy định. Cá nhân liên quan đã chấp hành. Hiện nay, khu vực phản ánh đã được dọn dẹp, đảm bảo thông thoáng và khôi phục hiện trạng ban đầu.
Chân thành cảm ơn quý Ông/Bà.
Trân trọng./.
1/2
12
Hạn xử lý: 01/04/2026
Ngày xử lý: 06/04/2026",Đã xử lý,https://tuongtac.hue.gov.vn/phan-anh/kiem-tra-cay-xanh-dat-o-bung-binh-nga-ba-luong-ngoc-quyen---mang-ca-a218458.html
204,Hue,19:19 20/03/2026,"Kiến nghị kiểm tra cây xanh trước số 209 Nguyễn Trãi, cây cắt ngắn chỉ còn phần gốc, dễ đổ sập khi có gió lớn. Kính gửi cơ quan chức năng xử lý. Xin cảm ơn.","Kết quả xử lý
Trung tâm Công viên cây xanh thành phố Huế
Kính gửi: Quý Ông/Bà.
Vấn đề quý Ông/Bà phản ánh, Trung tâm Công viên Cây xanh thành phố Huế xin thông báo kết quả như sau:
Trung tâm đã cho di dời cây chết tại số 209 Nguyễn Trãi đảm bảo an toàn cho người dân (đính kèm hình ảnh.)
Chân thành cảm ơn quý Ông/Bà.
Trân trọng./.
Hạn xử lý: 01/04/2026
Ngày xử lý: 07/04/2026",Đã xử lý,https://tuongtac.hue.gov.vn/phan-anh/kien-nghi-kiem-tra-cay-xanh-truoc-so-209-nguyen-trai-a218455.html
205,Hue,19:15 20/03/2026,"Kiến nghị sửa chữa vỉa hè trước Chợ Tây Lộc (số 209 Nguyễn Trãi), cây cỏ mọc um tùm, nguy hiểm cho người đi bộ. Kính gửi cơ quan chức năng xử lý. Xin cảm ơn.","Kết quả xử lý
Trung tâm Công viên cây xanh thành phố Huế
Kính gửi: Quý Ông/Bà.
Vấn đề quý Ông/Bà phản ánh, Trung tâm Công viên Cây xanh thành phố Huế (Trung tâm) xin thông báo kết quả như sau:
Trung tâm sẽ cho trồng lại cây xanh tại ô cây trước mặt chợ Tây Lộc (số 209 Nguyễn Trãi) khi điều kiện thời tiết thích hợp, dự kiến trước ngày 30/4/2026.
Chân thành cảm ơn quý Ông/Bà.
Trân trọng./.
 Hạn xử lý: 01/04/2026
Ngày xử lý: 07/04/2026",Đã xử lý,https://tuongtac.hue.gov.vn/phan-anh/kien-nghi-sua-chua-via-he-truoc-cho-tay-loc-a218454.html
206,Hue,19:11 20/03/2026,"Kiến nghị trồng lại cây trước số nhà 99 Đinh Tiên Hoàng, phường Phú Xuân. Kính gửi cơ quan chức năng xử lý. Xin cảm ơn.","Kết quả xử lý
Trung tâm Công viên cây xanh thành phố Huế
Kính gửi: Quý Ông/Bà.
Vấn đề quý Ông/Bà phản ánh, Trung tâm Công viên Cây xanh thành phố Huế xin thông báo kết quả như sau:
Trung tâm đã có kế hoạch trồng lại cây xanh tại 99 Đinh Tiên Hoàng vào thời điểm thời tiết thích hợp, dự kiến trước ngày 30/4/2026.
Chân thành cảm ơn quý Ông/Bà.
Trân trọng./.
Hạn xử lý: 01/04/2026
Ngày xử lý: 02/04/2026",Đã xử lý,https://tuongtac.hue.gov.vn/phan-anh/kien-nghi-trong-lai-cay-truoc-dia-chi-99-dinh-tien-hoang-a218453.html
207,Hue,19:10 20/03/2026,"Vỉa hè ở trước số 190 Đinh Tiên Hoàng, phường Phú Xuân, bị hư hỏng. Kính gửi cơ quan chức năng sớm xử lý. Xin cảm ơn","Kết quả xử lý
Trung tâm Công viên cây xanh thành phố Huế
Kính gửi: Quý Ông/Bà.
Vấn đề quý Ông/Bà phản ánh, Trung tâm Công viên Cây xanh thành phố Huế (Trung tâm) xin thông báo kết quả như sau:
Trung tâm sẽ trồng lại cây xanh tại 190 Đinh Tiên Hoàng vào thời gian sớm nhất trong điều kiện thích hợp, dự kiến trước ngày 30/4/2026.
Chân thành cảm ơn quý Ông/Bà.
Trân trọng./.
Hạn xử lý: 01/04/2026
Ngày xử lý: 07/04/2026",Đã xử lý,https://tuongtac.hue.gov.vn/phan-anh/via-he-hu-hong-truoc-so-190-dinh-tien-hoang-a218452.html
208,Hue,19:07 20/03/2026,"Bờ tường thành đối diện cổng chính ra vào của UBND Phường Phú Xuân (số 394 Đinh Tiên Hoàng) mục nát có nguy cơ đổ sập. Kính gửi cơ quan chức năng có biện pháp sửa chữa, gia cố hệ thống bờ tường","Kết quả xử lý
Phường Phú Xuân
Kính gửi: Quý Ông/Bà.
Vấn đề quý Ông/Bà phản ánh, UBND phường Phú Xuân xin thông báo kết quả như sau:
Thực hiện Quyết định số 3475/QĐ-UBND ngày 10/12/2025 của Ủy ban nhân dân phường Phú Xuân về việc phê duyệt Báo cáo Kinh tế kỹ thuật công trình Chỉnh trang đường Thái Phiên nối dài (đoạn từ đường Mang Cá đến đường Đinh Tiên Hoàng), bờ tường thành theo như phản ánh, hiện nay đơn vị thi công đang triệt hạ để thực hiện dự án Chỉnh trang đường Thái Phiên nối dài nêu trên.
Chân thành cảm ơn quý Ông/Bà.
Trân trọng./.
Hạn xử lý: 01/04/2026
Ngày xử lý: 09/04/2026",Đã xử lý,https://tuongtac.hue.gov.vn/phan-anh/bo-tuong-thanh-hu-hong-doi-dien-cong-chinh-ra-vao-cua-ubnd-phuong-phu-xuan-a218449.html
209,Hue,18:52 20/03/2026,"Kiến nghị gắn biển tên Trung tâm tiếp công dân: Tại địa chỉ 56 Hùng Vương (trụ sở mới Trung tâm tiếp công dân Công an TP Huế) hiện chưa có biển tên rõ ràng, gây khó khăn cho người dân đến liên hệ. Đề nghị sớm gắn biển nhận diện và bảng chỉ dẫn.","Kết quả xử lý
Công an thành phố Huế
Kính gửi: Quý Ông/Bà.
Vấn đề quý Ông/Bà phản ánh, Phòng Cảnh sát giao thông – Công an thành phố Huế xin thông báo kết quả như sau:
Trước hết, Công an thành phố Huế chân thành cảm ơn ý kiến góp ý của Quý Ông/Bà. Do đơn vị mới chuyển địa điểm công tác nên chưa kịp lắp đặt bảng tên, bảng chỉ dẫn. Sau khi tiếp nhận phản ánh, Công an thành phố đã chỉ đạo bộ phận liên quan khẩn trương triển khai lắp đặt; đến nay đã hoàn thành (có hình ảnh kèm theo).
Chân thành cảm ơn Quý Ông/Bà.
Trân trọng./.
Hạn xử lý: 01/04/2026
Ngày xử lý: 01/04/2026",Đã xử lý,https://tuongtac.hue.gov.vn/phan-anh/kien-nghi-gan-bien-ten-trung-tam-tiep-cong-dan-cong-an-thanh-pho-a218447.html
210,Hue,18:39 20/03/2026,Kiến nghị xử lý ô trồng cây trước số nhà 155 Mai Thúc Loan. Sau khi bứng gốc cây để lại 1 lỗ trống trên vỉa hè rất lớn gây nguy hiểm. Kính mong cơ quan chức năng trồng lại cây để đảm bảo an toàn. Xin cảm ơn.,"Kết quả xử lý
Trung tâm Công viên cây xanh thành phố Huế
Kính gửi: Quý Ông/Bà.
Vấn đề quý Ông/Bà phản ánh, Trung tâm Công viên Cây xanh thành phố Huế xin thông báo kết quả như sau:
Trung tâm đã lấp cát tạm thời tại ô cây trước số nhà 155 Mai Thúc Loan, do phía dưới là cống thoát nước nên không thể trồng lại cây tại vị trí này. Trung tâm đã làm việc với các đơn vị dự án sớm lát đá vỉa hè để đảm bảo mỹ quan và an toàn cho người dân (đính kèm hình ảnh).
Chân thành cảm ơn quý Ông/Bà.
Trân trọng./.
  Hạn xử lý: 01/04/2026
Ngày xử lý: 06/04/2026",Đã xử lý,https://tuongtac.hue.gov.vn/phan-anh/kien-nghi-trong-lai-cay-truoc-so-nha-155-mai-thuc-loan-a218445.html
211,Hue,18:33 20/03/2026,Hai ô trồng cây trước số 178 và 175 Mai Thúc Loan bị san lấp trong bê tông. Kính gửi cơ quan chức năng xử lý. Xin cảm ơn,"Kết quả xử lý
Trung tâm Công viên cây xanh thành phố Huế
Kính gửi: Quý Ông/Bà.
Vấn đề quý Ông/Bà phản ánh, Trung tâm Công viên Cây xanh thành phố Huế xin thông báo kết quả như sau:
Trung tâm đã cho phá dỡ lớp bê tông che lấp ô cây tại 175 và 178 Mai Thúc Loan (đính kèm hình ảnh.)
Chân thành cảm ơn quý Ông/Bà.
Trân trọng./.
  Hạn xử lý: 01/04/2026
Ngày xử lý: 01/04/2026",Đã xử lý,https://tuongtac.hue.gov.vn/phan-anh/kiem-tra-o-trong-cay-bi-san-lap-tai-175-va-178-mai-thuc-loan-a218440.html
212,Hue,18:31 20/03/2026,"Tại khu vực trước Vincom tại số 50A Hùng Vương, phường Thuận Hóa (đối diện BIDV, TP Huế) mặt đường xuất hiện vị trí nắp cống bị san lấp không đảm bảo kỹ thuật, tạo thành ổ gà lớn ngay giữa lòng đường. Khu vực này là nút giao thông đông đúc, lưu lượng xe máy và ô tô qua lại rất lớn, đặc biệt vào giờ cao điểm. Tình trạng hư hỏng hiện tại tiềm ẩn nguy cơ cao gây tai nạn giao thông, nhất là đối với xe máy khi di chuyển vào buổi tối hoặc khi tầm nhìn hạn chế. Đề nghị cơ quan chức năng khẩn trương kiểm tra, xử lý và hoàn trả mặt đường đúng kỹ thuật để đảm bảo an toàn cho người tham gia giao thông.","Kết quả xử lý
Trung tâm Quản lý và Khai thác hạ tầng thành phố Huế
Kính gửi: Quý Ông/Bà. 
Vấn đề quý Ông/Bà phản ánh, Trung tâm Quản lý và Khai thác hạ tầng kỹ thuật thành phố xin thông báo kết quả như sau:
Sau khi nhận được các phản ánh, Trung tâm đã kiểm tra đưa vào kế hoạch sửa chữa, nâng hố thu lên bằng mặt đường trong quý 2 năm 2026.
Chân thành cảm ơn quý Ông/Bà.
Trân trọng.
Hạn xử lý: 20/04/2026
Ngày xử lý: 14/04/2026",Đã xử lý,https://tuongtac.hue.gov.vn/phan-anh/kiem-tra-mat-duong-khu-vuc-truoc-vincom-tai-so-50a-hung-vuong-a218439.html
213,Hue,18:23 20/03/2026,Đèn tín hiệu giao thông ở khu vực Cầu Vượt Thủy Dương (hướng từ đường Võ Văn Kiệt lên đường Nguyễn Tất Thành) bị lỗi. Bộ đếm giờ hiện 8 giây nhưng nhảy qua đèn Vàng. Đều đáng nói là khu vực này có camera phạt nguội. Kính đề nghị quý cơ quan sữa chữa để đảm bảo an toàn giao thông và tránh phạt oan cho người tham gia giao thông!,"Kết quả xử lý
Trung tâm Quản lý và Khai thác hạ tầng thành phố Huế
Kính gửi: Quý Ông/Bà.
Vấn đề quý Ông/Bà phản ánh, Trung tâm Quản lý và Khai thác Hạ tầng thành phố Huế xin thông báo kết quả như sau:
Sau khi nhận được phản ánh, Trung tâm đã tiến hành kiểm tra và sửa chữa. Đến nay, công tác sửa chữa, khắc phục đã hoàn thành. (Đính kèm video)
Chân thành cảm ơn quý Ông/Bà.
Trân trọng./.
File đính kèm:
Hạn xử lý: 01/04/2026
Ngày xử lý: 26/03/2026",Đã xử lý,https://tuongtac.hue.gov.vn/phan-anh/den-tin-hieu-giao-thong-bi-loi-o-khu-vuc-cau-vuot-thuy-duong-a218436.html
214,Hue,17:22 20/03/2026,"Đề nghị tháo dỡ trụ điện không còn sử dụng có nguy cơ đổ sang trụ kế bên gây nguy hiểm. Địa chỉ: Trường tiểu học Trần Quốc Toản chạy về 100m có 1 quán cafe Lá chạy vào xóm đối diện quán thêm 50m, gần nhà số 45 Đường tỉnh 6, Phường Phong Điền.","Kết quả xử lý
VNPT Huế
Kính gửi: Quý Ông/Bà.
Vấn đề quý Ông/Bà phản ánh, VNPT Huế xin thông báo kết quả như sau:
VNPT đã tháo dỡ cột tại vị trí phản ánh. (Đính kèm hình ảnh)
Chân thành cảm ơn quý Ông/Bà.
Trân trọng.
1/3
123
Hạn xử lý: 01/04/2026
Ngày xử lý: 06/04/2026",Đã xử lý,https://tuongtac.hue.gov.vn/phan-anh/thao-do-tru-dien-khong-con-su-dung-gan-nha-so-45-duong-tinh-6-a218429.html
215,Hue,15:28 20/03/2026,"Kính gửi các cơ quan liên quan
Hiện nay đường đầu cầu Vạn Xuân nối dài– Cửa Hữu đã thi công xong 1 phía đảm bảo an toàn đi lại người dân. Còn phía tiếp giáp đường sắt vẫn giữ nguyên chưa thấy triển khai tiếp. Được làm cấp phối đá đi lại theo thời gian mưa gió giờ toàn đá sỏi nổi lên mặt trơn trượt đi lại nguy hiểm cho mọi người và học sinh.
Tại sao không cho thảm nhựa tạm làm biện pháp đi lại cho người dân đảm bảo an toàn.
Và thời gian hoàn thành dự án này còn vướng mắc gì và khi nào sẽ thông xe.","Kết quả xử lý
Ban quản lý dự án đầu tư xây dựng Chương trình phát triển các đô thị loại II (các đô thị xanh)
Kính gửi: Quý Ông/Bà.
Vấn đề Quý Ông/Bà phản ánh, Ban Quản lý dự án đầu tư xây dựng Chương trình phát triển các đô thị loại II (các đô thị xanh) xin thông báo kết quả như sau:
Đoạn đường đầu cầu phía đường sắt Bắc – Nam đã được UBND thành phố phê duyệt điều chỉnh dự án tại Quyết định số 3913/QĐ-UBND ngày 23/12/2025. Theo đó, đường đầu cầu phía đường sắt Bắc – Nam được đầu tư xây dựng bổ sung với bề rộng: B = 6 m (đường gom) + 0,25 m (gờ lan can) + 6,5 m (mặt đường) + 0,25 m (gờ lan can) + 6 m (đường gom) = 19 m, cùng với 02 bãi đỗ xe tĩnh.
Hiện tại, Ban QLDA Đầu tư xây dựng Khu vực 1 đang khẩn trương thực hiện công tác đền bù, giải phóng mặt bằng (05 hộ gia đình và di dời gác chắn) và dự kiến bàn giao mặt bằng sạch trước ngày 30/4/2026 để triển khai thi công.
Ban QLDA kính mong bà con thông cảm.
Chân thành cảm ơn Quý Ông/Bà.
Trân trọng./.
Hạn xử lý: 31/03/2026
Ngày xử lý: 03/04/2026",Đã xử lý,https://tuongtac.hue.gov.vn/phan-anh/kien-nghi-tham-nhua-tam-thoi-tai-duong-dau-cau-van-xuan-noi-dai%E2%80%93-cua-huu-a218420.html
216,Hue,14:10 20/03/2026,"Dây điện, dây viễn thông sà xuống dễ gây tai nạn khi tham gia giao thông tại ngã tư giao nhau giữa đường Nguyễn Huệ và Phan Bội Châu, thành phố Huế. Ngày chụp ảnh 20 tháng 03 năm 2026.","Kết quả xử lý
Sở Khoa học và Công nghệ
Kính gửi: Quý Ông/Bà.
Vấn đề quý Ông/Bà phản ánh, Sở Khoa học và Công nghệ xin thông báo kết quả như sau:
Sở Khoa học và Công nghệ đã chỉ đạo các Doanh nghiệp viễn thông kiểm tra và xử lý làm gọn dây mạng tại vị trí trên (Đính kèm hình ảnh).
Chân thành cảm ơn quý Ông/Bà.
Trân trọng./.
Hạn xử lý: 31/03/2026
Ngày xử lý: 14/04/2026",Đã xử lý,https://tuongtac.hue.gov.vn/phan-anh/day-dien-day-vien-thong-sa-xuong-tainga-tu-giao-nhau-giua-duong-nguyen-hue-va-phan-boi-chau-a218408.html
217,Hue,11:57 20/03/2026,"Nắp cống thoát nước bị vỡ, sập trước mặt số nhà 25 xóm 3 Ngọc Anh, phường Mỹ Thượng, tp Huế. Kính đề nghị UBND phường Mỹ Thượng, Công ty Hằng Trung tiến hành sửa chữa kẻo nguy hiểm cho người đi đường. Xin cảm ơn.","Kết quả xử lý
Phường Mỹ Thượng
 Kính gửi: Quý Ông/Bà.
Vấn đề quý Ông/Bà phản ánh, UBND phường Mỹ Thượng xin thông báo kết quả như sau:
Liên quan đến nội dung phản ánh, UBND phường đã chỉ đạo phòng ban chuyên môn tiến hành kiểm tra tại vị trí số nhà 25, xóm 3, TDP Ngọc Anh, qua kiểm tra ghi nhận tình trạng cống đan bị sụm. UBND phường đã cho lực lượng dựng rào chắn cảnh báo nguy hiểm; bên cạnh đó đã chỉ đạo đơn vị bảo trì tiến hành đúc đan để sớm lắp đặc thay thế cho người và phương tiện đi lại đảm bảo an toàn (đính kèm hình ảnh).
Chân thành cảm ơn quý Ông/Bà.
Trân trọng./.
1/2
12
Hạn xử lý: 31/03/2026
Ngày xử lý: 30/03/2026",Đã xử lý,https://tuongtac.hue.gov.vn/phan-anh/nap-cong-thoat-nuoc-bi-vo-truoc-mat-so-nha-25-xom-3-ngoc-anh-a218392.html
218,Hue,10:58 20/03/2026,"Dây điện (cáp viễn thông) sà xuống đường gây nguy hiểm cho người qua lại. Kính mong các đơn vị quản lý dây điện (cáp viễn thông) quan tâm xử lý thu gọn dây gọn gàng lại.
Đây là phản ánh lần 2, lần 1 đã có 01 đơn vị của VNPT đến và xử lý 01 dây của họ. Những dây còn lại vẫn nguyên như cũ.
Địa điểm: Quốc lộ 1A, thôn Xuân Lai, xã Lộc An, TP Huế (trước mặt Agribank PGD Truồi).
Xin chân thành cảm ơn.","Kết quả xử lý
Sở Khoa học và Công nghệ
Kính gửi: Quý Ông/Bà
Vấn đề quý Ông/Bà phản ánh, Sở Khoa học và Công nghệ đã chỉ đạo các doanh nghiệp viễn thông tiến hành kiểm tra và xử lý tại vị trí nêu trên (hình ảnh đính kèm).
Chân thành cảm ơn quý Ông/Bà.
Trân trọng./.
  Hạn xử lý: 31/03/2026
Ngày xử lý: 23/03/2026",Đã xử lý,https://tuongtac.hue.gov.vn/phan-anh/day-vien-thong-sa-thap-tai-thon-xuan-lai-a218387.html
219,Hue,08:48 20/03/2026,"Đường tại số nhà 60 Đặng Huy Trứ hư nặng. Ổ gà lỗi lõm đi rất nguy hiểm dễ gây tai nạn. Đã có trường hợp bị ngã xe. Mong cơ quan chức năng xử lý để an toàn.
Địa chỉ : trước nhà 60 Đặng Huy Trứ, phường Thuận Hóa, tp Huế.","Kết quả xử lý
Trung tâm Quản lý và Khai thác hạ tầng thành phố Huế
Kính gửi: Quý Ông/Bà.
Vấn đề quý Ông/Bà phản ánh, Trung tâm Quản lý và Khai thác hạ tầng thành phố Huế (Trung tâm) xin thông báo kết quả như sau:
Sau khi nhận được phản ánh, Trung tâm đã tiến hành kiểm tra và sửa chữa. Đến nay công tác sửa chữa, khắc phục đã hoàn thành (Hình ảnh đính kèm).
Chân thành cảm ơn quý Ông/Bà.
Trân trọng./.
Hạn xử lý: 31/03/2026
Ngày xử lý: 01/04/2026",Đã xử lý,https://tuongtac.hue.gov.vn/phan-anh/kien-nghi-sua-chua-duong-tai-60-dang-huy-tru-a218374.html
220,Hue,16:39 19/03/2026,"Tại nút giao Phạm Văn Đồng - Lưu Hữu Phước (như hình ảnh, clip đính kèm), cột đèn tín hiệu giao thông hiện đang bị che khuất bởi cành cây, gây khó khăn cho người tham gia giao thông trong việc quan sát đèn xanh, đèn đỏ, tiềm ẩn nguy cơ mất an toàn.
Kính đề nghị cơ quan chức năng xem xét, có biện pháp xử lý kịp thời để đảm bảo tầm nhìn và an toàn giao thông tại khu vực này.Trân trọng!","Kết quả xử lý
Trung tâm Công viên cây xanh thành phố Huế
Kính gửi: Quý Ông/Bà.
Vấn đề Quý Ông/Bà phản ánh, Trung tâm Công viên Cây xanh thành phố Huế xin thông báo kết quả như sau:
Trung tâm đã tiến hành cắt tỉa một số cành, nhánh cây xanh che khuất cột đèn tín hiệu giao thông tại nút giao Phạm Văn Đồng – Lưu Hữu Phước (đính kèm hình ảnh).
Chân thành cảm ơn Quý Ông/Bà.
Trân trọng./.
Hạn xử lý: 30/03/2026
Ngày xử lý: 27/03/2026",Đã xử lý,https://tuongtac.hue.gov.vn/phan-anh/cot-den-tin-hieu-giao-thong-tai-nut-giao-pham-van-dong---luu-huu-phuoc-bi-canh-cay-che-khuat-a218340.html
221,Hue,16:33 19/03/2026,"Đường Trưng Nữ Vương đoạn từ đường Trần Quang Diệu đến đường 2/9 thuộc địa bàn phường Phú Bài hiện tại có rất nhiều ổ gà, thậm chí là ổ voi chi chít trên mặt đường. Không biết đơn vị nào quản lý tuyến đường này mà từ trước Tết cho đến nay không thấy có động thái xử lý vá lại hoặc láng nhựa cho mặt đường được êm thuận. Người dân đi lại qua đoạn đường này quá khổ sở và mất an toàn giao thông, nhất là về đêm và khi trời mưa. Khi các xe ngược chiều tránh ổ gà, tránh nhau, gây tai nạn giao thông thì ai chịu trách nhiệm. Đề nghị các cấp có thẩm quyền chỉ đạo kiểm tra, xử lý gấp, dứt điểm để đảm bảo cho người dân đi lại được an toàn.","Kết quả xử lý
Phường Phú Bài
Kính gửi: Quý Ông/Bà.
Vấn đề Quý Ông/Bà phản ánh, UBND phường Phú Bài xin thông báo kết quả như sau:
UBND phường Phú Bài đã chỉ đạo Phòng Kinh tế, Hạ tầng và Đô thị phường triển khai khảo sát, lập dự toán sửa chữa và bố trí nguồn kinh phí để tiến hành sửa chữa trong thời gian sớm nhất.
UBND phường mong Quý Ông/Bà thông cảm và chia sẻ.
Chân thành cảm ơn Quý Ông/Bà.
Trân trọng./.
Hạn xử lý: 30/03/2026
Ngày xử lý: 31/03/2026",Đã xử lý,https://tuongtac.hue.gov.vn/phan-anh/kien-nghi-sua-chua-duong-tai-trung-nu-vuong-a218339.html
222,Hue,13:57 19/03/2026,"Kiến nghị vá nhiều ổ gà ở TDP Thành Trung (phường Hóa Châu).
Nhiều đoạn đường ở TDP Thành Trung (xã Quảng Thành, huyện Quảng Điền cũ), nhất là đoạn gần trường Mầm non Kim Thành, xung quanh có nhiều đoạn đường bị ổ gà, gây ảnh hưởng đến việc lưu thông của người dân, tiềm ẩn nguy cơ TNGT.
Do đó, tôi kiến nghị địa phương quan tâm sửa chữa, chắp vá để đường đi bằng phẳng hơn. Xin cảm ơn.","Kết quả xử lý
Phường Hóa Châu
Kính gửi: Quý Ông/Bà.
Vấn đề quý Ông/Bà phản ánh, UBND phường Hoá Châu xin thông báo kết quả như sau:
Ngày 19/3/2025, UBND phường Hoá Châu đã nhận kiến nghị vá nhiều ổ gà ở TDP Thành Trung và đã chỉ đạo Phòng Kinh tế, Hạ tầng và Đô thị phường công phân công công chức phụ trách lĩnh vực phối hợp với TDP Thành Trung tiến hành kiểm tra tại hiện trường và thống nhất một số nội dung như sau:
Để bảo đảm cho việc lưu thông của người dân được an toàn, trước mắt yêu cầu TDP Thành Trung huy động nhân dân ra quân vá các ổ gà theo như phản ánh, thời gian thực hiện hoàn thành trước ngày 30/3/2026.
Về lâu dài, Phòng Kinh tế, Hạ tầng và Đô thị phường sẽ tham mưu đưa tuyến đường Thành Trung - Quán Hòa vào kế hoạch đầu tư công trung hạn giai đoạn 2026 2030 của UBND phường. Ngoài ra, UBND phường cũng đã đưa đoạn đường trên vào danh mục các dự án đề nghị đầu tư do Quỹ Bảo hiểm xe cơ giới tài trợ (Có biên bản làm việc kèm theo).
Chân thành cảm ơn quý Ông/Bà.
Trân trọng./.
File đính kèm:
Hạn xử lý: 30/03/2026
Ngày xử lý: 26/03/2026",Đã xử lý,https://tuongtac.hue.gov.vn/phan-anh/kien-nghi-va-nhieu-o-ga-o-tdp-thanh-trung-a218327.html
223,Hue,13:56 19/03/2026,"Kính gửi các cơ quan chức năng.
Hiện tại mặt đường gần tượng Phaolo Tống Viết Bường thuộc tổ 8 Phường Thuỷ Xuân (Kiệt 289 Bùi Thị Xuân đi vào, hiện tại đường chưa có tên) đang xuống cấp nghiêm trọng ảnh hưởng đến an toàn khi tham gia giao thông, đặc biệt đây là đoạn cua bị khuất tầm nhìn người dân thường đi qua làn đường ngược chiều vì mặt đường bằng phẳng hơn tiềm ẩn rất nhiều rủi ro về an toàn giao thông và thực tế đã có rất nhiều va chạm ở đây.
Kính mong các cơ quan chức năng sớm khắc phục tình trạng trên.
Xin cảm ơn
Ảnh được chụp vào 13h45 ngày 19/03/2026","Kết quả xử lý
Phường Thủy Xuân
Kính gửi: Quý Ông/Bà.
Vấn đề quý Ông/Bà phản ánh, UBND phường Thủy Xuân xin thông báo kết quả như sau:
UBND phường đã chỉ đạo Trung tâm Dịch vụ sự nghiệp công tiến hành khảo sát, đánh giá thực trạng. Trung tâm Dịch vụ sự nghiệp công đã tổ chức kiểm tra thực địa, khảo sát tuyến đường thuộc Tổ dân phố 8. Qua khảo sát, tuyến đường hiện nay đã xuống cấp. Trung tâm đã có Tờ trình số 32 ngày 23/3/2026 gửi UBND phường để kiến nghị đưa vào danh mục đầu tư công trung hạn.
Trong thời gian tới, UBND phường sẽ chỉ đạo các phòng, ban chuyên môn xây dựng kế hoạch, sớm đưa tuyến đường vào đầu tư nhằm đảm bảo việc đi lại thuận lợi cho người dân.
UBND phường thông tin để Quý Ông/Bà được biết.
Chân thành cảm ơn Quý Ông/Bà.
Trân trọng./.
Hạn xử lý: 30/03/2026
Ngày xử lý: 24/03/2026",Đã xử lý,https://tuongtac.hue.gov.vn/phan-anh/kien-nghi-nang-cap-tuyen-duong-thuoc-to-8-phuong-thuy-xuan-a218326.html
224,Hue,10:55 19/03/2026,"Tại 243 Bùi Thị Xuân, có nhiều đá to và gồ ghề đặt ở đường. Nguy hiểm cho người đi. Xin cơ quan xem và giải quyết đá này để an toàn cho người đi đường.","Kết quả xử lý
Phường Thuận Hóa
Kính gửi: Quý Ông/Bà.
Vấn đề quý Ông/Bà phản ánh, Trung tâm Dịch vụ sự nghiệp công phường Thuận Hóa xin thông báo kết quả như sau:
Sau khi tiếp nhận phản ánh, Trung tâm Dịch vụ sự nghiệp công phường Thuận Hóa đã cử lực lượng trật tự xây dựng kiểm tra thực tế tại hiện trường. Qua kiểm tra, ghi nhận có tình trạng tập kết đá kích thước lớn, gồ ghề, tiềm ẩn nguy cơ mất an toàn giao thông cho người dân và phương tiện tham gia giao thông.
Lực lượng trật tự xây dựng đã tiến hành thu dọn, di dời toàn bộ vật cản ra khỏi lòng đường; đồng thời nhắc nhở các hộ dân xung quanh không tập kết vật liệu, vật dụng lấn chiếm lòng đường, gây ảnh hưởng đến an toàn giao thông.
Chân thành cảm ơn quý Ông/Bà.
Trân trọng./.
1/3
123
Hạn xử lý: 30/03/2026
Ngày xử lý: 25/03/2026",Đã xử lý,https://tuongtac.hue.gov.vn/phan-anh/kien-nghi-don-dep-da-to-va-go-ghe-dat-tai-243-bui-thi-xuan-a218315.html
225,Hue,07:56 19/03/2026,"Đoạn đường từ Km 29+500 đến Km31 Tỉnh Lộ 4 thuộc địa phận xã Quảng Thái cũ (nay là xã Đan Điền) mặt đường bị hư hỏng xuất hiện rất nhiều ổ gà. Trong thời gian vừa qua, đã xảy ra một số vụ tai nạn do đường xấu. Để đảm bảo an toàn cho người tham gia giao thông, rất mong cơ quan chức năng sớm khắc phục,sửa chữa để cho nhân dân đi lại an toàn. Trân trọng!","Kết quả xử lý
Sở Xây dựng
Kính gửi: Quý Ông/Bà.
Vấn đề quý Ông/Bà phản ánh, Sở Xây dựng xin thông báo kết quả như sau:
Đoạn tuyến Ông/Bà phản ánh đã được UBND thành phố phê duyệt kinh phí sửa chữa một số đoạn hư hỏng nặng trên tuyến đường này.
Hiện nay đang hoàn thiện các thủ tục pháp lý và sẽ thực hiện sớm khi xong các thủ tục. Đơn vị quản lý tuyến cũng đã có kế hoạch sửa chữa tạm thời đảm bảo giao thông trong Quý II/2026.
Chân thành cảm ơn quý Ông/Bà.
Trân trọng!
Hạn xử lý: 30/03/2026
Ngày xử lý: 27/03/2026",Đã xử lý,https://tuongtac.hue.gov.vn/phan-anh/kien-nghi-sua-chua-duong-tai-tinh-lo-4-thuoc-dia-phan-xa-dan-dien-a218292.html
226,Hue,20:18 18/03/2026,"Nổi khổ của người dân khi cầu vượt biển đã hoàn thành gần nửa năm, nhưng con đường cuối đường Hoàng Sa (TDP Hải Tiến, phường Thuận An) vẫn không được trả lại mặt bằng, trời mưa thì bà con không thấy đường đi, trời nắng thì cát không thể đi được, bao nhiêu người đã bị ngã tại con đường này, học sinh, người lớn tuổi khổng thể tự đi được. Mong các cơ quan chức năng liên quan vào cuộc trả lại mặt bằng, để người dân đỡ vất vả đi lại .","Kết quả xử lý
Ban Quản lý dự án đầu tư xây dựng công trình giao thông thành phố Huế
Kính gửi: Quý Ông/Bà.
Vấn đề quý Ông/Bà phản ánh, Ban Quản lý dự án Đầu tư xây dựng công trình giao thông thành phố Huế xin thông báo kết quả như sau:
Trong quá trình thực hiện dự án Tuyến đường bộ ven biển qua tỉnh Thừa Thiên Huế và cầu qua cửa Thuận An (do Ban QLDA Đầu tư xây dựng công trình giao thông làm chủ đầu tư), các đơn vị thi công có sử dụng tuyến đường Hoàng Sa để trung chuyển vật liệu. Các đơn vị thi công phải chịu hoàn toàn trách nhiệm trong việc đảm bảo giao thông và sửa chữa các hư hỏng (nếu có) do quá trình vận chuyển gây ra. Tuy nhiên, sau khi nhận được phản ánh, chủ đầu tư đã thông báo đến các đơn vị thi công, yêu cầu đảm bảo giao thông, vệ sinh môi trường trên tuyến đảm bảo an toàn cho người tham gia giao thông.
Chân thành cảm ơn quý Ông/Bà.
Trân trọng./.
Hạn xử lý: 30/03/2026
Ngày xử lý: 28/03/2026",Đã xử lý,https://tuongtac.hue.gov.vn/phan-anh/thi-cong-chua-hoan-tra-mat-bang-tai-cuoi-duong-hoang-sa-a218267.html
227,Hue,19:52 18/03/2026,"Đường Tỉnh Lộ 4 đoạn từ km 31 đến km 32 thuộc địa phận Phường Phong Dinh, Thành Phố Huế, nhiều đoạn hư hỏng nhưng cả năm không thấy đơn vị nào sửa chữa. Kính mong cơ quan xử lý để việc đi lại được thuận tiện","Kết quả xử lý
Sở Xây dựng
Kính gửi: Quý Ông/Bà. 
Vấn đề Ông/Bà phản ánh, Sở Xây dựng xin thông báo kết quả như sau:
Đoạn tuyến Ông/Bà phản ánh đã được UBND thành phố phê duyệt kinh phí sửa chữa một số đoạn hư hỏng nặng trên tuyến đường này. Hiện nay, đang hoàn thiện các thủ tục pháp lý và sẽ thực hiện sớm khi xong các thủ tục.
Đơn vị quản lý tuyến cũng đã có kế hoạch sửa chữa tạm thời đảm bảo giao thông trong Qúy 2/2026.
Chân thành cảm ơn quý Ông/Bà.
Trân trọng.
Hạn xử lý: 30/03/2026
Ngày xử lý: 27/03/2026",Đã xử lý,https://tuongtac.hue.gov.vn/phan-anh/duong-tinh-lo-4-hu-hong-nang-a218262.html
228,Hue,19:09 18/03/2026,"Kính gởi cơ quan chức năng, hiện tại lan can cầu Phú Xuân phía tây từ cột đèn số 11 đến cột 23 có các khung sắt bị hỏng gây mất thẩm mỹ đô thị và quá nguy hiểm cho trẻ em. Đề nghị cơ quan chức năng xử lý. Ảnh chụp 5h30 ngày 18 tháng 3 tại cầu Phú Xuân .","Kết quả xử lý
Văn phòng Quản lý đường bộ II.5
Kính gửi: Quý Ông/Bà.
Vấn đề Quý Ông/Bà phản ánh, Văn phòng QLĐB II.5 xin thông báo kết quả như sau:
Văn phòng đã chỉ đạo đơn vị BDTX khẩn trương kiểm tra, xử lý buộc lại các thanh thép lan can cầu bị bung hỏng nhằm đảm bảo an toàn giao thông; đồng thời rà soát toàn bộ các hư hỏng lan can và xây dựng phương án xử lý triệt để trong thời gian tới.
Chân thành cảm ơn Quý Ông/Bà.
Trân trọng./.
Hạn xử lý: 30/03/2026
Ngày xử lý: 08/04/2026",Đã xử lý,https://tuongtac.hue.gov.vn/phan-anh/lan-can-cau-phu-xuan-bi-hong-a218257.html
229,Hue,18:55 18/03/2026,"Biểu ngữ treo trên cột đèn che mất 1 phần đèn tín hiệu (ngã 4 Đống Đa - Lý Thường Kiệt, cột đèn bên cạnh Túc Tắc tea). Nếu đứng ngay vị trí dừng đèn đỏ sẽ không thể nhìn thấy đèn rẽ phải. Mong cơ quan chức năng chỉ đạo bên treo biểu ngữ trong Thành Phố chú ý không che khuất biển báo và đèn tín hiệu. Ảnh chụp lúc 18h54 ngày 18/3/2026 tại ngã 4 Đống Đa - Lý Thường Kiệt.","Kết quả xử lý
Phường Thuận Hóa
Kính gửi: Quý Ông/Bà.
Vấn đề quý Ông/Bà phản ánh, Trung tâm Dịch vụ sự nghiệp công phường Thuận Hoá (Trung tâm) xin thông báo kết quả như sau:
Nhận được thông tin phản ánh, Trung tâm đã tiến hành chỉ đạo Bộ phận Trật tự Đô thị tiến hành kiểm tra thực tế tại điểm phản ánh ngã 4 Đống Đa - Lý Thường Kiệt. Tại thời điểm kiểm tra phát hiện biểu ngữ treo cột đèn đã được tháo bỏ (đính kèm hình ảnh).
Chân thành cảm ơn quý Ông/Bà.
Trân trọng./.
Hạn xử lý: 30/03/2026
Ngày xử lý: 20/03/2026",Đã xử lý,https://tuongtac.hue.gov.vn/phan-anh/treo-bieu-ngu-che-khuat-bien-bao-va-den-tin-hieu-tai-nga-4-dong-da---ly-thuong-kiet-a218253.html
230,Hue,12:31 18/03/2026,"Đường dẫn lên cầu Công Lương bị sụt lún nghiêm trọng, gây nguy hiểm cho các phương tiện tham gia giao thông.
Mỗi lần đi lên là xe nảy lên, hư hỏng hàng.
Đề nghị khắc phục gấp.
Ảnh và video ngày 18/3/2026.","Kết quả xử lý
Sở Xây dựng
Kính gửi: Quý Ông/Bà.
Vấn đề quý Ông/Bà phản ánh, Sở Xây dựng xin thông báo kết quả như sau:
Sở Xây dựng đã nắm biết về tình trạng hư hỏng mặt đường trên tuyến đường này và việc lún ở các đầu cầu. Hiện nay, thực hiện chủ trương của UBND thành phố, Sở Xây dựng đang phối hợp với các cơ quan liên quan lập dự án nâng cấp tuyến đường, khắc phục triệt để tình trạng lún ở các đầu cầu và hư hỏng mặt đường này.
Chân thành cảm ơn quý Ông/Bà.
Trân trọng./.
Hạn xử lý: 27/03/2026
Ngày xử lý: 08/04/2026",Đã xử lý,https://tuongtac.hue.gov.vn/phan-anh/duong-dan-len-cau-cong-luong-bi-sut-lun-a218229.html
231,Hue,10:30 18/03/2026,"Đèn giao thông bị lỗi tại ngã tư Nguyễn Chí Thanh-Nguyễn Gia Thiều. Khi đèn đỏ chuyển sang xanh thì đèn xanh không sáng, gây khó khăn cho người tham gia giao thông. Đề nghị kiểm tra khắc phục. Video ngày 18/3/2026.","Kết quả xử lý
Trung tâm Quản lý và Khai thác hạ tầng thành phố Huế
Kính gửi: Quý Ông/Bà.
Vấn đề quý Ông/Bà phản ánh, Trung tâm Quản lý và Khai thác Hạ tầng thành phố Huế xin thông báo kết quả như sau:
Sau khi nhận được phản ánh, Trung tâm đã tiến hành kiểm tra và sửa chữa. Đến nay, công tác sửa chữa, khắc phục đã hoàn thành. (Đính kèm hình ảnh)
Chân thành cảm ơn quý Ông/Bà.
Trân trọng./.
Hạn xử lý: 27/03/2026
Ngày xử lý: 26/03/2026",Đã xử lý,https://tuongtac.hue.gov.vn/phan-anh/den-giao-thong-bi-loi-tai-nga-tu-nguyen-chi-thanh-nguyen-gia-thieu-a218214.html
232,Hue,09:20 18/03/2026,"Đường dẫn lên cầu Như Ý 2 bị sụt lún nghiêm trọng, gây nguy hiểm cho phương tiện tham gia giao thông. Đề nghị xử lý gấp.
Ảnh chụp ngày 18/3/2026.","Kết quả xử lý
Sở Xây dựng
Kính gửi: Quý Ông/Bà.
Vấn đề quý Ông/Bà phản ánh, Sở Xây dựng xin thông báo kết quả như sau:
Sở Xây dựng đã nắm biết về tình trạng hư hỏng mặt đường trên tuyến đường này và việc lún ở các đầu cầu. Hiện nay, thực hiện chủ trương của UBND thành phố, Sở Xây dựng đang phối hợp với các cơ quan liên quan lập dự án nâng cấp tuyến đường, khắc phục triệt để tình trạng lún ở các đầu cầu và hư hỏng mặt đường này.
Chân thành cảm ơn quý Ông/Bà.
Trân trọng./.
Hạn xử lý: 27/03/2026
Ngày xử lý: 08/04/2026",Đã xử lý,https://tuongtac.hue.gov.vn/phan-anh/duong-dan-len-cau-nhu-y-2-bi-sut-lun-nghiem-trong-a218208.html
233,Hue,22:14 17/03/2026,"Thời gian: Ngày 17, tháng 3, năm 2026, lúc 21 giờ 14 phút.
Địa điểm: Ngã ba Nguyễn Phúc Nguyên - Sư Vạn Hạnh.
Và tại chắn tàu đường Kim Long.
Phản ánh cường độ và hướng chiếu của đèn trợ sáng camera giám sát gây nguy hiểm cho người tham gia giao thông.
Kính gửi các cơ quan chức năng,
Tôi xin phản ánh về tình trạng đèn trợ sáng của camera giám sát tại một số nút giao thông đang gây mất an toàn nghiêm trọng.
Vị trí 1: Ngã ba Nguyễn Phúc Nguyên - Sư Vạn Hạnh. Tại đây có 2 camera lắp gần nhau, đèn có cường độ sáng rất mạnh và chiếu trực diện vào mắt lái xe ngay đoạn vào cua. Việc bị lóa mắt đột ngột khiến tài xế hoàn toàn mất phương hướng (mù tạm thời), không thể quan sát xe và người xung quanh, tiềm ẩn nguy cơ tai nạn cao.
Vị trí 2: Khu vực đường ray Kim Long (hướng nhìn ra ngã giao Lê Duẩn). Camera phía góc đối diện cũng chiếu thẳng vào tầm mắt người lái. Đây là nút giao có mật độ phương tiện đông, đòi hỏi sự quan sát kỹ lưỡng, việc bị đèn chiếu lóa khiến tài xế không thể theo dõi tình hình giao thông xung quanh.
Mấy hôm nay đi qua đây buổi đêm thực sự rất ám ảnh. Đèn camera được lắp với cường độ quá mạnh, lại chiếu thẳng vào mặt người lái xe. Đặc biệt là đoạn cua ngã ba Nguyễn Phúc Nguyên - Sư Vạn Hạnh và đường ray Kim Long nhìn ra Lê Duẩn. Vào cua mà bị chiếu ""chói mắt"" như vậy thì cực kỳ dễ gây tai nạn vì tài xế không thấy đường trong vài giây.
Kính mong các cơ quan, đơn vị liên quan kiểm tra, điều chỉnh lại độ sáng hoặc hạ thấp góc chiếu xuống mặt đường của đèn, thay vì chiếu thẳng vào mắt lái xe như hiện nay, để đảm bảo tầm nhìn và sự an tâm cho người dân khi lưu thông qua các khu vực này.
Tôi xin chân thành cảm ơn.","Kết quả xử lý
Trung tâm Giám sát, điều hành đô thị thông minh
Kính gửi: Quý Ông/Bà.
Vấn đề quý Ông/Bà phản ánh, Trung tâm Giám sát, điều hành đô thị thông minh (IOC) xin thông báo kết quả như sau:
Qua kiểm tra, Bộ phận kỹ thuật đã tiến hành tháo dây nguồn của đèn trợ sáng gắn ở camera tại tuyến đường Nguyễn Phúc Nguyên giao nhau với đường Sư Vạn Hạnh; vị trí Bắc cầu Dã Viên. Hiện đèn tại 2 vị trí này đã được xử lý, không còn gây chói mắt cho người tham gia giao thông. (Đính kèm hình ảnh)
Chân thành cảm ơn quý Ông/Bà.
Trân trọng./.
1/2
12
Hạn xử lý: 27/03/2026
Ngày xử lý: 25/03/2026",Đã xử lý,https://tuongtac.hue.gov.vn/phan-anh/den-tro-sang-camera-gay-choi-mat-tai-nga-ba-nguyen-phuc-nguyen---su-van-hanh-va-duong-ray-kim-long-a218184.html
234,Hue,17:07 17/03/2026,"Đường vào khu quy hoạch Hương An bị sạt lở nặng, ổ gà nhiều gây nguy hiểm khi qua đường ray tại 141 Lý Thái Tổ. Kiến nghị tu sửa lại đường.","Kết quả xử lý
Phường Hương An
Kính gửi: Quý Ông/Bà.
Vấn đề quý Ông/Bà phản ánh, Trung tâm Dịch vụ sự nghiệp công phường Hương An (Trung tâm) xin thông báo kết quả như sau:
Qua nội dung phản ánh, Trung tâm Dịch vụ sự nghiệp công đã phân công cán bộ về kiểm tra trực tiếp tại Kiệt 141 Lý Thái Tổ; vị trí đường kiệt hiện trạng đã xuống cấp, nhiều vị trí ổ gà nhấp nhô dẫn đến việc đi lại khó khăn cho người dân trong quá trình lưu thông trên tuyến đường này.
Trong thời gian đến, Trung tâm rà soát để báo cáo UBND phường Hương An xem xét, đưa vào kế hoạch duy tu sửa chữa, đảm bảo việc lưu thông đi lại an toàn trên tuyến đường này.
Chân thành cảm ơn quý Ông/Bà.
Trân trọng./.
Hạn xử lý: 27/03/2026
Ngày xử lý: 28/03/2026",Đã xử lý,https://tuongtac.hue.gov.vn/phan-anh/kien-nghi-sua-chua-duong-vao-kqh-huong-an-tai-141-ly-thai-to-a218154.html
235,Hue,14:36 17/03/2026,"Những cây trồng giữa con lươn ở từ số nhà 2 đến 12 đường Âu Lạc, phường An Cựu có bầu lá quá to gây mất tầm nhìn đối với người đi bộ và phương tiện khi mỗi lúc sang đường. Cực kỳ nguy hiểm đối với trẻ em sang đường vì xe máy và ô tô bị bụi cây che khuất. Đề nghị tỉa lép hoặc thay cây trồng phù hợp.","Kết quả xử lý
Ban Quản lý dự án Đầu tư xây dựng và Phát triển đô thị thành phố Huế
Kính gửi: Quý Ông/Bà.
Vấn đề quý Ông/Bà phản ánh, Ban QLDA Đầu tư xây dựng và phát triển đô thị tiến hành kiểm tra và trả lời như sau:
Ban QLDA đã kiểm tra các cây trồng tại dải phân cách (con lươn) đoạn từ số nhà 2 đến 12 đường Âu Lạc, phường An Cựu. Qua kiểm tra, ghi nhận các cây có bầu lớn như phản ánh và đã tiến hành cắt tỉa, cơ bản đảm bảo an toàn giao thông (có ảnh chụp đính kèm). Đây là cây trồng thuộc dự án đã được phê duyệt, đang sinh trưởng bình thường nên chưa thể thay thế.
Ngoài ra, khu vực đường Âu Lạc có lưu lượng xe máy và ô tô lưu thông tương đối lớn; đề nghị người dân khi qua đường cần chấp hành đúng vạch sang đường dành cho người đi bộ để đảm bảo an toàn giao thông.
Chân thành cảm ơn quý Ông/Bà.
Trân trọng./.
Hạn xử lý: 26/03/2026
Ngày xử lý: 25/03/2026",Đã xử lý,https://tuongtac.hue.gov.vn/phan-anh/cay-trong-gay-khuat-tam-nhin-tu-so-2-den-12-duong-au-lac-a218146.html
236,Hue,13:25 17/03/2026,"Kính gửi: Trung tâm Giám sát, Điều hành Đô thị Thông minh Thành phố Huế (HueIOC)
Tôi là công dân sinh sống trên địa bàn thành phố Huế.
Ngày gửi: Vào lúc 12h45 phút ngày 17/03/2026.
Tôi làm đơn này để phản ánh về tình trạng mất an toàn giao thông tại khu vực ngã ba La Sơn, xã Hưng Lộc, thành phố Huế.
Cụ thể, tại vị trí này, cột đèn tín hiệu giao thông hiện đang bị cây xanh che khuất, làm hạn chế tầm nhìn của người tham gia giao thông. Khi di chuyển đến gần ngã ba, người điều khiển phương tiện rất khó quan sát tín hiệu đèn, đặc biệt là vào giờ cao điểm hoặc khi lưu lượng xe đông, tiềm ẩn nguy cơ xảy ra va chạm và tai nạn giao thông.
Tình trạng này đã diễn ra trong một thời gian nhưng chưa được khắc phục, gây ảnh hưởng trực tiếp đến an toàn của người dân khi lưu thông qua khu vực.
Vì vậy, tôi kính đề nghị Quý Trung tâm kiểm tra, xem xét và có biện pháp xử lý kịp thời như: Cắt tỉa cây xanh che khuất, điều chỉnh lại vị trí hoặc tăng cường tầm nhìn của cột đèn tín hiệu giao thông, nhằm đảm bảo an toàn cho người tham gia giao thông.
Tôi xin chân thành cảm ơn sự quan tâm và hỗ trợ của Quý Trung tâm.
Kính chúc Quý Lãnh đạo và tập thể HueIOC sức khỏe, hoàn thành tốt nhiệm vụ.","Kết quả xử lý
Văn phòng Quản lý đường bộ II.5
Kính gửi: Quý Ông/Bà.
Vấn đề Quý Ông/Bà phản ánh, Văn phòng QLĐB II.5 xin thông báo kết quả như sau:
Văn phòng đã đề nghị Công ty TNHH Trùng Phương (đơn vị duy tu tuyến đường) triển khai cắt tỉa cành cây che khuất cột đèn tín hiệu giao thông tại khu vực ngã ba La Sơn; đến nay đã hoàn thành.
Chân thành cảm ơn Quý Ông/Bà.
Trân trọng./.
Hạn xử lý: 26/03/2026
Ngày xử lý: 08/04/2026",Đã xử lý,https://tuongtac.hue.gov.vn/phan-anh/cay-xanh-che-khuat-cot-den-tin-hieu-giao-thong-tai-nga-ba-la-son-a218138.html
237,Hue,08:27 17/03/2026,"Tại đường Nguyễn Đình Tứ cạnh Viện Công nghệ Sinh học, phường Mỹ Thượng, thành phố Huế có hố ga không có nắp tiềm ẩn nguy hiểm cho người đi bộ. Đã có trường hợp người dân đi bộ bị rơi xuống hố ga phải mang thang ra để leo lên. Kính đề nghị chính quyền kiểm tra và xử lý.","Kết quả xử lý
Ban Quản lý dự án Đầu tư xây dựng và Phát triển đô thị thành phố Huế
Kính gửi: Quý Ông/Bà.
Vấn đề quý Ông/Bà phản ánh, Ban QLDA Đầu tư xây dựng và Phát triển đô thị (Ban QLDA) xin thông báo kết quả như sau:
Nắp hố ga đường Nguyễn Đình Tứ (Tỉnh lộ 10A) không có, theo phản ánh của người dân sống trong khu vực, có một số đối tượng thiếu ý thức tự dỡ lên để câu cá; đến nay, Ban QLDA đã khắc phục hoàn thành (ảnh chụp đính kèm).
Chân thành cảm ơn quý Ông/Bà.
Trân trọng./.
1/2
12
Hạn xử lý: 26/03/2026
Ngày xử lý: 23/03/2026",Đã xử lý,https://tuongtac.hue.gov.vn/phan-anh/ho-ga-khong-co-nap-gay-nguy-hiem-tai-duong-nguyen-dinh-tu-a218099.html
238,Hue,17:44 16/03/2026,"Tình trạng hệ thống hạ tầng đường Nguyễn Văn Linh giao Tản Đà xuống cấp. Đường nhỏ, xe ô tô, xe tải qua lại nhiều. Học sinh, người đi làm không đủ chỗ để đi. Nhiều ổ gà dễ xảy ra nguy hiểm khi lái xe. Mong cơ quan chức năng xử lý.","Kết quả xử lý
Trung tâm Quản lý và Khai thác hạ tầng thành phố Huế
Kính gửi: Quý Ông/Bà.
Vấn đề quý Ông/Bà phản ánh, Trung tâm Quản lý và Khai thác Hạ tầng thành phố Huế xin thông báo kết quả như sau:
Thực hiện Quyết định số 696/QĐ-UBND ngày 23/02/2026 của UBND thành phố Huế, Trung tâm đang phối hợp với UBND phường Hóa Châu thực hiện việc bàn giao tiếp nhận tuyến đường trên để quản lý. Sau khi hoàn thành công tác tiếp nhận, Trung tâm sẽ tổng hợp, báo cáo cơ quan chức năng xem xét xây dựng kế hoạch duy tu, sửa chữa tuyến đường này.
Hiện nay, trên địa bàn Thành phố còn nhiều tuyến đường có hiện trạng như quý Ông/Bà nêu trên. Đây là vấn đề khó khăn chung mà chính quyền các cấp đang từng bước khắc phục, đầu tư dần. Rất mong quý Ông/Bà thông cảm và chia sẻ.
Chân thành cảm ơn quý Ông/Bà.
Trân trọng./.
Hạn xử lý: 26/03/2026
Ngày xử lý: 26/03/2026",Đã xử lý,https://tuongtac.hue.gov.vn/phan-anh/kien-nghi-sua-chua-duong-nguyen-van-linh-a218060.html
239,Hue,14:35 16/03/2026,"Kính gửi UBND phường An Cựu,
Tuyến kiệt 65A Hoàng Quốc Việt thuộc phường An Cựu là tuyến kiệt còn sót lại của phường An Đông cũ nay thuộc phường An Cựu hiện chưa được nâng cao nền và bê tông hóa.
Chúng tôi nghe nói phải chờ dự án mới gì đó triển khai rồi mới làm kiệt này, nhưng gần hết quý I/2026 vẫn chưa thấy dự án mới triển khai, chờ đợi không biết đến bao giờ mới được làm kiệt này. Vì vậy, Kính mong lãnh đạo UBND phường An Cựu quan tâm làm tuyến kiệt 65A Hoàng Quốc Việt giúp bà con trong quý II/2026.
Xin cảm ơn.","Kết quả xử lý
Phường An Cựu
Kính gửi: Quý Ông/Bà.
Vấn đề quý Ông/Bà phản ánh, UBND phường An Cựu xin thông báo kết quả như sau:
Tuyến kiệt 65A Hoàng Quốc Việt đã được UBND phường An Cựu kiểm tra và lập danh mục đầu tư nâng cấp, sửa chữa. Tuy nhiên, quá trình triển khai thực hiện gặp nhiều khó khăn do chưa thống nhất và đồng bộ về quy hoạch. Hiện nay, thành phố đang triển khai thực hiện dự án kênh sinh thái (đường Hoàng Quốc Việt) theo quy hoạch.
Đối với tuyến đường này, dự kiến cao độ chênh cao so với cao độ của các đường kiệt hiện trạng khoảng từ 0,6m-1,0m. Vì vậy, nếu triển khai thực hiện đầu tư kiệt 65A Hoàng Quốc Việt nói trên sẽ không thống nhất về cao độ và hệ thống thoát nước chung của khu vực (tuyến đường kiệt) nên hiện nay dự án đang tạm dừng. Sau khi dự án đầu tư kênh sinh thái tuyến đường Hoàng Quốc Việt hoàn thành, UBND phường An Cựu sẽ đầu tư nâng cấp tuyến kiệt nói trên.
Chân thành cảm ơn quý Ông/Bà.
Trân trọng./.
Hạn xử lý: 25/03/2026
Ngày xử lý: 25/03/2026",Đã xử lý,https://tuongtac.hue.gov.vn/phan-anh/kien-nghi-lam-duong-tai-kiet-65a-hoang-quoc-viet-nam-2026-a218052.html
240,Hue,14:00 16/03/2026,"Kiệt 21 đường Nguyễn Phúc Thụ, phường Kim Long, TP Huế sau nhiều năm và nhiều trận lũ lịch sử đã xuống cấp nghiêm trọng, gây ảnh hưởng rất lớn đến cuộc sống của hơn 50 hộ dân và hơn 200 nhân khẩu đang sinh sống tại đường kiệt này.
Kiến nghị cơ quan nhà nước quan tâm cải tạo nâng cấp để đảm bảo dân sinh.","Kết quả xử lý
Phường Kim Long
Kính gửi: Quý Ông/Bà.
Vấn đề quý Ông/Bà phản ánh, UBND phường Kim Long xin thông báo kết quả như sau:
UBND phường Kim Long đã nhận được đơn kiến nghị (hoặc thông tin phản ánh) của đại diện các hộ dân về tình trạng xuống cấp nghiêm trọng của tuyến kiệt 21 sau các đợt bão lũ vừa qua. Qua kiểm tra thực tế và rà soát kế hoạch đầu tư công, UBND phường xin phản hồi như sau:
1. Đánh giá hiện trạng:
Tuyến kiệt 21 đường Nguyễn Phúc Thụ hiện đã bị bong tróc lớp bề mặt, hệ thống thoát nước không còn đảm bảo, dẫn đến tình trạng ngập úng cục bộ và khó khăn trong đi lại. UBND phường hoàn toàn chia sẻ với những bất tiện mà hơn 50 hộ dân đang gặp phải.
2. Biện pháp xử lý:
UBND phường đã chỉ đạo đơn vị quản lý duy tu là trung tâm dịch vụ sự nghiệp công để sớm có phương án dặm vá các ""ổ gà"", đảm bảo an toàn bước một cho người dân.
Do ngân sách phường có hạn, việc nâng cấp toàn diện (bê tông hóa và làm cống thoát nước) cần nguồn vốn hỗ trợ từ ngân sách Thành phố.
UBND phường Kim Long luôn lắng nghe và đề cao các ý kiến đóng góp của công dân nhằm xây dựng hạ tầng đô thị an toàn, văn minh. Chúng tôi sẽ tiếp tục theo dõi và đôn đốc các cơ quan cấp trên để sớm có kế hoạch sửa chữa triệt để tuyến đường này.
UBND phường Kim Long chân thành cảm ơn phản ánh của Ông/Bà và mong tiếp tục nhận được sự phối hợp, giám sát.
Trân trọng./.
Hạn xử lý: 25/03/2026
Ngày xử lý: 01/04/2026",Đã xử lý,https://tuongtac.hue.gov.vn/phan-anh/kien-nghi-nang-cap-duong-kiet-21-nguyen-phuc-thu-a218041.html
241,Hue,11:24 16/03/2026,"Kiến nghị UBND phường Thuận An khẩn trương đầu tư hạ tầng kỹ thuật khu quy hoạch Tân Mỹ để người dân xây nhà ở. KQH làm từ năm 2009 đến nay đã 7 năm nhưng hạ tầng chưa được đầu tư gì: đường, điện, nước... gây bức xúc trong nhân dân, lãng phí quỹ đất, trong bối cảnh Trung ương đang quyết liệt chống công tác tham nhũng, lãng phí.","Kết quả xử lý
Phường Thuận An
Kính gửi: Quý Ông/Bà.
Vấn đề quý Ông/Bà phản ánh, UBND phường Thuận An xin thông báo kết quả như sau:
Sau khi nhận được phản ánh, UBND phường đã chỉ đạo Phòng Kinh tế, Hạ tầng và Đô thị kiểm tra, rà soát hiện nay đoạn đường kiệt này do UBND phường Thuận An (mới) quản lý. UBND phường ghi nhận tham gia ý kiến của Ông/bà và tham mưu, xem xét, đề xuất phương án để phát triển kinh tế hạ tầng đô thị của địa phương.
Chân thành cảm ơn quý Ông/Bà.
Trân trọng./.
Hạn xử lý: 25/03/2026
Ngày xử lý: 06/04/2026",Đã xử lý,https://tuongtac.hue.gov.vn/phan-anh/kien-nghi-dau-tu-he-thong-ha-tang-tai-kqh-tan-my-a218022.html
242,Hue,11:05 16/03/2026,"Cột điện trước nhà 200 Bạch Đằng, phường Phú Xuân, thành phố Huế bị đứt dây, dây đồng lộ ra với dây điện dư thừa nhiều. Nguy cơ xảy ra sự cố nguy hiểm cao khi trời mưa hoặc có người đứng gần. Mong cơ quan chức năng có thể hỗ trợ để bộ phận liên quan khắc phục sớm nhất có thể.","Kết quả xử lý
Sở Khoa học và Công nghệ
Kính gửi: Quý Ông/Bà.
Vấn đề quý Ông/Bà phản ánh, Sở Khoa học và Công nghệ xin thông báo kết quả như sau:
Sở Khoa học và Công nghệ đã chỉ đạo các Doanh nghiệp viễn thông kiểm tra và xử lý làm gọn dây mạng tại vị trí trên (Đính kèm hình ảnh).
Chân thành cảm ơn quý Ông/Bà.
Trân trọng./.
Hạn xử lý: 25/03/2026
Ngày xử lý: 19/03/2026",Đã xử lý,https://tuongtac.hue.gov.vn/phan-anh/day-dien-bi-dut-tai-200-bach-dang-a218018.html
243,Hue,11:01 16/03/2026,"Kính gửi cơ quan chức năng,
Tôi xin phản ánh về việc cấm đậu, đỗ xe máy một bên trên tuyến đường Ngô Quyền.
Tuyến đường Ngô Quyền có mặt đường tương đối rộng và có vỉa hè, lâu nay người dân và khách hàng thường đậu xe máy gọn gàng sát vỉa hè để thuận tiện cho sinh hoạt và hoạt động kinh doanh. Tuy nhiên, hiện nay việc cấm đậu, đỗ xe máy một bên đường đang gây nhiều khó khăn cho người dân và các hộ kinh doanh trên tuyến đường.
Mong các cấp xem xét!","Kết quả xử lý
Phường Thuận Hóa
Kính gửi: Quý Ông/Bà.
Vấn đề quý Ông/Bà phản ánh, Trung tâm Dịch vụ sự nghiệp công phường Thuận Hoá xin thông báo kết quả như sau:
Đoạn đường này gần Cổng Bệnh viện Trung ương Huế, do đó nhu tham gia giao thông cũng như nhu cầu đi bộ trên vỉa hè của người dân tăng cao.
Để đảm bảo mỹ quan đô thị, an toàn giao thông và có lối đi bộ cho người dân trên vỉa hè, UBND phường đã ban hành Thông báo số 14 về việc Cấm để xe trên vỉa hè một số đoạn đường trên địa bàn phường Thuận Hóa. Do đó, Trung tâm Dịch vụ sự nghiệp công phường đề nghị các cơ sở đang kinh doanh buôn bán tại đoạn đường này cần có chỗ để xe cho khách hoặc hướng dẫn khách đưa xe vào gửi tại các điểm trông giữ xe xung quanh khu vực đó như nhà giữ xe của Bệnh viện, Công viên Kim Đồng (Đính kèm Thông báo).
Chân thành cảm ơn quý Ông/Bà.
Trân trọng./.
File đính kèm:
Hạn xử lý: 25/03/2026
Ngày xử lý: 25/03/2026",Đã xử lý,https://tuongtac.hue.gov.vn/phan-anh/phan-anh-bat-cap-cam-do-xe-may-tai-via-he-duong-ngo-quyen-a218014.html
244,Hue,08:30 16/03/2026,"Đề nghị cơ quan chức năng giải quyết cây xanh chết, mục ở vỉa hè đầu đường Nguyễn Phúc Thái, tiềm ẩn nguy hiểm cho người đi lại.","Kết quả xử lý
Trung tâm Công viên cây xanh thành phố Huế
Kính gửi: Quý Ông/Bà.
Vấn đề quý Ông/Bà phản ánh, Trung tâm Công viên Cây xanh thành phố Huế xin thông báo kết quả như sau:
Trung tâm đã cho chặt hạ cây chết khô tại đường Nguyễn Phúc Thái đảm bảo an toàn cho người dân (đính kèm hình ảnh).
Chân thành cảm ơn quý Ông/Bà.
Trân trọng./.
  Hạn xử lý: 25/03/2026
Ngày xử lý: 17/03/2026",Đã xử lý,https://tuongtac.hue.gov.vn/phan-anh/cay-xanh-chet-kho-gay-nguy-hiem-tai-dau-duong-nguyen-phuc-thai-a217999.html
245,Hue,22:42 15/03/2026,"Cầu Như Ý vẫn còn ngổn ngang chưa giải phóng mặt bằng, gây nguy hiểm cho người tham gia giao thông, nhất là khi trời tối. Nếu không nhanh chóng xử lý, có thể gây tai nạn.","Kết quả xử lý
Ban quản lý dự án đầu tư xây dựng Chương trình phát triển các đô thị loại II (các đô thị xanh)
Kính gửi: Quý Ông/Bà.
Vấn đề Quý Ông/Bà phản ánh, Ban Quản lý dự án đầu tư xây dựng Chương trình phát triển các đô thị loại II (các đô thị xanh) xin thông báo kết quả như sau:
Vị trí Quý Ông/Bà phản ánh đã được giải phóng mặt bằng và thuộc khu vực bãi đúc dầm của cầu Vỹ Dạ. Hiện tại, đơn vị thi công đã thực hiện rào chắn, đồng thời bố trí hệ thống biển báo để cảnh báo an toàn.
Ban QLDA kính mong bà con thông cảm.
Chân thành cảm ơn Quý Ông/Bà.
Trân trọng./.
Hạn xử lý: 03/04/2026
Ngày xử lý: 03/04/2026",Đã xử lý,https://tuongtac.hue.gov.vn/phan-anh/kien-nghi-nhanh-chong-giai-phong-mat-bang-cau-nhu-y-a217991.html
246,Hue,20:09 15/03/2026,"Xin hỏi khu đất chung cư phía sau cây xăng Bình Điền, bưu điện Bình Điền thuộc thôn Đông Hoà, xã Bình Điền lúc nào có điện lưới (đã có cột đèn, đèn, dây điện nhưng chưa có nguồn điện)","Kết quả xử lý
Xã Bình Điền
Kính gửi: Quý Ông/Bà.
Vấn đề quý Ông/Bà phản ánh, UBND xã Bình Điền xin thông báo kết quả như sau:
UBND xã Bình Điền đã phối hợp Điện lực Hương Trà để thực hiện thủ tục đấu nối. Hiện địa phương đang hoàn tất thủ tục bàn giao hệ thống lưới điện khu dân cư Đông Hòa để Điện lực Hương Trà đóng điện phục vụ nhu cầu sử dụng của người dân trong khu vực.
UBND xã Bình Điền chân thành cảm ơn phản ánh của công dân và mong tiếp tục nhận được sự phối hợp, đóng góp ý kiến để công tác quản lý, điều hành của chính quyền địa phương ngày càng tốt hơn.
Trân trọng./.
Hạn xử lý: 25/03/2026
Ngày xử lý: 25/03/2026",Đã xử lý,https://tuongtac.hue.gov.vn/phan-anh/hoi-ve-thoi-gian-co-dien-chieu-sang-tai-xa-binh-dien-a217983.html
247,Hue,15:42 15/03/2026,"Kính gửi: UBND phường Phú Xuân, phòng Kinh tế, Hạ tầng và Đô thị phường Phú Xuân. Tôi xin thay mặt bà con tại kiệt 104 Tạ Quang Bửu có ý kiến như sau: Tại kiệt 104 Tạ Quang Bửu từ đầu kiệt vào đến nhà số 4 đã có hệ thống thoát nước, từ nhà số 4 đến cuối kiệt hiện nay chưa có hệ thống thoát nước, mặt đường bê tông xi măng xuống cấp, đi lại vào mùa mưa rất khó khăn. Vậy nên, kính mong phường bố trí nguồn kinh phí để nâng cấp tuyến kiệt này để được đồng bộ hệ thống thoát nước và mặt đường. Ảnh chụp vào ngày 14/03/2026. Xin cảm ơn.","Kết quả xử lý
Phường Phú Xuân
Kính gửi: Quý Ông/Bà.
Vấn đề quý Ông/Bà phản ánh, UBND phường Phú Xuân xin thông báo kết quả như sau:
Qua kiểm tra, hiện nay trên địa bàn phường còn nhiều tuyến đường đã hư hỏng, xuống cấp. Trong thời gian đến UBND phường sẽ chỉ đạo các Phòng ban lưu ý đánh giá mức độ ưu tiên, đưa kiệt 104 Tạ Quang Bửu vào kế hoạch đầu tư các đường kiệt trên địa bàn phường trong thời gian đến.
Chân thành cảm ơn quý Ông/Bà.
Trân trọng./.
Hạn xử lý: 25/03/2026
Ngày xử lý: 09/04/2026",Đã xử lý,https://tuongtac.hue.gov.vn/phan-anh/kien-nghi-nang-cap-tuyen-kiet-104-ta-quang-buu-a217960.html
248,Hue,10:13 15/03/2026,"Kính gửi: Chính quyền địa phương phường Thanh Thủy.
Tôi là cư dân tại kiệt 16, đường Dương Nguyên Trực, phường Thanh Thủy. Tôi được biết, kiệt 16 sắp tới sẽ được đổ đường bê tông. Tuy nhiên, tôi lo ngại về tình trạng ngập úng cục bộ sẽ xảy ra do thiếu hệ thống mương cống điều tiết nước.
Hiện tại, đường đã bị ngập nước sau mưa nhỏ, cộng thêm lượng nước thải sinh hoạt từ hộ dân thải ra mặc dù thời tiết đã ngừng mưa 3 ngày nay nhưng nước vẫn ứ đọng không thoát được gây khó khăn cho việc đi lại của bà con. Nếu mưa lớn kéo dài, tình trạng sẽ càng nghiêm trọng hơn. Tôi muốn nhấn mạnh rằng, việc không có hệ thống thoát nước hiệu quả sẽ dẫn đến giảm tuổi thọ công trình và gây ô nhiễm môi trường ảnh hưởng rất lớn đến cuộc sống của người dân.
Tôi đề nghị chính quyền địa phương nghiên cứu và xem xét lại kế hoạch để đảm bảo công trình được bền lâu nhằm phục vụ tốt nhất cho việc đi lại của bà con.","Kết quả xử lý
Phường Thanh Thủy
Kính gửi: Quý Ông/Bà.
Vấn đề Quý Ông/Bà phản ánh, UBND phường Thanh Thủy xin thông báo kết quả như sau:
UBND phường xin tiếp thu kiến nghị của công dân, đã tiến hành kiểm tra thực trạng tuyến đường để đưa vào danh mục đầu tư công trung hạn giai đoạn 2026–2030. Tuy nhiên, để đầu tư đồng bộ các tuyến đường, UBND phường đề nghị các tổ dân phố tổ chức họp khu dân cư với chủ trương “Nhà nước và Nhân dân cùng làm”; các hộ dân thống nhất hiến đất, đảm bảo bề rộng từ 4,5 m đến 5 m trên toàn tuyến kiệt. Trên cơ sở đó, UBND phường sẽ bố trí kinh phí đầu tư bê tông và hệ thống mương thoát nước đồng bộ; các tuyến đường có mặt bằng đảm bảo sẽ được ưu tiên đưa vào kế hoạch đầu tư trước.
Đối với kiệt 16 đường Dương Nguyên Trực, phường Thanh Thủy đã có hệ thống mương thoát nước; riêng các hẻm thuộc kiệt 16 này hiện chưa được đầu tư hệ thống mương do chưa đảm bảo mặt bằng.
Chân thành cảm ơn Quý Ông/Bà.
Trân trọng./.
Hạn xử lý: 25/03/2026
Ngày xử lý: 27/04/2026",Đã xử lý,https://tuongtac.hue.gov.vn/phan-anh/kien-nghi-lam-muong-thoat-nuoc-tai-kiet-16-duong-duong-nguyen-truc-a217929.html
249,Hue,08:54 15/03/2026,"Đường nhựa bị lún sâu, gây nguy hiểm cho người tham gia giao thông tại vị trí 99 Duy Tân. Đề nghị cơ quan chức năng sớm xử lý.","Kết quả xử lý
Trung tâm Quản lý và Khai thác hạ tầng thành phố Huế
Kính gửi: Quý Ông/Bà.
Vấn đề quý Ông/Bà phản ánh, Trung tâm Quản lý và Khai thác Hạ tầng thành phố Huế (Trung tâm) xin thông báo kết quả như sau:
Sau khi nhận được phản ánh, Trung tâm đã tiến hành kiểm tra và sửa chữa. Đến nay công tác sửa chữa, khắc phục đã hoàn thành (Hình ảnh đính kèm).
Chân thành cảm ơn quý Ông/Bà.
Trân trọng./.
1/2
12
Hạn xử lý: 25/03/2026
Ngày xử lý: 16/03/2026",Đã xử lý,https://tuongtac.hue.gov.vn/phan-anh/kien-nghi-sua-chua-duong-tai-99-duy-tan-a217925.html
250,Hue,22:45 14/03/2026,"Huế, ngày 15 tháng 03 năm 2026
ĐƠN KIẾN NGHỊ
(V/v: Mở rộng đường và nâng cao đường thôn xóm để xe cấp cứu, cứu hỏa có thể ra vào giúp dân lúc khẩn cấp).
Kính gửi:
• Ủy ban Nhân dân phường Thuận An.
• Ban Quản lý Tổ dân phố Thái Dương Hạ Trung.
Chúng tôi là: Đại diện các hộ dân sinh sống tại xóm Định Cư 1, Tổ dân phố Thái Dương Hạ Trung, phường Thuận An, TP Huế.
Nội dung kiến nghị như sau:
Hiện nay, tuyến đường nội xóm tại khu vực xóm Định Cư 1 có bề ngang rất nhỏ, chỉ đủ cho xe máy lưu thông. Điều này gây ra nhiều khó khăn trong sinh hoạt hàng ngày và đặc biệt nguy hiểm trong các trường hợp khẩn cấp như:
• Xe cấp cứu, xe cứu hỏa không thể tiếp cận khi có tình huống xảy ra.
• Xe xây dựng, xe tải nhỏ không thể di chuyển vào để phục vụ nhu cầu xây dựng, vận chuyển vật tư hoặc đồ đạc.
• Trong mùa mưa bão, việc di chuyển, sơ tán hoặc hỗ trợ lẫn nhau càng trở nên khó khăn và nguy hiểm hơn.
Vì vậy, chúng tôi kính đề nghị các cấp chính quyền xem xét, lên phương án quy hoạch và mở rộng tuyến đường nội xóm nhằm:
• Đảm bảo an toàn, thuận lợi trong đi lại và sinh hoạt hàng ngày của người dân.
• Tạo điều kiện cho các phương tiện cơ giới như xe ô tô, xe cấp cứu, xe cứu hỏa ra vào thuận tiện khi cần thiết.
• Nâng cao chất lượng hạ tầng, góp phần xây dựng khu dân cư văn minh, hiện đại và an toàn.
Chúng tôi cam kết sẽ phối hợp và tạo điều kiện trong quá trình khảo sát, triển khai nếu đề xuất được thông qua.
Rất mong các cấp lãnh đạo quan tâm, xem xét và hỗ trợ.
Chúng tôi xin chân thành cảm ơn!","Kết quả xử lý
Phường Thuận An
Kính gửi: Quý Ông/Bà.
Vấn đề quý Ông/Bà phản ánh, UBND phường Thuận An xin thông báo kết quả như sau:
Sau khi nhận được phản ánh, UBND phường chỉ đạo Phòng Kinh tế, Hạ tầng và Đô thị kiểm tra, rà soát hiện nay đoạn đường kiệt này do UBND phường Thuận An (mới) quản lý. Hiện nay, tuyến đường nội xóm mặt đường nhỏ, chưa đáp ứng yêu cầu lưu thông của các phương tiện cơ giới. Qua đó, ghi nhận ý kiến nghị của cử tri về sự cần thiết phải nghiên cứu phương án cải tạo, mở rộng nhằm đảm bảo an toàn, thuận lợi cho người dân và nâng cao chất lượng hạ tầng khu dân cư. Trong thời gian tới sẽ tham mưu cho UBND phường:
- Tham mưu, xem xét cấp có thẩm quyền xem xét đưa vào kế hoạch đầu tư công trung hạn hoặc lồng ghép trong các chương trình chỉnh trang đô thị;
- Nghiên cứu phương án mở rộng phù hợp với quy hoạch, điều kiện quỹ đất và nguồn lực;
- Tuyên truyền, vận động bà con phối hợp, đồng thuận xã hội hóa, hiến đất mở đường trong công tác giải phóng mặt bằng. (Đính kèm công văn)
Chân thành cảm ơn quý Ông/Bà.
Trân trọng.
File đính kèm:
Hạn xử lý: 25/03/2026
Ngày xử lý: 06/04/2026",Đã xử lý,https://tuongtac.hue.gov.vn/phan-anh/kien-nghi-mo-rong-duong-xom-dinh-cu-1-tdp-thai-duong-ha-trung-a217911.html
251,Hue,18:13 14/03/2026,"Kiến nghị sửa chữa mặt cầu có thanh sắt lồi lên, gây nguy hiểm cho phương tiện giao thông. Vị trí: cây cầu nối giữa đường số 5 khu đô thị mới Đông Nam Thuỷ An đi ra phía khách sạn lavela, khách sạn Thiên Ân.","Kết quả xử lý
Công ty TNHH Đầu tư Thương mại Minh Linh
Kính gửi: Quý Ông/Bà.
Vấn đề quý Ông/Bà phản ánh, Công ty TNHH Đầu tư Thương mại Minh Linh đã kiểm tra và xin thông báo kết quả như sau:
Công ty TNHH Đầu Tư Thương Mại Minh Linh đã tiến hành kiểm tra và cho xử lý tại vị trí được phản ánh.
Chân thành cảm ơn quý Ông/Bà.
Trân trọng.
1/2
12
Hạn xử lý: 25/03/2026
Ngày xử lý: 23/03/2026",Đã xử lý,https://tuongtac.hue.gov.vn/phan-anh/kien-nghi-sua-chua-mat-cau-gan-kdt-dong-nam-thuy-an-a217897.html
252,Hue,13:43 14/03/2026,"Đường Đại Nam, nền đường hư hỏng dù nhiều lần vá sửa (bản chất hệ thống thoát nước dọc đường chưa được đầu tư phù hợp, nên sẽ đọng nước và hư hỏng)
Hệ quả: rất nhiều ổ gà, nhiều tai nạn đã được ghi nhận do tự ngã khi dằn ổ gà mà không thấy (né ổ này gặp ổ kia). Bản thân gia đình tôi cũng có 2 người ngã. Rất may chỉ bị bong gân
Đây cũng là tuyến đường du lịch chính
Đề xuất: Kiểm tra lại địa hình để thiết kế hệ thống thoát nước phù hợp trước khi thảm nhựa và sơn phản quang phù hợp.
Chúng tôi tha thiết đề nghị quý cơ quan ban ngành chức năng nhận thông tin, xử lý, phản hồi kế hoạch xử lý trước mùa mưa tiếp theo!
Chân thành cám ơn!","Kết quả xử lý
Sở Xây dựng
Kính gửi: Quý Ông/Bà.
Vấn đề quý Ông/Bà phản ánh, Sở Xây Dựng xin thông báo kết quả như sau:
Vị trí quý Ông/Bà phản ánh là đoạn tuyến thuộc Km0-Km0+500 đường Tỉnh 25. Sau khi nhận được phản ánh, Sở Xây Dựng đã chỉ đạo đơn vị quản lý tuyến đường cho thoát nước mặt đường đảm bảo giao thông. Về lâu dài Sở Xây Dựng sẽ trình UBND thành phố nhằm bố trí kinh phí để làm hệ thống thoát nước và nâng cấp đoạn tuyến này (có hình ảnh kèm theo).
Chân thành cảm ơn quý Ông/Bà.
Trân trọng./.
1/3
123
Hạn xử lý: 25/03/2026
Ngày xử lý: 09/04/2026",Đã xử lý,https://tuongtac.hue.gov.vn/phan-anh/kien-nghi-sua-chua-duong-dai-nam-a217881.html
253,Hue,13:27 14/03/2026,"Kiến nghị nâng cấp Kiệt Thiền đường Huệ Quang/Tu viện Thiên Trúc, Tổ 1 P. Thuỷ Xuân, Tp. Huế đường Đại Nam
V/v: Đường hẹp, mật độ phương tiện giao thông cao, gây ùn tắt và nguy hiểm khi xe ô tô và xe máy đi ngược chiều
1. Tình trạng: Đường này được đổ bê tông từ khoảng năm 2000 theo hình thức Dân và nhà nước cùng đóng góp. Đến nay đã xuống cấp và nhiều lần Tu viện Thiên trúc tự đổ và Thiền đường Huệ Quang đổ. Tuy nhiên còn thực trạng như sau:
- Nhiều đoạn xuống cấp nặng chưa được nâng cấp;
- Nhiều đoạn chưa đổ bê tông;
- Xe trọng tải lớn phục vụ cho việc vận chuyển cây xanh, chở đất phục vụ hoạt động sản xuất kinh doanh của Lâm Trường Tiền Phong cũng như xe ô tô giao thông ra vào thì người đi xe máy ngược chiều rất nguy hiểm và dễ xảy ra tai nạn giao thông
- Lưu lượng giao thông kiệt này đã tăng lên rất nhiều và xe ô tô chạy nhiều
(Đính kèm là hình ảnh chi tiết kèm comments)

2. Đề nghị:
- Lâm Trường Tiền Phong cùng phối hợp hỗ trợ việc di dời hàng rào vào sát mương nước (khoảng cách hở này thực chất không dùng để sản xuất kinh doanh) để cùng di dời hàng rào vào trong (thi công đơn giản, tiến độ cũng sẽ rất nhanh)
- Sau khi di dời hàng rào, đề nghị UBND phường Thuỷ Xuân khảo sát để đổ bê tông mở rộng, nâng cấp.

3. Mong quý Phường và cơ quan liên quan cập nhật và phản hổi, thời gian cụ thể.","Kết quả xử lý
Phường Thủy Xuân
Kính gửi: Quý Ông/Bà.
Vấn đề quý Ông/Bà phản ánh, UBND phường Thủy Xuân xin thông báo kết quả như sau:
UBND phường đã chỉ đạo Trung tâm Dịch vụ sự nghiệp công tiến hành khảo sát, đánh giá thực trạng. Trung tâm Dịch vụ sự nghiệp công đã tổ chức kiểm tra thực địa, khảo sát tuyến đường. Qua khảo sát, tuyến đường này thuộc Tổ dân phố 1 hiện đã xuống cấp. Trung tâm đã có Tờ trình số 32 ngày 23/3/2026 gửi UBND phường để kiến nghị đưa vào danh mục đầu tư công trung hạn.
Trong thời gian tới, UBND phường sẽ chỉ đạo các phòng, ban chuyên môn xây dựng kế hoạch, sớm đưa tuyến đường vào đầu tư nhằm đảm bảo điều kiện đi lại thuận lợi cho người dân.
UBND phường thông tin để Quý Ông/Bà được biết.
Chân thành cảm ơn Quý Ông/Bà.
Trân trọng./.
Hạn xử lý: 25/03/2026
Ngày xử lý: 24/03/2026",Đã xử lý,https://tuongtac.hue.gov.vn/phan-anh/kien-nghi-nang-cap-kiet-duong-dai-nam-a217879.html
254,Hue,09:58 14/03/2026,"Tuyến đường liên thôn tại TDP Lai Thành 1, phường Hương Trà, tp Huế xuống cấp nặng nề ảnh hưởng tới đi lại và cuộc sống của người dân sống trên địa bàn. Kính mong các cấp chính quyền quan tâm.
Hình ảnh được chụp vào lúc 10h ngày 14/3/2026","Kết quả xử lý
Phường Hương Trà
Kính gửi: Quý Ông/Bà.
Vấn đề quý Ông/Bà phản ánh, UBND phường Hương Trà xin thông báo kết quả như sau:
UBND phường đã giao phòng Kinh tế, Hạ tầng và Đô thị kiểm tra hiện trạng và căn cứ bản đồ địa chính tuyến đường trên hiện là đường đất. Việc đầu tư bê tông hóa tuyến đường là phù hợp với nhu cầu thực tế của người dân, góp phần cải thiện điều kiện giao thông, vệ sinh môi trường và nâng cao chất lượng đời sống nhân dân. Hiện nay, đã được rà soát để đưa vào danh mục đầu tư công trung hạn 2026 – 2030.
Chân thành cảm ơn quý Ông/Bà.
Trân trọng./.
Hạn xử lý: 25/03/2026
Ngày xử lý: 25/03/2026",Đã xử lý,https://tuongtac.hue.gov.vn/phan-anh/tuyen-duong-lien-thon-tai-tdp-lai-thanh-1xuong-cap-nang-ne-a217860.html
255,Hue,09:11 14/03/2026,"Xe chạy vướng đứt dây điện, cáp tại đường Xuân 68, phường Phú Xuân (trước số nhà 77 đường Xuân 68) sáng nay 14/3/2026","Kết quả xử lý
Sở Khoa học và Công nghệ
Kính gửi: Quý Ông/Bà.
Vấn đề quý Ông/Bà phản ánh, Sở Khoa học và Công nghệ xin thông báo kết quả như sau:
Ngay sau khi nhận được thông tin phản ánh, Sở Khoa học và Công nghệ đã chỉ đạo các Doanh nghiệp viễn thông tiến hành kiểm tra và xử lý kịp thời tại vị trí nêu trên. (Hình ảnh đính kèm)
Chân thành cảm ơn quý Ông/Bà.
Trân trọng./.
1/2
12
Hạn xử lý: 25/03/2026
Ngày xử lý: 15/03/2026",Đã xử lý,https://tuongtac.hue.gov.vn/phan-anh/dut-day-dien-cap-tai-duong-xuan-68-a217856.html
256,Hue,08:10 14/03/2026,"2 cống thoát nước ở địa chỉ 03, 05,07 Trần Quý Kiên, Vỹ Dạ (Xuân Phú cũ) bị tràn, rất hôi ảnh hưởng đến sinh hoạt của các hộ dân xung quanh. Mong xử lý sớm ạ","Kết quả xử lý
Trung tâm Quản lý và Khai thác hạ tầng thành phố Huế
Kính gửi: Quý Ông/Bà.
Vấn đề quý Ông/Bà phản ánh, Trung tâm Quản lý và Khai thác hạ tầng thành phố Huế (Trung tâm) xin thông báo kết quả như sau:
Sau khi nhận được phản ánh, Trung tâm đã tiến hành kiểm tra, xác định khu vực này thuộc sự quản lý của Ban QLDA Đầu tư xây dựng và Phát triển đô thị thành phố Huế. Tuy nhiên sau khi kiểm tra, Trung tâm đã cho xử lý vớt rác khơi thông cống, hiện nước đã không còn tràn lên đường (Hình ảnh đính kèm).
Chân thành cảm ơn quý Ông/Bà.
Trân trọng./.
File đính kèm:
Hạn xử lý: 25/03/2026
Ngày xử lý: 17/03/2026",Đã xử lý,https://tuongtac.hue.gov.vn/phan-anh/2-cong-thoat-nuoc-o-dia-chi-03-0507-tran-quy-kien-bi-hu-hong-a217852.html
257,Hue,08:06 14/03/2026,"Kính gửi các cơ quan chức năng dự án lòng lề đường Phạm Văn Đồng, đoạn cua xuống kiệt 91 Hàn Mặc Tử quá thắt xe lưu thông qua lại rất nguy hiểm, hay xảy ra tai nạn. Vì vậy rất mong các cơ quan chức năng liên quan vào cuộc giúp đỡ xử lý để người dân địa phương đi lại được an toàn hơn. Xin chân thành cảm ơn","Kết quả xử lý
Ban quản lý dự án đầu tư xây dựng Chương trình phát triển các đô thị loại II (các đô thị xanh)
Kính gửi: Quý Ông/Bà.
Vấn đề quý Ông/Bà phản ánh, Ban quản lý dự án đầu tư xây dựng Chương trình phát triển các đô thị loại II (các đô thị xanh) – dự án thành phần Thừa Thiên Huế (Ban QLDA) xin thông báo kết quả như sau:
Ngày 26/3/2026, Ban QLDA đã phối hợp đơn vị tư vấn thiết kế, tư vấn giám sát và đơn vị thi công kiểm tra xử lý mở rộng bán kính rẽ xe từ đường Phạm Văn Đồng xuống kiệt 91 đường Hàn Mạc Tử và sẽ triển khai thi công điều chỉnh trong thời gian tới.
Chân thành cảm ơn quý Ông/Bà.
Trân trọng./.
Hạn xử lý: 25/03/2026
Ngày xử lý: 30/03/2026",Đã xử lý,https://tuongtac.hue.gov.vn/phan-anh/kien-nghi-xem-xet-nut-that-doan-pham-van-dong-cua-xuong-kiet-91-han-mac-tu-a217851.html
258,Hue,07:33 14/03/2026,"Kính gửi các cơ quan chức năng, dự án lề đường Phạm văn Đồng đã xong, nhưng đầu đường Nguyễn Minh Vỹ Ban dự án không xử lý đoạn kết nối đầu đường tạo 1 con dốc đứng xe ô tô đi qua cạp gầm mắc kẹt, người đi xe máy thì bị tai nạn rất nguy hiểm. Vì vậy rất mong các cơ quan chức năng liên quan vào cuộc giải quyết giúp cho để người dân sống trên con đường này đi lại được an toàn. Rất chân thành cảm ơn","Kết quả xử lý
Ban Quản lý Dự án Đầu tư xây dựng khu vực 1
Kính gửi: Quý Ông/Bà.
Vấn đề quý Ông/Bà phản ánh, Ban Quản lý dự án Đầu tư xây dựng khu vực 1 (Ban QLDA) xin thông báo kết quả như sau:
Hiện nay, Nhà thầu đã vuốt nối bằng cấp phối đá dăm đảm bảo để người dân lưu thông tại vị trí nêu trên. Để hoàn chỉnh công trình theo đúng hồ sơ thiết kế, Ban QLDA đã chỉ đạo Tư vấn, Nhà thầu hoàn thành công tác hoàn trả bê tông vuốt nối vị trí nêu trên đảm bảo yêu cầu kỹ thuật trước ngày 30/4/2026.
Vậy Ban QLDA trả lời để quý Ông/Bà được rõ.
Chân thành cảm ơn quý Ông/Bà.
Trân trọng./.
Hạn xử lý: 25/03/2026
Ngày xử lý: 25/03/2026",Đã xử lý,https://tuongtac.hue.gov.vn/phan-anh/doan-ket-noi-dau-duong-nguyen-minh-vy---pham-van-dong-khong-xu-ly-an-toan-a217847.html
259,Hue,06:49 14/03/2026,"Tín hiệu đèn xanh rẽ phải bị che khuất vì cây xanh ở ngã ba Nguyễn Sinh Cung - Lâm Hoằng, phường Vỹ Dạ
Gây ảnh hưởng đến hoạt động giao thông.
Nhờ cơ quan chức năng xử lý.
Ảnh chụp 13/3/26.","Kết quả xử lý
Trung tâm Công viên cây xanh thành phố Huế
Kính gửi: Quý Ông/Bà.
Vấn đề Quý Ông/Bà phản ánh, Trung tâm Công viên Cây xanh thành phố Huế xin thông báo kết quả như sau:
Trung tâm đã tiến hành cắt tỉa các cành, nhánh cây xanh che khuất tín hiệu đèn giao thông tại ngã ba Nguyễn Sinh Cung – Lâm Hoằng (đính kèm hình ảnh).
Chân thành cảm ơn Quý Ông/Bà.
Trân trọng./.
Hạn xử lý: 25/03/2026
Ngày xử lý: 18/03/2026",Đã xử lý,https://tuongtac.hue.gov.vn/phan-anh/tin-hieu-den-xanh-re-phai-bi-che-khuat-vi-cay-xanh-o-nga-ba-nguyen-sinh-cung---lam-hoang-a217845.html
260,Hue,21:01 13/03/2026,"Tuyến đường Kinh Dương Vương, phường Thuận An, thành phố Huế
Xe tải chạy hư hỏng rất nhiều và cụ thể đoạn này gần cây xăng Thuận An đã xảy ra rất nhiều vụ tai nạn. Mong sớm được giải quyết
Ngay địa chỉ nhà: 49 Kinh Dương Vương, phường Thuận An, thành phố Huế","Kết quả xử lý
Sở Xây dựng
Kính gửi: Quý Ông/Bà.
Vấn đề quý Ông/Bà phản ánh, Sở Xây dựng thành phố Huế xin thông báo kết quả như sau:
Tuyến đường Kinh Dương Vương (QL49) do Sở Xây dựng quản lý, Công ty CP Quản lý và Xây dựng Đường bộ Thừa Thiên Huế là nhà thầu quản lý, bảo trì.
Với hư hỏng ở vị trí phản ánh vừa qua, Công ty đã tạm thời khắc phục bằng BTXM, khi thời tiết tốt lên sẽ vá mặt đường bằng bê tông nhựa và bổ sung cửa thu nước.
Chân thành cảm ơn quý Ông/Bà.
Trân trọng./.
1/2
12
Hạn xử lý: 25/03/2026
Ngày xử lý: 16/03/2026",Đã xử lý,https://tuongtac.hue.gov.vn/phan-anh/tuyen-duong-kinh-duong-vuong-hu-hong-khong-an-toan-a217839.html
261,Hue,18:22 13/03/2026,"Đường 18 Nguyễn Khánh Toàn, đường cao về phía không có cống, nên mưa nước ứ sang phía bên kia đường chứ không sang phần cống. Hình ảnh chụp vào ngày 13/3/2026.","Kết quả xử lý
Đại học Huế
Kính gửi: Quý Ông/Bà.
Vấn đề quý Ông/Bà phản ánh, Đại học Huế xin thông báo kết quả như sau:
Hố thoát nước đọng nhiều rác thải nên nước thoát không kịp, nước mưa cộng với ống thoát nước người dân xả ra đường nên đôi khi không thoát kịp, kết hợp các hộ dân ở đây lấn chiếm mặt bằng đúc bê tông của dự án cải thiện môi trường nước làm sân bãi sinh hoạt cao hơn lòng đường Nguyễn Khánh Toàn dân đến tình trạng nói trên. Mặt khác có chợ tự phát tại khu vực nêu trên cũng là nguyên nhân gây đọng nước. Hiện trạng đi khảo sát khô ráo không xảy ra tình trạng đọng nước.
Chân thành cảm ơn quý Ông/Bà.
Trân trọng.
1/6
123456
Hạn xử lý: 06/04/2026
Ngày xử lý: 10/04/2026",Đã xử lý,https://tuongtac.hue.gov.vn/phan-anh/u-dong-nuoc-tai-18-nguyen-khanh-toan-a217822.html
262,Hue,17:40 13/03/2026,"Hộp đồng hồ bị hỏng lâu nay: trời mưa rò rỉ điện, chạm chập, đã phản ánh tới phòng An toàn điện nhưng không thấy xử lý, đi thu tiền điện thì thu nhưng không báo. Đề nghị sửa chữa để bảo đảm an toàn cho người xử dụng. 8A kiệt 139 An Dương Vương. Cảm ơn!","Kết quả xử lý
Công ty Điện lực Huế
Kính gửi: Quý Ông/Bà.
Vấn đề quý Ông/Bà phản ánh, Công ty Điện lực Huế xin thông báo kết quả như sau:
Điện lực Nam Sông Hương đã xử lý. (Đính kèm hình ảnh)
Chân thành cảm ơn quý Ông/Bà.
Trân trọng./.
Hạn xử lý: 24/03/2026
Ngày xử lý: 17/03/2026",Đã xử lý,https://tuongtac.hue.gov.vn/phan-anh/hop-dong-ho-dien-tai-8a-kiet-139-an-duong-vuong-bi-hong-a217821.html
263,Hue,16:51 13/03/2026,"Kiến nghị đổ bê tông hẻm 1, kiệt 16 Dương Nguyên Trực, phường Thanh Thuỷ, TP Huế.
Hiện trạng đường ứ nước, bùn lầy rất bẩn gây ô nhiễm, và nguy hiểm cho người tham gia thông
Kiến nghị cơ quan chức năng xem xét, nâng cấp mặt đường ,xin cám ơn!","Kết quả xử lý
Phường Thanh Thủy
Kính gửi: Quý Ông/Bà.
Vấn đề Quý Ông/Bà phản ánh, UBND phường Thanh Thủy xin thông báo kết quả như sau:
UBND phường xin tiếp thu kiến nghị của công dân, đã tiến hành kiểm tra thực trạng tuyến đường và đôn đốc đơn vị thi công đổ bê tông trước ngày 15/5/2026, đúng theo hợp đồng xây lắp giữa chủ đầu tư và đơn vị thi công.
Chân thành cảm ơn Quý Ông/Bà.
Trân trọng./.
Hạn xử lý: 24/03/2026
Ngày xử lý: 27/04/2026",Đã xử lý,https://tuongtac.hue.gov.vn/phan-anh/kien-nghi-do-be-tong-hem-1-kiet-16-duong-nguyen-truc-a217818.html
264,Hue,16:33 13/03/2026,"Xóm tôi bị ngập nước do nhà nước làm khu khu quy hoạch tái định cư đường sắt cao tốc. Kính đề nghị cơ quan chức năng xem xét giải quyết để dân xóm tôi đi lại sinh hoạt. Địa chỉ xóm 2 tổ dân phố Dưỡng Mong, phường Mỹ Thượng","Kết quả xử lý
Phường Mỹ Thượng
Kính gửi: Quý Ông/Bà.
Vấn đề quý Ông/Bà phản ánh, UBND phường Mỹ Thượng xin thông báo kết quả như sau:
Liên quan đến nội dung phản ánh, UBND phường đã chỉ đạo bộ phận chuyên môn tiến hành kiểm tra và ghi nhận tình trạng úng ngập khi trời mưa tại xóm 2, TDP Dưỡng Mong. Để sớm giải quyết tình trạng úng ngập cục bộ, UBND phường đã trao đổi, làm việc với đơn vị chủ đầu tư dự án Khu tái định cư đường sắt tốc độ cao Bắc - Nam (OTT24) nhằm đẩy nhanh tiến độ thực hiện, sớm khớp nối đồng bộ với hệ thống thoát nước tại khu dân cư. Tại thời điểm kiểm tra thực tế, tình trạng úng ngập đã không còn (có đính kèm hình ảnh).
Về lâu dài, UBND phường sẽ đưa đoạn đường xóm 2, TDP Dưỡng Mong vào kế hoạch đầu tư công trung hạn để xử lý dứt điểm tình trạng úng ngập như đã phản ánh.
Chân thành cảm ơn quý Ông/Bà.
Trân trọng./.
1/2
12
Hạn xử lý: 24/03/2026
Ngày xử lý: 30/03/2026",Đã xử lý,https://tuongtac.hue.gov.vn/phan-anh/tinh-trang-ngap-nuoc-tai-xom-2-to-dan-pho-duong-mong-a217816.html
265,Hue,15:58 13/03/2026,"Vỉa hè bị xuống cấp, rất nguy hiểm tại 06 Bà Triệu, phường Thuận Hoá, TP Huế. Kính mong cơ quan chức năng kiểm tra, xử lý.","Kết quả xử lý
Trung tâm Quản lý và Khai thác hạ tầng thành phố Huế
Kính gửi: Quý Ông/Bà.
Vấn đề quý Ông/Bà phản ánh, Trung tâm Quản lý và Khai thác Hạ tầng thành phố Huế xin thông báo kết quả như sau:
Sau khi nhận được phản ánh, Trung tâm đã tiến hành kiểm tra và đã đưa vào kế hoạch để sửa chữa trong tháng 4/2026. 
Chân thành cảm ơn quý Ông/Bà.
Trân trọng./.
Hạn xử lý: 24/03/2026
Ngày xử lý: 24/03/2026",Đã xử lý,https://tuongtac.hue.gov.vn/phan-anh/via-he-bi-xuong-cap-tai-06-ba-trieu-a217812.html
266,Hue,15:20 13/03/2026,"Cây xanh mới trồng ngã đổ trên vỉa hè đường Đồng Khởi đã hơn mấy tháng nhưng không ai quan tâm trồng dựng lại làm cho cây có nguy cơ chết khô.
Cây ngã đổ nằm trên vỉa hè đường Đồng Khởi bên phải theo hướng Bủi Thị Xuân đi vào. Vị trí xác định ngã 3 Đồng Khởi - Bùi Huy Tín (nhìn từ Bùi Huy Tín qua theo hướng 1h).","Kết quả xử lý
Trung tâm Công viên cây xanh thành phố Huế
Kính gửi: Quý Ông/Bà.
Vấn đề quý Ông/Bà phản ánh, Trung tâm Công viên Cây xanh thành phố Huế xin thông báo kết quả như sau:
Trung tâm đã chống dựng lại cây đổ trên vỉa hè đường Đồng Khởi (đính kèm hình ảnh).
Chân thành cảm ơn quý Ông/Bà.
Trân trọng./.
Hạn xử lý: 24/03/2026
Ngày xử lý: 17/03/2026",Đã xử lý,https://tuongtac.hue.gov.vn/phan-anh/cay-xanh-nga-do-tren-via-he-duong-dong-khoi-a217807.html
267,Hue,13:17 13/03/2026,Tại cột điện giữa số nhà 93 và 95 Nguyễn Chí Thanh có phát ra tiếng nổ với khói trên dây điện cao thế. Mong các nhà chức năng nhanh chóng đến kiểm tra. Video được quay lúc 13h15p ngày 13/03/2026.,"Kết quả xử lý
Công ty Điện lực Huế
Kính gửi: Quý Ông/Bà.
Vấn đề quý Ông/Bà phản ánh, Công ty Điện lực Huế xin thông báo kết quả như sau:
Điện lực Bắc Sông Hương đã xử lý (đính kèm hình ảnh).
Chân thành cảm ơn quý Ông/Bà.
Trân trọng./.
Hạn xử lý: 24/03/2026
Ngày xử lý: 17/03/2026",Đã xử lý,https://tuongtac.hue.gov.vn/phan-anh/tieng-no-voi-khoi-tren-day-dien-cao-the-tai-cot-dien-giua-93-95-nguyen-chi-thanh-a217798.html
268,Hue,12:48 13/03/2026,"Vỉa hè bị xuống cấp tại 31 Hoàng Quốc Việt, Phường An Cựu. Kính nhờ chính quyền hỗ trợ khắc phục để có tuyến đường sạch đẹp.","Kết quả xử lý
Trung tâm Quản lý và Khai thác hạ tầng thành phố Huế
Kính gửi: Quý Ông/Bà.
Vấn đề quý Ông/Bà phản ánh, Trung tâm Quản lý và Khai thác Hạ tầng thành phố Huế xin thông báo kết quả như sau:
Trung tâm sẽ phối hợp với UBND phường để kiểm tra xác định nguyên nhân gây hư hỏng vỉa hè. Vỉa hè đường Hoàng Quốc Việt đầu tư từ lâu, được thiết kế cho người đi bộ nên kết cấu đơn giản, việc một số xe tải chở hàng hóa leo lên vỉa hè, làm cho kết cấu vỉa hè bị phá vỡ cũng xảy ra thường xuyên. Để từ đó có biện pháp xử lý, sửa chữa phù hợp.
Chân thành cám ơn quý Ông/Bà.
Trân trọng./.
Hạn xử lý: 24/03/2026
Ngày xử lý: 26/03/2026",Đã xử lý,https://tuongtac.hue.gov.vn/phan-anh/via-he-bi-xuong-cap-tai-31-hoang-quoc-viet-a217797.html
269,Hue,11:40 13/03/2026,"Thưa quý lãnh đạo Phường, Thành Phố, Lãnh đạo Sở Xây dựng, tôi muốn góp ý - phản ánh về tính bất cập của biển báo cấm đỗ trên tuyến đường Trần Cao Vân hướng đi từ Hoàng Hoa Thám vào. Thực sự rất bất cập cho khách du lịch ngoại tỉnh khi dừng đổ để lưu trú và thưởng thức ẩm thực nổi tiếng tại đây, và rất khó khăn cho việc đỗ xe cá nhân của các hộ dân sống tại tuyến đường này, ngay cả bản thân tôi đậu xe trước mặt nhà tôi vẫn không được.
Tôi là người ngày nào cũng nhìn thấy tính bất cập và không hợp lý khi cấm đỗ ở tuyến đường này.
Tối kiến nghị quý lãnh đạo phương án mà tôi cho là hợp lý nhất.
1- là cấm đỗ vào khung giờ 16h-18h.
2- là cấm đi ngược chiều đối với xe ô tô 4 chỗ trở lên từ hướng Hùng Vương vào.
Tôi kính mong quý lãnh đạo xem xét và cân nhắc việc thay đổi, tôi xin cảm ơn.","Kết quả xử lý
Trung tâm Quản lý và Khai thác hạ tầng thành phố Huế
Kính gửi: Quý Ông/Bà.
Vấn đề quý Ông/Bà phản ánh, Trung tâm Quản lý và Khai thác hạ tầng kỹ thuật thành phố xin thông báo kết quả như sau:
Đường Trần Cao Vân, đoạn từ Hoàng Hoa Thám đến Hùng Vương, có mặt đường rộng 6,5m, đi qua khu vực có trường học và cơ sở kinh doanh, lưu lượng xe ô tô lưu thông cao nên thường xuyên xảy ra ách tắc giao thông.
Để giải quyết tình trạng này, vào tháng 2/2025, UBND phường Thuận Hóa đã ban hành Công văn số 416/QLĐT-HT ngày 26/02/2025 về việc cắm biển báo cấm đỗ tại đoạn đường nói trên. Trung tâm hiện là đơn vị có chức năng duy tu, bảo dưỡng hạ tầng kỹ thuật; những nội dung kiến nghị của quý Ông/Bà sẽ được tổng hợp và báo cáo lên Sở Xây dựng để xem xét, xử lý.
Chân thành cảm ơn quý Ông/Bà.
Trân trọng./.
Hạn xử lý: 24/03/2026
Ngày xử lý: 30/03/2026",Đã xử lý,https://tuongtac.hue.gov.vn/phan-anh/bat-cap-ve-bien-bao-tai-duong-tran-cao-van-a217793.html
270,Hue,09:13 13/03/2026,"Ngày 13/3 đoạn đường 94 Kim Phụng , Kim Trà, Huế bị đào rãnh nước rất sâu. Gây khó khăn cho người dân qua lại, tối đi đường nguy hiểm dễ gây tai nạn.
Xem xét lại việc tạo rãnh nước ngay đường như vậy không phải là giải pháp tối ưu, rất nguy hiểm cho dân đi lại và vô ra. Đề nghị cơ quan chức năng kiểm tra và xử lý.","Kết quả xử lý
Văn phòng Quản lý đường bộ II.5
Kính gửi: Quý Ông/Bà.
Vấn đề Quý Ông/Bà phản ánh, Văn phòng QLĐB II.5 xin thông báo kết quả như sau:
Văn phòng đã chỉ đạo đơn vị bảo dưỡng thường xuyên tiến hành san gạt lại vị trí đào rãnh lề đường nhằm đảm bảo thoát nước tại Km3+500, Đường tránh Huế, qua đó bảo đảm an toàn cho người dân khi tham gia giao thông.
Chân thành cảm ơn Quý Ông/Bà.
Trân trọng./.
Hạn xử lý: 24/03/2026
Ngày xử lý: 08/04/2026",Đã xử lý,https://tuongtac.hue.gov.vn/phan-anh/dao-ranh-sau-gay-nguy-hiem-tai-94-kim-phung-a217772.html
271,Hue,22:02 12/03/2026,"Hố lớn ở đường Lý Đạo Thành.
Đối diện nhà số 3 Lý Đạo Thành, phường Phú Bài, TP Huế đã xuất hiện 1 ổ gà khá lớn làm ảnh hưởng tới giao thông của người dân. Kiến nghị cơ quan chức năng sữa chữa sớm để đảm bảo an toàn cho việc đi lại của người dân trong khu vực này.
Video và hình ảnh được ghi lại lúc 12h35 ngày 12/3/2026.","Kết quả xử lý
Phường Phú Bài
Kính gửi: Quý Ông/Bà.
Vấn đề Quý Ông/Bà phản ánh, UBND phường Phú Bài xin thông báo kết quả như sau:
Sau khi tiếp nhận phản ánh, UBND phường Phú Bài đã chỉ đạo Phòng Kinh tế, Hạ tầng và Đô thị phường triển khai khảo sát, lập dự toán sửa chữa và bố trí nguồn kinh phí để tiến hành sửa chữa trong thời gian sớm nhất.
UBND phường mong Quý Ông/Bà thông cảm và chia sẻ.
Chân thành cảm ơn Quý Ông/Bà.
Trân trọng./.
Hạn xử lý: 02/04/2026
Ngày xử lý: 31/03/2026",Đã xử lý,https://tuongtac.hue.gov.vn/phan-anh/o-ga-lon-gay-nguy-hiem-tai-3-ly-dao-thanh-a217762.html
272,Hue,15:07 12/03/2026,"Con đường xóm ở kiệt 3 Lý Nam Đế, hẻm 3/1 rất là chán chường, thi công từ trước Tết, đến bây giờ là hơn 3 tháng mà vẫn đang dừng thi công, mỗi lần mưa xuống là nước đọng đầy đường, ổ gà ổ voi chằng chịt gây nguy hiểm cho người dân lái xe máy cũng như khó khăn cho người có xe ô tô vì phải lội nước đi lấy xe mỗi ngày, đã có rất nhiều trường hợp người dân chạy xe bị ngã do vũng nước to nhiều quá. Kính mong cơ quan chức năng có phương án xử lý tiếp theo nhanh chóng và phù hợp. Trân trọng cảm ơn!","Kết quả xử lý
Phường Hương An
Kính gửi: Quý Ông/Bà.
Vấn đề quý Ông/Bà phản ánh, UBND phường Hương An đã chỉ đạo Trung tâm Dịch vụ sự nghiệp công phường và xin thông báo kết quả như sau:
Qua nội dung phản ánh, Trung tâm Dịch vụ sự nghiệp công phường đã có buổi trao đổi làm việc với đại diện Văn Phòng HĐND-UBND phường liên quan đến nội dung này.
Tại buổi làm việc, được biết quá trình triển khai thực hiện do có điều chỉnh các vị trí họng thu nước vào vị trí các hố ga, hiện nay phương án điều chỉnh thiết kế thi công đã được phê duyệt, vừa qua thời tiết một số ngày tháng 3 không thuận lợi, nên tiến độ thi công chưa được triển khai thực hiện, sau khi hết mưa nhà thầu cam kết sẽ tiếp tục triển khai thực hiện các bước tiếp theo như: xử lý lắp đặt họng thu, đổ cấp phối mặt đường, bù phụ, san gạt và lu lèn đảm bảo độ K95, sẽ tiến hành đổ bê tông mặt đường hoàn thiện trong tháng 4 này. Nhà thầu đã cam kết và xin kính báo tiến độ hoàn thành để chủ đầu tư và các đơn vị quản lý và quý Ông/Bà được biết. Rất mong quý Ông/Bà thông cảm vì sự chậm trễ làm ảnh hưởng đến việc đi lại của nà con trong thời gian qua.
Chân thành cảm ơn quý Ông/Bà.
Trân trọng./.
Hạn xử lý: 24/03/2026
Ngày xử lý: 13/03/2026",Đã xử lý,https://tuongtac.hue.gov.vn/phan-anh/duong-kiet-3-ly-nam-de-bi-hu-hong-a217727.html
273,Hue,14:20 12/03/2026,Đường vào khu quy hoạch Đại học Huế phường An Cựu xuống cấp nặng đi lại khó khăn. Ngoài ra đèn đường trong khu quy hoạch Đại học Huế chỉ có trụ không có bóng. Kính mong cơ quan chức năng quan tâm xử lý.,"Kết quả xử lý
Đại học Huế
Kính gửi: Quý Ông/Bà.
Vấn đề quý Ông/Bà phản ánh, Đại học Huế xin thông báo kết quả như sau:
Qua kiểm tra, công trình này chưa hoàn thiện và hiện đang điều chỉnh dự án nên các vấn đề Ông/Bà kiến nghị chưa thể thực hiện được.
Chân thành cảm ơn quý Ông/Bà.
Trân trọng./.
Hạn xử lý: 23/03/2026
Ngày xử lý: 24/03/2026",Đã xử lý,https://tuongtac.hue.gov.vn/phan-anh/duong-hu-hong-va-den-duong-khong-co-bong-tai-kqh-dai-hoc-hue-a217721.html
274,Hue,13:13 12/03/2026,"Tôi phản ánh đèn tín hiệu giao thông tại nút giao Trần Hoàn - Thuận Hóa (ngã 5, phường Hương Thủy/Thủy Lương cũ) đang hỏng (không hoạt động), gây nguy hiểm, ùn tắc, đặc biệt giờ cao điểm và buổi tối. Đề nghị kiểm tra, sửa chữa khẩn cấp và thông báo kết quả.","Kết quả xử lý
Phường Hương Thủy
Kính gửi: Quý Ông/Bà.
Vấn đề quý Ông/Bà phản ánh, UBND phường Hương Thủy xin thông báo kết quả như sau:
Trong thời gian qua, taị vị trí phản ánh đang triển khai thi công Dự án: Mở rộng nút giao thông, hệ thống thoát nước tại ngã 5 đường Thuận Hoá – Trần Hoàn phường Hương Thủy. Trong quá trình thi công, do vướng hệ thống cột đèn và cáp ngầm, đơn vị thi công và đơn vị quản lý đã thực hiện di dời tạm thời các thiết bị điện để đảm bảo an toàn trong quá trình triển khai thi công. Hiện nay, sau khi hoàn thành một số hạng mục, đơn vị quản lý, vận hành đã tiến hành đấu nối và khôi phục hoạt động lại 03 trụ đèn giao thông. Còn lại 01 trụ đèn đang hư hỏng, đơn vị quản lý đang liên hệ để đặt mua linh kiện để sửa chữa, khắc phục trong thời gian đến.
UBND phường rất mong nhận được sự thông cảm của bà con nhân dân về những bất tiện nếu có. Trong thời gian chờ khôi phục, kính mong bà con nhân dân tham gia lưu thông qua khu vực này di chuyển chậm, đảm bảo an toàn.
Chân thành cảm ơn quý Ông/Bà.
Trân trọng./.
1/2
12
Hạn xử lý: 23/03/2026
Ngày xử lý: 20/03/2026",Đã xử lý,https://tuongtac.hue.gov.vn/phan-anh/den-giao-thong-tai-nut-giao-tran-hoan---thuan-hoa-bi-hong-a217717.html
275,Hue,22:31 11/03/2026,"Kiến nghị chặt, cắt những tán lá, cành, bụi cây tràn và đổ ra mặt đường dọc đường nhà ông Cứ làm Xưởng Mộc thuộc TDP Lại Lộc, Phường Dương Nỗ giáp với bờ tưởng thành trường Mầm Non Lại Tân thuộc ngã 3 xóm 6 TDP Lại Tân phường Dương Nỗ, TP Huế. Những bụi cây làm đọng nước về mùa mưa, mọc rêu trơn trượt cho phương tiện như xe máy xe đạp, tán cây to nặng trĩu xuống cản trở che hẹp lối đi, cản tầm nhìn ban đêm và mùa mưa, bất tiện cho xe tải, xe chạy ngược chiều. Kính mong các đơn vị có liên quan dọn dẹp sạch sẽ, cho con đường trở nên thông thoáng giúp người tham giao thông cũng được thuận tiện hơn. Vì lợi ích chung, xin thay mặt tất cả người dân, tôi chân thành cảm ơn .","Kết quả xử lý
Phường Dương Nỗ
Kính gửi: Quý Ông/Bà.
Vấn đề Quý Ông/Bà phản ánh, UBND phường Dương Nổ xin thông báo kết quả như sau:
UBND phường đã chỉ đạo Phòng Kinh tế, Hạ tầng và Đô thị phường phối hợp với Tổ dân phố Lại Lộc kiểm tra thực tế. Qua kiểm tra, lực lượng chức năng đã tuyên truyền, vận động hộ gia đình liên quan tiến hành chặt, xử lý các cây đổ ra phía ngoài đường, đảm bảo an toàn và mỹ quan khu vực (đính kèm hình ảnh).
Chân thành cảm ơn Quý Ông/Bà.
Trân trọng./.
Hạn xử lý: 23/03/2026
Ngày xử lý: 30/03/2026",Đã xử lý,https://tuongtac.hue.gov.vn/phan-anh/kien-nghi-chat-cat-nhung-tan-la-canh-bui-cay-tai-tdp-lai-loc-a217679.html
276,Hue,18:55 11/03/2026,"Đề nghị sửa chữa, nâng cấp tuyến đường Hẻm 10 Kiệt 27 Thân Văn Nhiếp. Hiện tại đã xuống cấp trầm trọng, ảnh hưởng đến sinh hoạt, các hộ dân đã kiến nghị nhiều lần nhưng UBND phường Thủy Biều cũ, Thủy Xuân mới chưa quan tâm xử lý. Đề nghị quý bạn ngành quan tâm giải quyết. Trân trọng!","Kết quả xử lý
Phường Thủy Xuân
Kính gửi: Quý Ông/Bà.
Vấn đề quý Ông/Bà phản ánh, UBND phường Thủy Xuân xin thông báo kết quả như sau:
UBND phường đã chỉ đạo Trung tâm Dịch vụ sự nghiệp công phường rà soát và đề xuất phương án. Trung tâm Dịch vụ sự nghiệp công đã tiến hành khảo sát thực địa hẻm 10, kiệt 27 Thân Văn Nhiếp và đã có Tờ trình gửi UBND phường kiến nghị đưa tuyến đường vào danh mục đầu tư công trung hạn giai đoạn 2026–2031.
Trong thời gian tới, UBND phường Thủy Xuân sẽ chỉ đạo các phòng, ban chuyên môn khảo sát, lập kế hoạch và sớm đưa vào đầu tư nhằm tạo điều kiện thuận lợi cho người dân.
UBND phường thông tin để Quý Ông/Bà được rõ.
Chân thành cảm ơn Quý Ông/Bà.
Trân trọng./.
Hạn xử lý: 20/03/2026
Ngày xử lý: 24/03/2026",Đã xử lý,https://tuongtac.hue.gov.vn/phan-anh/sua-chua-nang-cap-tuyen-duong-hem-10-kiet-27-than-van-nhiep-a217662.html
277,Hue,17:54 11/03/2026,"Kính gửi cơ quan chức năng, hiện tại trụ điện các hộ N.V.L, N.N.T.D, N.V.N, T. V.C,T.V.K,T.V.T (ở xóm Đông An, TDP Trạch Phổ, phường Phong Dinh) trụ nằm ở sát nhà dân thấp trũng, thường xuyên bị sự cố mất điện. Vậy kính đề nghị điện lực các ngành có liên quan xem xét, khảo sát phương án đưa trụ đến nơi an toàn, để đảm bảo cho người dân sử dụng an toàn, xin cám ơn.","Kết quả xử lý
Công ty Điện lực Huế
Kính gửi: Quý Ông/Bà.
Vấn đề quý Ông/Bà phản ánh, Công ty Điện lực Huế xin thông báo kết quả như sau:
Cột điện Ông/Bà phản ảnh đã có trong kế hoạch sửa chữa năm 2027 của Điện lực quản lý. Trước mắt, Điện lực sẽ hết gọn dây và nâng cao công tơ, hoàn thành trong thán 3/2026.
Chân thành cảm ơn quý Ông/Bà.
Trân trọng./.
Hạn xử lý: 23/03/2026
Ngày xử lý: 20/03/2026",Đã xử lý,https://tuongtac.hue.gov.vn/phan-anh/kien-nghi-di-doi-tru-dien-tai-tdp-trach-pho-a217655.html
278,Hue,15:51 11/03/2026,"Tôi muốn phản ánh về lỗi đèn giao thông ở nút giao thông cầu Dã Viên phía đường Lê Duẩn. Đèn đang màu xanh 34s bỗng chuyển sang đèn đỏ gây ra sự đột ngột, các phương tiện phanh gấp dễ xảy ra tai nạn rất nguy hiểm. Kính mong các cơ quan chức năng sớm khắc phục để đảm bảo an toàn giao thông. Xin cảm ơn !","Kết quả xử lý
Ban quản lý dự án đầu tư xây dựng Chương trình phát triển các đô thị loại II (các đô thị xanh)
Kính gửi: Quý Ông/Bà.
Vấn đề quý Ông/Bà phản ánh, Ban quản lý dự án đầu tư xây dựng Chương trình phát triển các đô thị loại II (các đô thị xanh) – dự án thành phần Thừa Thiên Huế (Ban QLDA) xin thông báo kết quả như sau:
Hiện tại, Hệ thống đèn tín hiệu tại nút giao đường bộ đang đồng bộ với hệ thống báo hiệu của đường sắt. Khi tàu đi qua, vì một số nguyên nhân làm thời gia tàu đi qua phạm vi nút giao bị kéo dài hơn dự định, dẫn đến hệ thống đèn tín hiệu bị nhiễu tạm thời. Sau khi tàu đi qua khoảng 2 phút, hệ thống sẽ ổn định lại. Ban QLDA đang phối hợp với Công ty cổ phần Môi trường và Công trình đô thị Huế kiểm tra khắc phục trong thời gian tới.
Chân thành cảm ơn quý Ông/Bà.
Trân trọng./.
Hạn xử lý: 20/03/2026
Ngày xử lý: 25/03/2026",Đã xử lý,https://tuongtac.hue.gov.vn/phan-anh/kien-nghi-sua-chua-den-tin-hieu-giao-thong-tai-nut-giao-cau-da-vien-phia-duong-le-duan-a217649.html
279,Hue,15:13 11/03/2026,"Đề nghị có biện pháp đảm bảo an toàn giao thông tại đường Nguyễn Hạnh, TDP Công Lương, phường Vỹ Dạ, đường hẹp kè sông như ý chưa có lan can bảo vệ, rất dễ xảy ra tai nạn. Kiến nghị cơ quan chức năng kiểm tra và có biện pháp xử lý.","Kết quả xử lý
Ban Quản lý Dự án Đầu tư xây dựng khu vực 1
Kính gửi: Quý Ông/Bà.
Vấn đề quý Ông/Bà phản ánh, Ban QLDA Đầu tư xây dựng khu vực 1 (Ban QLDA) đã kiểm tra và xin thông báo kết quả như sau:
Công trình kè Khu C khu đô thị An Vân Dương, đến nay đã hoàn thành hạng mục kè tại vị trí quý Ông/Bà phản ánh. Hiện Nhà thầu đang chuẩn bị triển khai công tác hoàn trả mặt đường bê tông xi măng trong phạm vi hoàn trả của dự án. Tuy nhiên, thời gian qua nền đất bị ngấm no nước do đó công tác lu lèn nền chưa đạt độ chặt để tiến hành đổ bê tông mặt đường.
Sau khi xử lý đảm bảo độ chặt, Ban QLDA sẽ yêu cầu Nhà thầu đổ bê tông mặt đường theo đúng hồ sơ thiết kế. Đồng thời sẽ triển khai thi công gờ chắn bánh trên đỉnh kè nhằm đảm bảo an toàn để người dân lưu thông tại vị trí này.
Vậy Ban QLDA trả lời để quý Ông/Bà được rõ.
Chân thành cảm ơn quý Ông/Bà.
Trân trọng./.
Hạn xử lý: 31/03/2026
Ngày xử lý: 01/04/2026",Đã xử lý,https://tuongtac.hue.gov.vn/phan-anh/kien-nghi-co-bien-phap-dam-bao-an-toan-giao-thong-tai-duong-nguyen-hanh-a217645.html
280,Hue,11:54 11/03/2026,"Đề nghị tháo bỏ bảng cấm đỗ xe không còn phù hợp ở trước nhà 11 Nguyễn Tri Phương.
Bảng này trước đây cấm đỗ 50m vì để không vướng xe chữa cháy ra vào. Nhưng hiện tại khu vực này đã bán, đơn vị chữa cháy đã dời đi, không ảnh hưởng gì.
Vì vậy đề xuất gỡ bỏ biển cấm đậu này để cho các phụ huynh có thêm chỗ đậu xe để đón con học ở Lý Thường Kiệt thuận tiện hơn.
Ảnh chụp ngày 11/3/2026.
Cảm ơn!","Kết quả xử lý
Trung tâm Quản lý và Khai thác hạ tầng thành phố Huế
Kính gửi: Quý Ông/Bà
Vấn đề Quý Ông/Bà phản ánh, Trung tâm Quản lý và Khai thác Hạ tầng thành phố Huế xin thông báo kết quả như sau:
Sau khi nhận được phản ánh, Trung tâm đã tiến hành kiểm tra và đã có phương án điều chỉnh lại các biển báo đoạn đường này để phù hợp với thực tế, dự kiến hoàn thành trong tháng 3/2026
Chân thành cám ơn quý Ông/Bà.
Trân trọng./.
 Hạn xử lý: 20/03/2026
Ngày xử lý: 20/03/2026",Đã xử lý,https://tuongtac.hue.gov.vn/phan-anh/de-nghi-thao-bo-bang-cam-do-xe-tai-11-nguyen-tri-phuong-a217622.html
281,Hue,22:57 10/03/2026,"Kính gửi: Các cơ quan chức năng. Hiện nay tuyến đường Âu Lạc đã được các nhà mạng viễn thông đầu tư hệ thống cống bể ngầm hóa dây thuê bao nhưng chưa triển khai ngầm hóa cáp và dây thuê bao trên tuyến đường này và các dây chưa được hạ ngầm gây mất mỹ quan cũng như an toàn. Vì vậy, rất mong các cơ quan chức năng xem xét, hỗ trợ giải quyết giúp như sau:
1. Triển khai hạ ngầm cáp, dây thuê bao và làm gọn cáp, dây thuê bao trước mặt quán cafe Trung Nguyên đường Âu Lạc.
2.Dây điện lực chạy băng sai quy định (đang chạy bằng trên mái nhà dân). Địa chỉ Lô D6 đường Âu Lạc, phường An Cựu, Thành phố Huế (nay là quán cafe Trung Nguyên). Trân trọng cảm ơn!","Kết quả xử lý
Sở Khoa học và Công nghệ
Kính gửi: Quý Ông/Bà.
Vấn đề quý Ông/Bà phản ánh, Sở Khoa học và Công nghệ xin thông báo kết quả như sau:
Sở Khoa học và Công nghệ đã chỉ đạo các Doanh nghiệp viễn thông kiểm tra và xử lý làm gọn dây mạng tại vị trí trên (Đính kèm hình ảnh).
Chân thành cảm ơn quý Ông/Bà.
Trân trọng./.
1/3
123
Hạn xử lý: 20/03/2026
Ngày xử lý: 02/04/2026",Đã xử lý,https://tuongtac.hue.gov.vn/phan-anh/kien-nghi-bo-gon-day-vien-thong-tai-lo-d6-duong-au-lac-a217582.html
282,Hue,15:30 10/03/2026,"Dây cáp quang bị đứt quá nguy hiểm cho người dân tham gia giao thông, cũng như người đi đường, thời gian 15h40 tại hồ Tịnh Tâm (trước mặt quán cafe 278 Đinh Tiên Hoàng, phường Phú Xuân).","Kết quả xử lý
Sở Khoa học và Công nghệ
Kính gửi: Quý Ông/Bà.
Vấn đề quý Ông/Bà phản ánh, Sở Khoa học và Công nghệ xin thông báo kết quả như sau:
Sở Khoa học và Công nghệ đã chỉ đạo các doanh nghiệp viễn thông tiến hành kiểm tra và làm gọn dây thuê bao viễn thông không sử dụng tại vị trí nêu trên (đính kèm hình ảnh).
Chân thành cảm ơn quý Ông/Bà.
Trân trọng./.
Hạn xử lý: 19/03/2026
Ngày xử lý: 11/03/2026",Đã xử lý,https://tuongtac.hue.gov.vn/phan-anh/day-cap-quang-bi-dut-tai-278-dinh-tien-hoang-a217563.html
283,Hue,13:47 10/03/2026,"Nhờ chính quyền địa phương hỗ trợ làm đường kiệt 155, hẻm 14 đường Dạ Lê, phường Thanh Thuỷ, TP Huế, mỗi lần trời mưa là đường chạy không được, và hiện tại cái cột hẻm 14 Dạ Lê đã bị sập gãy, đường này hiện tại đang có 5 nhà đi, hình ảnh tôi chụp lúc 09:02 chủ nhật ngày 8/3/2026. Kính mong cơ quan chức năng kiểm tra và xử lý.","Kết quả xử lý
Phường Thanh Thủy
Kính gửi: Quý Ông/Bà.
Vấn đề Quý Ông/Bà phản ánh, UBND phường Thanh Thủy xin thông báo kết quả như sau:
UBND phường xin tiếp thu kiến nghị của công dân, đã tiến hành kiểm tra thực trạng tuyến đường kiệt 155, hẻm 14, đường Dạ Lê, phường Thanh Thủy để đưa vào danh mục đầu tư công trung hạn giai đoạn 2026–2030. Đối với bảng tên kiệt, hẻm, UBND phường đã triển khai khảo sát, duy tu, sửa chữa các biển tên, cột kiệt, hẻm, đường phố trên địa bàn trong năm 2026, dự kiến đầu tư vào Quý III năm 2026.
Chân thành cảm ơn Quý Ông/Bà.
Trân trọng./.
Hạn xử lý: 19/03/2026
Ngày xử lý: 27/04/2026",Đã xử lý,https://tuongtac.hue.gov.vn/phan-anh/kien-nghi-lam-duong-va-sua-chua-cot-hem-tai-kiet-155-hem-14-da-le-a217554.html
284,Hue,12:53 10/03/2026,"Nước ứ đọng tại kiệt chùa Phước Hưng thôn Công Lương, phường Vỹ Dạ. Kính mong được sự quan tâm của chính quyền.","Kết quả xử lý
Phường Vỹ Dạ
Kính gửi: Quý Ông/Bà.
Vấn đề quý Ông/Bà phản ánh, UBND phường Vỹ Dạ xin thông báo kết quả như sau:
Qua kiểm tra, UBND phường giao Phòng Kinh tế, hạ tầng và Đô thị phường tiến hành kiểm tra. Hiện trang tuyến kiệt trước chùa Phước Hưng thôn Công Lương, phường Vỹ Dạ dài khoàng 46m, hiện nay chưa có hệ thống thoát nước. Tuy nhiên để đầu tư hệ thống thoát nước hạ lưu thoát nước phải đấu nối vào tuyến đường Nguyễn Hạnh. Hiện nay, dự án đường Nguyễn Hạnh đang được Thành phố triển khai thực hiện dự án do Ban Quản lý dự án Đầu tư xây dựng khu vực 1 làm chủ đầu tư, tiến độ thực hiện dự án đang kiểm kê đền bù giải phóng mặt bằng. Vì vậy, việc đầu tư thoát nước tuyến đường kiệt sẽ được đầu tư đồng bộ khi có đấu nối hạ lưu.
Chân thành cảm ơn quý Ông/Bà
Trân trọng./.
Hạn xử lý: 19/03/2026
Ngày xử lý: 18/03/2026",Đã xử lý,https://tuongtac.hue.gov.vn/phan-anh/duong-u-dong-nuoc-tai-kiet-chua-phuoc-hung-thon-cong-luong-a217549.html
285,Hue,09:08 10/03/2026,"Kiến nghị chính quyền kiểm tra hệ thống thoát nước tại thôn Vinh Sơn, Hưng Lộc, thành phố Huế (lần 3).
Tôi có gửi phản ánh lên Hue-S bên chính quyền có cho người về nhưng giải quyết là hứa hẹn không có thời gian cụ thể. Hiện tại mới mưa mà ngập hết cả tuyến đường làm ảnh hưởng việc đi lại của toàn hộ dân, con em thôn. Hình ảnh tôi chụp là mới mưa lúc tối 09/3/2026 tới sáng nay 10/3/2026 mà nước ngập cả tuyến đường nhà ông Nguyễn Ngọt, Nguyễn Lý, Nguyễn Tý, Nguyễn Mừng ở hẻm Mai Sanh, thôn Vinh Sơn, xã Hưng Lộc, thành phố Huế. Tôi kiến nghị lần 3 mong chính quyền có phương án giải quyết sớm để việc đi lại của toàn bộ các hộ dân được thuận lợi. Tôi xin chân thành cảm ơn.","Kết quả xử lý
Xã Hưng Lộc
Kính gửi: Quý Ông/Bà.
Vấn đề quý Ông/Bà phản ánh, UBND xã Hưng Lộc xin thông báo kết quả như sau:
Liên quan đến phản ánh của công dân về việc “Hệ thống thoát nước tại thôn Vinh Sơn, xã Hưng Lộc, thành phố Huế. Tôi đã gửi phản ánh lên Hue-S, chính quyền có cử người về kiểm tra nhưng việc giải quyết còn mang tính hứa hẹn, chưa có thời gian cụ thể. Hiện nay, chỉ sau một trận mưa, toàn bộ tuyến đường đã bị ngập, ảnh hưởng đến việc đi lại của các hộ dân và con em trong thôn. Hình ảnh ghi nhận được vào tối ngày 09/3/2026 đến sáng ngày 10/3/2026 cho thấy nước ngập toàn bộ tuyến đường khu vực nhà các ông Nguyễn Ngọt, Nguyễn Lý, Nguyễn Mừng tại hẻm Mai Sanh, thôn Vinh Sơn, xã Hưng Lộc. Tôi kiến nghị lần thứ 3, mong chính quyền sớm có phương án giải quyết để đảm bảo việc đi lại thuận lợi cho người dân.”
Đối với nội dung phản ánh nêu trên, UBND xã trả lời như sau: UBND xã đã chỉ đạo Phòng Kinh tế tiến hành kiểm tra thực tế. Tuy nhiên, do địa phương mới thực hiện sáp nhập nên nguồn kinh phí còn gặp nhiều khó khăn.
Trong thời gian tới, UBND xã sẽ đưa nội dung này vào kế hoạch đầu tư công trung hạn giai đoạn 2026–2030 khi nguồn kinh phí đáp ứng để triển khai đầu tư hạ tầng đối với tuyến đường nêu trên.
Chân thành cảm ơn Quý Ông/Bà.
Trân trọng./.
Hạn xử lý: 19/03/2026
Ngày xử lý: 23/03/2026",Đã xử lý,https://tuongtac.hue.gov.vn/phan-anh/kien-nghi-kiem-tra-he-thong-thoat-nuoc-tai-thon-vinh-son-a217528.html
286,Hue,08:01 10/03/2026,"Tôi đại diện cho 03 hộ dân số nhà: 11, 13 và 15 đường Lê Minh Trường, phường Hương An, thành phố Huế xin phản ánh một số nội dung sau: Đường Lê Minh Trường đưa vào sử dụng vào năm 2008 và đến thời gian vừa rồi thì xuống cấp trầm trọng, đầu năm 2025 thì UBND thành phố cho nâng cấp làm lại; tuy nhiên đoạn đường từ nhà số 15 trở đi thì rải thảm nhựa, còn từ nhà số 15 trở về đầu đường không được rải thảm nhựa mà chỉ rải cấp phối, đá dăm và tưới nhựa đường. Quá trình thi công không xử lý kỹ thuật dẫn đến lề đường của các nhà từ số 11 đến số 15 bị trũng, thấp hơn 2 đầu nên không thể thoát nước về 2 phía có họng cống thu nước mưa, dẫn đến khi có mưa thì bùn, đất, rác, nước mưa đọng lại gây ô nhiễm môi trường và mỹ quan của đô thị. Sau khi xảy ra vấn đề, các hộ cũng đã phản ánh với các lãnh đạo UBND phường Hương Sơ cũ và bí thư, tổ trưởng tổ dân phố thông qua các Hội nghị chi bộ Tổ 11 và họp Tổ dân phố 11, nhưng các ý kiến phản ánh đều không được xử lý và cũng không có phản hồi để giải đáp cho 3 hộ hướng xử lý. Trước tình hình đó 3 hộ đã chủ động xử lý phần lề đường bị thấp trũng và cũng đã giải quyết được vấn đề, tuy nhiên có hộ Ông S..., lề đường cũng bị trũng như 3 hộ trên nhưng không cùng xử lý để khỏi bị đọng nước, đồng thời đã phản ánh lên Hue-S. Sau khi Hue -S phân công cán bộ chuyên trách về làm việc với 3 hộ và 3 hộ cũng đã giải thích như vậy, nhưng không được chấp thuận; đồng thời yêu cầu phải tháo dỡ phần bê tông xử lý thấp trũng dẫn đế hộ ông S... bị đọng nước và ý kiến đề nghị của 3 hộ muốn UBND phường Hương An, cơ quan chức năng và hộ bị tác động để có buổi làm việc để nghe các hộ bị tác động khi con đường thi công chưa đúng kỹ thuật, hướng xử lý của cơ quan chức năng, thời gian nào thì xử lý... để sớm giải quyết vấn đề nhằm giữ gìn vệ sinh và mỹ quan đô thị. Tránh lãng phí tiền của khi người dân chủ động khắc phục trong khi chờ UBND TP, UBND phường Hương An, các cơ quan chức năng xử lý. (Nội dung phản ánh có hình ảnh trước và sau khi xử lý lề đường đọng nước).
Vậy, kính đề nghị UBND thành phố, UBND phường Hương An và các sở, ngành chức năng sớm giải quyết những kiến nghị trên để giải tỏa các bức xúc và có phương án giải quyết sớm để làm đẹp mỹ quan đường phố, xứng đáng với danh hiệu thành phố Trực thuộc Trung ương, đô thị thông minh, xanh, sạch, sáng.","Kết quả xử lý
Phường Hương An
Kính gửi: Quý Ông/Bà.
Vấn đề quý Ông/Bà phản ánh, UBND phường Hương An đã chỉ đạo Trung tâm Dịch vụ sự nghiệp công phường kiểm tra và xin thông báo kết quả như sau:
Qua nội dung phản ánh, Trung tâm Dịch vụ sự nghiệp công đã kiểm tra, rà soát và xác định tuyến đường nêu trên thuộc kết cấu hạ tầng giao thông do thành phố quản lý. Do đó, UBND phường chưa đủ điều kiện để tổ chức đầu tư nâng cấp, sửa chữa một cách đồng bộ, lâu dài. Để có cơ sở đánh giá thực tế hiện trạng và xây dựng kế hoạch duy tu, sửa chữa phù hợp, Trung tâm Dịch vụ sự nghiệp công đã gửi giấy mời các đơn vị liên quan tham dự, gồm:
- Đại diện lãnh đạo Trung tâm Quản lý và Khai thác hạ tầng đô thị thành phố Huế;
- Đại diện lãnh đạo Phòng Kinh tế, Hạ tầng và Đô thị phường.
Cuộc họp do ông Lương Viết Tấn – Giám đốc Trung tâm chủ trì, dự kiến tổ chức vào lúc 14 giờ 00 ngày 06/4/2026. (Đính kèm hình ảnh)
Sau cuộc họp, các đơn vị sẽ tiến hành kiểm tra, đánh giá thực tế để tham mưu, kiến nghị cấp có thẩm quyền xem xét, giải quyết theo quy định.
Chân thành cảm ơn quý Ông/Bà.
Trân trọng./.
File đính kèm:
Hạn xử lý: 19/03/2026
Ngày xử lý: 02/04/2026",Đã xử lý,https://tuongtac.hue.gov.vn/phan-anh/kiem-tra-duong-u-dong-nuoc-tai-11-13-va-15-duong-le-minh-truong-a217519.html
287,Hue,21:34 09/03/2026,"Kính gửi cơ quan chức năng. Đây là con đường dân sinh có từ lâu thuộc UBND xã Lộc Vĩnh cũ quản lý nay là Xã Chân Mây - Lăng Cô, Thành Phố Huế nay đã bàn giao lại cho dự án xây nhà xã hội của tập đoàn Kim Long motor. Và theo như dự án thì con đường này sẽ bị rào chắn không cho phương tiện qua lại. Đây là con đường chính đi vào nghĩa trang và có dân sinh sống và kinh doanh nuôi trồng ở trong đó. Vị trí đoạn này nằm sát cầu Bù Lu của xã Chân Mây- Lăng Cô, Thành Phố Huế. Vậy kính mong cơ quan chức năng xem xét và xử lý để người dân được đi lại và hàng hoá được vận chuyển thuận tiện.
Đính kèm có ảnh Google Maps vị trí công trường đang thi công.","Kết quả xử lý
Xã Chân Mây - Lăng Cô
Kính gửi: Quý Ông/Bà.
Vấn đề quý Ông/Bà phản ánh, UBND xã Chân Mây - Lăng Cô xin thông báo kết quả như sau:
UBND xã đã phối hợp Công ty Cổ phần Kim Long motor Huế hoàn trả đường cho người dân, đồng thời khảo sát vị trí để mở tuyến đường mới cho người dân lưu thông đảm bảo an toàn. (Đính kèm hình ảnh)
Chân thành cảm ơn quý Ông/Bà.
Trân trọng!
1/5
12345
Hạn xử lý: 19/03/2026
Ngày xử lý: 29/04/2026",Đã xử lý,https://tuongtac.hue.gov.vn/phan-anh/kien-nghi-kiem-tra-doan-rao-chan-duong-doan-sat-cau-bu-lu-a217511.html
288,Hue,21:11 09/03/2026,"Kính đề nghị đơn vị có liên quan tháo bỏ tủ điện không còn sử dụng, gây mất mỹ quan đô thị. Địa điểm phản ánh trước mặt số nhà 91 Thái Phiên, phường Phú Xuân, thành phố Huế. Ảnh chụp ngày 09/03/2026.","Kết quả xử lý
VNPT Huế
Kính gửi: Quý Ông/Bà.
Vấn đề Quý Ông/Bà phản ánh, VNPT Huế xin thông báo kết quả như sau:
Sau khi tiếp nhận phản ánh, VNPT đã tiến hành thu hồi tủ cáp theo phản ánh.
Chân thành cảm ơn Quý Ông/Bà.
Trân trọng./.
1/2
12
Hạn xử lý: 19/03/2026
Ngày xử lý: 04/04/2026",Đã xử lý,https://tuongtac.hue.gov.vn/phan-anh/kien-nghi-thao-bo-tu-dien-khong-su-dung-tai-91-thai-phien-a217509.html
289,Hue,16:54 09/03/2026,"Kiểm tra chất lượng công trình và đẩy nhanh tiến độ thi công đường xóm 3/1 Lý Nam Đế, phường Hương An, Tp, Huế.
Tuyến đường xóm kiệt 3/1 đường Lý Nam Đế thi công sai kỹ thuật (thiếu hố ga thoát nước, 1 số tuyến cống đầu tuyến thấp hơn so với các pi cống phía sau nên không đảm bảo kỹ thuật đề ra) dẫn đến chậm tiến độ so với kế hoạch hoàn thành trước Tết Nguyên Đán mà lãnh đạo phường đã cam kết, nhưng từ khi ra Tết trở lại đây vẫn không có động tĩnh thi công trở lại.
Hiện nay mặt đường không đảm bảo nên khi mưa xuống sình lầy rất khó khăn trong việc đi lại, nắng lên thì bụi và rác thải không được thu gom, dẫn đến bốc mùi hôi thối. Kiến nghị phường chỉ đạo các bộ phận liên quan kiểm tra, giám sát chất lượng công trình và đẩy nhanh tiến độ thi công cho bà con sinh hoạt.
Trân trọng cảm ơn!
Hình ảnh được chụp vào 7:00 ngày 9/3/2026 và ngày 10/3/2026.","Kết quả xử lý
Phường Hương An
Kính gửi: Quý Ông/Bà.
Vấn đề quý Ông/Bà phản ánh, UBND phường Hương An đã chỉ đạo Trung tâm Dịch vụ sự nghiệp công phường và xin thông báo kết quả như sau:
Qua nội dung phản ánh, Trung tâm Dịch vụ sự nghiệp công phường đã có buổi trao đổi làm việc với đại diện Văn Phòng HĐND-UBND phường liên quan đến nội dung này.
Tại buổi làm việc, được biết quá trình triển khai thực hiện do có điều chỉnh các vị trí họng thu nước vào vị trí các hố ga, hiện nay phương án điều chỉnh thiết kế thi công đã được phê duyệt, vừa qua thời tiết một số ngày tháng 3 không thuận lợi, nên tiến độ thi công chưa được triển khai thực hiện, sau khi hết mưa nhà thầu cam kết sẽ tiếp tục triển khai thực hiện các bước tiếp theo như: xử lý lắp đặt họng thu, đổ cấp phối mặt đường, bù phụ, san gạt và lu lèn đảm bảo độ K95, sẽ tiến hành đổ bê tông mặt đường hoàn thiện trong tháng 4 này. Nhà thầu đã cam kết và xin kính báo tiến độ hoàn thành để chủ đầu tư và các đơn vị quản lý và quý Ông/Bà được biết. Rất mong quý Ông/Bà thông cảm vì sự chậm trễ làm ảnh hưởng đến việc đi lại của nà con trong thời gian qua.
Chân thành cảm ơn quý Ông/Bà.
Trân trọng./.
Hạn xử lý: 19/03/2026
Ngày xử lý: 13/03/2026",Đã xử lý,https://tuongtac.hue.gov.vn/phan-anh/kiem-tra-chat-luong-cong-trinh-va-day-nhanh-tien-do-thi-cong-duong-xom-3-1-ly-nam-de-a217493.html
290,Hue,16:33 09/03/2026,"Con đường từ Ngọc Hồ thuộc phường Kim Long lên điện Huệ Nam hư hỏng nặng. Đường thì nhỏ còn hư hỏng ổ gà, rất dễ gây nguy hiểm khi đi đường. Kính mong cơ quan ban ngành thành phố huế xem xét sửa chữa để con đường an toàn thuận tiện. Ảnh chụp lúc 16h ngày 9/3/2026.","Kết quả xử lý
Phường Kim Long
Kính gửi: Quý Ông/Bà.
Vấn đề quý Ông/Bà phản ánh, UBND phường Kim Long xin thông báo kết quả như sau:
1. Ghi nhận thực trạng:
UBND phường xác nhận nội dung phản ánh về tình trạng mặt đường nhỏ hẹp và hư hỏng tại khu vực giáp ranh giữa phường Kim Long và phường Hương Hồ là đúng thực tế. Sự việc này tiềm ẩn nguy cơ gây tai nạn.
2. Biện pháp xử lý:
UBND phường đã chỉ đạo đơn vị quản lý duy tu là Trung tâm Dịch vụ sự nghiệp công để sớm có phương án dặm vá các ""ổ gà"", đảm bảo an toàn bước một cho người dân.
UBND phường Kim Long luôn lắng nghe và đề cao các ý kiến đóng góp của công dân nhằm xây dựng hạ tầng đô thị an toàn, văn minh. UBND phường sẽ tiếp tục theo dõi và đôn đốc các cơ quan cấp trên để sớm có kế hoạch sửa chữa triệt để tuyến.
Chân thành cảm ơn quý Ông/Bà.
Trân trọng./.
Hạn xử lý: 25/03/2026
Ngày xử lý: 01/04/2026",Đã xử lý,https://tuongtac.hue.gov.vn/phan-anh/duong-tu-ngoc-ho-len-dien-hue-nam-hu-hong-nang-a217491.html
291,Hue,16:24 09/03/2026,"Kiến nghị sửa chữa đường mỏ đá Sơn Thuỷ, xã A Lưới 3, thành phố Huế. Do xe trọng tải lớn từ mỏ đá đi xuống làm hư đường, tạo thành ổ gà, người dân đi hay gặp tai nạn","Kết quả xử lý
Văn phòng Quản lý đường bộ II.5
Kính gửi: Quý Ông/Bà.
Vấn đề Quý Ông/Bà phản ánh, Văn phòng QLĐB II.5 xin thông báo kết quả như sau:
Văn phòng đã phối hợp với đơn vị BDTX làm việc với Công ty TNHH MTV Thanh Bình An (chủ mỏ đá Sơn Thủy) về việc xe ra vào mỏ đá gây hư hỏng mặt đường tuyến Hồ Chí Minh. Công ty TNHH MTV Thanh Bình An đã tiến hành sửa chữa các vị trí hư hỏng và cam kết thường xuyên kiểm tra, kịp thời khắc phục nếu mặt đường tái diễn hư hỏng (có hình ảnh kèm theo).
Chân thành cảm ơn Quý Ông/Bà.
Trân trọng./.
Hạn xử lý: 18/03/2026
Ngày xử lý: 29/04/2026",Đã xử lý,https://tuongtac.hue.gov.vn/phan-anh/kien-nghi-sua-chua-duong-mo-da-son-thuy-xa-a-luoi-3-a217490.html
292,Hue,14:41 09/03/2026,"Đề nghị cơ quan có thẩm quyền khảo sát và xem xét điều chỉnh vị trí biển đường 1 chiều tại đầu kiệt 131 Đường Trần Phú.
Kính gửi quý cơ quan!
Tôi là người dân sống ở kiệt 131 đường Trần Phú, phường Thuận Hóa thành phố Huế, tôi có kiến nghị nội dung liên quan đến vị trí đặt biển đường 1 chiều tại đầu kiệt 131 như sau:
Thứ 1: Hiện tại vị trí mà cơ quan chức năng đặt biển đường 1 chiều tại đầu kiệt 131 Trần Phú tôi thấy chưa hợp lý gây ra rất nhiều khó khăn cho những hộ gia đình ở ngõ 9 bởi vì nếu có xe ô tô mà muốn đi ra đường thì phải đi vòng lên đường Đặng Huy Trứ là rất xa hơn nữa đoạn đường đó có những vị trí mặt đường hẹp, nhà sát mặt đường và thường xuyên để xe lấn chiếm lòng đường dẫn đến rất khó di chuyển.
Thứ 2 là nếu đoạn đường này có nhà nào có tiệc cưới hay đám ma mà người ta dựng rạp lấn chiếm một vài ngày thì không di chuyển được, nếu đã lỡ di chuyển lên rồi thì khó quy đầu vì đường rất hẹp và không có chỗ.
Thứ 3 là đối với những hộ gia đình sống trong khu vực này khi có người thân ốm đau hay có nhu cầu gọi xe Taxi thì hầu như họ từ chối phục vụ vì đi vào thì được nhưng đi ra quá khó, nếu muốn đi taxi thì phải đi bộ ra đầu đường.
Quá trình sống trong khu vực này tôi nhận thấy đoạn từ đầu đường Trần Phú đến ngã 3 đầu ngõ 9 rất ngắn tầm 50 mét, đoạn này ngắn mà đường thẳng các phương tiện thấy nhau nên theo quy định xe nào vào trước thì đi còn chưa vào thì nhường đường. Để giảm bớt khó khăn trong việc di chuyển bằng ô tô từ trong ngõ 9 kiệt 131 Trần Phú ra đường cho các hộ gia đình sống ở đây, tôi kiến nghị cơ quan chức năng khảo sát thực tế, xem xét điều chỉnh lại vị trí đặt biển đường 1 chiều bắt đầu từ đầu ngã ba đầu tiên và đường 1 chiều hướng về kiệt 131 Trần Phú.
Kính mong cơ quan chuyên môn, cơ quan có thẩm quyền quan tâm xem xét.
Trân trọng cảm ơn!","Kết quả xử lý
Trung tâm Quản lý và Khai thác hạ tầng thành phố Huế
Kính gửi: Quý Ông/Bà.
Vấn đề quý Ông/Bà phản ánh, Trung tâm Quản lý và Khai thác Hạ tầng thành phố Huế (Trung tâm) xin thông báo kết quả như sau:
Trung tâm xin cảm ơn quý Ông/Bà đã phản ánh nội dung này. Trung tâm sẽ kiểm tra, theo dõi tình trạng xe ô tô ra vào tại Kiệt 131 Trần Phú để có cơ sở kiến nghị Sở Xây dựng, UBND phường Thuận Hóa xem xét điều chỉnh để phù hợp với thực tế.
Chân thành cảm ơn quý Ông/Bà.
Trân trọng./.
Hạn xử lý: 18/03/2026
Ngày xử lý: 20/03/2026",Đã xử lý,https://tuongtac.hue.gov.vn/phan-anh/kien-nghi-dieu-chinh-vi-tri-dat-bien-duong-1-chieu-dau-kiet-131-tran-phu-a217482.html
293,Hue,12:30 09/03/2026,"Tôi và các hộ dân sống ở tuyến đường Châu Sơn, phường Hương Thuỷ xin có phản ánh như sau: Từ xưa đến bây giờ chúng tôi sinh sống ở đây tại đường Châu Sơn, phường Hương Thuỷ chưa bao giờ bị để biển hiệu cấm dừng, cấm đỗ trước nhà. Nhưng cho đến nay đường Châu Sơn thì được mở rộng thoáng ra lại bị để biển cấm dừng, cấm đổ ngay trước nhà của các hộ dân chúng tôi gồm số nhà 2, 4 đường Châu Sơn nên không thể dừng đỗ xe để ra vào nhà được, rất bất tiện cho việc sinh hoạt hằng ngày của các hộ dân chúng tôi. Vậy nên kính đề nghị cơ quan chức năng xem xét có phương án giải quyết để các hộ dân chúng tôi được thuận tiện. Xin chân thành cám ơn! (Đính kèm ảnh chụp lúc 16h00 ngày 08/3/2026)","Kết quả xử lý
Phường Hương Thủy
Kính gửi: Quý Ông/Bà.
Vấn đề quý Ông/Bà phản ánh, UBND phường xin thông báo kết quả như sau:
Tuyến đường Châu Sơn là đoạn đường có mật độ giao thông lớn, nằm gần điểm giao cắt với Quốc lộ 1A (đường Nguyễn Tất Thành) và tuyến đường sắt. Bên cạnh đó, khu vực này có hoạt động buôn bán tại chợ Thần Phù nên lượng người và phương tiện ra vào hằng ngày rất đông.
Trong thời gian qua, tình trạng các phương tiện dừng, đỗ xe tự phát hai bên đường đã làm thu hẹp đáng kể mặt đường, gây cản trở tầm nhìn và tiềm ẩn nguy cơ xảy ra tai nạn giao thông. Do đó, việc lắp đặt biển cấm dừng, đỗ xe tại khu vực này là giải pháp cần thiết nhằm đảm bảo trật tự, an toàn giao thông và tạo điều kiện cho các phương tiện lưu thông thuận lợi, an toàn hơn.
UBND phường ghi nhận ý kiến của Quý Ông/Bà và sẽ tiếp tục theo dõi, đánh giá tình hình thực tế để xem xét điều chỉnh cho phù hợp, vừa đảm bảo an toàn giao thông, vừa tạo điều kiện thuận lợi cho sinh hoạt và hoạt động kinh doanh của người dân.
Chân thành cảm ơn Quý Ông/Bà.
Trân trọng./.
Hạn xử lý: 18/03/2026
Ngày xử lý: 16/03/2026",Đã xử lý,https://tuongtac.hue.gov.vn/phan-anh/kien-nghi-co-phuong-an-ve-bien-cam-dung-do-tai-so-2-chau-son-a217467.html
294,Hue,11:44 09/03/2026,"Kính gửi: cơ quan phụ trách hạ tầng đô thị phường Phú Xuân.
Đoạn đường đi vào từ nhà số 27 Trần Văn Kỷ bên hông kí túc xá sinh viên Đại học Huế, đã được lót đá dăm 3 tháng nay, nhưng chưa rải dầu lên, máy nấu dầu vẫn còn để ở vỉa hè. Hiện tại, đường bắt đầu bị trôi lớp đá lên, gây hư hại, lãng phí, đặc biệt là xe 2 bánh của sinh viên lưu thông bị trượt ngã. Kính đề nghị cơ quan có thẩm quyền yêu cầu đơn vị thi công nhanh chóng làm xong đoạn đường trên, để đảm bảo an toàn, tránh thất thoát, lãng phí tài sản nhà nước. Trân trọng!","Kết quả xử lý
Trung tâm Quản lý và Khai thác hạ tầng thành phố Huế
Kính gửi: Quý Ông/Bà
Vấn đề Quý Ông/Bà phản ánh, Trung tâm Quản lý và Khai thác Hạ tầng thành phố Huế xin thông báo kết quả như sau:
Kết cấu mặt đường cũ của tuyến đường này là đá dăm láng nhựa. Trung tâm đã thực hiện công tác sửa chữa mặt đường hư hỏng bằng láng nhựa 3 lớp (4,5kg/m2 theo TCVN 8863:2025), quy trình thực hiện: Tưới nhựa, rải đá, lu lèn đảm bảo theo từng lớp đúng quy định. Đến nay, công tác sửa chữa đã hoàn thành. Trung tâm đã yêu cầu đơn vị quản lý, duy tu đường bộ tiến hành kiểm tra thực hiện vệ sinh mặt đường, đảm bảo an toàn giao thông. (Đính kèm hình ảnh)
Chân thành cảm ơn quý Ông/Bà.
Trân trọng./.
1/2
12
Hạn xử lý: 18/03/2026
Ngày xử lý: 16/03/2026",Đã xử lý,https://tuongtac.hue.gov.vn/phan-anh/doan-duong-tai-so-27-tran-van-ky-thi-cong-khong-dam-bao-an-toan-a217462.html
295,Hue,11:30 09/03/2026,"Phản ánh việc xây dựng quán trên hành lang cống thoát nước. Kính đề nghị cơ quan chức năng kiểm tra tình trạng xây dựng công trình làm quán cà phê và tạp hóa trên phần hành lang cống thoát nước băng qua đường Hồ Chí Minh, khu vực gần đối diện nhà nghỉ Thanh Quang, đường Hồ Chí Minh xã A Lưới 2, TP Huế. Công trình được dựng với nền bê tông và khung sắt trên phần phía trên cống, che kín phần hành lang phía trên cống. Đây là cống thoát nước lớn băng qua đường. Vào mùa mưa, mực nước trong cống thường dâng rất cao. Khi mưa lớn, do có nhiều vật cản như cây lớn nên nước thoát chậm, dẫn đến tình trạng nước tràn lên mặt đường Hồ Chí Minh ở phía đầu cống bên kia đường. Việc dựng công trình phía trên cống có thể gây khó khăn cho việc quan sát, kiểm tra, nạo vét và xử lý khi xảy ra tắc nghẽn, ảnh hưởng đến khả năng thoát nước của khu vực. Kính đề nghị cơ quan chức năng kiểm tra thực tế, xác minh và có biện pháp xử lý theo quy định nhằm đảm bảo hệ thống thoát nước và trật tự tại khu vực.

Tôi gửi phản ánh này kèm theo hình ảnh thực tế để cơ quan chức năng xem xét.
Xin cám ơn.
Kính thưa quý cấp trên, do quán dựng mái che và đặt bàn ghế trên. Che hết hành lang cống. Hơn nữa nằm sát đường mòn HCM, khu vực đông người, xe cộ nên rất khó chụp thêm hình, tôi chỉ chụp được ảnh quán và trình bày như trong đơn. Vì vậy, kính đề nghị cơ quan chức năng kiểm tra thực tế tại vị trí đã đánh dấu. Tôi xin cám ơn!","Kết quả xử lý
Xã A Lưới 2
Kính gửi: Quý Ông/Bà.
Vấn đề quý Ông/Bà phản ánh, UBND xã A Lưới 2 xin thông báo kết quả như sau:
Sau khi nhận được phản ánh, UBND xã A Lưới 2 đã chỉ đạo Phòng Kinh tế tiến hành kiểm tra, xác minh. Qua kiểm tra, nội dung người dân phản ánh là đúng (diện tích xây dựng 7,8m²), công trình do ông T.A trú tại thôn 6 đang sử dụng. Công trình trên đã được hộ gia đình xây dựng và sử dụng ổn định cách đây đã trên 25 năm (công trình lắp ghép không kiên cố). Hộ gia đình có bản cam kết sẽ đảm bảo dòng chảy của cống. 
Chân thành cảm ơn quý Ông/Bà.
Trân trọng./.
File đính kèm:
Hạn xử lý: 30/03/2026
Ngày xử lý: 25/03/2026",Đã xử lý,https://tuongtac.hue.gov.vn/phan-anh/xay-dung-quan-tren-hanh-lang-cong-thoat-nuoc-tai-duong-ho-chi-minh-a217460.html
296,Hue,23:10 08/03/2026,"Vạch kẻ qua đường trước mặt cây xăng Hương An bị mờ tại 161 đường Lý Thái Tổ, phường Hương An, Thành phố Huế.","Kết quả xử lý
Sở Xây dựng
Kính gửi: Quý Ông/Bà.
Vấn đề quý Ông/Bà phản ánh, Sở Xây dựng xin thông báo kết quả như sau:
Đối với vị trí Quý Ông/Bà phản ánh, Sở Xây dựng đã chỉ đạo Công ty TNHH Trùng Phương (đơn vị quản lý tuyến đường) xây dựng kế hoạch duy tu, sơn lại các vạch kẻ đường bị mờ, bong tróc trên các đoạn tuyến thuộc phạm vi quản lý nhằm đảm bảo an toàn giao thông.
Hiện nay, đơn vị đang triển khai sơn các loại vạch kẻ đường từ Km806+00 trở vào và dự kiến hoàn thành trước ngày 30/4/2026.
Chân thành cảm ơn Quý Ông/Bà.
Trân trọng./.
1/2
12
Hạn xử lý: 24/03/2026
Ngày xử lý: 15/04/2026",Đã xử lý,https://tuongtac.hue.gov.vn/phan-anh/vach-ke-duong-bi-mo-tai-161-duong-ly-thai-to-a217432.html
297,Hue,18:21 08/03/2026,"Kính gửi Lãnh đạo UBND thành phố Huế , lãnh đạo UBND phường Kim Long, chúng tôi là các hộ dân ở kiệt 132 Nguyễn Hữu Dật, phường Kim Long thành phố Huế. Con đường Kiệt 132 Nguyễn Hữu Dật đã được làm nhiều năm bằng bê tông, hơn 20 năm đến nay đã xuống cấp nghiêm trọng. Mặt đường bị nứt vỡ, lồi lõm, gây khó khăn và nguy hiểm cho việc đi lại của người dân. Bên cạnh đó, tuyến đường kiệt chưa có hệ thống thoát nước, nên vào mùa mưa thường xảy ra tình trạng ngập úng, không thoát nước được, ảnh hưởng đến sinh hoạt của các hộ dân. Vào mùa khô, mặt đường xuống cấp gây bụi bẩn, ảnh hưởng đến môi trường và sức khoẻ. Ngoài ra, hệ thống điện chiếu sáng trong kiệt hiện nay do các hộ dân tự đóng góp và lắp đặt, chưa được đầu tư đồng bộ, ánh sáng còn hạn chế nên vào ban đêm việc đi lại chưa đảm bảo an toàn.
Vì vậy, chúng tôi kính đề nghị UBND thành phố Huế và UBND phường Kim Long quan tâm khảo sát và có kế hoạch, nâng cấp tuyến kiệt 132 Nguyễn Hữu Dật, bao gồm sửa chữa mặt đường và xem xét làm hệ thống thoát nước để đảm bảo an toàn và thuận tiện cho người dân, đầu tư hệ thống điện chiếu sáng công cộng. Đồng thời, chúng tôi kính mong Quý cơ quan cho biết dự kiến thời gian triển khai hoặc kế hoạch sửa chữa tuyến đường này để người dân được biết và phối hợp. Chúng tôi xin chân thành cảm ơn và mong được nhận sự quan tâm, xem xét của Quý cơ quan.","Kết quả xử lý
Phường Kim Long
Kính gửi: Quý Ông/Bà.
Vấn đề Quý Ông/Bà phản ánh, UBND phường Kim Long xin thông báo kết quả như sau:
UBND phường xin chân thành cảm ơn nội dung Quý Ông/Bà đã phản ánh. Qua kiểm tra thực tế, hiện trạng kiệt 132 đường Nguyễn Hữu Dật cho thấy mặt đường bê tông của kiệt đã hư hỏng, xuống cấp và cần được cải tạo, sửa chữa. Bên cạnh đó, tuyến kiệt này hiện chưa có hệ thống thoát nước; hệ thống điện chiếu sáng do các hộ dân tự đóng góp lắp đặt nên chưa đồng bộ.
UBND phường đã giao Phòng Kinh tế, Hạ tầng và Đô thị khảo sát, đánh giá hiện trạng các tuyến kiệt trên địa bàn để tổng hợp, đề xuất bổ sung vào kế hoạch đầu tư công trung hạn giai đoạn 2026–2030 nhằm triển khai thực hiện theo thứ tự ưu tiên. Đồng thời, UBND phường sẽ chủ động phối hợp với các sở, ngành liên quan của thành phố để tận dụng các nguồn lực khác nhằm thực hiện cải tạo, nâng cấp các tuyến đường kiệt trên địa bàn phường. Dự kiến việc đầu tư sửa chữa, nâng cấp mặt đường và hệ thống thoát nước sẽ được triển khai trong năm 2026.
Chân thành cảm ơn Quý Ông/Bà.
Trân trọng./.
Hạn xử lý: 18/03/2026
Ngày xử lý: 12/03/2026",Đã xử lý,https://tuongtac.hue.gov.vn/phan-anh/nang-cap-he-thong-thoat-nuoc-va-den-chieu-sang-tai-kiet-132-nguyen-huu-dat-a217408.html
298,Hue,14:26 08/03/2026,"tuyến Tỉnh lộ 17 đoạn từ TDP Vĩnh Nguyên đi lên xã Phong Mỹ (nay là phường Phong Điền) đang xuống cấp nghiêm trọng, gây nhiều khó khăn và nguy hiểm cho người dân tham gia giao thông.
• Mặt đường bị nứt nẻ, bong tróc và sụt lún trên nhiều đoạn.
• Nhiều vị trí ổ gà, ổ voi sâu, đọng nước khi mưa.
• Lớp nhựa đường đã bị bong tróc gần hết, lộ đá và đất.
• Xe máy và ô tô đi qua rất xóc, trơn trượt và dễ xảy ra tai nạn.
• Vào ban đêm hoặc mùa mưa, người dân đi lại cực kỳ nguy hiểm.
Đây là tuyến đường quan trọng phục vụ việc đi lại, vận chuyển nông sản và sinh hoạt của người dân địa phương, nhưng tình trạng xuống cấp kéo dài vẫn chưa được sửa chữa triệt để.
Vì vậy, người dân kính mong các cơ quan chức năng và đơn vị quản lý giao thông sớm kiểm tra, nâng cấp và sửa chữa tuyến đường, đảm bảo an toàn giao thông và thuận tiện cho người dân.","Kết quả xử lý
Sở Xây dựng
Kính gửi: Quý Ông/Bà.
Vấn đề quý Ông/Bà phản ánh, Sở Xây dựng thành phố Huế xin thông báo kết quả như sau:
Đoạn tuyến quý Ông/Bà phản ánh từ Km5+500-Km 9+800 (ĐT17) được nâng cấp vào năm 1989, hoàn thành đưa vào sử dụng vào năm 1990. Đến nay đoạn tuyến này đã xuống cấp, bề rộng mặt đường rộng 3.5 m, không đáp ứng kịp nhu cầu phát triển của khu vực, các loại và lượng phương tiện thường xuyên lưu thông.
Sở Xây dựng đã theo dõi, nắm biết thực trạng hư hỏng, thường xuyên chỉ đạo đơn vị quản lý tuyến đảm bảo giao thông tạm thời và cũng đã có đề xuất phương án nâng cấp, chỉnh trang đoạn tuyến này trong năm 2026.
Chân thành cảm ơn quý Ông/Bà.
Trân trọng.
Hạn xử lý: 18/03/2026
Ngày xử lý: 12/03/2026",Đã xử lý,https://tuongtac.hue.gov.vn/phan-anh/kien-nghi-nang-cap-duong-tinh-lo-17-tai-huong-len-phong-my-lan-2-a217396.html
299,Hue,12:23 08/03/2026,"Cống đường xóm 7 Lại Thế bị xe đi lên sụp miệng hố gây nguy hiểm cho người dân khi tham gia giao thông lúc ban ngày lẫn ban đêm. Vị trí tại Nhà số 22, xóm 7, Lại Thế 2, phường Mỹ Thượng, thành phố Huế
Hình ảnh hiện trường được chụp vào lúc 12h39 phút ngày 8 tháng 3 năm 2026
Mong quý cơ quan khắc phục để không xảy ra các tai nạn đáng tiếc
Cám ơn cơ quan chức năng.","Kết quả xử lý
Phường Mỹ Thượng
Kính gửi: Quý Ông/Bà.
Vấn đề quý Ông/Bà phản ánh, UBND phường Mỹ Thượng xin thông báo kết quả như sau:
Liên quan đến nội dung phản ánh, UBND phường đã tiến hành kiểm tra và ghi nhận tình trạng hư hỏng nắp cống đan tại đường xóm 7, Tổ dân phố Lại Thế. Qua đối chiếu Quyết định phân công của UBND thành phố Huế, UBND phường nhận thấy không thuộc phạm vi thẩm quyền xử lý trực tiếp.
Để đảm bảo hư hỏng sớm được khắc phục, UBND phường đã chỉ đạo Phòng Kinh tế, Hạ tầng và Đô thị phường ban hành Công văn kiến nghị gửi Trung tâm Quản lý và Khai thác hạ tầng thành phố Huế để thực hiện việc sửa chữa, khắc phục (kèm theo Công văn số 132/KTHTĐT-XD ngày 18/3/2026 của Phòng Kinh tế, Hạ tầng và Đô thị phường).
Chân thành cảm ơn quý Ông/Bà.
Trân trọng./.
File đính kèm:
Hạn xử lý: 18/03/2026
Ngày xử lý: 19/03/2026",Đã xử lý,https://tuongtac.hue.gov.vn/phan-anh/cong-duong-xom-7-lai-the-bi-sup-mieng-ho-a217382.html
300,Hue,11:42 08/03/2026,"Đường Quảng Tế, đoạn đầu đường gần Điện Biên Phủ, có một đoạn nắp cống thoát nước sập tạo thành hố to gây nguy hiểm. Đề nghị cơ quan chức năng cải tạo sửa chữa gấp. Thời điểm ghi nhận: 11 giờ ngày 8/3/2026.","Kết quả xử lý
Trung tâm Quản lý và Khai thác hạ tầng thành phố Huế
Kính gửi: Quý Ông/Bà.
Vấn đề quý Ông/Bà phản ánh, Trung tâm Quản lý và Khai thác Hạ tầng thành phố Huế xin thông báo kết quả như sau:
Sau khi nhận được phản ánh, Trung tâm đã tiến hành kiểm tra và xác định cống thoát nước tại vị trí phản ánh là của người dân tại khu vực tự xây.
Hiện, Trung tâm đã cho bố trí rào chắn, biển cảnh báo để đảm bảo an toàn; Trung tâm sẽ xem xét để đưa vào kế hoạch để sửa chữa trong thời gian sắp đến.
Chân thành cảm ơn quý Ông/Bà.
Trân trọng./.
Hạn xử lý: 18/03/2026
Ngày xử lý: 17/03/2026",Đã xử lý,https://tuongtac.hue.gov.vn/phan-anh/nap-cong-thoat-nuoc-bi-sap-tai-duong-quang-te-a217380.html
301,Hue,08:43 08/03/2026,"Kiệt 3/1 Lý Nam Đế thuộc tổ 12 khu vực 5 phường Hương An, dự án được phê duyệt thi công nâng cao đường từ tháng 12 năm 2025, trong quá trình thi công thay đổi chậm tiến độ làm ảnh hưởng đến người dân đi lại, nhất là mỗi khi trời mưa. Người dân trong kiệt kiến nghị cơ quan chức năng cho thi công tiếp để hoàn thiện trả lại hiện trạng cho người dân đi lại. Trân trọng cảm ơn.","Kết quả xử lý
Phường Hương An
Kính gửi: Quý Ông/Bà.
Vấn đề quý Ông/Bà phản ánh, UBND phường Hương An đã chỉ đạo Trung tâm Dịch vụ sự nghiệp công phường và xin thông báo kết quả như sau:
Qua nội dung phản ánh, Trung tâm Dịch vụ sự nghiệp công phường đã có buổi trao đổi làm việc với đại diện Văn Phòng HĐND-UBND phường liên quan đến nội dung này.
Tại buổi làm việc, được biết quá trình triển khai thực hiện do có điều chỉnh các vị trí họng thu nước vào vị trí các hố ga, hiện nay phương án điều chỉnh thiết kế thi công đã được phê duyệt, vừa qua thời tiết một số ngày tháng 3 không thuận lợi, nên tiến độ thi công chưa được triển khai thực hiện, sau khi hết mưa nhà thầu cam kết sẽ tiếp tục triển khai thực hiện các bước tiếp theo như: xử lý lắp đặt họng thu, đổ cấp phối mặt đường, bù phụ, san gạt và lu lèn đảm bảo độ K95, sẽ tiến hành đổ bê tông mặt đường hoàn thiện trong tháng 4 này. Nhà thầu đã cam kết và xin kính báo tiến độ hoàn thành để chủ đầu tư và các đơn vị quản lý và quý Ông/Bà được biết. Rất mong quý Ông/Bà thông cảm vì sự chậm trễ làm ảnh hưởng đến việc đi lại của nà con trong thời gian qua.
Chân thành cảm ơn quý Ông/Bà.
Trân trọng./.
Hạn xử lý: 18/03/2026
Ngày xử lý: 13/03/2026",Đã xử lý,https://tuongtac.hue.gov.vn/phan-anh/thi-cong-cham-tien-do-tai-kiet-3-1-ly-nam-de-a217369.html
302,Hue,04:41 08/03/2026,"Hiện nay,trước số nhà 52 Nguyễn Đức Cảnh, phường An Cựu có 1 cây bóng mát đã bị chết khô. Kính mong cơ quan có chức năng huỷ bỏ để giữ gìn mảng xanh cho Thành phố Huế. Xin cám ơn!","Kết quả xử lý
Trung tâm Công viên cây xanh thành phố Huế
Kính gửi: Quý Ông/Bà.
Vấn đề quý Ông/Bà phản ánh, Trung tâm Công viên Cây xanh thành phố Huế xin thông báo kết quả như sau:
Trung tâm đã kiểm tra và di dời cây chết tại 52 Nguyễn Đức Cảnh, phường An Cựu. (Đính kèm hình ảnh)
Chân thành cảm ơn quý Ông/Bà.
Trân trọng./.
Hạn xử lý: 18/03/2026
Ngày xử lý: 13/03/2026",Đã xử lý,https://tuongtac.hue.gov.vn/phan-anh/cay-bi-chet-kho-tai-52-nguyen-duc-canh-a217360.html
303,Hue,16:53 07/03/2026,"Đèn ở ngã tư Trần Cao Vân và Hùng Vương bị lỗi.
Hướng đèn lỗi là hướng góc ngã tư đi từ Nguyễn Sinh Cung-Trần Cao Vân-Hùng Vương.
Khi tôi đến thì không có đèn nào sáng cả, nên tôi đã vượt qua ngã tư đó.
Việc này có thể gây nguy hiểm nếu vượt qua đèn đỏ không sáng sẽ va chạm với hướng vuông góc.
Đề nghị cơ quan chức năng kiểm tra khắc phục.","Kết quả xử lý
Trung tâm Quản lý và Khai thác hạ tầng thành phố Huế
Kính gửi: Quý Ông/Bà.
Vấn đề Quý Ông/Bà phản ánh, Trung tâm Quản lý và Khai thác Hạ tầng thành phố Huế xin thông báo kết quả như sau:
Sau khi nhận được phản ánh, Trung tâm đã tiến hành phối hợp Công ty CP Môi trường và Công trình đô thị Huế kiểm tra vị trí quý Ông/Bà phản ánh. Đến nay, công tác khắc phục đã hoàn thành. (Đính kèm hình ảnh)
Chân thành cảm ơn quý Ông/Bà.
Trân trọng./.
1/3
123
Hạn xử lý: 18/03/2026
Ngày xử lý: 18/03/2026",Đã xử lý,https://tuongtac.hue.gov.vn/phan-anh/kien-nghi-sua-chua-den-tin-hieu-giao-thong-tai-nga-tu-tran-cao-van-va-hung-vuong-a217330.html
304,Hue,16:42 07/03/2026,"Ngã tư thôn Kim Ngọc (gần quán tạp hóa mụ Sáp), phường Kim Long.
Dây điện nhiều hộ, tầm 8 hộ, dây điện không có trụ điện, dây thường buộc hoặc thả dưới đất rất nguy hiểm, đã nhiều lần rò rỉ điện, nhiều người bị giựt điện. Mong các cơ quan có biện pháp để xử lý.","Kết quả xử lý
Công ty Điện lực Huế
Kính gửi: Quý Ông/Bà.
Vấn đề quý Ông/Bà phản ánh, Công ty Điện lực Huế xin thông báo kết quả như sau:
Dây theo phản ảnh là tài sản của các hộ dân, Điện lực đã tuyên truyền, hướng dẫn người dân sửa dụng điện an toàn; đồng thời hỗ trợ người dân treo lại dây (đính kèm hình ảnh).
Trong giai đoạn đầu tư 2027-2028, Điện lực sẽ cân đối nguồn vốn vay để xây dựng lưới điện tại khu vực này.
Chân thành cảm ơn quý Ông/Bà.
Trân trọng./.
Hạn xử lý: 20/03/2026
Ngày xử lý: 17/03/2026",Đã xử lý,https://tuongtac.hue.gov.vn/phan-anh/day-dien-sa-thap-duoi-dat-gay-nguy-hiem-tai-nga-tu-thon-kim-ngoc-a217329.html
305,Hue,15:40 07/03/2026,"Hiện tại tại địa chỉ 26 Tô Ngọc Vân, phường Phú Xuân, TP Huế, hệ thống dây điện và dây viễn thông trên trụ điện đang chằng chịt và chùng thấp, vắt ngang trước nhà. Tình trạng này gây nguy hiểm cho người dân và phương tiện qua lại, đồng thời gây mất mỹ quan đô thị.

Gia đình tôi hiện đang xây dựng nhà, tuy nhiên các dây điện vướng và cấn vào công trình, tiềm ẩn nguy cơ mất an toàn điện trong quá trình thi công.

Kính mong cơ quan chức năng và đơn vị quản lý liên quan sớm kiểm tra, sắp xếp và xử lý hệ thống dây điện, cáp viễn thông để đảm bảo an toàn cho người dân và công trình, đồng thời cải thiện mỹ quan khu vực.","Kết quả xử lý
Sở Khoa học và Công nghệ
Kính gửi: Quý Ông/Bà.
Vấn đề quý Ông/Bà phản ánh, Sở Khoa học và Công nghệ xin thông báo kết quả như sau:
Sở Khoa học và Công nghệ đã chỉ đạo các Doanh nghiệp viễn thông kiểm tra và xử lý làm gọn dây mạng tại vị trí trên (Đính kèm hình ảnh).
Chân thành cảm ơn quý Ông/Bà.
Trân trọng./.
Hạn xử lý: 18/03/2026
Ngày xử lý: 06/04/2026",Đã xử lý,https://tuongtac.hue.gov.vn/phan-anh/he-thong-day-dien-va-day-vien-thong-chan-chit-tai-26-to-ngoc-van-a217325.html
306,Hue,14:22 07/03/2026,"Công ty cổ phần Union Success Việt nam thi công công trình tại khu nhà đất 9 Nguyễn Tri Phương, phường Thuận Hoá, thành phố Huế, không che chắn, để bụi bặm bay vào nhà các hộ dân sinh sống liền kề khu đất (dãy nhà ở của các hộ khu tập thể công an tỉnh hóa giá đường Bến Nghé), gây ảnh hưởng đến sức khỏe và cuộc sống của người dân nơi đây (ảnh chụp hiện trường vào lúc 11h00’ ngày 07/3/2026). Đề nghị các cơ quan chức năng có biện pháp xử lý để người dân chúng tôi yên tâm sinh sống.","Kết quả xử lý
Phường Thuận Hóa
Kính gửi: Quý Ông/Bà.
Vấn đề quý Ông/Bà phản ánh, Trung tâm Dịch vụ sự nghiệp công phường Thuận Hoá xin thông báo kết quả như sau:
Nhận được thông tin phản ánh, Trung tâm Dịch vụ sự nghiệp công phường Thuận Hoá đã chỉ đạo bộ phận Trật tự Xây dựng tiến hành kiểm tra thực tế tại điểm phản ánh 09 Nguyễn Tri Phương.
Tại thời điểm kiểm tra, ghi nhận Công trình đã che chắn, đảm bảo an toàn cho người dân sinh sống quanh khu vực đó. Trung tâm sẽ thường xuyên kiểm tra, nếu phát hiện công trình sai phạm sẽ xử lý theo quy định (đính kèm hình ảnh).
Chân thành cảm ơn quý Ông/Bà.
Trân trọng./.
1/3
123
Hạn xử lý: 18/03/2026
Ngày xử lý: 10/03/2026",Đã xử lý,https://tuongtac.hue.gov.vn/phan-anh/thi-cong-khong-che-chan-tai-9-nguyen-tri-phuong-a217320.html
307,Hue,13:01 07/03/2026,"Đường khu vực gần chợ Tuần, TDP Bằng Lãng, Thuỷ Xuân xuống cấp hư hỏng ổ gà chằng chịt nên sửa lại cho người dân đi lại thuận tiện. Ở đây chưa có số nhà nên không cập nhật số nhà được. Cụ thể là trước quán Cafe Muối Hoài Lệ. Địa chỉ kinh độ, vĩ độ: 107.57773359549, 16.3901533910879. Xin cám ơn.","Kết quả xử lý
Sở Xây dựng
Kính gửi: Quý Ông/Bà.
Vấn đề quý Ông/Bà phản ánh, Sở Xây Dựng xin thông báo kết quả như sau:
Vị trí quý Ông/Bà phản ánh là đoạn tuyến thuộc Km5+00-Km5+500 đường Tỉnh 25 và đã nằm trong kế hoạch sửa chữa quý II/2026. 
Chân thành cảm ơn quý Ông/Bà.
Trân trọng./.
Hạn xử lý: 18/03/2026
Ngày xử lý: 09/04/2026",Đã xử lý,https://tuongtac.hue.gov.vn/phan-anh/kien-nghi-sua-chua-duong-tai-tdp-bang-lang-gan-cho-tuan-a217316.html
308,Hue,09:38 07/03/2026,"Dây điện, dây cáp viễn thông bị rơi khỏi trụ điện. Hiện tại buộc tạm sát mép hiên nhà dân tại chỉ 283 Nguyễn Tất Thành, phường Thanh Thủy. Nguy cơ cháy nổ và mất an toàn. Đề nghị cơ quan có biện pháp xử lý.","Kết quả xử lý
Sở Khoa học và Công nghệ
Kính gửi: Quý Ông/Bà.
Vấn đề quý Ông/Bà phản ánh, Sở Khoa học và Công nghệ xin thông báo kết quả như sau:
Sở Khoa học và Công nghệ đã chỉ đạo các Doanh nghiệp viễn thông kiểm tra và xử lý làm gọn dây mạng tại vị trí trên (Đính kèm hình ảnh).
Chân thành cảm ơn quý Ông/Bà.
Trân trọng./.
Hạn xử lý: 18/03/2026
Ngày xử lý: 06/04/2026",Đã xử lý,https://tuongtac.hue.gov.vn/phan-anh/day-dien-day-cap-vien-thong-bi-roi-khoi-tru-dien-tai-283-nguyen-tat-thanh-a217294.html
309,Hue,08:24 07/03/2026,"Kính đề nghị cơ quan chức năng xem xét. Hiện nay, nút giao đường Trưng Nữ Vương và Tôn Thất Sơn tại phường Thanh Thuỷ khá rộng. Đường Tôn Thất Sơn có mặt cắt 14,5m, đường Trưng Nữ Vương mặt cắt 26m. Lưu lượng phương tiện qua lại rất đông, và qua đoạn này xe cộ chạy rất nhanh nhưng chưa có cảnh báo nguy hiểm. Đã có xảy ra tai nạn giao thông. Kính đề nghị cơ quan chức năng có giải pháp cụ thể như:
1. Lắp đặt đèn tín hiệu giao thông.
2. Lắp đặt đèn vàng nháy cảnh báo.
3. Lắp đặt gờ giảm tốc.
Xin trân trọng cảm ơn.","Kết quả xử lý
Trung tâm Quản lý và Khai thác hạ tầng thành phố Huế
Kính gửi: Quý Ông/Bà.
Vấn đề quý Ông/Bà phản ánh, Trung tâm Quản lý và Khai thác hạ tầng thành phố Huế (Trung tâm) xin thông báo kết quả như sau:
Thực hiện Quyết định 696/QĐ-UBND của UBND thành phố Huế, Trung tâm đang phối hợp với UBND phường Thanh Thủy bàn giao tiếp nhận quản lý tuyến đường Trưng Nữ Vương, Tôn Thất Sơn. Sau khi tiếp nhận, Trung tâm sẽ kiểm tra, tổng hợp các vị trí tiềm ẩn nguy cơ mất an toàn giao thông để đề xuất Sở Xây dựng.
Chân thành cảm ơn quý Ông/Bà.
Trân trọng./.
Hạn xử lý: 18/03/2026
Ngày xử lý: 20/03/2026",Đã xử lý,https://tuongtac.hue.gov.vn/phan-anh/kien-nghi-co-giai-phap-doi-voi-nut-giao-duong-trung-nu-vuong-va-ton-that-son-a217287.html
310,Hue,06:48 07/03/2026,"Đường tỉnh lộ 10, đoạn giữa Võ Chí Công đến Phạm Văn Đồng, vạch sơn kẻ đường đã quá mờ. Việc này khiến các phương tiện lưu thông lộn xộn, đi không đúng làn đường, nguy hiểm dễ gây tai nạn. Đề nghị sơn mới lại các vạch kẻ đường đoạn này. Cảm ơn.","Kết quả xử lý
Sở Xây dựng
Kính gửi: Quý Ông/Bà.
Vấn đề quý Ông/Bà phản ánh, Sở Xây dựng xin thông báo kết quả như sau:
Đoạn tuyến quý Ông/Bà phản ánh là đoạn tuyến thuộc Km19+500 - Km21+500 đường Tỉnh 10A. Sau khi nhận được phản ánh, Sở Xây dựng đã chỉ đạo đơn vị quản lý tuyến đường đi kiểm tra, thống kê những vị trí vạch sơn bị phải mờ và sẽ bố trí kinh phí để sơn lại trong kế hoạch Quý II/2026.
Chân thành cảm ơn quý Ông/Bà.
Trân trọng./.
Hạn xử lý: 18/03/2026
Ngày xử lý: 12/03/2026",Đã xử lý,https://tuongtac.hue.gov.vn/phan-anh/kien-nghi-ke-lai-vach-son-ke-duong-doan-giua-vo-chi-cong-den-pham-van-dong-a217284.html
311,Hue,21:52 06/03/2026,"Đậu đỗ xe gây kẹt đường. Đầu đường Phùng Hưng, đoạn giao đường Đặng Thái Thân đến giao đường Tuệ Tĩnh thời gian gần đây rất nhiều xe du lịch, xích lô đậu đỗ đón tiễn khách gây kẹt đường nghiêm trọng và khuất tầm nhìn rất nguy hiểm. Đặc biệt trong các cung giờ học sinh (trường TH Thuận Thành), sinh viên (trường Đại học Nông Lâm) đi học và tan học.
Kính mong cơ quan chức năng có biện pháp phù hợp hoặc cắm biển cấm đậu đỗ đoạn đường này nhằm đảm bảo an toàn giao thông. Trân trọng.","Kết quả xử lý
Trung tâm Quản lý và Khai thác hạ tầng thành phố Huế
Kính gửi: Quý Ông/Bà.
Vấn đề quý Ông/Bà phản ánh, Trung tâm Quản lý và Khai thác Hạ tầng thành phố Huế xin thông báo kết quả như sau:
Hiện trạng đường Phùng Hưng (đoạn từ Đặng Thái Thân đến Tuệ Tĩnh) đã tổ chức cắm biển cấm đỗ xe theo ngày chẵn, ngày lẻ khung giờ 06h00 - 22h00 (đính kèm hình ảnh).
Trung tâm xin ghi nhận ý kiến đóng góp của quý Ông/Bà và sẽ phối hợp với các đơn vị liên quan nghiên cứu phương án đỗ xe phù hợp thực tế trên tuyến.
Chân thành cảm ơn quý Ông/Bà.
Trân trọng./.
Hạn xử lý: 18/03/2026
Ngày xử lý: 16/03/2026",Đã xử lý,https://tuongtac.hue.gov.vn/phan-anh/tinh-trang-dau-do-gay-ket-duong-doan-giao-duong-dang-thai-than-den-giao-duong-tue-tinh-a217275.html
312,Hue,14:53 06/03/2026,"Đường Võ Phi Trắng tại xã Phú Vang chạy qua Khu công nghiệp Phú Đa bị hư hỏng dù mới được sửa chữa trải thảm lại trước Tết Bính Ngọ, gần ngã tư đèn xanh đỏ đường Trường Sa.
Hình ảnh chụp ngày 06/03/2026. Đề nghị cơ quan chức năng cho kiểm tra và sửa chữa.","Kết quả xử lý
Ban Quản lý Dự án Đầu tư xây dựng khu vực 3
Kính gửi: Quý Ông/Bà.
Vấn đề quý Ông/Bà phản ánh, Ban Quản lý dự án đầu tư xây dựng khu vực 3 xin thông báo kết quả như sau:
Hạng mục nâng cấp tuyến đường võ Phi Trắng (nhánh phải) thuộc gói thầu xây dựng phần bổ sung - dự án Hạ tầng đô thị Phú Đa, huyện Phú Vang do Ban QLDA Đầu tư Xây dựng khu vực 3 làm chủ đầu tư. Phần cải tạo mặt đường cũ (nhánh phải) đã được nhà thầu xây dựng thi công rải thảm mặt đường cơ bản hoàn thành vào tháng 01/2025.
Qua thời gian theo dõi vận hành hạng mục vừa qua, toàn tuyến mặt đường sau rải ổn định, tuy nhiên cục bộ tại vị trí gần ngã tư đèn xanh đỏ đường Trường Sa có biến dạng mặt đường khoảng 1m². Đến nay, chủ đầu tư và tư vấn giám sát đã yêu cầu đơn vị thi công khắc phục dứt điểm, đảm bảo đưa vào sử dụng (Có hình ảnh xử lý kèm theo).
Chân thành cảm ơn quý Ông/Bà.
Trân trọng./.
Hạn xử lý: 17/03/2026
Ngày xử lý: 17/03/2026",Đã xử lý,https://tuongtac.hue.gov.vn/phan-anh/kien-nghi-sua-chua-duong-tai-duong-vo-phi-trang-a217258.html
313,Hue,13:33 06/03/2026,"Kính gửi cơ quan chức năng, tôi xin phản ánh trường hợp như sau: Tại đoạn đường Ngô Quyền (sau lưng Khoa nhi Bệnh viện TW Huế) có 1 nắp cống bị gập ghềnh nên khi xe lưu thông đằng lên phát ra tiếng kêu rất to như tiếng ray tàu hỏa, làm ảnh hưởng giấc ngủ của các cháu trong khoa nhi bệnh viện, đặc biệt vào ban đêm. Vậy nên, mong cơ quan chức năng xử lý.","Kết quả xử lý
Trung tâm Quản lý và Khai thác hạ tầng thành phố Huế
Kính gửi: Quý Ông/Bà.
Vấn đề quý Ông/Bà phản ánh, Trung tâm Quản lý và Khai thác Hạ tầng thành phố Huế xin thông báo kết quả như sau:
Sau khi nhận được phản ánh, Trung tâm đã tiến hành kiểm tra và sửa chữa. Đến nay công tác sửa chữa, khắc phục đã hoàn thành (Hình ảnh đính kèm).
Chân thành cảm ơn quý Ông/Bà.
Trân trọng./.
Hạn xử lý: 17/03/2026
Ngày xử lý: 09/03/2026",Đã xử lý,https://tuongtac.hue.gov.vn/phan-anh/nap-cong-gay-o-nhiem-tieng-on-tai-duong-ngo-quyen-a217254.html
314,Hue,11:05 06/03/2026,"Ngày 6/3/2026 Tại Công trình Tái định cư TDP Thạch Căn trên địa phận TDP Thạch Căn, phường Dương Nỗ. Xe ra vào kéo theo lượng đất lớn rơi vãi trên đường nhưng không có xe tưới nước, nhân công vệ sinh. Hiện tại tuyến đường liên xã xe đi lại lưu lượng lớn nhưng quá trình thi công gây mất an toàn giao thông và vệ sinh môi trường. Đề nghị chủ đầu tư và các đơn vị liên quan rà soát lại.","Kết quả xử lý
Ban Quản lý Dự án Đầu tư xây dựng khu vực 1
Kính gửi: Quý Ông/Bà.
Vấn đề quý Ông/Bà phản ánh, Ban Quản lý dự án Đầu tư xây dựng khu vực 1 xin thông báo kết quả như sau:
Công trình Hạ tầng tái định cư Tổ dân phố Thạch Căn là dự án triển khai cấp bách nhằm phục vụ tái định cư Dự án đường sắt tốc độ cao.
Trong quá trình triển khai, do gặp điều kiện thời tiết bất lợi nên thời gian đầu thi công đã xảy ra tình trạng như quý Ông/Bà phản ánh. Tuy nhiên, Ban Quản lý dự án đã chỉ đạo đơn vị thi công khẩn trương khắc phục và thực hiện vệ sinh thường xuyên trong suốt quá trình thi công nhằm hạn chế ảnh hưởng đến môi trường và đời sống của người dân.
Trường hợp quý Ông/Bà cần nắm rõ thêm thông tin, vui lòng liên hệ cán bộ phụ trách ông Lộc, số điện thoại: 0938 272 610 để được cung cấp thông tin cụ thể. 
Chân thành cảm ơn Quý Ông/Bà.
Trân trọng./.
Hạn xử lý: 17/03/2026
Ngày xử lý: 18/03/2026",Đã xử lý,https://tuongtac.hue.gov.vn/phan-anh/thi-cong-gay-o-nhiem-tai-cong-trinh-tai-dinh-cu-tdp-thach-can-a217242.html
315,Hue,08:51 06/03/2026,"Hố ga trước nhà 213 Hùng Vương, Huế đã xuống cấp nghiêm trọng. Rất dễ gây nguy hiểm cho người và phương tiện qua lại. Đề nghị đơn vị có liên quan khắc phục gấp. Cảm ơn.","Kết quả xử lý
Trung tâm Quản lý và Khai thác hạ tầng thành phố Huế
Kính gửi: Quý Ông/Bà.
Vấn đề quý Ông/Bà phản ánh, Trung tâm Quản lý và Khai thác hạ tầng kỹ thuật thành phố (Trung tâm) xin thông báo kết quả như sau:
Sau khi nhận được phản ánh, Trung tâm đã tiến hành kiểm tra và sẽ đưa vào kế hoạch sửa chữa trong Quý II/2026.
Chân thành cảm ơn quý Ông/Bà.
Trân trọng./.
Hạn xử lý: 17/03/2026
Ngày xử lý: 17/03/2026",Đã xử lý,https://tuongtac.hue.gov.vn/phan-anh/ho-ga-truoc-nha-213-hung-vuong-xuong-cap-nghiem-trong-a217227.html
316,Hue,06:54 06/03/2026,"Cây Bàng chiếm hơn 1/3 phần đường ở 35 Lương Văn Can, phường An Cựu, TP Huế, dễ xảy ra tai nạn, về nghị xử lý.","Kết quả xử lý
Phường An Cựu
Kính gửi: Quý Ông/Bà.
Vấn đề quý Ông/Bà phản ánh, UBND phường An Cựu xin thông báo kết quả như sau:
Phòng Kinh tế, Hạ tầng và Đô thị phường đã phối hợp với Tổ dân phố 13 phường An Cựu tiến hành khảo sát thực tế. Qua đó, UBND phường đề nghị Tổ dân phố chủ động vận động các hộ dân xung quanh thực hiện cắt tỉa cây xanh, nhằm đảm bảo thông thoáng tầm nhìn, an toàn giao thông (có biên bản kèm theo).
Chân thành cảm ơn quý Ông/Bà.
Trân trọng./.
Hạn xử lý: 17/03/2026
Ngày xử lý: 18/03/2026",Đã xử lý,https://tuongtac.hue.gov.vn/phan-anh/cay-bang-lan-chiem-duong-tai-35-luong-van-can-a217217.html
317,Hue,21:01 05/03/2026,"Kính gửi cơ quan chức năng.
Tại đường Nguyễn Hữu Dật, phường Kim Long từ số nhà 03 đến trước nhà số 19 có nhiều đoạn nứt nẻ nghiêm trọng, sụt lún, gây nguy hiểm cho người tham gia giao thông. Mong quý cơ quan liên quan có hướng xử lý.","Kết quả xử lý
Trung tâm Quản lý và Khai thác hạ tầng thành phố Huế
Kính gửi: Quý Ông/Bà.
Vấn đề quý Ông/Bà phản ánh, Trung tâm Quản lý và Khai thác Hạ tầng thành phố Huế xin thông báo kết quả như sau:
Sau khi tiếp nhận phản ánh, Trung tâm đã phối hợp với các đơn vị liên quan tiến hành kiểm tra thực tế và ghi nhận tuyến đường đã được xây dựng từ lâu, bề mặt đường hiện bị bong tróc, xuống cấp. Trung tâm sẽ tổng hợp, báo cáo cơ quan chức năng xem xét đưa vào kế hoạch chỉnh trang, sửa chữa trong thời gian tới.
Hiện nay, trên địa bàn thành phố vẫn còn nhiều tuyến đường có hiện trạng tương tự như phản ánh của Quý Ông/Bà. Đây là khó khăn chung và đang được chính quyền các cấp từng bước khắc phục, bố trí nguồn lực để đầu tư, nâng cấp dần theo kế hoạch. Rất mong Quý Ông/Bà thông cảm và chia sẻ.
Chân thành cảm ơn Quý Ông/Bà.
Trân trọng./.
Hạn xử lý: 17/03/2026
Ngày xử lý: 16/03/2026",Đã xử lý,https://tuongtac.hue.gov.vn/phan-anh/kiem-tra-duong-hu-hong-tai-duong-nguyen-huu-dat-a217207.html
318,Hue,17:04 05/03/2026,"Dây cáp các nhà mạng như màng nhện gây chập cháy khi có gió lớn tại trước số 04 Lâm Hồng Phấn, phường Hương Trà, TP Huế. Kính mong cơ quan chức năng kiểm tra, xử lý.","Kết quả xử lý
Sở Khoa học và Công nghệ
Kính gửi: Quý Ông/Bà.
Vấn đề quý Ông/Bà phản ánh, Sở Khoa học và Công nghệ xin thông báo kết quả như sau:
Sở Khoa học và Công nghệ đã chỉ đạo các doanh nghiệp viễn thông tiến hành kiểm tra và làm gọn dây thuê bao viễn thông không sử dụng tại vị trí nêu trên. Do thời tiết đang mưa, các doanh nghiệp viễn thông cam kết thực hiện trước ngày 31/3/2026.
Chân thành cảm ơn quý Ông/Bà.
Trân trọng./.
Hạn xử lý: 17/03/2026
Ngày xử lý: 13/03/2026",Đã xử lý,https://tuongtac.hue.gov.vn/phan-anh/kien-nghi-xu-ly-day-cap-tai-so-04-lam-hong-phan-a217181.html
319,Hue,09:31 05/03/2026,"Đoạn đường khoảng 100m trước đình Phổ Lại, xã Đan Điền bị đổ đất nhưng không dọn dẹp, trời mưa gây trơn trượt, nhiều người té ngã. Đề nghị sớm khắc phục để đảm bảo an toàn giao thông.","Kết quả xử lý
Xã Đan Điền
Kính gửi: Quý Ông/Bà.
Vấn đề quý Ông/Bà phản ánh, UBND xã Đan Điền xin thông báo kết quả như sau:
Sau khi tiếp nhận phản ánh, UBND xã chỉ đạo Phòng Kinh tế chủ trì, phối hợp với Ban điều hành thôn Phổ Lại và các cơ quan, đơn vị liên quan tổ chức kiểm tra thực địa hiện trường. Qua kiểm tra nhận thấy, vị trí người dân phản ánh có một số điểm trước đình Phổ Lại có một lượng đất rơi vãi do quá trình vận chuyển đất cải tạo tầng đất mặt, đất thải, đất không phù hợp khi thực hiện xây dựng các khu tái định cư thôn Phổ Lại của đơn vị thi công Khu tái định cư Phổ Lại để san lắp mặt bằng phía trên và dưới khuôn viên đình làng Phổ Lại gây trơn trượt khi trời mưa và gây bụi khi trời nắng.
Vấn đề này, UBND xã đã làm việc với Ban quản lý dự án Đầu tư xây dựng khu vực 2 và đơn vị thi công Khu tái định cư Phổ Lại bố trí nhân lực vệ sinh, xịt nước đoạn đường trước đình làng Phổ Lại hoàn trả lại nguyên hiện trạng ban đầu nhằm đảm bảo an toàn cho người dân trong quá trình lưu thông qua đoạn đường (đính kèm hình ảnh).
Chân thành cảm ơn quý Ông/Bà.
Trân trọng./.
1/2
12
Hạn xử lý: 16/03/2026
Ngày xử lý: 10/03/2026",Đã xử lý,https://tuongtac.hue.gov.vn/phan-anh/doan-duong-truoc-dinh-pho-lai-tron-truot-a217142.html
320,Hue,06:25 05/03/2026,"Kiến nghị đổ cát, đá sỏi tạm thời để người dân thuận tiện đi lại tại tuyến đường Cây Vông đến Cây Bàng thôn Sư Lỗ, Lộc An, Thành phố Huế. Cả tuyến đường không thể đi bộ. Đường dẫn vào chợ và trường học kính mong UBND xã Lộc An quan tâm.","Kết quả xử lý
Xã Lộc An
Kính gửi: Quý Ông/Bà.
Vấn đề quý Ông/Bà phản ánh, UBND xã Lộc An xin thông báo kết quả như sau:
Công trình Đường giao thông liên thôn Đông An – Sư Lỗ (từ Cây Vông - Nhà ông Sinh được UBND huyện Phú Lộc (cũ) phê duyệt báo cáo kinh tế kỹ thuật tại Quyết định số 3595/QĐ-UBND ngày 29/11/2021 giao UBND xã Lộc Điền cũ làm Chủ đầu tư; phê duyệt kế hoạch lựa chọn nhà thầu tại Quyết định số 1218/QĐ-UBND ngày 29/4/2022 từ nguồn vốn quỹ đất huyện và xã; với quy mô như sau:
“a) Xây dựng đường giao thông: Chiều dài 881,15m; nền đường rộng 7,5m, mặt đường rộng 5,5m, lề đường mỗi bên rộng 1m; kết cấu mặt đường bê tông đá 2x4, M250, dày 20cm; nền, lề đường đắp đất cấp phối đầm chặt K95.
b) Công trình thoát nước:
- Xây dựng đấu nối cống tròn D=100cm tại Km0+67,8m và cống tròn 2D=2x100 tại Km0+526,4m; tường đầu, tường cánh, chân khay và sân công xây bằng đá hộc vữa xi măng M100, móng cống bê tông M150, ống cống, mối nối ống cống bê tông đá 1x2, M250.
- Lắp đặt cọc tiêu bằng bê tông cốt thép đảm bảo hành lang tuyến đường”
Theo đó, UBND xã Lộc Điền (cũ) đã tổ chức lựa chọn nhà thầu, triển khai thực hiện, kí hợp đồng xây dựng với Công ty TNHH Xây dựng Thành Đức kể từ tháng 6/2022, đến nay, đã hoàn thành phần nền đường, các công trình thoát nước trên tuyến, tuy nhiên vẫn còn một số hạng mục chưa triển khai thực hiện được (mặt đường bê tông xi măng, trụ tiêu,…) do nhiều nguyên nhân khách quan, chủ quan, trong đó nguyên nhân chính là do công trình được đầu tư từ nguồn quỹ đất của huyện (50%) và quỹ đất xã (50%); tuy nhiên kể từ sau đại dịch COVID-19, nguồn thu từ việc đấu giá quyền sử dụng đất gặp nhiều khó khăn, do đó công trình chưa được bố trí vốn để tiếp tục triển khai.
Thực hiện mô hình chính quyền địa phương 02 cấp, kể từ ngày 01/7/2025, công trình Đường giao thông liên thôn Đông An – Sư Lỗ (từ Cây Vông - Nhà ông Sinh đã được UBND xã Lộc An giao Phòng Kinh tế xã Lộc An làm Chủ đầu tư; hiện nay, UBND xã đã bố trí nguồn vốn để tiếp tục triển khai thi công. Chủ đầu tư đã mời Công ty TNHH Xây dựng Thành Đức làm việc để tiếp tục triển khai thi công, hoàn thành dự án trong năm 2026; tuy nhiên đợt mưa vừa rồi làm ảnh hưởng đến tiến độ, thời gian đến khi thời tiết tạnh ráo, đơn vị thi công sẽ triển khai các hạng mục còn lại của dự án đảm bảo hoàn thành theo tiến độ.
UBND xã xin tiếp thu ý kiến đóng góp của người dân và rất mong tiếp tục nhận được các phản ánh khác của người dân để cùng xây dựng xã Lộc An mới ngày càng phát triển.
Chân thành cảm ơn Quý Ông/Bà.
Trân trọng./.
Hạn xử lý: 16/03/2026
Ngày xử lý: 18/03/2026",Đã xử lý,https://tuongtac.hue.gov.vn/phan-anh/kien-nghi-sua-chua-tuyen-duong-cay-vong-a217133.html
321,Hue,14:10 04/03/2026,"Đường Võ Văn Kiệt.
Từ nút giao Thuận An đến Tỉnh Lộ 10 vạch kẻ phân luồng giao thông rõ ràng.
Tuy nhiên, từ Tỉnh Lộ 10 đến đoạn giao với đường Minh Mạng vạch kẻ mờ có nhiều đoạn không còn nhìn rõ.
Đề nghị kẻ vạch phân luồng rõ ràng để giao thông thuận tiện hơn, đặc biệt an toàn hơn.","Kết quả xử lý
Sở Xây dựng
Kính gửi: Quý Ông/Bà.

Vấn đề quý Ông/Bà phản ánh, Sở Xây dựng xin thông báo kết quả như sau:

Đoạn tuyến quý Ông/Bà phản ánh là đoạn tuyến thuộc đường Tỉnh 28. Sau khi nhận được phản ánh, Sở Xây dựng đã chỉ đạo đơn vị quản lý tuyến đường đi kiểm tra, thống kê những vị trí vạch sơn bị phải mờ và sẽ bố trí kinh phí để sơn lại trong kế hoạch Quý II/2026.

Chân thành cảm ơn quý Ông/Bà.

Trân trọng./.
Hạn xử lý: 13/03/2026
Ngày xử lý: 12/03/2026",Đã xử lý,https://tuongtac.hue.gov.vn/phan-anh/kien-nghi-ke-vach-phan-luong-giao-thong-tai-duong-vo-van-kiet-a217084.html
322,Hue,14:05 04/03/2026,"Dây điện tại đường Lê Tự Đồng, vị trí ngã ba, nơi đang thi công san lấp mặt bằng (vị trí nay chưa có số nhà) thuộc phường Vỹ Dạ bị xe làm đứt rơi xuống đường. Mấy hôm nay trời mưa, phóng điện, gây nguy hiểm. Kính đề nghị cơ quan chức năng xử lý khắc phục và nhắc nhở đơn vị thi công có trách nhiệm, không bỏ mặc nguồn nguy hiểm.","Kết quả xử lý
Phường Vỹ Dạ
Kính gửi: Quý Ông/Bà.
Vấn đề quý Ông/Bà phản ánh, UBND phường Vỹ Dạ xin thông báo kết quả như sau:
Qua kiểm tra, đường dây điện thuộc quản lý của hộ dân, hiện nay đường dây điện không còn hoạt động. UBND phường đã yêu cầu hộ dân thu gọn lại dây điện để đảm bảo mỹ quan đô thị và đảm bảo an toàn. (Đính kèm hình ảnh)
Chân thành cảm ơn quý Ông/Bà.
Trân trọng./.
1/5
12345
Hạn xử lý: 13/03/2026
Ngày xử lý: 13/03/2026",Đã xử lý,https://tuongtac.hue.gov.vn/phan-anh/day-dien-tai-duong-le-tu-dong-bi-dut-a217083.html
323,Hue,07:46 04/03/2026,"Tôi xin phản ánh về tình trạng cây đèn giao thông chỉ báo mỗi đèn màu vàng, không báo màu xanh, đỏ tại ngã ba La Sơn, xã Hưng Lộc, Thành phố Huế. Kính mong Hue-S giúp đỡ để người dân địa phương chúng tôi được đi lại an toàn hơn. Cám ơn Hue-S rất nhiều. Ảnh và video được chụp, quay lúc 15h46 phút ngày 03/3/2026.","Kết quả xử lý
Công an thành phố Huế
Kính gửi: Quý Ông/Bà.
Vấn đề quý Ông/Bà phản ánh, Công an thành phố Huế xin thông báo kết quả như sau:
Hệ thống đèn tín hiệu giao thông tại giao lộ Ngã ba La Sơn hiện đang được Phòng Cảnh sát giao thông sử dụng trong mục đích hướng dẫn và điều hòa giao thông.
Tại thời điểm phản ánh, Phòng Cảnh sát giao thông đang điều khiển tín hiệu đèn để phục vụ công tác đón dẫn đoàn. Sau đó, hệ thống đèn đã hoạt động lại bình thường.
Chân thành cảm ơn quý Ông/Bà.
Trân trọng.
Hạn xử lý: 16/03/2026
Ngày xử lý: 17/03/2026",Đã xử lý,https://tuongtac.hue.gov.vn/phan-anh/den-giao-thong-bi-hong-tai-nga-ba-la-son-a217052.html
324,Hue,21:41 03/03/2026,"Trước kiệt 119 Hùng Vương, phường Thuận Hóa gạch nền vỉa hè bị bể, lún sâu gây nguy hiểm đến người dân lưu thông dễ gây tai nạn. Xin được thay thế gạch nền mới.","Kết quả xử lý
Trung tâm Quản lý và Khai thác hạ tầng thành phố Huế
Kính gửi: Quý Ông/Bà.
Vấn đề quý Ông/Bà phản ánh, Trung tâm Quản lý và Khai thác hạ tầng kỹ thuật thành phố (Trung tâm) xin thông báo kết quả như sau:
Sau khi nhận được phản ánh, Trung tâm đã tiến hành kiểm tra và đã đưa vào kế hoạch để sửa chữa trong tháng 4 năm 2026.
Chân thành cảm ơn quý Ông/Bà.
Trân trọng./.
Hạn xử lý: 13/03/2026
Ngày xử lý: 17/03/2026",Đã xử lý,https://tuongtac.hue.gov.vn/phan-anh/gach-nen-via-he-hu-hong-truoc-kiet-119-hung-vuong-a217036.html
325,Hue,18:53 03/03/2026,"Kiệt 4 Nguyễn Phúc Nguyên, Phường Kim Long, Tp Huế. Cứ mưa là ngập nước do không có cống thoát nước. Kính gửi cơ quan chức năng xem xét làm cống thoát nước để nước không bị ngập khi mùa mưa đến","Kết quả xử lý
Phường Kim Long
Kính gửi: Quý Ông/Bà.
Vấn đề Quý Ông/Bà phản ánh, UBND phường Kim Long xin thông báo kết quả như sau:
Qua phản ánh của người dân về tình trạng ngập úng khi xảy ra mưa tại kiệt 4 đường Nguyễn Phúc Nguyên, phường Kim Long, thành phố Huế, Tổ công tác đã tiến hành kiểm tra thực tế và ghi nhận nội dung phản ánh là đúng.
Tuyến kiệt 4 đường Nguyễn Phúc Nguyên có chiều dài khoảng 250m. Trong đó, khoảng 200m đầu tuyến có nền đường rộng từ 3–4m; đoạn cuối tuyến dài khoảng 50m có nền đường rộng khoảng 2m. Tuyến đường đã được đầu tư xây dựng mặt đường bê tông xi măng từ khá lâu, hiện chưa có hệ thống thoát nước; nước mưa chủ yếu thoát tự nhiên qua khu vực vườn của các hộ dân hai bên.
Trong quá trình đô thị hóa, các hộ dân xây dựng nhà ở hai bên tuyến với nền nhà cao hơn mặt đường, làm hạn chế khả năng thoát nước tự nhiên, dẫn đến tình trạng ngập úng khi có mưa.
Trong thời gian tới, UBND phường sẽ nghiên cứu, đề xuất đầu tư xây dựng hệ thống thoát nước cho tuyến kiệt này nhằm khắc phục tình trạng ngập úng, đảm bảo điều kiện sinh hoạt và đi lại của người dân.
Chân thành cảm ơn Quý Ông/Bà.
Trân trọng./.
Hạn xử lý: 12/03/2026
Ngày xử lý: 12/03/2026",Đã xử lý,https://tuongtac.hue.gov.vn/phan-anh/lam-cong-thoat-nuoc-tai-kiet-4-nguyen-phuc-nguyen-a217021.html
326,Hue,18:21 03/03/2026,Vỉa hè ngay đầu kiệt 267 Phạm Văn Đồng chưa hoàn thiện khiến mỗi lần vào ra kiệt rất nguy hiểm. Đề nghị xử lý để người dân tham gia giao thông được an toàn.,"Kết quả xử lý
Ban Quản lý Dự án Đầu tư xây dựng khu vực 1
Kính gửi: Quý Ông/Bà.
Vấn đề quý Ông/Bà phản ánh, Ban Quản lý dự án Đầu tư xây dựng khu vực 1 (Ban QLDA) xin thông báo kết quả như sau:
Ban QLDA đã chỉ đạo Tư vấn, Nhà thầu hoàn thành công tác hoàn trả đá Granite tại vị trí quý Ông/Bà phản ánh. Hiện Nhà thầu đã đặt hàng đá Granite và dự kiến sẽ hoàn thành công tác hoàn trả trong tháng 3/2026. 
Chân thành cảm ơn quý Ông/Bà.
Trân trọng./.
Hạn xử lý: 12/03/2026
Ngày xử lý: 12/03/2026",Đã xử lý,https://tuongtac.hue.gov.vn/phan-anh/via-he-ngay-dau-kiet-267-pham-van-dong-chua-hoan-thien-a217015.html
327,Hue,17:18 03/03/2026,"Xe lu chạy làm bể hố ga tại tuyến 18 đường Nguyễn Gia Thiều, phường Phú Xuân. Trời mưa to xe chạy không thấy đường đi sẽ gây tại nạn đáng tiếc.","Kết quả xử lý
Trung tâm Quản lý và Khai thác hạ tầng thành phố Huế
Kính gửi: Quý Ông/Bà.
Vấn đề quý Ông/Bà phản ánh, Trung tâm Quản lý và Khai thác Hạ tầng thành phố Huế (Trung tâm) xin thông báo kết quả như sau:
Sau khi nhận được phản ánh, Trung tâm đã tiến hành kiểm tra vị trí quý Ông/Bà phản ánh. Trung tâm đã phối hợp với đơn vị Chủ đầu tư đang thực hiện thi công dự án: Nâng cấp, mở rộng đường Nguyễn Gia Thiều là Ban quản lý dự án Đầu tư xây dựng Khu vực 1 xử lý khắc phục (Đính kèm hình ảnh).
Chân thành cảm ơn quý Ông/Bà.
Trân trọng./.
Hạn xử lý: 20/03/2026
Ngày xử lý: 12/03/2026",Đã xử lý,https://tuongtac.hue.gov.vn/phan-anh/sap-ho-ga-tai-18-duong-nguyen-gia-thieu-a217009.html
328,Hue,17:17 03/03/2026,"Kính gửi:
   •   Trung tâm Điều hành đô thị thông minh Hue-S
   •   Ủy ban nhân dân phường Thuỷ Xuân
   •   Ủy ban nhân dân thành phố Huế
   •   Các cơ quan chức năng có liên quan

Chúng tôi là các hộ dân sinh sống tại kiệt 604 đường Bùi Thị Xuân, phường Thuỷ Xuân, thành phố Huế.

Hiện nay, kiệt 604 Bùi Thị Xuân quá thấp trũng. Mới có 1 trận mưa xuân, nước ngập nhanh, thoát không kịp, gây ảnh hưởng nghiêm trọng đến sinh hoạt và an toàn của người dân. Sau khi tuyến đường Bùi Thị Xuân được nâng cấp, mặt đường càng cao hơn so với kiệt, khiến tình trạng ngập úng trong kiệt càng nặng hơn. Đặc biệt, kiệt hiện không có hệ thống mương thoát nước, không có điện chiếu sáng, hạ tầng chưa được đầu tư đồng bộ.

Trong đợt mưa lũ năm 2025, nước ngập sâu, trong kiệt có người già và trẻ nhỏ, tiềm ẩn nguy cơ mất an toàn, ảnh hưởng đến tính mạng và tài sản. Người dân đã nhiều lần kiến nghị nâng cấp mặt kiệt, bổ sung hệ thống thoát nước và điện chiếu sáng để tương đồng với các kiệt lân cận trong khu vực, tuy nhiên đến nay vẫn chưa được quan tâm, giải quyết.

Chúng tôi cũng đã phản ánh qua ứng dụng Hue-S, tuy nhiên hệ thống yêu cầu bổ sung vị trí cụ thể của kiệt. Hiện nay, sau khi cải tạo vỉa hè và chỉnh trang tuyến đường Bùi Thị Xuân, biển số “604” đã bị mất, gây khó khăn trong việc xác định vị trí hành chính.

Trước thực trạng trên, chúng tôi kính đề nghị các cơ quan chức năng sớm kiểm tra thực tế, khảo sát và có phương án nâng cấp hạ tầng kiệt 604 (nâng nền, làm mương thoát nước, lắp đặt điện chiếu sáng) nhằm đảm bảo an toàn, ổn định đời sống cho người dân, đặc biệt trong mùa mưa lũ sắp tới, đảm bảo công bằng với các tuyến kiệt tương đồng tại khu vực.

Trường hợp kiến nghị tiếp tục không được xem xét, giải quyết thỏa đáng, chúng tôi buộc phải tiếp tục gửi đơn đến cấp có thẩm quyền cao hơn theo quy định.

Trân trọng.","Kết quả xử lý
Phường Thủy Xuân
Kính gửi: Quý Ông/Bà.
Vấn đề quý Ông/Bà phản ánh, UBND phường Thủy Xuân xin thông báo kết quả như sau:
UBND phường đã chỉ đạo Trung tâm Dịch vụ sự nghiệp công tiến hành khảo sát, đánh giá thực trạng. Trung tâm Dịch vụ sự nghiệp công đã tổ chức kiểm tra thực địa, khảo sát tuyến đường. Qua khảo sát, tuyến đường kiệt 604 Bùi Thị Xuân hiện đã xuống cấp. Trung tâm đã có Tờ trình số 32 ngày 23/3/2026 gửi UBND phường để kiến nghị đưa vào danh mục đầu tư công trung hạn.
Trong thời gian tới, UBND phường sẽ chỉ đạo các phòng, ban chuyên môn xây dựng kế hoạch, sớm đưa tuyến đường vào đầu tư nhằm đảm bảo điều kiện đi lại thuận lợi cho người dân.
UBND phường thông tin để Quý Ông/Bà được biết.
Chân thành cảm ơn Quý Ông/Bà.
Trân trọng./.
Hạn xử lý: 12/03/2026
Ngày xử lý: 24/03/2026",Đã xử lý,https://tuongtac.hue.gov.vn/phan-anh/kien-nghi-nang-cap-ha-tang-kiet-604-bui-thi-xuan-a217008.html
329,Hue,15:45 03/03/2026,"Thi công bỏ dở hơn 2 tháng nay, gây nguy hiểm cho người và phương tiện lưu thông, ảnh chụp lúc 11h ngày 3/3/2026 tại kiệt 267 Phạm Văn Đồng, Lại Thế, phường Mỹ Thượng.","Kết quả xử lý
Ban Quản lý Dự án Đầu tư xây dựng khu vực 1
Kính gửi: Quý Ông/Bà.
Vấn đề quý Ông/Bà phản ánh, Ban Quản lý dự án Đầu tư xây dựng khu vực 1 (Ban QLDA) xin thông báo kết quả như sau:
Ban QLDA đã chỉ đạo Tư vấn, Nhà thầu hoàn thành công tác hoàn trả đá Granite tại vị trí quý Ông/Bà phản ánh. Hiện Nhà thầu đã đặt hàng đá Granite và dự kiến sẽ hoàn thành công tác hoàn trả trong tháng 3/2026. 
Chân thành cảm ơn quý Ông/Bà.
Trân trọng./.
Hạn xử lý: 12/03/2026
Ngày xử lý: 12/03/2026",Đã xử lý,https://tuongtac.hue.gov.vn/phan-anh/day-nhanh-thi-cong-tai-dau-kiet-267-pham-van-dong-a216999.html
330,Hue,15:22 03/03/2026,Công trình vỉa hè xuống cấp gây đọng nước và ảnh hưởng đến người đi bộ tại địa chỉ 67 Trần Hưng Đạo (Nhà Văn hóa Huế). Kính mong cơ quan sửa chữa.,"Kết quả xử lý
Trung tâm Quản lý và Khai thác hạ tầng thành phố Huế
Kính gửi: Quý Ông/Bà.
Vấn đề Quý Ông/Bà phản ánh, Trung tâm Quản lý và Khai thác Hạ tầng thành phố Huế xin thông báo kết quả như sau:
Sau khi nhận được phản ánh, Trung tâm đã phối hợp với các đơn vị liên quan kiểm tra và khắc phục. Đến nay, công tác khắc phục đã hoàn thành. (Đính kèm hình ảnh)
Chân thành cảm ơn quý Ông/Bà.
Trân trọng./.
Hạn xử lý: 12/03/2026
Ngày xử lý: 11/03/2026",Đã xử lý,https://tuongtac.hue.gov.vn/phan-anh/cong-trinh-via-he-xuong-cap-tai-67-tran-hung-dao-a216998.html
331,Hue,12:56 03/03/2026,"Gửi cơ quan chức năng có liên quan.
Hiện tại cây xanh ở 17 Bãi Sậy 4, khu quy hoạch Hương Sơ cây được phục hồi do gãy đổ sau bão, nhưng đã bị khô, không phát triển được. Gửi cơ quan chức năng có liên quan, xin phép kiến nghị được thay lại cây mới, nhằm tạo lại vẻ đẹp xanh mát cho đô thị. Nhờ cơ quan có chức năng hỗ trợ. Trân trọng cảm ơn.","Kết quả xử lý
Trung tâm Công viên cây xanh thành phố Huế
Kính gửi: Quý Ông/Bà.
Vấn đề quý Ông/Bà phản ánh, Trung tâm Công viên Cây xanh thành phố Huế xin thông báo kết quả như sau:
Trung tâm đã thu hồi cây chết tại 17 Bãi Sậy 4, khu quy hoạch Hương Sơ đảm bảo an toàn cho người dân (đính kèm hình ảnh).
Chân thành cảm ơn quý Ông/Bà.
Trân trọng./.
Hạn xử lý: 12/03/2026
Ngày xử lý: 10/03/2026",Đã xử lý,https://tuongtac.hue.gov.vn/phan-anh/cay-xanh-o-17-bai-say-4-bi-kho-a216990.html
332,Hue,11:50 03/03/2026,"Công trình vỉa hè trước nhà 431 Phạm Văn Đồng vẫn bỏ dở dang, không ốp gạch vỉa hè, có nhiều ngóc ngách ứ đọng nước thải, rác, ô nhiễm môi trường, ảnh hưởng mỹ quan đô thị, người dân đi bộ vấp ngã. Đề nghị xử lý ốp gạch bằng phẳng.","Kết quả xử lý
Ban Quản lý Dự án Đầu tư xây dựng khu vực 1
Kính gửi: Quý Ông/Bà.
Vấn đề quý Ông/Bà phản ánh, Ban Quản lý dự án Đầu tư xây dựng khu vực 1 (Ban QLDA) xin thông báo kết quả như sau:
Ban QLDA đã chỉ đạo Tư vấn, Nhà thầu hoàn thành công tác hoàn trả đá Granite tại vị trí quý Ông/Bà phản ánh. Hiện Nhà thầu đã đặt hàng đá Granite và dự kiến sẽ hoàn thành công tác hoàn trả trong tháng 3/2026. 
Chân thành cảm ơn quý Ông/Bà.
Trân trọng./.
Hạn xử lý: 12/03/2026
Ngày xử lý: 12/03/2026",Đã xử lý,https://tuongtac.hue.gov.vn/phan-anh/kien-nghi-hoan-thien-via-he-tai-431-pham-van-dong-a216985.html
333,Hue,09:24 03/03/2026,"Tại lô G13 đường Thân Trọng Di, phường Hương An, thành phố Huế. Cây đã chết lâu năm, mục thoái hoá gỗ dễ gãy rất nguy hiểm cho người đi đường mà không thấy ai về xử lý.","Kết quả xử lý
Trung tâm Công viên cây xanh thành phố Huế
Kính gửi: Quý Ông/Bà.
Vấn đề quý Ông/Bà phản ánh, Trung tâm Công viên Cây xanh thành phố Huế xin thông báo kết quả như sau:
Trung tâm đã đào hố và di dời cây chết tại Lô G13 đường Thân Trọng Di đảm bảo an toàn cho người dân (đính kèm hình ảnh).
Chân thành cảm ơn quý Ông/Bà.
Trân trọng./.
Hạn xử lý: 12/03/2026
Ngày xử lý: 10/03/2026",Đã xử lý,https://tuongtac.hue.gov.vn/phan-anh/cay-xanh-chet-kho-gay-nguy-hiem-tai-lo-g13-duong-than-trong-di-a216962.html
334,Hue,08:27 03/03/2026,"Kính gửi ban quản lý dự án.
Cho tôi hỏi đường Phạm Văn Đồng đoạn chân cầu Vỹ Dạ.
Đã đổ cấp phối lớp cuối cùng trong Tết Nguyên Đán và đo đã đạt. Thời tiết đẹp sao không thấy đổ dầu và làm vỉa hè.
Xin cám ơn.
Ảnh chụp 8h26 ngày 3.3.2026.","Kết quả xử lý
Ban quản lý dự án đầu tư xây dựng Chương trình phát triển các đô thị loại II (các đô thị xanh)
Kính gửi: Quý Ông/Bà.
Vấn đề quý Ông/Bà phản ánh, Ban quản lý dự án đầu tư xây dựng Chương trình phát triển các đô thị loại II (các đô thị xanh) – dự án thành phần Thừa Thiên Huế (Ban QLDA) xin thông báo kết quả như sau:
Từ ngày 26/2/2026 đến ngày 03/3/2026, Đơn vị thi công đang tiến hành lu lèn cấp phối đá dăm để đảm bảo độ chặt trước khi tưới nhựa và thảm bê tông nhựa mặt đường (đính kèm hình ảnh). Ban QLDA kính mong bà con thông cảm. 
Chân thành cảm ơn quý Ông/Bà.
Trân trọng./.
1/4
1234
Hạn xử lý: 12/03/2026
Ngày xử lý: 03/03/2026",Đã xử lý,https://tuongtac.hue.gov.vn/phan-anh/day-nhanh-thi-cong-duong-pham-van-dong-a216958.html
335,Hue,08:27 03/03/2026,Kính gửi cơ quan chức năng. Tại ngã ba đường Nguyễn Thiện Kế và đường Nguyễn Huệ ngay tại giữa 2 số nhà 56 và 58 đường Nguyễn Huệ có một hố ga sụt lún tạo thành một hố sâu ngày giữa đường gây nguy hiểm cho người tham gia giao thông. Đã có cháu học sinh bị ngã .Kính chuyển đến quý cơ quan liên quan có hướng xử lý.,"Kết quả xử lý
Trung tâm Quản lý và Khai thác hạ tầng thành phố Huế
Kính gửi: Quý Ông/Bà.
Vấn đề quý Ông/Bà phản ánh, Trung tâm Quản lý và Khai thác Hạ tầng thành phố Huế xin thông báo kết quả như sau:
Sau khi nhận được phản ánh, Trung tâm đã tiến hành kiểm tra và sửa chữa. Đến nay công tác sửa chữa, khắc phục đã hoàn thành (Hình ảnh đính kèm).
Chân thành cảm ơn quý Ông/Bà.
Trân trọng./.
Hạn xử lý: 12/03/2026
Ngày xử lý: 04/03/2026",Đã xử lý,https://tuongtac.hue.gov.vn/phan-anh/ho-ga-sut-lun-giua-2-so-nha-56-va-58-duong-nguyen-hue-a216957.html
336,Hue,08:18 03/03/2026,"Hiện tại đoạn đường tại kiệt 144/5 Lý Nam Đế đã xuống cấp trầm trọng dễ dẫn đến tai nạn. Kính mong cơ quan chức năng có thẩm quyền xem xét, nâng cấp sửa chữa để người dân có con đường khang trang hơn. Trân trọng cảm ơn.","Kết quả xử lý
Phường Kim Long
Kính gửi: Quý Ông/Bà.
Vấn đề Quý Ông/Bà phản ánh, UBND phường Kim Long xin thông báo kết quả như sau:
UBND phường Kim Long xin chân thành cảm ơn nội dung Quý Ông/Bà đã phản ánh. UBND phường đã giao Phòng Kinh tế, Hạ tầng và Đô thị tiến hành kiểm tra thực tế hiện trạng tại kiệt 144/5 đường Lý Nam Đế. Qua kiểm tra cho thấy mặt đường tại vị trí này hiện chưa có dấu hiệu xuống cấp như nội dung phản ánh.
UBND phường sẽ tiếp tục theo dõi tình trạng mặt đường tại khu vực này để kịp thời có phương án sửa chữa khi phát sinh hư hỏng, nhằm đảm bảo nhu cầu đi lại của người dân.
Chân thành cảm ơn Quý Ông/Bà.
Trân trọng./.
Hạn xử lý: 12/03/2026
Ngày xử lý: 12/03/2026",Đã xử lý,https://tuongtac.hue.gov.vn/phan-anh/duong-kiet-144-5-ly-nam-de-xuong-cap-tram-trong-a216955.html
337,Hue,17:51 02/03/2026,Đề nghị xử lý lỗ hỏng tạo ổ gà rất nguy hiểm tại ngã ba đường Nguyễn Thiện Kế giao với Nguyễn Huệ (56 Nguyễn Huệ),"Kết quả xử lý
Trung tâm Quản lý và Khai thác hạ tầng thành phố Huế
Kính gửi: Quý Ông/Bà.
Vấn đề quý Ông/Bà phản ánh, Trung tâm Quản lý và Khai thác Hạ tầng thành phố Huế xin thông báo kết quả như sau:
Sau khi nhận được phản ánh, Trung tâm đã tiến hành kiểm tra và sửa chữa. Đến nay công tác sửa chữa, khắc phục đã hoàn thành (Hình ảnh đính kèm).
Chân thành cảm ơn quý Ông/Bà.
Trân trọng./.
Hạn xử lý: 11/03/2026
Ngày xử lý: 04/03/2026",Đã xử lý,https://tuongtac.hue.gov.vn/phan-anh/kien-nghi-xu-ly-lo-hong-tai-56-nguyen-hue-a216927.html
338,Hue,17:44 02/03/2026,"Kính gửi UBND phường Thuận Hoá. Tại sao 1 tuyến đường trung tâm nơi mà người dân buôn bán mà lại cấm đậu, đỗ xe cả 2 lề đường cả ngày. Cụ thể từ ngã tư Ngô Quyền đến đường Lê Lợi. Việc cấm đậu, đỗ xe cả 2 bên lề đường trên 1 tuyến đường kinh doanh sẽ gây ảnh hưởng đến các hoạt động kinh của tiểu thương xung quanh rất nhiều. Khách vào sử dụng dịch vụ hay ăn uống không có chỗ đậu, đỗ khiến khách hàng bỏ đi, chỉ vài ngày mà quán xá điều hiu, doanh thu sụt giảm thấy rõ. Kính mong các cơ quan có cách sắp xếp sao cho phù hợp. Xin cảm ơn.","Kết quả xử lý
Phường Thuận Hóa
Kính gửi: Quý Ông/Bà.
Vấn đề quý Ông/Bà phản ánh, Trung tâm Dịch vụ sự nghiệp công phường Thuận Hoá xin thông báo kết quả như sau:
Đoạn đường này gần Cổng Bệnh viện Trung ương Huế; do đó, nhu cầu tham gia giao thông cũng như nhu cầu đi bộ trên vỉa hè của người dân tăng cao.
Để đảm bảo mỹ quan đô thị, an toàn giao thông và có lối đi bộ cho người dân trên vỉa hè. UBND phường đã ban hành Thông báo số 14 về việc Cấm để xe trên vỉa hè một số đoạn đường trên địa bàn phường Thuận Hóa. Do đó, Trung tâm Dịch vụ sự nghiệp công phường đề nghị các cơ sở đang kinh doanh buôn bán tại đoạn đường này cần có chỗ để xe cho khách hoặc hướng dẫn khách đưa xe vào gửi tại các điểm trông giữ xe xung quanh khu vực đó như: Nhà giữ xe của Bệnh viện, Công viên Kim Đồng.
Chân thành cảm ơn quý Ông/Bà.
Trân trọng./.
Hạn xử lý: 11/03/2026
Ngày xử lý: 04/03/2026",Đã xử lý,https://tuongtac.hue.gov.vn/phan-anh/kien-nghi-xem-xet-viec-cam-dau-do-tai-nga-tu-ngo-quyen-den-duong-le-loi-a216925.html
339,Hue,12:26 02/03/2026,"Hiện tai nắp cống thoát nước ở trước mặt shop hoa tươi Tâm Phan địa chỉ tổ dân phố 3 Thuỷ Phù, phường Phú Bài đang bị hư hỏng làm nguy hiểm cho người dân và các phương tiện. Kính mong các cơ quan chức năng khác phục","Kết quả xử lý
Sở Xây dựng
Kính gửi: Quý Ông/Bà.
Vấn đề quý Ông/Bà phản ánh, Sở Xây dựng xin thông báo kết quả như sau:
Vị trí quý Ông/Bà phản ánh, Sở Xây dựng đã chỉ đạo Công ty TNHH Trùng Phương, đơn vị quản lý tuyến đường sửa chữa lại tấm đan rãnh thoát nước bị hư hỏng tại Km842+640(P) nhằm đảm bảo an toàn giao thông. (Đính kèm hình ảnh)
Chân thành cảm ơn quý Ông/Bà.
Trân trọng./.
1/2
12
Hạn xử lý: 19/03/2026
Ngày xử lý: 27/03/2026",Đã xử lý,https://tuongtac.hue.gov.vn/phan-anh/nap-cong-hu-hong-truoc-mat-shop-hoa-tuoi-tam-phan-a216899.html
340,Hue,10:03 02/03/2026,"Kiến nghị làm phẳng mặt đường ở phía Bắc cầu Chợ Dinh.
Mặt đường ở phía Bắc cầu Chợ Dinh (đường Nguyễn Gia Thiều), bị hư hỏng, ảnh hưởng đến việc lưu thông của người dân. Kiến nghị địa phương cho làm phẳng mặt đường để việc đi lại của người dân trở nên thuận lợi hơn, cũng như làm đẹp mỹ quan đô thị. Xin cảm ơn.","Kết quả xử lý
Trung tâm Quản lý và Khai thác hạ tầng thành phố Huế
Kính gửi: Quý Ông/Bà.
Vấn đề quý Ông/Bà phản ánh, Trung tâm Quản lý và Khai thác Hạ tầng thành phố Huế (Trung tâm) xin thông báo kết quả như sau:
Sau khi nhận được phản ánh, Trung tâm đã phối hợp với các đơn vị liên quan kiểm tra, nhận thấy bề mặt đường bị bong tróc xuống cấp. Trung tâm xin ghi nhận ý kiến đóng góp của quý Ông/Bà và sẽ tổng hợp, báo cáo cơ quan chức năng xem xét đưa vào kế hoạch chỉnh trang trong thời gian tới.
Hiện nay, trên địa bàn Thành phố còn nhiều tuyến đường có hiện trạng như quý Ông/Bà nêu trên. Đây là vấn đề khó khăn chung mà chính quyền các cấp đang từng bước khắc phục, đầu tư dần. Rất mong quý Ông/Bà thông cảm và chia sẻ.
Chân thành cảm ơn quý Ông/Bà.
Trân trọng./.
Hạn xử lý: 23/03/2026
Ngày xử lý: 23/03/2026",Đã xử lý,https://tuongtac.hue.gov.vn/phan-anh/kien-nghi-lam-phang-mat-duong-o-phia-bac-cau-cho-dinh-a216890.html
341,Hue,09:50 02/03/2026,"Kiến nghị làm phẳng mặt đường ở ngã ba Hồ Quý Ly - Nguyễn Gia Thiều.
Tại đường Nguyễn Gia Thiều (gần chợ đầu mối Phú Hậu), đoạn ngã ba Hồ Quý Ly, thời gian qua có đoạn đường gồ ghề, ảnh hưởng nghiêm trọng đến việc đi lại của người dân. Tối qua, tôi đi xe ga qua đây, mặc dù chậm nhất có thể nhưng vẫn dính vào gầm xe, rất nguy hiểm. Đề nghị địa phương cần làm phẳng lại mặt đường ở đoạn này để việc đi lại của người dân được an toàn. Xin cảm ơn nhiều.","Kết quả xử lý
Ban Quản lý Dự án Đầu tư xây dựng khu vực 1
Kính gửi: Quý Ông/Bà.
Vấn đề quý Ông/Bà phản ánh, Ban QLDA Đầu tư xây dựng khu vực 1 (Ban QLDA) đã kiểm tra và xin thông báo kết quả như sau:
Ban QLDA đã yêu cầu Tư vấn, Nhà thầu xử lý đảm bảo giao thông tại vị trí nêu trên. Ngày 10/3/2026, Nhà thầu đã hoàn thành công tác xử lý (đính kèm hình ảnh xử lý).
Chân thành cảm ơn quý Ông/Bà.
Trân trọng./.
Hạn xử lý: 11/03/2026
Ngày xử lý: 12/03/2026",Đã xử lý,https://tuongtac.hue.gov.vn/phan-anh/kien-nghi-lam-phang-mat-duong-o-nga-ba-ho-quy-ly---nguyen-gia-thieu-a216888.html
342,Hue,08:54 02/03/2026,"Hiện nay đoạn đường kiệt 317 Bùi Thị Xuân, phường Thuỷ Xuân, TP Huế đang xuống cấp, bị nứt bể làm cho việc đi lại gặp nhiều khó khăn. Kính mong cơ quan chức năng xây sửa lại để việc đi lại được thuận lợi hơn. Xin chân thành cảm ơn.","Kết quả xử lý
Phường Thủy Xuân
Kính gửi: Quý Ông/Bà.
Vấn đề quý Ông/Bà phản ánh, UBND phường Thủy Xuân xin thông báo kết quả như sau:
UBND phường đã chỉ đạo Trung tâm Dịch vụ sự nghiệp công tiến hành khảo sát, đánh giá thực trạng. Trung tâm Dịch vụ sự nghiệp công đã tổ chức kiểm tra thực địa, khảo sát tuyến đường. Qua khảo sát, tuyến đường kiệt 317 Bùi Thị Xuân hiện đã xuống cấp. Trung tâm đã có Tờ trình số 32 ngày 23/3/2026 gửi UBND phường để kiến nghị đưa vào danh mục đầu tư công trung hạn.
Trong thời gian tới, UBND phường sẽ chỉ đạo các phòng, ban chuyên môn xây dựng kế hoạch, sớm đưa tuyến đường vào đầu tư nhằm đảm bảo điều kiện đi lại thuận lợi cho người dân.
UBND phường thông tin để Quý Ông/Bà được biết.
Chân thành cảm ơn Quý Ông/Bà.
Trân trọng./.
Hạn xử lý: 11/03/2026
Ngày xử lý: 24/03/2026",Đã xử lý,https://tuongtac.hue.gov.vn/phan-anh/duong-kiet-317-bui-thi-xuan-xuong-cap-tram-trong-a216884.html
343,Hue,17:54 01/03/2026,"Hỏng nắp cống lớn, gây nguy hiểm cho người đi bộ và mưa lụt nhiều người lội nước và xe bị sụp xuống hố tại đối diện 40 Mai Lượng, Hương Sơ, Hương An. Đề nghị cơ quan quản lý xử lý.","Kết quả xử lý
Trung tâm Quản lý và Khai thác hạ tầng thành phố Huế
Kính gửi: Quý Ông/Bà.
Vấn đề quý Ông/Bà phản ánh, Trung tâm Quản lý và Khai thác Hạ tầng thành phố Huế xin thông báo kết quả như sau:
Sau khi nhận được phản ánh, Trung tâm đã tiến hành phối hợp với đơn vị duy tu kiểm tra và khắc phục. Đến nay, đơn vị duy tu đã tạm thời khắc phục đảm bảo an toàn (đính kèm hình ảnh). Trung tâm đã yêu cầu đơn vị duy tu đúc tấm đan mới đúng kích thước để thay thế trong thời gian tới.
Chân thành cảm ơn quý Ông/Bà.
Trân trọng./.
Hạn xử lý: 11/03/2026
Ngày xử lý: 11/03/2026",Đã xử lý,https://tuongtac.hue.gov.vn/phan-anh/kien-nghi-sua-chua-nap-cong-tai-40-mai-luong-a216866.html
344,Hue,17:10 01/03/2026,"Hiện tại tuyến đường liên thôn đi ngang qua địa phận TDP Cao Ban Truông, cầu La Vần, đường Nguyễn Đình Thọ, phường Phong Thái, Tp Huế xe tải quá khổ lưu thông qua nhiều gây mất an ninh ảnh hưởng đến đời sống cũng như làm hư hỏng đường trầm trọng.
Đề nghị cơ quan chức năng sớm vào cuộc xử lý.","Kết quả xử lý
Công an thành phố Huế
Kính gửi: Quý Ông/Bà.
Vấn đề quý Ông/Bà phản ánh, Công an phường Phong Thái xin thông báo kết quả như sau:
Công an phường Phong Thái ghi nhận và cảm ơn ý kiến phản ánh của người dân về tình trạng xe tải quá khổ lưu thông trên tuyến đường liên thôn qua TDP Cao Ban Truông, khu vực cầu La Vần và đường Nguyễn Đình Thọ, gây ảnh hưởng đến an ninh trật tự, đời sống nhân dân và kết cấu hạ tầng giao thông.
Ngay sau khi tiếp nhận phản ánh, Công an phường đã tiến hành kiểm tra, nắm tình hình và sẽ tăng cường phối hợp với lực lượng Cảnh sát giao thông tổ chức tuần tra, kiểm soát; đồng thời phối hợp với các đơn vị chức năng liên quan để xử lý nghiêm các trường hợp vi phạm quy định về tải trọng, kích thước phương tiện và thời gian lưu thông. Bên cạnh đó, Công an phường cũng kiến nghị cơ quan có thẩm quyền xem xét lắp đặt biển báo hạn chế tải trọng và triển khai các biện pháp quản lý phù hợp nhằm bảo đảm trật tự an toàn giao thông và ổn định đời sống nhân dân trên địa bàn.
Trong thời gian tới, Công an phường mong tiếp tục nhận được sự phối hợp, cung cấp thông tin kịp thời từ Quý Ông/Bà để cùng chung tay giữ gìn an ninh trật tự.
Chân thành cảm ơn quý Ông/Bà.
Trân trọng./.
Hạn xử lý: 11/03/2026
Ngày xử lý: 19/03/2026",Đã xử lý,https://tuongtac.hue.gov.vn/phan-anh/kiem-tra-xe-tai-qua-kho-luu-thong-gay-mat-an-toan-va-hu-hong-duong-tai-duong-nguyen-dinh-tho-a216864.html
345,Hue,15:16 01/03/2026,"Con đường 19/5 phường Kim Trà nối từ TDP Thanh Lương 1 về TDP Thanh Lương 2 đi vào hoạt động chưa được 1 năm đã xuất hiện hố tử thần. Kính mong cơ quan chức năng kiểm tra, xử lý.","Kết quả xử lý
Phường Kim Trà
Kính gửi: Quý Ông/Bà.
Vấn đề quý Ông/Bà phản ánh, UBND phường Kim Trà xin thông báo kết quả như sau:
Sau khi nhận được phản ánh, UBND phường đã liên hệ với Ban QLDA khu vực 2 để xử lý. (Đính kèm hình ảnh xử lý ngày 01/3/2026)
Chân thành cảm ơn quý Ông/Bà.
Trân trọng.
File đính kèm:
Hạn xử lý: 11/03/2026
Ngày xử lý: 02/03/2026",Đã xử lý,https://tuongtac.hue.gov.vn/phan-anh/duong-hu-hong-tai-duong-19-5-phuong-kim-tra-a216853.html
346,Hue,22:20 28/02/2026,"Đề nghị quý cơ quan cho kiểm tra 2 vị trí đèn (có gắn camera giám sát) tại đường Nguyễn Phúc Nguyên giao nhau với đường Sư Vạn Hạnh, theo hình ảnh đính kèm cho thấy ánh sáng đèn làm chói mắt, nguy hiểm đến người tham gia giao thông.","Kết quả xử lý
Trung tâm Giám sát, điều hành đô thị thông minh
Kính gửi: Quý Ông/Bà.
Vấn đề quý Ông/Bà phản ánh, Trung tâm Giám sát, điều hành đô thị thông minh (IOC) xin thông báo kết quả như sau:
Qua kiểm tra, Bộ phận kỹ thuật đã tiến hành ngắt nguồn điện của đèn pha được gắn ở camera tại tuyến đường Nguyễn Phúc Nguyên giao nhau với đường Sư Vạn Hạnh. Hiện đèn tại vị trí này đã được xử lý, không còn gây chói mắt cho người tham gia giao thông. (Đính kèm hình ảnh)
Chân thành cảm ơn quý Ông/Bà.
Trân trọng./.
Hạn xử lý: 11/03/2026
Ngày xử lý: 10/03/2026",Đã xử lý,https://tuongtac.hue.gov.vn/phan-anh/den-co-gan-camera-giam-sat-tai-duong-nguyen-phuc-nguyen-giao-nhau-voi-duong-su-van-hanh-lam-choi-mat-a216806.html
347,Hue,14:44 28/02/2026,"Kiến nghị Ủy Ban Nhân Dân Thành phố Huế, Sở Xây dựng Thành phố Huế, cho nâng cấp mở rộng trục đường Nguyễn Khoa Chiêm, hiện nay trục đường Nguyễn Khoa Chiêm dù có mật độ lưu thông cao nhưng từ lâu đã nhỏ hẹp nhiều đoạn không có vỉa hè, không có hệ thống cống thoát nước, gây ảnh hưởng đến trạng thái lưu thông và từ đó gây ảnh hưởng đến mỹ quan đô thị, mong chính quyền Thành Phố Huế cho mở rộng hoặc thảm nhựa mới nếu thiếu kinh phí nhằm đảm bảo an toàn giao thông, mỹ quan đô thị","Kết quả xử lý
Trung tâm Quản lý và Khai thác hạ tầng thành phố Huế
Kính gửi: Quý Ông/Bà.
Vấn đề quý Ông/Bà phản ánh, Trung tâm Quản lý và Khai thác hạ tầng kỹ thuật thành phố (Trung tâm) xin thông báo kết quả như sau:
Trung tâm được giao nhiệm vụ duy tu bảo dưỡng các tuyến đường; về vấn đề Công dân kiến nghị, Trung tâm sẽ tổng hợp báo cáo, đề xuất hằng năm gửi cấp có thẩm quyền xem xét đưa vào kế hoạch đầu tư.
Chân thành cảm ơn quý Ông/Bà.
Trân trọng./.
 Hạn xử lý: 11/03/2026
Ngày xử lý: 17/03/2026",Đã xử lý,https://tuongtac.hue.gov.vn/phan-anh/kien-nghi-nang-cap-mo-rong-duong-nguyen-khoa-chiem-a216768.html
348,Hue,14:00 28/02/2026,"Xe chở đất làm khu tái định cư chạy lưu lượng lớn gây bụi và hư hại mặt đường nhựa tuyến đường liên xã gây nguy hiểm cho người tham gia giao thông và bụi cho người dân sống hai bên đường tại đường Trần Hạo Tiềm, xã Quảng Điền","Kết quả xử lý
Công an thành phố Huế
Kính gửi: Quý Ông/Bà.
Vấn đề quý Ông/Bà phản ánh, Công an xã Quảng Điền xin thông báo kết quả như sau:
Ngay sau khi tiếp nhận phản ánh, Công an xã Quảng Điền đã tiến hành kiểm tra, nắm tình hình; đồng thời sẽ tăng cường phối hợp với lực lượng Cảnh sát giao thông tổ chức tuần tra, kiểm soát và phối hợp với các đơn vị chức năng liên quan để xử lý nghiêm các trường hợp vi phạm quy định về tải trọng, kích thước phương tiện và thời gian lưu thông. Bên cạnh đó, Công an xã Quảng Điền đã kiến nghị cơ quan có thẩm quyền xem xét lắp đặt biển báo hạn chế tải trọng và triển khai các biện pháp quản lý phù hợp nhằm bảo đảm an toàn giao thông và ổn định đời sống nhân dân trên địa bàn.
Trong thời gian tới, Công an xã Quảng Điền mong tiếp tục nhận được sự phối hợp, cung cấp thông tin kịp thời từ Quý Ông/Bà để cùng chung tay giữ gìn an ninh trật tự.
Chân thành cảm ơn quý Ông/Bà.
Trân trọng./.
Hạn xử lý: 11/03/2026
Ngày xử lý: 19/03/2026",Đã xử lý,https://tuongtac.hue.gov.vn/phan-anh/tinh-trang-xe-tai-chay-lam-hu-hong-duong-va-gay-bui-tai-duong-tran-hao-tiem-a216766.html
349,Hue,12:27 27/02/2026,"Về việc đề nghị có phương án đảm bảo an toàn hệ thống mương thoát nước dọc tuyến đường dân sinh tại hẻm 21 Kiệt 8 Lý Nam Đế.
Kính gửi: UBND phường Hương An, Thành phố Huế
Tôi xin phản ánh và kính đề nghị Quý cơ quan quan tâm xem xét vấn đề an toàn tại tuyến đường dân sinh trên địa bàn phường Hương An (đoạn có mương/kênh nước chạy dọc hai bên đường tại hẻm 21 Kiệt 8 Lý Nam Đế).
Hiện nay, dọc tuyến đường này có hệ thống mương/kênh nước hở dùng để phục vụ tưới tiêu ruộng đồng. Tuy nhiên, mương nước không có nắp đậy hoặc bi bê tông che chắn, trong khi lòng đường hẹp và người dân, đặc biệt là trẻ em, học sinh, thường xuyên đi lại qua đây.
Thực tế đã xảy ra trường hợp người đi xe đạp, xe máy bị rơi xuống mương nước, nhất là vào ban đêm khi tầm nhìn hạn chế, tiềm ẩn nguy cơ tai nạn rất nguy hiểm đến tính mạng và sức khỏe người dân.
Vì vậy, tôi kính đề nghị UBND phường Hương An xem xét:
- Có phương án lắp đặt nắp đậy, bi bê tông thoát nước hoặc cải tạo hệ thống mương phù hợp.
- Hoặc nghiên cứu phương án lấp mương, thiết kế cống ngầm đảm bảo vừa phục vụ tưới tiêu, vừa đảm bảo an toàn giao thông cho người dân.
Việc xử lý kịp thời sẽ góp phần đảm bảo an toàn cho người dân, đặc biệt là trẻ em, đồng thời xây dựng hình ảnh Thành phố Huế xanh – sạch – đẹp.

Kính mong Quý cơ quan quan tâm, xem xét và sớm có hướng giải quyết.

Xin trân trọng cảm ơn!","Kết quả xử lý
Phường Hương An
Kính gửi: Quý Ông/Bà.
Vấn đề quý Ông/Bà phản ánh, UBND phường Hương An đã chỉ đạo Trung tâm Dịch vụ sự nghiệp công phường kiểm tra và xin thông báo kết quả như sau:
Qua nội dung phản ánh, BGĐ Trung tâm dịch vụ sự nghiệp công đã phân công cán bộ về kiểm tra trực tiếp tại hẻm 21 Kiệt 8 Lý Nam Đế, thực tế kiểm tra nhận thấy, hệ thống mương dẫn nước tại khu vực này một số vị trí mương hở, lòng đường kiệt hẹp tiềm ẩn nguy cơ mất an toàn giao thông đối với dân tham gia đi lại trên tuyến đường này. Trong thời gian đến, Trung tâm sẽ rà soát để báo cáo UBND phường Hương An xem xét, đưa vào kế hoạch cải tạo nâng cấp hệ thống trong năm 2026, để từng bước bê tông hóa các tuyến đường kiệt và hệ thống thoát nước mặt đường kiệt trên địa bàn phường.
Chân thành cảm ơn quý Ông/Bà.
Trân trọng./.
Hạn xử lý: 10/03/2026
Ngày xử lý: 02/03/2026",Đã xử lý,https://tuongtac.hue.gov.vn/phan-anh/muong-thoat-nuoc-khong-co-nap-tai-21-kiet-8-ly-nam-de-a216664.html
350,Hue,10:25 27/02/2026,"Đường kiệt 85 Hồ Đắc Di thuộc phường An Cựu, TP Huế đã bao năm qua trung tâm thành phố mà có 1 con đường đất đá bùn lầy ngổn ngang, người dân ở đường này đi lại rất khó khăn về mùa mưa, mùa hè thì bụi bay vào nhà gây ô nhiễm môi trường ảnh hưởng đến sức khoẻ của người dân ở quanh khu vực này, nhất là các cháu nhỏ. Rất mong các cơ quan chức năng liên quan giải quyết giúp cho người dân ở khu vực này được đi lại sạch sẽ và ổn định cuộc sống.","Kết quả xử lý
Phường An Cựu
Kính gửi: Quý Ông/Bà.
Vấn đề quý Ông/Bà phản ánh, UBND phường An Cựu xin thông báo kết quả như sau:
Phòng Kinh tế, hạ tầng và Đô thị đã kiểm tra thực tế, rà soát các tuyến đường kiệt trên tuyến đường Hồ Đắc Di theo như ý kiến phản ánh của quý Ông/Bà, vị trí trên là khu vực phần đất này thuộc khu vực Quy hoạch của Đại học Huế và đã giao cho Đại học Huế thực hiện quy hoạch; do vậy, hiện nay không có cơ sở để đầu tư xây dựng (Kiệt 85 Hồ Đắc Di là người dân tự đặt tên).
Chân thành cảm ơn quý Ông/Bà.
Trân trọng./.
Hạn xử lý: 10/03/2026
Ngày xử lý: 10/03/2026",Đã xử lý,https://tuongtac.hue.gov.vn/phan-anh/kien-nghi-be-tong-hoa-duong-tai-kiet-85-ho-dac-di-a216648.html
351,Hue,10:25 27/02/2026,"Tôi và các hộ dân sống tại đường Nguyễn Phúc Thụ xin có phản ánh như sau: Tại tuyến đường Nguyễn Phúc Thụ, trước đây bờ kè bị sạt lở nên cắm biển báo cấm ô tô, 6 năm trước cơ quan chức năng đã đầu tư sửa chữa bờ kè này. Đến nay nền mặt đường vẫn ổn định, nhưng vẫn còn để biển cấm ô tô tại đầu đường Nguyễn Phúc Thụ - Lý Nam Đế. Tôi và nhiều hộ dân sống ở đây có ô tô nhưng không thể vào nhà được, rất bất tiện trong sinh hoạt hằng ngày. Vậy nên kính đề nghị cơ quan chức năng xem xét, thay đổi biển báo cấm ô tô bằng biển cấm tải 2,5T để người dân ở đường Nguyễn Phúc Thụ đi lại được thuận lợi. Xin cảm ơn! (Đính kèm ảnh chụp vào ngày 27/2/2026)","Kết quả xử lý
Trung tâm Quản lý và Khai thác hạ tầng thành phố Huế
Kính gửi: Quý Ông/Bà.
Vấn đề Quý Ông/Bà phản ánh, Trung tâm Quản lý và Khai thác Hạ tầng thành phố Huế xin thông báo kết quả như sau:
Trung tâm xin ghi nhận ý kiến đóng góp của Quý Ông/Bà. Trung tâm sẽ tổng hợp và phối hợp các đơn vị liên quan để đề xuất phương án nhằm điều chỉnh phù hợp với tình hình hiện tại trong thời gian tới.
Chân thành cảm ơn quý Ông/Bà.
Trân trọng./.
 Hạn xử lý: 10/03/2026
Ngày xử lý: 09/03/2026",Đã xử lý,https://tuongtac.hue.gov.vn/phan-anh/kien-nghi-thay-doi-bien-bao-cam-tai-25t-tai-duong-nguyen-phuc-thu-a216647.html
352,Hue,09:20 27/02/2026,"Tại cột điện trước nhà số 63 đường Tạ Hiện- phường Hương An có dấu hiệu rò điện.
Có tỉ lệ chạm chập đứt dây gây nguy hiểm cho người dân xung quanh.","Kết quả xử lý
Công ty Điện lực Huế
Kính gửi: Quý Ông/Bà.
Vấn đề quý Ông/Bà phản ánh, Công ty Điện lực Huế xin thông báo kết quả như sau:
Hiện tượng quý Ông/Bà phản ánh sẽ được xử lý trong kế hoạch cắt điện công tác trong tháng 3/2026.
Chân thành cảm ơn quý Ông/Bà.
Trân trọng./.
Hạn xử lý: 10/03/2026
Ngày xử lý: 05/03/2026",Đã xử lý,https://tuongtac.hue.gov.vn/phan-anh/cot-dien-tai-63-duong-ta-hien-co-dau-hieu-ro-dien-a216637.html
353,Hue,22:41 26/02/2026,"Dây điện bị rớt gây nguy hiểm tại số 5 đường Đinh Lễ, phường Phú Bài, TP Huế. Ảnh chụp lúc 17h ngày 26/2/2026. Đề nghị cơ quan chức năng kiểm tra và xử lý.","Kết quả xử lý
Phường Phú Bài
Kính gửi: Quý Ông/Bà.
Vấn đề quý Ông/Bà phản ánh, UBND phường Phú Bài đã chỉ đạo Trung tâm Dịch vụ sự nghiệp công phường kiểm tra và xin thông báo kết quả như sau:
Đối với vấn đề này, Trung tâm Dịch vụ sự nghiệp công (Trung tâm) đã tiến hành kiểm tra và biết được ""Dây này là dây cáp viễn thông"". Trung tâm đã làm việc và thông báo đến các đơn vị viễn thông để có phương án xử lý kịp thời.
Chân thành cảm ơn quý Ông/Bà.
Trân trọng./.
Hạn xử lý: 10/03/2026
Ngày xử lý: 11/03/2026",Đã xử lý,https://tuongtac.hue.gov.vn/phan-anh/day-dien-bi-rot-gay-nguy-hiem-tai-so-5-dinh-le-a216622.html
354,Hue,21:49 26/02/2026,"Tại khu vực Đội 2 thuộc TDP Lãnh Thuỷ 1, phường Phong Quảng, TP Huế. Hiện nay có 1 trụ điện đã bị nghiêng có nguy cơ đổ gãy lúc nào không hay. Do hệ thống dây điện chằng chịt nặng về 1 phía làm cho trụ điện gồng gánh chịu lực nặng không cân bằng. trụ thì cũ, kết cấu trụ mỏng không chắc chắn. Nếu cứ như này thì về mùa mưa bão sẽ rất nguy hiểm cho những nhà dân xung quanh (trụ điện sát nhà dân). Vì vậy, chúng tôi kiến nghị lên các cấp có thẩm quyền, quan tâm giải quyết trường hợp trụ điện này để đảm bảo cho sự sống của dân, người dân cần sự an toàn của hệ thống điện để yên tâm sinh sống. Rất mong nhận được sự quan tâm của quý cấp. Trân trọng cảm ơn!
Địa chỉ: Xóm Đường Khe, đội 2, tổ dân phố Lãnh Thuỷ 1, phường Phong Quảng, thành phố Huế.","Kết quả xử lý
Công ty Điện lực Huế
Kính gửi: Quý Ông/Bà.
Vấn đề quý Ông/Bà phản ánh, Công ty Điện lực Huế xin thông báo kết quả như sau:
Đội Quản lý điện Quảng Điền đã kiểm tra, cột theo phản ánh vẫn đảm bảo cấp điện. Trong tháng 4/2026, Điện lực sẽ thông báo đến các nhà mạng, kết hợp kết gọn, xử lý dây viễn thông trên cột điện.
Chân thành cảm ơn quý Ông/Bà.
Trân trọng./.
Hạn xử lý: 10/03/2026
Ngày xử lý: 05/03/2026",Đã xử lý,https://tuongtac.hue.gov.vn/phan-anh/tru-dien-bi-nghieng-gay-nguy-hiem-tai-tdp-lanh-thuy-1-phuong-phong-quang-a216621.html
355,Hue,14:14 26/02/2026,"Cầu xuống cấp, xuất hiện nhiều ổ gà tại cầu Thảo Long, phường Hóa Châu. Hình ảnh được ghi nhận vào lúc 14h ngày 26/02/2026. Kính mong cơ quan chức năng sớm xử lý. Xin cảm ơn.","Kết quả xử lý
Sở Xây dựng
Kính gửi: Quý Ông/Bà.
Vấn đề Quý Ông/Bà phản ánh, Sở Xây dựng xin thông báo kết quả như sau:
Các hư hỏng trên tuyến đường này đã được Sở Xây dựng theo dõi và nắm bắt thực trạng. Hiện Sở cũng đã có kế hoạch sửa chữa. Tuy nhiên, vị trí hư hỏng có kết cấu mặt đường bê tông nhựa (BTN), nên yêu cầu bề mặt phải khô ráo hoàn toàn mới có thể tiến hành thi công nhằm đảm bảo chất lượng công trình.
Sở Xây dựng đã chỉ đạo đơn vị quản lý tuyến đường khẩn trương khắc phục, sửa chữa trong thời gian sớm nhất khi điều kiện thời tiết cho phép.
Chân thành cảm ơn Quý Ông/Bà.
Trân trọng./.
Hạn xử lý: 10/03/2026
Ngày xử lý: 06/03/2026",Đã xử lý,https://tuongtac.hue.gov.vn/phan-anh/cau-thao-long-xuong-cap-xuat-hien-nhieu-o-ga-a216589.html
356,Hue,11:16 26/02/2026,"Kiến nghị phường Hương An hoàn thiện thông tin bảng số kiệt tại kiệt 8, Lý Nam Đế.
Vừa qua kiệt 8 Lý Nam Đế đã được cấp chứng nhận số nhà, tiến hành đóng bảng số nhà đồng bộ cho các hộ trong kiệt.
Tuy nhiên hiện tìm kiếm kiệt 8 còn khó khăn vì:
- Chưa có bảng kiệt 8 đặt đầu kiệt, việc xác định kiệt nào rất khó khăn.
- Trong kiệt lại xuất hiện: Kiệt 3 và kiệt 7. Tại sao trong kiệt 8 lại xuất hiện ""Kiệt 3"" và ""Kiệt 7""?
Vì vậy, kính đề nghị phường Hương An quan tâm giải quyết.
Xin chân thành cảm ơn.","Kết quả xử lý
Phường Hương An
Kính gửi: Quý Ông/Bà.
Vấn đề quý Ông/Bà phản ánh, UBND phường Hương An xin thông báo kết quả như sau:
Đối với các Biển tên đường đầu Kiệt trên địa bàn là do bà con nhân dân các khu vực tự bỏ kinh phí để thực hiện (Ví dụ: Các tuyến Kiệt đường Đốc Sơ khu vực 6,7 và 8; Tổ dân phố 9 kiệt Trần Quý Khoáng… ).
Đối với vấn đề Kiệt 3 và Kiệt 7, xuất hiện trong Kiệt 8 UBND phường sẽ sớm có chỉ đạo rà soát cho phù hợp thực tế.
UBND phường Hương An thông tin để quý Ông/Bà được biết.
Chân thành cảm ơn quý Ông/Bà.
Trân trọng./.
Hạn xử lý: 09/03/2026
Ngày xử lý: 02/03/2026",Đã xử lý,https://tuongtac.hue.gov.vn/phan-anh/kien-nghi-lap-bang-ten-kiet-tai-kiet-8-ly-nam-de-a216574.html
357,Hue,11:03 26/02/2026,"Tuyến đường Tôn Thất Bách tại Phường Hương Trà, Thành Phố Huế do ảnh hưởng của lũ lụt năm 2025 bị hư hỏng nặng nhưng không được sửa chữa. Hình ảnh vào lúc 11h ngày 25/2/2026. Ảnh hưởng và nguy hiểm đến vấn đề đi lại của người dân. Mong chính quyền các cấp quan tâm.","Kết quả xử lý
Phường Hương Trà
Kính gửi: Quý Ông/Bà.
Vấn đề quý Ông/Bà phản ánh, UBND phường Hương Trà xin thông báo kết quả như sau:
Trong thời gian qua, do ảnh hưởng mưa lớn gây ra lũ lụt nên các tuyến đường bị hư hỏng. UBND phường đã giao Phòng Kinh tế, Hạ tầng và Đô thị phường phối hợp với các đơn vị liên quan tiến hành kiểm tra, khảo sát các tuyến đường và tổng hợp báo cáo UBND phường đã đề xuất UBND thành phố phân bổ kinh phí để sửa chữa trong thời gian tới.
Chân thành cảm ơn quý Ông/Bà.
Trân trọng./.
Hạn xử lý: 09/03/2026
Ngày xử lý: 09/03/2026",Đã xử lý,https://tuongtac.hue.gov.vn/phan-anh/kien-nghi-sua-chua-duong-ton-that-bach-a216572.html
358,Hue,20:10 25/02/2026,"Đoạn đường Đào Trinh Nhất có nhiều khách sạn và rất nhiều khách du lịch lưu trú. Nhưng vỉa hè không được chỉnh sửa, nhếch nhác so với tất cả khu vực xung quanh. Rất nhiều khách chụp ảnh lưu niệm, thiết nghỉ khoảnh khắc đó với hình ảnh nhếch nhác đó có xứng với Tp du lịch.","Kết quả xử lý
Trung tâm Quản lý và Khai thác hạ tầng thành phố Huế
Kính gửi: Quý Ông/Bà.
Vấn đề quý Ông/Bà phản ánh, Trung tâm Quản lý và Khai thác Hạ tầng thành phố Huế xin thông báo kết quả như sau:
Sau khi nhận được phản ánh, Trung tâm đã tiến hành kiểm tra. Trung tâm sẽ báo cáo đề xuất UBND thành phố đưa vào danh mục sửa chữa, khắc phục.
Chân thành cảm ơn quý Ông/Bà.
Trân trọng./.
Hạn xử lý: 10/03/2026
Ngày xử lý: 04/03/2026",Đã xử lý,https://tuongtac.hue.gov.vn/phan-anh/kien-nghi-sua-chua-via-he-tai-duong-dao-trinh-nhat-a216530.html
359,Hue,19:22 25/02/2026,"Yêu cầu tiền hành xử lý cho hoạt động cột đèn giao thông hoặc rào giải phân cách lại nếu công trình chưa xong, tại nút giao Lý Tự Trọng - Tố Hữu
Các phương tiện băng qua đường rất nguy hiểm.","Kết quả xử lý
Phường Vỹ Dạ
Kính gửi: Quý Ông/Bà.
Vấn đề quý Ông/Bà phản ánh, UBND phường Vỹ Dạ xin thông báo kết quả như sau:
Nút giao thông đường Tố Hữu, Lê Quang Đạo, Lý Tự Trọng đang triển khai thi công, đơn vị thi công đã cho rào chắn, biển báo, tuy nhiên một số phương tiện giao thông đã tự ý dỡ bỏ rào chắn đi qua khu vực đang thi công và các đơn vị tư vấn khẩn trương tiếp tục triển khai thi công hoàn thành công trình và sớm đưa vào sử dụng, vận hành đèn giao thông cũng như nút giao để đảm bảo giao thông cho người dân.
Chân thành cảm ơn quý Ông/Bà.
Trân trọng./.
Hạn xử lý: 06/03/2026
Ngày xử lý: 06/03/2026",Đã xử lý,https://tuongtac.hue.gov.vn/phan-anh/kien-nghi-co-phuong-an-xu-ly-tai-nut-giao-ly-tu-trong---to-huu-a216525.html
360,Hue,18:20 25/02/2026,"Dây điện, dây viễn thông sà trên lan can sắt làm mất an toàn tính mạng tại lô D23 xóm giữa TDP Chiết Bi, phường Mỹ Thượng.","Kết quả xử lý
Sở Khoa học và Công nghệ
Kính gửi: Quý Ông/Bà.
Vấn đề quý Ông/Bà phản ánh, Sở Khoa học và Công nghệ xin thông báo kết quả như sau:
Sở Khoa học và Công nghệ đã chỉ đạo các doanh nghiệp viễn thông tiến hành kiểm tra và làm gọn dây thuê bao viễn thông không sử dụng tại vị trí nêu trên. Do thời tiết đang mưa, các doanh nghiệp viễn thông cam kết thực hiện trước ngày 20/3/2026.
Chân thành cảm ơn quý Ông/Bà.
Trân trọng./.
Hạn xử lý: 06/03/2026
Ngày xử lý: 11/03/2026",Đã xử lý,https://tuongtac.hue.gov.vn/phan-anh/kien-nghi-xu-ly-day-dien-day-vien-thong-tai-lo-d23---tdp-chiet-bi-a216518.html
361,Hue,08:21 25/02/2026,"Vừa qua, tại tuyến đường Âu Lạc, ngã tư thứ nhất theo hướng đường An Dương Vương hướng vào hướng qua đường Võ Nguyên Giáp có lắp mới 01 vòng xuyến.
Qua thời gian trực tiếp lưu thông, từ khi lắp vòng xuyến, nếu đi từ hướng An Dương Vương vào và rẽ trái thì sẽ rất nguy hiểm:
1. Xe đi vào thì bị khuất tầm nhìn đối với các xe đi ngược chiều, nếu thiếu sự chuẩn bị hoặc người lạ ở nơi khác đến khi rẽ trái dễ xảy ra tai nạn (Video đính kèm)
2. Nếu không gặp tai nạn thì khi rẽ vào cũng rất ngặt, nếu không ôm cua thì lại chênh qua phía Shop House chứ không đi thẳng vào đường giữa.
Đề xuất: Thực sự thấy không cần thiết, nếu không bắt buộc thì đề nghị gỡ bỏ.","Kết quả xử lý
Ban Quản lý dự án Đầu tư xây dựng và Phát triển đô thị thành phố Huế
Kính gửi: Quý Ông/Bà.
Vấn đề quý Ông/Bà phản ánh, Ban QLDA Đầu tư xây dựng và Phát triển đô thị (Ban QLDA) xin thông báo kết quả như sau:
Tuyến đường Âu Lạc đi ngang qua Khu nhà ở An Đông hiện đang do Ban QLDA quản lý; qua kiểm tra, việc lắp mới 01 vòng xuyến giữa tuyến đường do Công ty cổ phần Đầu tư An Dương tự ý lắp đặt mà không được sự đống ý của đơn vị quản lý, Ban QLDA đã có Công văn số 517/BĐTPT-QLĐT ngày 17/03/2025 yêu cầu tháo dỡ, đến nay Chủ đầu tư đã tháo dỡ vòng xuyến không đúng quy định (ảnh chụp kèm theo).
Chân thành cảm ơn quý Ông/Bà.
Trân trọng./.
1/2
12
Hạn xử lý: 16/03/2026
Ngày xử lý: 23/03/2026",Đã xử lý,https://tuongtac.hue.gov.vn/phan-anh/kien-nghi-xem-xet-lai-viec-lap-dat-vong-xuyen-tai-tuyen-duong-au-lac-a216465.html
362,Hue,06:23 25/02/2026,"Dây điện đèn đường đi ngang qua mái nhà dân 70 Nguyễn Hữu Dật, Kim Long, Huế. Đề nghị chuyển ra sát đường.","Kết quả xử lý
Trung tâm Quản lý và Khai thác hạ tầng thành phố Huế
Kính gửi: Quý Ông/Bà.
Vấn đề quý Ông/Bà phản ánh, Trung tâm Quản lý và Khai thác Hạ tầng thành phố Huế xin thông báo kết quả như sau:
Sau khi nhận được phản ánh, Trung tâm đã tiến hành phối hợp Công ty CP Môi trường và Công trình đô thị Huế kiểm tra vị trí quý Ông/Bà phản ánh. Đến nay, công tác lắp bổ sung cột điện để chuyển cáp đã hoàn thành (Đính kèm hình ảnh).
Chân thành cảm ơn quý Ông/Bà.
Trân trọng./.
Hạn xử lý: 06/03/2026
Ngày xử lý: 04/03/2026",Đã xử lý,https://tuongtac.hue.gov.vn/phan-anh/kien-nghi-di-doi-day-dien-tai-70-nguyen-huu-dat-a216459.html
363,Hue,22:44 24/02/2026,"Một đoạn đường liên thôn, dài khoảng 120m (vạch đỏ trên bản đồ) ở thôn Đông An (xã Lộc Điền cũ), xã Lộc An, để hoang phế, gây ô nhiễm môi trường. Kính đề nghị chính quyền xã Lộc An quan tâm phát quang, thông thoáng, đảm bảo môi trường xanh sạch, để tiện việc giao thông của nhân dân. Cám ơn.","Kết quả xử lý
Xã Lộc An
Kính gửi: Quý Ông/Bà.
Vấn đề quý Ông/Bà phản ánh, UBND xã Lộc An xin thông báo kết quả như sau:
Sau khi tiếp nhận phản ánh của người dân, UBND xã Lộc An đã chỉ đạo Phòng Kinh tế phối hợp với Trung tâm Dịch vụ sự nghiệp công xã, Ban quản lý thôn Đông An tiến hành kiểm tra tại thực địa theo nội dung phản ánh (có biên bản làm việc và ảnh kèm theo).
Đối với nội dung này, qua kiểm tra, làm việc cho thấy hiện trạng con đường đã từ lâu các hộ dân không đi trên con đường này nên dẫn đến cây cối mọc trên đường và một số hộ tận dụng để trồng một số cây trên đường. Tại buổi làm việc, UBND xã Lộc An đã thống nhất sẽ lồng ghép vào chương trình ""Chủ nhật xanh"" hàng tuần để huy động nhân dân trong thôn tiến hành dọn dẹp, phát quang trả lại hiện trạng con đường như trước đây.
Chân thành cảm ơn quý Ông/Bà.
Trân trọng./. 
File đính kèm:
Hạn xử lý: 06/03/2026
Ngày xử lý: 05/03/2026",Đã xử lý,https://tuongtac.hue.gov.vn/phan-anh/kien-nghi-mo-duong-duong-lien-thon-tai-thon-dong-an-a216456.html
364,Hue,14:48 24/02/2026,"Kiến nghị UBND Phường Vỹ Dạ, Sở Giao thông Vận tải Thành phố Huế, cho sơn kẻ lại vạch kẻ đường, ốp lát lại vỉa hè tại giao lộ Tố Hữu - Lê Quang Đạo - Lý Tự Trọng. Hiện nay vạch kẻ đường tại giao lộ đã trôi lớp phản quang, vỉa hè mọc cỏ quá nhiều gây ảnh hưởng đến người đi bộ di chuyển. Mong cơ quan chức năng cho xử lý.","Kết quả xử lý
Trung tâm Quản lý và Khai thác hạ tầng thành phố Huế
Kính gửi: Quý Ông/Bà.
Vấn đề quý Ông/Bà phản ánh, Trung tâm Quản lý và Khai thác hạ tầng thành phố Huế xin thông báo kết quả như sau:
Nút giao Tố Hữu - Lê Quang Đạo - Lý Tự Trọng do UBND phường Vỹ Dạ đầu tư đang thực hiện lắp đặt đèn tín hiệu giao thông và sẽ sơn lại vạch nút giao này.
Phản ánh vỉa hè xung quanh nút giao này bị hư hỏng, Trung tâm đã kiểm tra và đưa vào kế hoạch sửa chữa trong Quý II/2026.
Chân thành cảm ơn quý Ông/Bà.
Trân trọng./.
Hạn xử lý: 18/03/2026
Ngày xử lý: 17/03/2026",Đã xử lý,https://tuongtac.hue.gov.vn/phan-anh/son-ke-lai-vach-ke-duong-tai-giao-lo-to-huu---le-quang-dao---ly-tu-trong-a216422.html
365,Hue,13:27 24/02/2026,"Vỉa hè bị sụt lún trước số nhà 382 Lê Duẩn, phường Phú Xuân, thành phố Huế gây cản trở người đi lại. Kính mong cơ quan chức năng xử lý.","Kết quả xử lý
Trung tâm Quản lý và Khai thác hạ tầng thành phố Huế
Kính gửi: Quý Ông/Bà.
Vấn đề quý Ông/Bà phản ánh, Trung tâm Quản lý và Khai thác Hạ tầng thành phố Huế xin thông báo kết quả như sau:
Sau khi nhận được phản ánh, Trung tâm đã tiến hành kiểm tra. Vị trí Ông/Bà phản ánh thuộc Dự án Chỉnh trang vỉa hè đường Lê Duẩn (đoạn từ Kim Long đến Cống Chém) do Trung tâm Công viên cây xanh làm chủ đầu tư theo Quyết định số 1075/QĐ-UBND ngày 27/3/2025 của UBND quận Phú Xuân (cũ). Dự kiến thời gian thực hiện từ ngày khởi công 27/2/2026 đến ngày 24/12/2026. 
Chân thành cảm ơn quý Ông/Bà.
Trân trọng./.
Hạn xử lý: 05/03/2026
Ngày xử lý: 04/03/2026",Đã xử lý,https://tuongtac.hue.gov.vn/phan-anh/via-he-bi-sut-lun-truoc-382-le-duan-a216410.html
366,Hue,12:22 24/02/2026,"Cống tắc nghẹt rất lâu rồi, mong môi trường đô thị xử lý tại 17 Trương Thiều, phường Thuận An","Kết quả xử lý
Phường Thuận An
Kính gửi: Quý Ông/Bà.
Vấn đề quý Ông/Bà phản ánh, UBND phường Thuận An xin thông báo kết quả như sau:
Sau khi nhận được phản ánh, UBND phường Thuận An đã chỉ đạo Phòng Kinh tế, Hạ tầng và Đô thị phường tiến hành kiểm tra thực tế và tham mưu UBND phường ban hành công văn số 572/UBND-KTHT&ĐT ngày 13/3/2026 gửi Trung tâm Quản lý và Khai thác Hạ tầng thành phố Huế hỗ trợ xử lý hệ thống cống bị tắt nghẹt tại đoạn đường số 17 Trương Thiều, phường Thuận An. (Đính kèm công văn)
Chân thành cảm ơn quý Ông/Bà.
Trân trọng.
File đính kèm:
Hạn xử lý: 11/03/2026
Ngày xử lý: 13/03/2026",Đã xử lý,https://tuongtac.hue.gov.vn/phan-anh/cong-tac-nghet-tai-17-truong-thieu-a216402.html
367,Hue,09:28 24/02/2026,"Phản ánh nắp hố ga bị sập, lộ khung sắt thép, gây nguy hiểm cho người tham gia giao thông, đặc biệt vào ban đêm.
Vị trí tại tổ 8 Tam Thai, phường An Cựu, TP Huế (ngay trước số nhà 30 Tam Thai).
Đề nghị cơ quan chức năng kiểm tra và xử lý sớm để đảm bảo an toàn.","Kết quả xử lý
Viettel Huế
Kính gửi: Quý Ông/Bà.

Vấn đề quý Ông/Bà phản ánh, Viettel Huế xin thông báo kết quả như sau:

Sau khi nhận được phản ánh, Viettel Huế đã kiểm tra và cho đúc đan để thay thế. Đến nay đã khắc phục hoàn thành (Đính kèm hình ảnh).

Chân thành cảm ơn quý Ông/Bà.

Trân trọng./.
Hạn xử lý: 05/03/2026",Đã xử lý,https://tuongtac.hue.gov.vn/phan-anh/kien-nghi-sua-chua-nap-cong-tai-30-tam-thai-a216380.html
368,Hue,08:47 24/02/2026,"Đoạn đường 627 Lạc Long Quân, xã Chân Mây - Lăng Cô, phía Bắc hầm Hải Vân gần trạm thu phí, đoạn đường rất nguy hiểm gồ ghề làm rung và nứt nhà của người dân, đã phản ánh nhưng chỉ làm sơ xài, làm rung nhà và ảnh hưởng tới người già và người bệnh. Hình ảnh được chụp và quay vào ngày 24/2/2026. Đề nghị cấp trên có phương án giải quyết để người dân yên tâm hơn.","Kết quả xử lý
Văn phòng Quản lý đường bộ II.5
Kính gửi: Quý Ông/Bà.
Vấn đề quý Ông/Bà phản ánh, Văn phòng Quản lý đường bộ II.5 (Văn phòng) xin thông báo kết quả như sau:
Văn phòng đã chỉ đạo Công ty CP Đầu tư Đèo Cả thường xuyên sửa chữa, bù phụ mặt đường bị hư hỏng đoạn nút giao phía Bắc Trạm thu phí Hải Vân để đảm bảo giao thông, đồng thời có kế hoạch cào bóc, thảm lại mặt đường. Dự kiến đơn vị sẽ triển khai thi công trong tháng 3/2026.
Chân thành cảm ơn quý Ông/Bà.
Trân trọng./.
Hạn xử lý: 05/03/2026
Ngày xử lý: 10/03/2026",Đã xử lý,https://tuongtac.hue.gov.vn/phan-anh/kien-nghi-sua-chua-duong-tai-627-lac-long-quan-a216373.html
369,Hue,18:39 23/02/2026,"V/v: Đường hẹp, mật độ phương tiện giao thông cao, gây ùn tắt và nguy hiểm khi xe ô tô và xe máy đi ngược chiều
1. Tình trạng: Đường này được đổ bê tông từ khoảng năm 2000 theo hình thức Dân và nhà nước cùng đóng góp. Đến nay đã xuống cấp và nhiều lần Tu viện Thiên trúc tự đổ và Thiền đường Huệ Quang đổ. Tuy nhiên còn thực trạng như sau:
- Nhiều đoạn xuống cấp nặng chưa được nâng cấp;
- Nhiều đoạn chưa đổ bê tông;
- Xe trọng tải lớn phục vụ cho việc vận chuyển cây xanh, chở đất phục vụ hoạt động sản xuất kinh doanh của Lâm Trường Tiền Phong cũng như xe ô tô giao thông ra vào thì người đi xe máy ngược chiều rất nguy hiểm và dễ xảy ra tai nạn giao thông
- Lưu lượng giao thông kiệt này đã tăng lên rất nhiều và xe ô tô chạy nhiều
(Đính kèm là hình ảnh chi tiết kèm ghi chú)

2. Đề nghị:
- Lâm Trường Tiền Phong cùng phối hợp hỗ trợ việc di dời hàng rào vào sát mương nước (khoảng cách hở này thực chất không dùng để sản xuất kinh doanh) để cùng di dời hàng rào vào trong (thi công đơn giản, tiến độ cũng sẽ rất nhanh)
- Sau khi di dời hàng rào, đề nghị UBND phường Thuỷ Xuân khảo sát để đổ bê tông mở rộng, nâng cấp.
(Đường Đại Nam, Kiệt có Thiền đường Huệ Quang và Tu viện Thiên Trúc và dọc theo Vườn Ươm Lâm Trường Tiền Phong, P. Thuỷ Xuân, Tp. Huế)","Kết quả xử lý
Phường Thủy Xuân
Kính gửi: Quý Ông/Bà.
Vấn đề quý Ông/Bà phản ánh, UBND phường Thủy Xuân xin thông báo kết quả như sau:
UBND phường đã chỉ đạo Trung tâm Dịch vụ sự nghiệp công tiến hành khảo sát, đánh giá thực trạng. Trung tâm Dịch vụ sự nghiệp công đã tổ chức kiểm tra thực địa, khảo sát tuyến đường Đại Nam (kiệt Thiền đường Huệ Quang). Qua khảo sát, tuyến đường hiện nay đã xuống cấp. Trung tâm đã có Tờ trình số 32 ngày 23/3/2026 gửi UBND phường để kiến nghị đưa vào danh mục đầu tư công trung hạn.
Trong thời gian tới, UBND phường sẽ chỉ đạo các phòng, ban chuyên môn xây dựng kế hoạch, sớm đưa tuyến đường vào đầu tư nhằm đảm bảo việc đi lại thuận lợi cho người dân.
UBND phường thông tin để Quý Ông/Bà được biết.
Chân thành cảm ơn Quý Ông/Bà.
Trân trọng./.
Hạn xử lý: 04/03/2026
Ngày xử lý: 24/03/2026",Đã xử lý,https://tuongtac.hue.gov.vn/phan-anh/kien-nghi-nang-cap-duong-dai-nam-kiet-thien-duong-hue-quang-a216329.html
370,Hue,17:46 23/02/2026,"Đề nghị đốn hạ cây phượng trước nhà 582 Lê Duẩn, mang số hiệu phượng đỏ 682. Cây đã bị sâu mọt rổng ruột tới phần bên kia. Có thể sập bất cứ lúc nào, vì an toàn người dân xin hãy đốn hạ.","Kết quả xử lý
Trung tâm Công viên cây xanh thành phố Huế
Kính gửi: Quý Ông/Bà.
Vấn đề quý Ông/Bà phản ánh, Trung tâm Công viên Cây xanh thành phố Huế xin thông báo kết quả như sau:
Trung tâm đã chặt hạ cây phượng mục thân tại 582 Lê Duẩn để đảm bảo an toàn cho người dân và các phương tiện tham gia giao thông (đính kèm hình ảnh.)
Chân thành cảm ơn quý Ông/Bà.
Trân trọng./.
  Hạn xử lý: 04/03/2026
Ngày xử lý: 06/03/2026",Đã xử lý,https://tuongtac.hue.gov.vn/phan-anh/de-nghi-don-ha-cay-phuong-truoc-nha-582-le-duan-a216323.html
371,Hue,10:28 23/02/2026,"Vào lúc 7h00 ngày 23/2/2026 cần khắc phục đèn giao thông bị lỗi tại ngã 4 Võ Nguyên Giáp - Hoàng Quốc Việt, phường An Cựu, Tp Huế.","Kết quả xử lý
Trung tâm Quản lý và Khai thác hạ tầng thành phố Huế
Kính gửi Quý Ông/Bà.
Vấn đề quý Ông/Bà phản ánh, Trung tâm Quản lý và Khai thác hạ tầng thành phố Huế xin thông báo kết quả như sau:
Trung tâm đã tiến hành kiểm tra và yêu cầu đơn vị quản lý, bảo trì thay mới toàn bộ các bộ đèn tín hiệu giao thông thường xuyên bị lỗi. Trong thời gian chờ thiết bị để lắp đặt, Trung tâm sẽ triển khai cho tháo các bộ đèn lỗi để tránh nhầm lẫn. Dự kiến công tác khắc phục sẽ hoàn thành trước ngày 15/3/2026. Rất mong quý Ông/Bà thông cảm và chia sẻ.
Chân thành cảm ơn quý Ông/Bà.
Trân trọng./.
Hạn xử lý: 04/03/2026
Ngày xử lý: 04/03/2026",Đã xử lý,https://tuongtac.hue.gov.vn/phan-anh/den-tin-hieu-giao-thong-bi-loi-tai-tai-nga-4-vo-nguyen-giap---hoang-quoc-viet-a216296.html
372,Hue,00:00 23/02/2026,"Cột mạng VNPT bị gãy rất nguy hiểm có thể đổ ra đường bất cứ lúc nào, địa chỉ: Gần tạp hoá Nhật Tân, đội 1, thôn Nghĩa Lập, xã Phú Gia, huyện Phú Vang, tỉnh Thừa Thiên Huế. Kính mong các cơ quan chức năng can thiệp xử lý để đảm bảo an toàn cho người dân.","Kết quả xử lý
Xã Phú Vang
Kính gửi: Quý Ông/Bà.
Vấn đề quý Ông/Bà phản ánh, UBND xã Phú Vang đã chỉ đạo Phòng Kinh tế tiến hành kiểm tra, xác minh và xin thông báo kết quả như sau:
Qua buổi kiểm tra, xác minh vị trí phản ánh tại Đội 1, thôn Nghĩa Lập, xã Phú Vang, thành phố Huế có 01 trụ điện phục vụ kéo dây mạng của đơn vị VNPT Huế đã bị trong bóc lớp bê tông nghiêng, dễ bị đổ ngã gây mất an toàn cho người dân.
Tại buổi làm việc, đại diện VNPT Huế cam kết thay thế bằng cột mới nhằm đảm bảo an toàn với bằng phương án nhổ cột trụ cũ thay trụ mới. Thời gian thực hiện hoàn thành trước ngày 07/3/2026. (Đính kèm biên bản)
Chân thành cảm ơn quý Ông/Bà.
Trân trọng./.
File đính kèm:
1/2
12
Hạn xử lý: 04/03/2026
Ngày xử lý: 04/03/2026",Đã xử lý,https://tuongtac.hue.gov.vn/phan-anh/cot-mang-vnpt-bi-gay-tai-doi-1-thon-nghia-lap-a169710.html
373,Hue,00:00 23/02/2026,"Kiệt 33 An Dương Vương ranh giới giữa phường An Cựu và phường An Đông, trước số nhà 32 có cột điện bên đường kiệt nhỏ hẹp và góc cua. Rất nguy hiểm cho các phương tiện giao thông, kính mong cơ quan chức năng xem xét cắt bỏ, di dời, đảm bảo an toàn cho người dân tham gia giao thông. Cám ơn.","Kết quả xử lý
Phường An Cựu
Kính gửi: Quý Ông/Bà.
Vấn đề quý Ông/Bà phản ánh, UBND phường An Cựu xin thông báo kết quả như sau:
Phòng Kinh tế, hạ tầng và Đô thị phường An Cựu đã có công văn gửi các đơn vị viễn thông liên quan để xử lý (Có Văn bản kèm theo).
Chân thành cảm ơn quý Ông/Bà.
Trân trọng./.
Hạn xử lý: 05/03/2026
Ngày xử lý: 09/03/2026",Đã xử lý,https://tuongtac.hue.gov.vn/phan-anh/di-doi-cot-vien-thong-tai-32-33-an-duong-vuong-a157876.html
374,Hue,16:12 22/02/2026,"Dây điện và dây mạng chằng vào mái tôn, rất nguy hiểm. Kính mong cơ quan có thẩm quyền sớm kiểm tra và xử lý.
Địa chỉ: 12/61 Lê Thanh Nghị, phường Hương Thủy, thành phố Huế.","Kết quả xử lý
Sở Khoa học và Công nghệ
Kính gửi: Quý Ông/Bà
Vấn đề quý Ông/Bà phản ánh, Sở Khoa học và Công nghệ đã chỉ đạo các doanh nghiệp viễn thông tiến hành kiểm tra và xử lý tại vị trí nêu trên (hình ảnh đính kèm).
Chân thành cảm ơn quý Ông/Bà.
Trân trọng./.
  Hạn xử lý: 04/03/2026
Ngày xử lý: 05/03/2026",Đã xử lý,https://tuongtac.hue.gov.vn/phan-anh/day-dien-va-day-mang-sa-vao-mai-ton-tai-12-61-le-thanh-nghi-a216243.html
375,Hue,10:00 22/02/2026,"Vào lúc 9h30 ngày 22/02/2026 trước số nhà 87 Đặng Huy Trứ, phường Thuận Hóa, cột biển báo giao thông tự đỗ may không va vào người đi đường, người dân đã buộc tạm vào cột đèn giao thông. Kính mong cơ quan chức năng kiểm tra xử lý, đặc biệt là các cột biển báo khác có nguy cơ gãy đỗ, gây nguy hiểm cho người đi đuòng. Ảnh chụp lúc 9h40 ngày 22/02/2026.","Kết quả xử lý
Trung tâm Quản lý và Khai thác hạ tầng thành phố Huế
Kính gửi: Quý Ông/Bà.
Vấn đề quý Ông/Bà phản ánh, Trung tâm Quản lý và Khai thác Hạ tầng thành phố Huế xin thông báo kết quả như sau:
Sau khi nhận được phản ánh, Trung tâm đã tiến hành kiểm tra và tổ chức sửa chữa. Đến nay, công tác sửa chữa, khắc phục đã hoàn thành (Hình ảnh đính kèm).
Chân thành cảm ơn quý Ông/Bà.
Trân trọng./.
Hạn xử lý: 04/03/2026
Ngày xử lý: 04/03/2026",Đã xử lý,https://tuongtac.hue.gov.vn/phan-anh/cot-bien-bao-giao-thong-hu-hong-tai-87-dang-huy-tru-a216216.html
376,Hue,07:40 22/02/2026,"Kiệt 59/7 Nguyễn Hữu Dật, phường Kim Long, cây cối lùm xùm lấn chiếm lòng lề đường gây cản trở tầm nhìn giao thông qua lại. Kính mong cơ quan chức năng kiểm tra, xử lý.","Kết quả xử lý
Phường Kim Long
Kính gửi: Quý Ông/Bà.
Vấn đề quý Ông/Bà phản ánh, UBND phường Kim Long xin thông báo kết quả như sau:
Sau khi UBND phường Kim Long đã nhận được phản ánh đã chỉ đạo đơn sự nghiệp dịch vụ công của phường tiến hành xử lý phát quang đảm bảo tầm nhìn (đính kèm hình ảnh).
Chân thành cảm ơn quý Ông/Bà.
Trân trọng./.
1/2
12
Hạn xử lý: 04/03/2026
Ngày xử lý: 27/02/2026",Đã xử lý,https://tuongtac.hue.gov.vn/phan-anh/kien-nghi-cat-tia-cay-tai-kiet-59-7-nguyen-huu-dat-a216212.html
377,Hue,21:46 21/02/2026,"Thanh sắt chìa ra ở cột điện tại địa chỉ 67 Phạm Văn Đồng (ngay trước quán Chóp Thái) quá nguy hiểm cho người đi đường. Đi vấp chân sẽ gây chấn thương. Đơn vị lắp đặt cột điện có dụng ý gì khi để thanh sắt như vậy hay đây là sự tắt trách khi thi công?
Đơn vị thi công liệu có quá bàn quan với an toàn của người dân hay không?","Kết quả xử lý
Ban Quản lý Dự án Đầu tư xây dựng khu vực 1
Kính gửi: Quý Ông/Bà.
Vấn đề quý Ông/Bà phản ánh, Ban Quản lý dự án Đầu tư xây dựng khu vực 1 (Ban QLDA) xin thông báo kết quả như sau:
Ban QLDA đã chỉ đạo Tư vấn, Nhà thầu xử lý tại vị trí quý Ông/Bà phản ánh. Ngày 25/2/2026, Nhà thầu đã hoàn thành công tác xử lý vị trí nêu trên.
Chân thành cảm ơn quý Ông/Bà.
Trân trọng./.
Hạn xử lý: 04/03/2026
Ngày xử lý: 26/02/2026",Đã xử lý,https://tuongtac.hue.gov.vn/phan-anh/thanh-sat-chia-ra-o-cot-dien-tai-dia-chi-67-pham-van-dong-a216202.html
378,Hue,10:08 19/02/2026,"Cây khô nằm chắn đường gây nguy hiểm cho người dân tham gia giao thông tại ngã 3 đình làng An Truyền, TDP An Truyền, phường Mỹ Thượng , thành phố Huế","Kết quả xử lý
Phường Mỹ Thượng
Kính gửi: Quý Ông/Bà.
Vấn đề quý Ông/Bà phản ánh, UBND phường Mỹ Thượng xin thông báo kết quả như sau:
Liên quan đến nội dung phản ánh, UBND phường đã tiến hành kiểm tra ghi nhận: UBND phường đã chỉ đạo các phòng ban chuyên môn liên quan phối hợp với Tổ dân phố An Truyền tiến hành thu dọn các cành cây khô, để phía trước Đình làng An Truyền gây cản trở người và phương tiện đi lại, làm mất mỹ quan đô thị. (Đính kèm hình ảnh)
Chân thành cảm ơn quý Ông/Bà.
Trân trọng./.
  Hạn xử lý: 03/03/2026
Ngày xử lý: 25/02/2026",Đã xử lý,https://tuongtac.hue.gov.vn/phan-anh/cay-kho-nam-chan-duong-gay-nguy-hiem-tai-nga-ba-dinh-lang-an-truyen-a216062.html
379,Hue,10:01 19/02/2026,"Dây điện sà xuống mặt đường, nguy hiểm cho người lưu thông tại 321 Bùi Thị Xuân.","Kết quả xử lý
Sở Khoa học và Công nghệ
Kính gửi: Quý Ông/Bà
Vấn đề quý Ông/Bà phản ánh, Sở Khoa học và Công nghệ đã chỉ đạo các doanh nghiệp viễn thông tiến hành kiểm tra và xử lý tại vị trí nêu trên (hình ảnh đính kèm).
Chân thành cảm ơn quý Ông/Bà.
Trân trọng./.
Hạn xử lý: 03/03/2026
Ngày xử lý: 04/03/2026",Đã xử lý,https://tuongtac.hue.gov.vn/phan-anh/day-dien-vien-thong-sa-xuong-mat-duong-tai-321-bui-thi-xuan-a216061.html
380,Hue,19:06 16/02/2026,Trụ điện cạnh nhà 269 Chi Lăng bị sự cố. Nhờ điện lực về xử lý cả cháy.,"Kết quả xử lý
Công ty Điện lực Huế
Kính gửi: Quý Ông/Bà.
Vấn đề quý Ông/Bà phản ánh, Công ty Điện lực Huế xin thông báo kết quả như sau:
Đội quản lý điện Bắc Sông Hương đã xử lý ngay trong đêm 16/02/2026 (đêm 29 Tết).
Chân thành cảm ơn quý Ông/Bà.
Trân trọng./.
Hạn xử lý: 03/03/2026
Ngày xử lý: 26/02/2026",Đã xử lý,https://tuongtac.hue.gov.vn/phan-anh/tru-dien-canh-nha-269-chi-lang-bi-su-co-a215978.html
381,Hue,18:48 16/02/2026,"Đêm 29 Tết (16/02/2026), khu vực Thôn Trung Chánh, Xã Lộc An, huyện Phú Lộc xảy ra tình trạng mất điện, điện sụt áp đo được chỉ khoảng 100V, mất hết điện chiếu sáng đèn đường. Việc này ảnh hưởng đến các thiết bị điện và sinh hoạt của người dân. Đề nghị Điện lực Phú Lộc kiểm tra và xử lý sớm. Xin cảm ơn.","Kết quả xử lý
Trung tâm Quản lý và Khai thác hạ tầng thành phố Huế
Kính gửi: Quý Ông/Bà.
Vấn đề quý Ông/Bà phản ánh, Trung tâm Quản lý và Khai thác Hạ tầng thành phố Huế xin thông báo kết quả như sau:
Sau khi nhận được phản ánh, Trung tâm đã tiến hành kiểm tra và sửa chữa. Đến nay, công tác sửa chữa, khắc phục đã hoàn thành. (Đính kèm hình ảnh)
Chân thành cảm ơn quý Ông/Bà.
Trân trọng./.
Hạn xử lý: 12/03/2026
Ngày xử lý: 04/03/2026",Đã xử lý,https://tuongtac.hue.gov.vn/phan-anh/kiem-tra-dien-sinh-hoat-tai-thon-trung-chanh-xa-loc-an-a215975.html
382,Hue,17:06 16/02/2026,"Kính gửi cơ quan chức năng. Tại kiệt 57 Bao Vinh, cột trụ điện trước số nhà 11 hiện có hộp điện bị bung nắp, rỉ sét, tiềm ẩn nguy cơ mất an toàn cho người dân trong khu vực. Kính mong cơ quan chức năng sớm kiểm tra và có biện pháp khắc phục để đảm bảo an toàn. Xin chân thành cảm ơn.!","Kết quả xử lý
VNPT Huế
Kính gửi: Quý Ông/Bà.
Vấn đề quý Ông/Bà phản ánh, VNPT Huế xin thông báo kết quả như sau:
VNPT Huế đã kiểm tra và xử lý vấn đề người dân phản ánh tại vị trí trên (Đính kèm hình ảnh).
Chân thành cảm ơn quý Ông/Bà.
Trân trọng./.
Hạn xử lý: 03/03/2026
Ngày xử lý: 12/03/2026",Đã xử lý,https://tuongtac.hue.gov.vn/phan-anh/hop-dien-vien-thong-bi-bung-nap-tai-kiet-57-bao-vinh-a215963.html
383,Hue,13:48 16/02/2026,Đèn tín hiệu giao thông bị lỗi tại nút giao Võ Chí Công- An Dương Vương. Kiến nghị khắc phục gấp,"Kết quả xử lý
Trung tâm Quản lý và Khai thác hạ tầng thành phố Huế
Kính gửi: Quý Ông/Bà.
Vấn đề quý Ông/Bà phản ánh, Trung tâm Quản lý và Khai thác Hạ tầng thành phố Huế xin thông báo kết quả như sau:
Sau khi nhận được phản ánh, Trung tâm đã tiến hành kiểm tra và sửa chữa. Đến nay, công tác sửa chữa, khắc phục đã hoàn thành. (Đính kèm hình ảnh)
Chân thành cảm ơn quý Ông/Bà.
Trân trọng./.
1/2
12
Hạn xử lý: 03/03/2026
Ngày xử lý: 16/02/2026",Đã xử lý,https://tuongtac.hue.gov.vn/phan-anh/den-tin-hieu-giao-thong-bi-loi-tai-nut-giao-vo-chi-cong--an-duong-vuong-a215957.html
384,Hue,16:24 14/02/2026,"Kiến nghị cắt tỉa cây xanh che khuất cổng xóm 6, thôn Khuông Phò Đông, xã Quảng Điền, thành phố Huế.","Kết quả xử lý
Xã Quảng Điền
Kính gửi: Quý Ông/Bà.
Vấn đề Quý Ông/Bà phản ánh, UBND xã Quảng Điền xin thông báo kết quả như sau:
Sau khi tiếp nhận thông tin phản ánh, UBND xã đã chỉ đạo Trung tâm Dịch vụ sự nghiệp công xã tiến hành kiểm tra, xử lý nhằm bảo đảm cảnh quan chung. Chiều ngày 25/02/2026, Trưởng thôn cùng với người dân xóm 6, thôn Khuông Phò Đông đã tiến hành cắt tỉa cây xanh (có hình ảnh kèm theo).
UBND xã đề nghị bà con Nhân dân khi có nhu cầu cắt tỉa cây xanh cần huy động người dân trong xóm cùng tham gia thực hiện; đồng thời phải bảo đảm giữ gìn vệ sinh môi trường, góp phần bảo đảm cảnh quan chung. 
Chân thành cảm ơn Quý Ông/Bà.
Trân trọng./.
1/2
12
Hạn xử lý: 03/03/2026
Ngày xử lý: 26/02/2026",Đã xử lý,https://tuongtac.hue.gov.vn/phan-anh/kien-nghi-cat-tia-cay-xanh-che-khuat-cong-xom-6-thon-khuong-pho-dong-a215849.html
385,Hue,16:06 14/02/2026,"Kiệt 11 thôn Vĩnh Lương Khê, xã Phú Hồ hiện tại đường dây điện kéo ngang nhà dân rất nguy hiểm, đề nghị chính quyền cung cấp cho đường dây rẽ nhánh để sự an toàn cho nhà dân, xin chân thành cảm ơn.","Kết quả xử lý
Xã Phú Hồ
Kính gửi: Quý Ông/Bà.
Vấn đề quý Ông/Bà phản ánh, UBND xã Phú Hồ xin thông báo kết quả như sau:
Qua phản ánh, UBND xã Phú Hồ chỉ đạo Phòng Kinh tế xã đã tiến hành kiểm tra thực tế. Sau khi kiểm tra, UBND xã đã làm việc với Điện lực Phú Vang để rà soát, xem xét bố trí đầu tư tuyến rẽ nhánh trong thời gian tới, đảm bảo đấu nối và an toàn về điện.
Chân thành cảm ơn quý Ông/Bà.
Trân trọng./.
Hạn xử lý: 04/03/2026
Ngày xử lý: 03/03/2026",Đã xử lý,https://tuongtac.hue.gov.vn/phan-anh/kien-nghi-xu-ly-day-dien-tai-kiet-11-thon-vinh-luong-khe-a215846.html
386,Hue,14:36 14/02/2026,"Tại nút giao An Dương Vương - Hồ Đắc Di, mỗi khi đèn đỏ (theo trục An Dương Vương) thì đèn báo dành cho người đi bộ lại sáng cả 2 hình xanh và đỏ. Tình trạng tồn tại chắc cũng hơn 1 tuần mà chưa ai khắc phục
(Hình chụp lúc 10:13 ngày 13/02/2026.
Lúc 11:20 hôm nay 14/02, hiện tượng này vẫn còn)
Đề nghị đơn vị quản lý cho sửa kẻo Tết đến nơi, xe cộ đông, nếu vì đèn báo không rõ ràng mà xảy ra tai nạn thì thật tội nghiệp người đi bộ qua đường!","Kết quả xử lý
Văn phòng Quản lý đường bộ II.5
Kính gửi: Quý Ông/Bà.
Vấn đề quý Ông/Bà phản ánh, Văn phòng Quản lý đường bộ II.5 xin thông báo kết quả như sau:
Đèn tín hiệu giao thông tại nút giao đường An Dương Vương - đường Hồ Đắc Di bị lỗi tín hiệu đèn báo người đi bộ sang đường. Văn phòng đã chỉ đạo đơn vị thi công khẩn trương sửa chữa khắc phục. Đến ngày 05/3/2026, đơn vị thi công đã thay thế thiết bị hoàn thành. (Đính kèm hình ảnh)
Chân thành cảm ơn quý Ông/Bà.
Trân trọng./.
1/4
1234
Hạn xử lý: 03/03/2026
Ngày xử lý: 10/03/2026",Đã xử lý,https://tuongtac.hue.gov.vn/phan-anh/kien-nghi-khac-phuc-den-thgt-tai-nut-giao-an-duong-vuong---ho-dac-di-a215843.html
387,Hue,20:02 13/02/2026,"Mong cơ quan chức năng điều chỉnh lại hệ thống đèn đỏ khu vực Lê Duẩn, mỗi lần có tàu đi qua mặc dù không đi qua đường Kim Long nhưng vẫn không thể nào rẽ trái được. Kính mong cơ quan chức năng xem xét điều chỉnh cho hợp lý.
Ảnh chụp lúc 15:47 ngày 13/02/2026","Kết quả xử lý
Ban quản lý dự án đầu tư xây dựng Chương trình phát triển các đô thị loại II (các đô thị xanh)
Kính gửi: Quý Ông/Bà.
Vấn đề quý Ông/Bà phản ánh, Ban quản lý dự án đầu tư xây dựng Chương trình phát triển các đô thị loại II (các đô thị xanh) – dự án thành phần Thừa Thiên Huế (Ban QLDA) xin thông báo kết quả như sau:
Việc bố trí đèn tín hiệu giao thông tại vị trí nút giao với mục đích giảm xung đột các dòng phương tiện tham gia giao thông, đảm bảo an toàn giao thông tại vị trí nút giao.
Theo đề xuất của Ông/Bà khi chờ tàu nên bật đèn xanh tại cột đèn trên đường Lê Duẩn hướng rẽ trái lên cầu Dã Viên là không hợp lý gây ra xung đột giữa dòng xe trên đường Lê Duẩn rẽ trái lên cầu Phú Xuân và dòng xe đi thẳng trên cầu Dã Viên đi phía Bắc.
Việc bố trí hệ thống đèn như hiện tại giảm thiểu ùn tắc tại gác chắn Kim Long. Mặt khác, tại vị trí đèn đỏ trên đường Lê Duẩn hướng rẽ trái sang cầu Dã Viên đã bố trí làn chờ rẽ trái theo quy định và đã được Khu Quản lý đường bộ 2 chấp thuận phương án thiết kế và cấp phép thi công. 
Chân thành cảm ơn quý Ông/Bà.
Trân trọng./.
Hạn xử lý: 04/03/2026
Ngày xử lý: 03/03/2026",Đã xử lý,https://tuongtac.hue.gov.vn/phan-anh/kien-nghi-dieu-chinh-lai-he-thong-den-do-khu-vuc-le-duan-a215794.html
388,Hue,15:50 12/02/2026,"Đường dây mạng đoạn đường số 22, phường Trường Thi, Kim Trà sà xuống đường nguy hiểm. Kính mong cơ quan chức năng nhắc nhở đơn vị viễn thông chấn chỉnh.","Kết quả xử lý
Sở Khoa học và Công nghệ
Kính gửi: Quý Ông/Bà. 
Vấn đề quý Ông/Bà phản ánh, Sở Khoa học và Công nghệ đã chỉ đạo các doanh nghiệp viễn thông tiến hành kiểm tra và xử lý tại vị trí phản ánh (hình ảnh đính kèm).
Chân thành cảm ơn quý Ông/Bà.
Trân trọng./.
Hạn xử lý: 02/03/2026
Ngày xử lý: 13/02/2026",Đã xử lý,https://tuongtac.hue.gov.vn/phan-anh/day-mang-duong-so-22-truong-thi-sa-xuong-duong-a215726.html
389,Hue,15:36 12/02/2026,"Liên quan công trình mở rộng đường Đông Du (phường Phong Điền), trước đó UBND phường đã thông báo dự kiến thi công trở lại từ ngày 27/01/2026 và hoàn thành ngày 11/02/2026. Tuy nhiên đến nay (12/02/2026), thực tế tại hiện trường vẫn chưa được triển khai lại. Hệ thống mương thoát nước còn dang dở, hố đào sâu không có che chắn đảm bảo an toàn, ván khuôn và vật liệu bỏ ngổn ngang như hình ảnh đính kèm.Tình trạng này gây nguy hiểm cho người dân khi lưu thông, tiềm ẩn rủi ro té ngã, đặc biệt đối với trẻ em và người lớn tuổi. Đồng thời ảnh hưởng nghiêm trọng đến sinh hoạt và việc vận chuyển vật liệu xây dựng của gia đình tôi. Kính đề nghị cơ quan chức năng kiểm tra, đôn đốc đơn vị thi công khẩn trương triển khai và có biện pháp đảm bảo an toàn tạm thời trong thời gian chờ hoàn thiện.Trân trọng.","Kết quả xử lý
Phường Phong Điền
Kính gửi: Quý Ông/Bà.
Vấn đề quý Ông/Bà phản ánh, UBND phường Phong Điền đã chỉ đạo Phòng Kinh tế, hạ tầng và Đô thị phường kiểm tra và xin thông báo kết quả như sau:
Theo thông tin từ Ban QLDA ĐTXD khu vực 2 tại Báo cáo số 114/BC-BQLDAKV2 ngày 11/3/2026 cvề tình hình thực hiện dự án Mở rộng đường Đông Du, thị trấn Phong Điền, cụ thể như sau:
1. Tổng mức đầu tư: 14,985 tỷ đồng.
- Vốn đã bố trí: 14,0 tỷ đồng.
- Đã giải ngân vốn: 13,463 tỷ đồng.
- Vốn còn lại chưa giải ngân năm 2026: 0,537 tỷ đồng.
- Vốn đang thiếu: 0,9 tỷ đồng (vốn đối ứng của phường)
2. Tình hình thực hiện dự án:
2.1. Về khối lượng thực hiện ở hiện trường:
- Đoạn từ Km671,93 đến Km1+374,89 của đơn vị thi công Công ty TNHH MTV Cường Hương: đã thi công hoàn thành.
- Đoạn từ Km1+374,89 đến Km1+854,3 của đơn vị thi công Công ty TNHH Quý Hưng: đã thi công hoàn thành.
- Đoạn từ Km0+00 đến Km671,93 của đơn vị thi công Công ty Cổ phần Đầu tư và Xây dựng Vĩnh Hải:
+ Hoàn thiện mặt đường và An toàn giao thông trên tuyến
+ Hoàn thiện thoát nước, vỉa hè lát gạch tezzarro: 261m/650m.
2.2. Dự kiến thi công trở lại:
- Khối lượng công việc đang còn dở dang thuộc nhà thầu liên danh công ty Công ty Cổ phần Đầu tư và Xây dựng Vĩnh Hải. Sau khi Chủ đầu tư nhiều lần làm việc với đơn vị thi công Vĩnh Hải về sự chậm trễ của mình. Hai bên đã thống nhất giao lại khối lượng còn lại này cho nhà thầu liên danh Công ty TNHH Quý Hưng để tiếp tục triển khai thi công.
- Dự kiến thi công trở lại: Từ ngày 17/3/2026 và hoàn thành ngày 27/4/2026 (Theo kế hoạch vốn).
+ Thi công hoàn thiện hệ thống thoát nước dọc bổ sung đoạn Km0+00 đến Km0+389,86.
+ Đổ bê tông các lối vào nhà dân trên vỉa hè đoạn Km0+00 đến Km0+389,86.
- Kế hoạch hoàn thành công trình: đang chờ bổ sung vốn còn thiếu.
(Có báo cáo số 114/BC-BQLDAKV2 của Ban QLDA ĐTXD khu vực 2 kèm theo).
Chân thành cảm ơn quý Ông/Bà.
Trân trọng./.
File đính kèm:
Hạn xử lý: 02/03/2026
Ngày xử lý: 15/03/2026",Đã xử lý,https://tuongtac.hue.gov.vn/phan-anh/day-nhanh-thi-cong-tai-duong-dong-du-a215722.html
390,Hue,14:13 12/02/2026,"Kiến nghị sửa chữa các mối nối cầu Thanh Hà, phường Hoá Châu.
Hiện tại đoạn cầu Thanh Hà qua phường Hoá Châu hư hỏng nặng, đã có phương án sửa nhưng không rõ là bao giờ. Dịp Tết các phương tiện qua lại đông nên kiến nghị sửa tạm thời để không ảnh hưởng đi lại của bà con","Kết quả xử lý
Sở Xây dựng
Kính gửi: Quý Ông/Bà.
Vấn đề quý Ông/Bà phản ánh, Sở Xây dựng xin thông báo kết quả như sau:
Cầu Thanh Hà hiện đang được lập dự án xây dựng mới. Thời gian thực hiện công tác lập dự án, đầu tư và xây dựng dự kiến kéo dài khoảng 03 năm.
Đối với vị trí Quý Ông/Bà phản ánh, Sở Xây dựng đã chỉ đạo đơn vị quản lý tuyến đường tạm thời khắc phục, sửa chữa nhằm bảo đảm an toàn cho các phương tiện tham gia giao thông (Đính kèm hình ảnh).
Chân thành cảm ơn quý Ông/Bà.
Trân trọng./.
1/3
123
Hạn xử lý: 02/03/2026
Ngày xử lý: 26/02/2026",Đã xử lý,https://tuongtac.hue.gov.vn/phan-anh/kien-nghi-sua-chua-cac-moi-noi-cau-thanh-ha-a215717.html
391,Hue,10:42 12/02/2026,"Xin phản ánh: đoạn trước mặt số nhà 29 Tôn Thất Tùng có đoạn dây không biết của đơn vị nào, sà xuống đã mấy tuần, gây nguy hiểm cho người đi bộ trên vỉa hè. Đề nghị quý cơ quan liên quan có giải pháp nâng cao, cột chặt. Trân trọng.","Kết quả xử lý
Sở Khoa học và Công nghệ
Kính gửi: Quý Ông/Bà.
Vấn đề quý Ông/Bà phản ánh, Sở Khoa học và Công nghệ xin thông báo kết quả như sau:
Sau khi tiếp nhận phản ánh, Sở Khoa học và Công nghệ đã chỉ đạo các doanh nghiệp viễn thông tiến hành kiểm tra và xử lý tại vị trí nêu trên (Hình ảnh đính kèm).
Chân thành cảm ơn quý Ông/Bà.
Trân trọng./.
Hạn xử lý: 02/03/2026
Ngày xử lý: 12/02/2026",Đã xử lý,https://tuongtac.hue.gov.vn/phan-anh/day-cap-vien-thong-sa-thap-gay-nguy-hiem-tai-29-ton-that-tung-a215702.html
392,Hue,17:11 11/02/2026,"Kính gửi cơ quan chức năng.Tôi xin góp ý, kiến nghị về việc lắp thêm biển cấm đỗ xe tại kiệt 4 Thanh Hải, phường Thuận Hoá
chiều rộng kiệt nhỏ hơn hoặc bằng 3m, đây là kiệt cụt nhưng hiện tại xe ô tô dân đậu đỗ xe giữa đường kiệt gây cản trở, ảnh hưởng đến việc đi lại, lưu thông ra vào trong kiệt, lấn chiếm lối đi chung. Kính mong cơ quan chức năng xem xét để người dân có thể di chuyển an toàn và thuận tiện trong việc đi lại sinh hoạt. Xin chân thành cảm ơn quý cơ quan đã lắng nghe.
Ảnh được chụp vào các ngày 8 và 10 tháng 2 năm 2026.","Kết quả xử lý
Phường Thuận Hóa
Kính gửi: Quý Ông/Bà.
Vấn đề Quý Ông/Bà phản ánh, UBND phường Thuận Hóa xin thông tin như sau:
Sau khi tiếp nhận phản ánh, Trung tâm Dịch vụ sự nghiệp công phường đã giao bộ phận chuyên môn kiểm tra hiện trạng bề rộng tuyến kiệt để đề xuất phương án xử lý.
Qua kiểm tra, đây là kiệt cụt; bề rộng mặt đường tại đầu kiệt khoảng 2,7 m, phía trong kiệt không đồng đều, nhỏ hơn hoặc bằng 3,5 m. Do đó, việc lắp đặt biển cấm sẽ làm thu hẹp mặt đường, tiềm ẩn nguy cơ mất an toàn giao thông nên không thể bố trí biển cấm. Đồng thời, theo quy chuẩn QCVN 41:2019/BGTVT, việc lắp đặt biển báo phải đảm bảo tầm nhìn và khoảng cách an toàn; trong trường hợp này không đáp ứng yêu cầu khoảng cách ngang tối thiểu (mép ngoài biển phải cách mép phần đường xe chạy tối thiểu 0,5 m).
Tuy không lắp đặt biển cấm, nhưng đối với hành vi đậu, đỗ xe làm phần đường còn lại không đủ cho phương tiện lưu thông, gây cản trở giao thông thì vẫn bị xử lý vi phạm hành chính theo quy định. UBND phường đề nghị Quý Ông/Bà khi phát hiện các trường hợp vi phạm, ghi nhận hình ảnh và phản ánh kịp thời đến Công an phường để được kiểm tra, xử lý.
Chân thành cảm ơn Quý Ông/Bà.
Trân trọng./.
Hạn xử lý: 27/02/2026
Ngày xử lý: 29/04/2026",Đã xử lý,https://tuongtac.hue.gov.vn/phan-anh/lap-them-bien-cam-do-xe-tai-kiet-4-thanh-hai-a215654.html
393,Hue,11:27 11/02/2026,"Sập miệng cống thoát nước tại trước số nhà 268 Lý Thánh Tông, xã Phú Lộc, thành phố Huế. Gây nguy hiểm cho người đi bộ trên vỉa hè.","Kết quả xử lý
Văn phòng Quản lý đường bộ II.5
Kính gửi: Quý Ông/Bà.
Vấn đề quý Ông/Bà phản ánh, Văn phòng Quản lý đường bộ II.5 xin thông báo kết quả như sau:
Văn phòng đã chỉ đạo đơn vị BDTX kiểm tra, rào đóng vị trí tấm đan rãnh bị hư hỏng, đồng thời khẩn trương đúc tấm đan mới để thay thế, Dự kiến hoàn thành trong tháng 3/2026.
Chân thành cảm ơn quý Ông/Bà.
Trân trọng!
Hạn xử lý: 27/02/2026
Ngày xử lý: 10/03/2026",Đã xử lý,https://tuongtac.hue.gov.vn/phan-anh/sap-mieng-cong-thoat-nuoc-tai-268-ly-thanh-tong-a215634.html
394,Hue,07:12 11/02/2026,"Nắp cống đầu kiệt 4 Nguyễn Phúc Nguyên, phường Kim Long, thành phố Huế bị sập. Kính mong cơ quan chức năng kiểm tra khắc phục và sửa chữa.","Kết quả xử lý
Phường Kim Long
Kính gửi: Quý Ông/Bà. 
Vấn đề Ông/Bà phản ánh UBND phường Kim Long xin thông báo kết quả như sau:
Sau khi tiếp nhận thông tin, UBND phường Kim Long đã chỉ đạo đơn vị dịch vụ sự nghiêp công của phường tiến hành xử lý nắp đan hỏng, đến nay đã sửa chữa xong. (Đính kèm hình ảnh)
Chân thành cảm ơn quý Ông/Bà.
Trân trọng./.
Hạn xử lý: 27/02/2026
Ngày xử lý: 13/02/2026",Đã xử lý,https://tuongtac.hue.gov.vn/phan-anh/nap-cong-dau-kiet-4-nguyen-phuc-nguyen-bi-sap-a215604.html
395,Hue,21:41 10/02/2026,"Trước cổng chùa Thiền Lâm, 22/54 Lê Ngô Cát, phường Thuỷ Xuân, TP Huế, ngay dưới dốc đường, có cột điện ngay giữa đường xuống. Tiềm ẩn rất nhiều nguy hiểm về an toàn giao thông. Cụ thể như sau:
1. Cột điện ngay cổng vào 2 ngôi chùa: Thiềm Lâm và Gotami. Lượng xe hơi và xe máy rất nhiều đặc biệt dịp lễ tết.
2. Cột điện ngay chân dốc với độ dốc cao, là ngã 3 đường, xe xuống dốc nếu không cẩn thận rất dễ bị đụng.
3. Thực tế rất nhiều em nhỏ đi xe đạp đã bị té ở khúc này do đánh lái không kịp.
Vì những tiềm tàng nguy hiểm như vậy, kính đề nghị cơ quan chức năng nhanh chóng ngay lập tức di dời cột điện này đi, vì theo thông tin người dân xung quanh thì cột điện này được dựng chưa lâu.","Kết quả xử lý
Công ty Điện lực Huế
Kính gửi: Quý Ông/Bà.
Vấn đề quý Ông/Bà phản ánh, Công ty Điện lực Huế xin thông báo kết quả như sau:
Nguyên nhân cột điện nằm giữa lòng đường kiệt là do trong quá trình địa phương mở rộng đường kiệt nhưng không thực hiện di dời cột điện.
Trong thời gian tới, Điện lực Huế sẽ đăng ký bổ sung nguồn vốn sửa chữa trong giai đoạn 2027–2028; trước mắt, đơn vị sẽ tiến hành sơn cảnh báo an toàn tại thân cột điện.
Chân thành cảm ơn quý Ông/Bà.
Trân trọng./.
Hạn xử lý: 27/02/2026
Ngày xử lý: 11/02/2026",Đã xử lý,https://tuongtac.hue.gov.vn/phan-anh/kien-nghi-di-doi-cot-dien-tai-22-54-le-ngo-cat-a215591.html
396,Hue,13:56 10/02/2026,"Đề nghị cắm biển cấm quay đầu đối với ô tô trước chợ Phò Trạch, phường Phong Điền vì xảy ra rất nhiều vụ tai nạn, mới nhất là sáng 09/02/2026.","Kết quả xử lý
Văn phòng Quản lý đường bộ II.5
Kính gửi: Quý Ông/Bà.
Vấn đề quý Ông/Bà phản ánh, Văn phòng Quản lý đường bộ II.5 xin thông báo kết quả như sau:
Vị trí điểm mở giải phân cách trước Chợ Phò Trạch có lý trình Km794+680 QL 1 là điểm tiếp giáp giữa hai cơ quan quản lý là Sở Xây dựng thành phố Huế và Văn phòng Quản lý đường bộ II.5. Vấn đề bổ sung biển báo cấm quay đầu tại vị trí này cần sự thống nhất liên ngành giữa các cơ quan và được cơ quan có thẩm quyền chấp thuận.
Văn phòng xin ghi nhận ý kiến của Ông/Bà và triển khai mời các bên liên quan kiểm tra, thống nhất phương án xử lý tại vị trí này trong thời gian tới.
Chân thành cảm ơn quý Ông/Bà.
Trân trọng./.
Hạn xử lý: 26/02/2026
Ngày xử lý: 10/03/2026",Đã xử lý,https://tuongtac.hue.gov.vn/phan-anh/kien-nghi-bo-sung-bien-bao-cam-quay-dau-xe-o-to-truoc-cho-pho-trach-a215553.html
397,Hue,11:45 10/02/2026,Để đảm bảo an toàn giao thông cho nhân dân tại kiệt 88 Nguyễn Khoa Chiêm vui xuân đón tết. Kính đề nghị cơ quan quản lý hạ tầng phường An Cựu cho sửa sớm chỗ đường bị sụt 01 hố lớn gây nguy hiểm cho người dân qua lại tại số 52/88 Nguyễn Khoa Chiêm. Xin gửi hình ảnh kèm theo.,"Kết quả xử lý
Trung tâm Quản lý và Khai thác hạ tầng thành phố Huế
Kính gửi: Quý Ông/Bà. 
Vấn đề quý Ông/Bà phản ánh, Trung tâm Quản lý và Khai thác hạ tầng kỹ thuật thành phố xin thông báo kết quả như sau:
Sau khi nhận được phản ánh của Ông/Bà, Trung tâm đã kiểm tra và khắc phục. (Đính kèm hình ảnh)
Chân thành cảm ơn quý Ông/Bà.
Trân trọng./.
1/3
123
Hạn xử lý: 26/02/2026
Ngày xử lý: 13/02/2026",Đã xử lý,https://tuongtac.hue.gov.vn/phan-anh/kien-nghi-sua-chua-duong-tai-kiet-88-nguyen-khoa-chiem-a215546.html
398,Hue,10:45 10/02/2026,"Hồi 10h42 ngày 10/02/2026 tại trước số nhà 20 Văn Cao, phường Thuận Hóa xuất hiện cái hố có khả năng sụt lún mặt đường rất nguy hiểm cho người tham gia giao thông vì lòng đường hẹp. Kính mong quý cơ quan can thiệp gấp tránh xảy ra tai nạn thương tâm đáng tiếc xảy ra. Xin chân thành cảm ơn.","Kết quả xử lý
Trung tâm Quản lý và Khai thác hạ tầng thành phố Huế
Kính gửi: Quý Ông/Bà.
Vấn đề quý Ông/Bà phản ánh, Trung tâm Quản lý và Khai thác Hạ tầng thành phố Huế xin thông báo kết quả như sau:
Sau khi nhận được phản ánh, Trung tâm đã tiến hành kiểm tra và sửa chữa. Đến nay công tác sửa chữa, khắc phục đã hoàn thành. (Đính kèm hình ảnh)
Chân thành cảm ơn quý Ông/Bà.
Trân trọng.
Hạn xử lý: 26/02/2026
Ngày xử lý: 13/02/2026",Đã xử lý,https://tuongtac.hue.gov.vn/phan-anh/kien-nghi-sua-chua-duong-tai-20-van-cao-a215537.html
399,Hue,22:31 09/02/2026,"Kiến nghị cơ quan chức năng có phương pháp xem xét cắt tỉa, hạ độ cao cây tránh làm giảm tầm nhìn cho người dân khi tham gia giao thông để tránh tình trạng xảy ra va chạm ở khu vực cầu vượt Thuỷ Dương.","Kết quả xử lý
Phường Thanh Thủy
Kính gửi: Quý Ông/Bà,
Vấn đề quý Ông/Bà phản ánh, UBND phường Thanh Thủy xin thông báo kết quả như sau:
Sau khi tiếp nhận phản ánh, UBND phường đã chỉ đạo Trung tâm Dịch vụ sự nghiệp công tiến hành kiểm tra, xử lý. Qua kiểm tra hiện trường, Trung tâm Dịch vụ sự nghiệp công tiếp thu ý kiến phản ánh của Ông/Bà và sẽ chỉ đạo đơn vị chăm sóc cây xanh thực hiện cắt tỉa, hạ độ cao cây trước ngày 10/3/2026.
UBND phường Thanh Thủy xin thông tin để quý Ông/Bà được biết.
Chân thành cảm ơn quý Ông/Bà.
Trân trọng./.
Hạn xử lý: 26/02/2026
Ngày xử lý: 26/02/2026",Đã xử lý,https://tuongtac.hue.gov.vn/phan-anh/kien-nghi-cat-tia-cay-xanh-tai-khu-vuc-cau-vuot-thuy-duong-a215507.html
400,Hue,13:03 09/02/2026,"Kính gửi cơ quan chức năng.
Ngõ 1 kiệt 3 đường Lý Nam Đế làm đường quá lâu rồi, đơn vị thi công không khảo sát và có phương án làm rõ ràng nên gây quá trình làm xuất hiện nhiều bất cập, dẫn đến công trình phải làm đến 2 tháng. Gần tết rồi nhưng đường vẫn ngổn ngang gây rất nhiều khó khăn cho cuộc sống người sân, tiềm ẩn nhiều rủi ro không an toàn.
Kính mong cơ quan có thẩm quyền sớm có can thiệp sớm.","Kết quả xử lý
Phường Hương An
Kính gửi: Quý Ông/Bà.
Vấn đề quý Ông/Bà phản ánh, Trung tâm Dịch vụ sự nghiệp công phường Hương An (Trung tâm) xin thông báo kết quả như sau:
Qua nội dung phản ánh, Trung tâm Dịch vụ sự nghiệp công phường đã có buổi trao đổi làm việc với đại diện Văn Phòng HĐND-UBND phường liên quan đến nội dung này.
Tại buổi làm việc được biết, trong quá trình thi công hạ tầng đường kiệt do tình hình thời tiết không thuận lợi nên việc thi công lắp dựng, đào xới hạ tầng đã ảnh hưởng đến giao thông đi lại của người dân trong khu vực. Mặt khác, do có thay đổi điều chỉnh phương án thiết kế họng thu nước tại các vị trí hố ga nên dẫn đến tiến độ thi công và hoàn trả mặt đường có chậm hơn so với dự kiến. Nhà thầu đã cam kết hoàn thành công trình sau Tết Nguyên đán Bính Ngọ để chủ đầu tư và các đơn vị quản lý được biết. Rất mong nhận được sự cảm thông chia sẻ của quý Ông/Bà.
Chân thành cảm ơn quý Ông/Bà.
Trân trọng./.
Hạn xử lý: 25/02/2026
Ngày xử lý: 21/02/2026",Đã xử lý,https://tuongtac.hue.gov.vn/phan-anh/kien-nghi-day-nhanh-thi-cong-tai-ngo-1-kiet-3-duong-ly-nam-de-a215457.html
401,Hue,08:52 09/02/2026,"Phản ánh và kiến nghị về tình trạng mất an toàn và ảnh hưởng đến đời sống người dân do hệ thống trạm phát sóng của nhà mạng đặt tại khu vực chúng tôi sinh sống xóm 10, La Vân Hạ, Quảng Điền.
Vấn đề này tôi đã phản ánh từ tháng 10 năm 2025, tuy nhiên cho đến nay vẫn chưa có cán bộ hay cơ quan chức năng nào về kiểm tra, làm việc trực tiếp với người dân và đưa ra hướng giải quyết thỏa đáng.
Hiện trạng cụ thể như sau:
Công trình trạm phát sóng có dấu hiệu nghiêng khoảng 10 độ, khiến người dân lo ngại về nguy cơ mất an toàn, đặc biệt trong mùa mưa bão.
Máy nổ phát điện hoạt động gây tiếng ồn lớn, kéo dài cả ngày lẫn đêm trong nhiều năm, ảnh hưởng nghiêm trọng đến sinh hoạt, nghỉ ngơi và sức khỏe của người dân xung quanh.
Hệ thống trạm phát sóng đã tồn tại trong thời gian dài, có dấu hiệu xuống cấp, quá hạn sử dụng, tiềm ẩn nguy cơ mất an toàn kỹ thuật.
Người dân trong khu vực phản ánh thời gian qua xuất hiện nhiều vấn đề sức khỏe bất thường như đau đầu, mất ngủ, rối loạn tiền đình… gây tâm lý hoang mang, lo lắng, đặc biệt đối với người già và trẻ nhỏ. Hơn nữa đã có trường hợp tai biến, đột quỵ, trẻ chậm biết nói, 3 trường hợp này đã xảy ra liên tục trong mấy năm nay gần đây.
Vì vậy, chúng tôi tha thiết đề nghị cơ quan chức năng tổ chức kiểm tra, đo đạc và đánh giá khách quan các yếu tố an toàn kỹ thuật, mức độ tiếng ồn và các điều kiện vận hành của trạm phát sóng để đảm bảo quyền lợi và sự an toàn cho cộng đồng dân cư.
Kính đề nghị Ủy ban Nhân dân xã Quảng Điền và các cơ quan liên quan:
Sớm cử cán bộ chuyên môn về kiểm tra thực tế tại địa phương.
Làm việc trực tiếp với người dân xung quanh khu vực trạm để ghi nhận ý kiến.
Kiểm định độ an toàn của công trình, mức độ tiếng ồn của máy phát điện và các điều kiện vận hành khác.
Thông tin kết quả kiểm tra và hướng xử lý bằng văn bản cho người dân được biết.
Chúng tôi rất mong nhận được sự quan tâm, vào cuộc kịp thời của chính quyền và các cơ quan chức năng để người dân sớm ổn định cuộc sống, đảm bảo môi trường sống an toàn, lành mạnh.","Kết quả xử lý
Xã Quảng Điền
Kính gửi: Quý Ông/Bà.
Vấn đề Ông/Bà phản ánh, UBND xã Quảng Điền xin thông báo kết quả như sau:
Sau khi tiếp nhận thông tin phản ánh, ngày 11/2/2026 UBND xã Quảng Điền đã chỉ đạo Phòng Kinh tế xã kiểm tra xác định vị trí trạm BTS. Vị trí trạm BTS mà Ông/Bà phản ánh (xóm 10, thôn La Vân Hạ, xã Quảng Điền, thành phố Huế) hiện tại do đơn vị Trung tâm mạng lưới MobiFone miền Trung - Chi nhánh Tổng Công ty viễn thông MobiFone quản lý và vận hành. Qua kiểm tra thực tế bằng mắt thường cho thấy cột trạm không bị nghiêng như nội dung mà Ông/Bà phản ánh (có hình ảnh kèm theo); các nội dung khác mà Ông/Bà phản ánh như: Tiếng ồn, âm thanh phát ra trạm kéo dài nhiều ngày làm ảnh hưởng đến Nhân dân trong khu vực; hệ thống trạm phát sóng đã tồn tại trong thời gian dài, có dấu hiệu xuống cấp, quá hạn sử dụng, tiềm ẩn nguy cơ mất an toàn kỹ thuật. Vấn đề này, UBND xã sẽ đề nghị các cơ quan chuyên môn có đủ chức năng và thẩm quyền tiến hành kiểm tra, đề nghị doanh nghiệp viễn thông và đơn vị quản lý trạm xử lý (nếu có).
Chân thành cảm ơn quý Ông/Bà.
Trân trọng.
1/2
12
Hạn xử lý: 25/02/2026
Ngày xử lý: 13/02/2026",Đã xử lý,https://tuongtac.hue.gov.vn/phan-anh/cot-phat-song-gay-nguy-hiem-tai-xom-10-la-van-ha-a215434.html
402,Hue,08:43 09/02/2026,"Hoàn trả mặt bằng cho nhà 44A Nguyễn Văn Chính, tổ 10, phường Thanh Thuỷ, Thành phố Huế. Bên dự án làm đường Nguyễn Văn Chính xong nhưng không hoàn thiện luôn phần vỉa hè. Làm cho việc đi ra vào bất tiện. Mong bồi đất lên cho bằng với bó vỉa hè.","Kết quả xử lý
Ban Quản lý Dự án Đầu tư xây dựng khu vực 3
Kính gửi: Quý Ông/Bà.
Vấn đề quý Ông/Bà phản ánh, Ban Quản lý Dự án Đầu tư xây dựng khu vực 3 xin thông báo kết quả như sau:
Ban QLDA ĐTXD khu vực 3 đã chỉ đạo đơn vị thi công đã hoàn trả mặt bằng cho nhà 44A Nguyễn Văn Chính, tổ 10, phường Thanh Thuỷ (Đính hình ảnh kèm theo).
Chân thành cảm ơn quý Ông/Bà.
Trân trọng./.
1/2
12
Hạn xử lý: 25/02/2026
Ngày xử lý: 12/02/2026",Đã xử lý,https://tuongtac.hue.gov.vn/phan-anh/kien-nghi-hoan-tra-mat-bang-tai-44a-nguyen-van-chinh-a215433.html
403,Hue,08:00 09/02/2026,"Kiến nghị điều chỉnh hoạt động đèn giao thông tại nút giao Bắc Cầu Dã Viên.
Kính gửi cơ quan chức năng xem xét điều chỉnh đèn giao thông từ Lê Duẩn rẽ trái lên cầu Dã Viên.
Sáng nay khoảng 7h ngày 9/2/2026, và cũng như những lần có tàu hoả đi qua nút đường sắt giao nhau với đường Kim Long, xe rẽ trái từ Lê Duẩn để lên cầu Dã Viên phải dừng chờ tàu theo đèn đỏ cùng với xe đi thẳng lên Kim Long.
Mỗi khi có tàu, xe lên cầu Dã Viên không xung đột với tàu nên cho phép lưu thông, dừng chờ đèn đỏ tới khi tàu đi qua là không hợp lý.
Xin xem xét điều chỉnh.","Kết quả xử lý
Ban quản lý dự án đầu tư xây dựng Chương trình phát triển các đô thị loại II (các đô thị xanh)
Kính gửi: Quý Ông/Bà. 
Vấn đề quý Ông/Bà phản ánh, Ban quản lý dự án đầu tư xây dựng Chương trình phát triển các đô thị loại II (các đô thị xanh) – dự án thành phần Thừa Thiên Huế (Ban QLDA) xin thông báo kết quả như sau:
Việc bố trí đèn tín hiệu giao thông tại vị trí nút giao với mục đích giảm xung đột các dòng phương tiện tham gia giao thông, đảm bảo an toàn giao thông tại vị trí nút giao. Theo đề xuất của Ông/Bà khi chờ tàu nên bật đèn xanh tại cột đèn trên đường Lê Duẩn hướng rẽ trái lên cầu Dã Viên là không hợp lý gây ra xung đột giữa dòng xe trên đường Lê Duẩn rẽ trái lên cầu Phú Xuân và dòng xe đi thẳng trên cầu Dã Viên đi phía Bắc. Việc bố trí hệ thống đèn như hiện tại giảm thiểu ùn tắc tại gác chắn Kim Long. Mặc khác, tại vị trí đèn đỏ trên đường Lê Duẩn hướng rẽ trái sang cầu Dã Viên đã bố trí làn chờ rẽ trái theo quy định và đã được Khu quản lý đường bộ 2 chấp thuận phương án thiết kế và cấp phép thi công.
Chân thành cảm ơn quý Ông/Bà.
Trân trọng./.
Hạn xử lý: 25/02/2026
Ngày xử lý: 11/02/2026",Đã xử lý,https://tuongtac.hue.gov.vn/phan-anh/kien-nghi-dieu-chinh-hoat-dong-den-giao-thong-tai-nut-giao-bac-cau-da-vien-a215431.html
404,Hue,07:55 09/02/2026,"[GẤP] Kính gửi Quý cơ quan chức năng,
Tôi phản ánh về việc hệ thống tín hiệu giao thông tại nút giao ngã ba La Sơn, Tỉnh Lộ 14 không hoạt động gây mất an ninh trật tự an toàn giao thông trong những ngày cận Tết. Nên tôi đề nghị Quý cơ qaun chức năng xử lý gấp vấn đề nêu trên để đảm bảo an toàn cho người dân. Xin cảm ơn.
Trân trọng,
Hình ảnh được chụp vào 7:00 9/02/2026 tại nút giao.","Kết quả xử lý
Công an thành phố Huế
Kính gửi: Quý Ông/Bà.
Vấn đề quý Ông/Bà phản ánh, Công an thành phố Huế xin thông báo kết quả như sau:
Hệ thống đèn tín hiệu giao thông tại giao lộ Ngã ba La Sơn hiện đang được Phòng Cảnh sát giao thông sử dụng trong mục đích hướng dẫn và điều hòa giao thông.
Tại thời điểm phản ánh, Phòng Cảnh sát giao thông đang điều khiển tín hiệu đèn để phục vụ công tác đón dẫn đoàn. Sau đó, hệ thống đèn đã hoạt động lại bình thường.
Chân thành cảm ơn quý Ông/Bà.
Trân trọng.
Hạn xử lý: 16/03/2026
Ngày xử lý: 17/03/2026",Đã xử lý,https://tuongtac.hue.gov.vn/phan-anh/he-thong-tin-hieu-giao-thong-tai-nut-giao-nga-ba-la-son-khong-hoat-dong-a215430.html
405,Hue,22:31 08/02/2026,Hố ga giao đầu đường Lê Hồng Phong và Đống Đa có nguy cơ sập. Kính mong cơ quan ban ngành xem xét để tránh xảy ra tai nạn.,"Kết quả xử lý
VNPT Huế
Kính gửi: Quý Ông/Bà.
Vấn đề quý Ông/Bà phản ánh, VNPT Huế xin thông báo kết quả như sau:
VNPT Huế đã kiểm tra và xử lý vấn đề người dân phản ánh tại vị trí trên (Đính kèm hình ảnh).
Chân thành cảm ơn quý Ông/Bà.
Trân trọng./.
Hạn xử lý: 25/02/2026
Ngày xử lý: 12/03/2026",Đã xử lý,https://tuongtac.hue.gov.vn/phan-anh/kiem-tra-ho-gia-bi-hu-hong-tai-dau-duong-le-hong-phong-va-dong-da-a215413.html
406,Hue,15:06 08/02/2026,"Đèn giao thông ngã tư Lâm Hoằng và Phạm Văn Đồng tắt đã nhiều ngày không thấy bật lại. Xe cộ đông đúc chạy nhanh, học sinh đi học, đạp xe qua ngã tư không có đèn rất nguy hiểm. Đề nghị cho bật lại đèn giao thông ở đây. Ảnh chụp ngày 8/2/2026.","Kết quả xử lý
Trung tâm Quản lý và Khai thác hạ tầng thành phố Huế
Kính gửi: Quý Ông/Bà.
Vấn đề quý Ông/Bà phản ánh, Trung tâm Quản lý và Khai thác Hạ tầng thành phố Huế xin thông báo kết quả như sau:
Sau khi nhận được phản ánh, Trung tâm đã tiến hành kiểm tra và sửa chữa. Đến nay, công tác sửa chữa, khắc phục đã hoàn thành. (Đính kèm hình ảnh)
Chân thành cảm ơn quý Ông/Bà.
Trân trọng./.
Hạn xử lý: 25/02/2026
Ngày xử lý: 24/02/2026",Đã xử lý,https://tuongtac.hue.gov.vn/phan-anh/den-giao-thong-nga-tu-lam-hoang-va-pham-van-dong-bi-tat-a215382.html
407,Hue,13:17 08/02/2026,Kiến nghị đẩy nhanh tiến độ lát gạch vỉa hè ở đường Huỳnh Thúc Kháng (đoạn từ chân cầu Đông Ba kéo dài đến hết cuối đường). Đã thi công đổ nền bê tông cả tháng nay rồi nhưng không hiểu sao còn giai đoạn lát gạch thì trì trệ không triển khai. Kính gửi cơ quan chức năng sớm giải quyết đảm bảo trước Tết Nguyên Đán được hoàn thành để nhân dân vui chơi đón Tết. Xin cảm ơn,"Kết quả xử lý
Ban Quản lý Dự án Đầu tư xây dựng khu vực 1
Kínhgửi: Quý Ông/Bà. 
Vấn đề quý Ông/Bà phản ánh, kiến nghị Ban Quản lý dự án Đầu tư xây dựng khu vực 1 (Ban QLDA) đã tiến hành kiểm tra và trả lời như sau:
Ban QLDA đã yêu cầu Nhà thầu đẩy nhanh tiến độ thi công lát gạch vỉa hè đường Huỳnh Thúc Kháng (đoạn từ chân cầu Đông Ba kéo dài đến hết cuối đường). Thời gian dự kiến sẽ hoàn thành dự án nêu trên trong tháng 04/2026. Vậy Ban QLDA trả lời để quý Ông/Bà được rõ.
Chân thành cảm ơn quý Ông/Bà.
Trân trọng./.
Hạn xử lý: 25/02/2026
Ngày xử lý: 10/02/2026",Đã xử lý,https://tuongtac.hue.gov.vn/phan-anh/kien-nghi-day-nhanh-tien-do-lat-gach-via-he-o-duong-huynh-thuc-khang-a215377.html
408,Hue,13:13 08/02/2026,"Bó vỉa hè ở đối diện số 103 Nguyễn Tất Thành, phường Thanh Thủy bị hư hỏng. Kính gửi cơ quan chức năng xử lý. Xin cảm ơn","Kết quả xử lý
Văn phòng Quản lý đường bộ II.5
Kính gửi: Quý Ông/Bà.
Vấn đề quý Ông/Bà phản ánh, Văn phòng Quản lý đường bộ II.5 xin thông báo kết quả như sau:
Bó vỉa hè đối diện số nhà 103 Nguyễn Tất Thành hiện đang do đơn vị thi công dự án Nâng chống ngập đường năm 2025 đang hoàn thiện trước khi bàn giao đưa vào sử dụng.
Văn phòng đã chỉ đạo đơn vị thi công khẩn trương sửa chữa, khắc phục các hư hỏng nêu trên. Hiện đơn vị thi công đang triển khai sửa chữa, khắc phục.
Chân thành cảm ơn quý Ông/Bà.
Trân trọng./.
Hạn xử lý: 25/02/2026
Ngày xử lý: 10/03/2026",Đã xử lý,https://tuongtac.hue.gov.vn/phan-anh/bo-via-he-o-doi-dien-so-103-nguyen-tat-thanh-bi-hong-a215376.html
409,Hue,12:55 08/02/2026,"Nắp cống bị bể, nguy hiểm cho phương tiện tham gia giao thông tại Xóm Đá, La Chữ Nam, Kim Trà, Thành Phố Huế (gần quán RUM coffee). Kính gửi cơ quan chức năng xử lý.","Kết quả xử lý
Phường Kim Trà
Kính gửi: Quý Ông/Bà.
Vấn đề quý Ông/Bà phản ánh, UBND phường Kim Trà xin thông báo kết quả như sau:
Sau khi nhận được phản ánh của Ông/Bà, UBND phường đã chỉ đạo Phòng Kinh tế, Hạ tầng và Đô thị đã phối hợp với Trung tâm dịch vụ sự nghiệp công phường kiểm tra hiện trạng, đây là hệ thống hạ tầng ngầm vừa kết hợp thoát nước của khu vực và hệ thống đường dây cáp quang (BĐ). Vị trí nắp đan như đã phản ánh bị hư hỏng một phần bê tông gây khó khăn cho người và phương tiện qua lại và hiện nay, đã xử lý khắc phục trước mắt bằng cách vệ sinh, đúc lại phần hư hỏng và đặt vật cản cảnh báo. Đồng thời, đã giao trách nhiệm cho Tổ trưởng TDP La Chữ Nam tuyên truyền, vận động bà con không được giao thông đi lại trên phần tấm đan vừa đúc trong vòng 21 ngày để đảm bảo an toàn và chất lượng. (Đính kèm hình ảnh)
Chân thành cảm ơn quý Ông/Bà.
Trân trọng.
1/2
12
Hạn xử lý: 25/02/2026
Ngày xử lý: 23/02/2026",Đã xử lý,https://tuongtac.hue.gov.vn/phan-anh/nap-cong-bi-be-tai-xom-da-la-chu-nam-a215375.html
410,Hue,10:14 08/02/2026,"Cây bụi đỗ ra đường gây cản trở an toàn giao thông tại thôn Lương Viện, xã Phú Vang","Kết quả xử lý
Xã Phú Vang
Kính gửi: Quý Ông/Bà.
Vấn đề quý Ông/Bà phản ánh, UBND xã Phú Vang xin thông báo kết quả như sau:
Sau khi tiếp nhận ý kiến phản ánh, UBND xã Phú Vang đã chỉ đạo công chức Phòng Kinh tế tiến hành kiểm tra, xác minh và thông báo kết quả như sau:
UBND xã đã chỉ đạo Trưởng thôn Lương Viện vận động một số hộ dân sinh sống dọc tuyến đường nêu trên tiến hành phát quang cây bụi theo nội dung Ông/Bà phản ánh.
Trong thời gian tới, UBND xã sẽ tiếp tục chỉ đạo Phòng Kinh tế xã tổ chức kiểm tra các tuyến đường trên địa bàn; trường hợp phát hiện cây cối đổ, vươn ra đường che khuất tầm nhìn sẽ tiến hành xử lý kịp thời nhằm bảo đảm an toàn giao thông (Đính kèm hình ảnh.)
Chân thành cám ơn quý Ông/Bà.
Trân trọng./.
 1/4
1234
Hạn xử lý: 25/02/2026
Ngày xử lý: 25/02/2026",Đã xử lý,https://tuongtac.hue.gov.vn/phan-anh/cay-bui-do-ra-duong-gay-can-tro-an-toan-giao-thong-tai-thon-luong-vien-a215361.html
411,Hue,09:53 08/02/2026,"Đề nghị lắp lại bảng tên đường Đại Giang bị gãy 2.3 năm nay không được sửa chữa tại tổ dân phố Lợi Nông, phường Hương Thuỷ, TP Huế","Kết quả xử lý
Phường Hương Thủy
Kính gửi: Quý Ông/Bà.
Về vấn đề quý Ông/Bà phản ánh, UBND phường Hương Thuỷ xin thông báo kết quả như sau:
Theo nội dung phản ánh, hiện nay UBND phường đã hoàn tất việc lắp dựng bảng tên mới tại vị trí phản ánh.
Chân thành cảm ơn quý Ông/Bà.
Trân trọng.
Hạn xử lý: 31/03/2026
Ngày xử lý: 23/03/2026",Đã xử lý,https://tuongtac.hue.gov.vn/phan-anh/de-nghi-lap-lai-bang-ten-duong-dai-giang-bi-gay-a215358.html
412,Hue,09:15 08/02/2026,"Kính gửi: Cơ quan chức năng
Hiện nay, đèn giao thông tại giao lộ Võ Chí Công - Nguyễn Tất Thành, Phường Thanh Thuỷ, TP Huế hướng từ Võ Chí Công đi ra Nguyễn Tất Thành bị hư bộ đếm giây, nhiều xe phanh gấp khi đèn chuyển sang vàng và đỏ, tiềm ẩn nguy cơ tai nạn giao thông.
Kính mong cơ quan chức năng kiểm tra và xử lý.
Trân trọng.
(Ảnh chụp lúc 17h36 ngày 07.02.2026)","Kết quả xử lý
Trung tâm Quản lý và Khai thác hạ tầng thành phố Huế
Kính gửi: Quý Ông/Bà.
Vấn đề quý Ông/Bà phản ánh, Trung tâm Quản lý và Khai thác Hạ tầng thành phố Huế xin thông báo kết quả như sau:
Sau khi nhận được phản ánh, Trung tâm đã tiến hành kiểm tra và sửa chữa. Đến nay, công tác sửa chữa, khắc phục đã hoàn thành. (Đính kèm hình ảnh)
Chân thành cảm ơn quý Ông/Bà.
Trân trọng./.
Hạn xử lý: 25/02/2026
Ngày xử lý: 13/02/2026",Đã xử lý,https://tuongtac.hue.gov.vn/phan-anh/den-giao-thong-tai-giao-lo-vo-chi-cong---nguyen-tat-thanh-hu-bo-dem-giay-a215354.html
413,Hue,08:47 08/02/2026,"Kính gửi Cơ quan chức năng
Tại xóm 2 Trường Thi, gần trường THCS Lê Quang Tiến thuộc tổ La Chữ Trung, phường Kim Trà có 1 cột điện, hộp điện bị hỏng gần mặt đất làm mất an toàn và nguy hiểm. Kính mong đơn vị điện lực kiểm tra và xử lý thay mới để đảm bảo an toàn cho mọi người. Xin chân thành cảm ơn!","Kết quả xử lý
Công ty Điện lực Huế
Kính gửi: Quý Ông/Bà.
Vấn đề quý Ông/Bà phản ánh, Công ty Điện lực Huế xin thông báo kết quả như sau:
Đội quản lý điện Hương Trà đã xử lý (Đính kèm hình ảnh).
Chân thành cảm ơn quý Ông/Bà.
Trân trọng./.
Hạn xử lý: 25/02/2026
Ngày xử lý: 10/02/2026",Đã xử lý,https://tuongtac.hue.gov.vn/phan-anh/hop-dien-bi-hong-tai-xom-2-truong-thi-a215350.html
414,Hue,19:00 07/02/2026,"Tại công viên An Hoà cửa ngõ phía Bắc đường Lý thái Tổ: 1 cột điện không có bóng điện và biển báo cấm xe ô tô, xích lô vào công viên bị phai màu. Vị trí: 1 cột đèn đối diện số nhà 76 Lý Thái Tổ, Hương An, Huế đèn bị hỏng.
Để đảm bảo ánh sáng cho giao thông qua lại và vẻ đẹp không gian đô thị trong mùa năm mới. Đề nghị các cơ quan chức năng đủ thẩm quyền sắp xếp cho thay thế. Trân trọng cảm ơn","Kết quả xử lý
Trung tâm Công viên cây xanh thành phố Huế
Kính gửi: Quý Ông/Bà.
Vấn đề quý Ông/Bà phản ánh, Trung tâm Công viên Cây xanh thành phố Huế xin thông báo kết quả như sau:
Trung tâm đã cho sơn lại các biển báo bị phai màu tại 76 Lý Thái Tổ để các phương tiện tham gia giao thông thấy rõ hơn. (đính kèm hình ảnh)
Chân thành cảm ơn quý Ông/Bà.
Trân trọng./.
1/3
123
Hạn xử lý: 25/02/2026
Ngày xử lý: 09/03/2026",Đã xử lý,https://tuongtac.hue.gov.vn/phan-anh/bien-bao-phai-mau-va-khong-co-den-duong-tai-76-ly-thai-to-a215319.html
415,Hue,12:44 07/02/2026,"Qua quan sát thực tế tại đường Đỗ Xuân Hợp, tôi nhận thấy mặt đường tương đối hẹp. Khi có hai phương tiện cùng dừng, đỗ xe, lòng đường bị thu hẹp nghiêm trọng, nhiều lần gây cản trở giao thông, khiến các phương tiện lưu thông gặp nhiều khó khăn, đặc biệt trong trường hợp gặp xe ô tô lưu thông cùng chiều hoặc ngược chiều, phát sinh tình trạng ùn tắc và tiềm ẩn nguy cơ mất an toàn giao thông.

Nhằm đảm bảo trật tự an toàn giao thông và tạo điều kiện cho các phương tiện lưu thông thuận lợi trên tuyến đường Đỗ Xuân Hợp, tôi kính đề nghị Quý cơ quan xem xét lắp đặt biển cấm đỗ xe một chiều tại tuyến đường nêu trên.

Rất mong Quý cơ quan quan tâm xem xét và sớm có biện pháp phù hợp vì lợi ích chung của người dân và an toàn giao thông khu vực.

Xin chân thành cảm ơn!","Kết quả xử lý
Phường Phú Bài
Kính gửi: Quý Ông/Bà.
Vấn đề quý Ông/Bà phản ánh, UBND phường Phú Bài xin thông báo kết quả như sau:
Đây là tuyến đường nội thị, lưu lượng phương tiện tham gia giao thông không nhiều, do đó việc lắp đặt biển cấm đỗ xe một chiều trên tuyến đường này hiện chưa phù hợp.
Đối với trường hợp hai phương tiện đỗ cùng thời điểm ở hai bên đường, tình trạng này rất ít khi xảy ra. UBND phường đã chỉ đạo lực lượng Công an tăng cường tuần tra, kịp thời nhắc nhở và xử lý khi phát sinh vi phạm.
Chân thành cảm ơn quý Ông/Bà.
Trân trọng./.
Hạn xử lý: 25/02/2026
Ngày xử lý: 02/03/2026",Đã xử lý,https://tuongtac.hue.gov.vn/phan-anh/kien-nghi-lap-dat-bien-cam-do-xe-mot-chieu-tai-duong-do-xuan-hop-a215294.html
416,Hue,11:43 07/02/2026,"Đề nghị lắp hố ga tại 12 Phạm Văn Đồng, phường Vỹ Dạ, TP Huế, đơn vị thi công ngổn ngang đào lên không lắp lại gây nguy hiểm cho những hộ dân đang kinh doanh và sinh sống tại đây. Kính mong cơ quan chức năng kiểm tra, xử lý.","Kết quả xử lý
Ban quản lý dự án đầu tư xây dựng Chương trình phát triển các đô thị loại II (các đô thị xanh)
Kính gửi: Quý Ông/Bà.
Vấn đề quý Ông/Bà phản ánh, Ban quản lý dự án đầu tư xây dựng Chương trình phát triển các đô thị loại II (các đô thị xanh) – dự án thành phần Thừa Thiên Huế (Ban QLDA) xin thông báo kết quả như sau:
Ngày 09/02/2026, Đơn vị thi công đã thi công hoàn thành hố ga tại số nhà 12 đường Phạm Văn Đồng (đính kèm hình ảnh). Ban QLDA kính mong bà con thông cảm. 
Chân thành cảm ơn quý Ông/Bà.
Trân trọng./.
Hạn xử lý: 25/02/2026
Ngày xử lý: 11/02/2026",Đã xử lý,https://tuongtac.hue.gov.vn/phan-anh/de-nghi-lap-ho-ga-tai-12-pham-van-dong-a215285.html
417,Hue,10:13 07/02/2026,"Trước mặt Trường Tiểu học số 1 Quảng Thành, phường Hóa Châu thi công đường và cống thoát nước chưa hoàn thiện lỗ thoát nước có nguy cơ tai nạn. Mong các cơ quan ban ngành quan tâm để đảm bảo an toàn cho người dân đi lại.","Kết quả xử lý
Ban Quản lý Dự án Đầu tư xây dựng khu vực 2
Kính gửi: Quý Ông/Bà.
Vấn đề quý Ông/Bà phản ánh, Ban QLDA Đầu tư xây dựng khu vực 2 xin thông báo như sau:
Ban QLDA Đầu tư xây dựng khu vực 2 đã yêu cầu đơn vị thi công đã đúc và lắp hoàn thiện lại nắp cống thoát nước tại vị trí phản ánh trên (Đính kèm hình ảnh).
Chân thành cám ơn quý Ông/Bà.
Trân trọng./.
Hạn xử lý: 04/03/2026
Ngày xử lý: 10/03/2026",Đã xử lý,https://tuongtac.hue.gov.vn/phan-anh/kien-nghi-hoan-thien-cong-thoat-nuoc-tai-truoc-mat-truong-tieu-hoc-so-1-quang-thanh-a215274.html
418,Hue,07:33 07/02/2026,Miệng cống đoạn giao giữa Đống Đa và Lê Hồng Phong bị bập bênh gây nguy hiểm cho người đi lại. Kiến nghị cơ quan chức năng cho xử lí kịp thời. Xin cảm ơn!,"Kết quả xử lý
VNPT Huế
Kính gửi: Quý Ông/Bà.
Vấn đề quý Ông/Bà phản ánh, VNPT Huế xin thông báo kết quả như sau:
VNPT Huế đã kiểm tra và xử lý vấn đề người dân phản ánh tại vị trí trên (Đính kèm hình ảnh).
Chân thành cảm ơn quý Ông/Bà.
Trân trọng./.
Hạn xử lý: 25/02/2026
Ngày xử lý: 12/03/2026",Đã xử lý,https://tuongtac.hue.gov.vn/phan-anh/nap-cong-hu-hong-doan-giao-giua-dong-da-va-le-hong-phong-a215259.html
419,Hue,17:48 06/02/2026,"Dây điện sà xuống công viên Lê Hồng Phong, nơi có nhiều trẻ em và nhiều người qua lại rất nguy hiểm, đã bị rất lâu rồi nhưng không thấy ai đến xử lý.","Kết quả xử lý
Phường Thuận Hóa
Kính gửi: Quý Ông/Bà. 
Vấn đề quý Ông/Bà phản ánh, UBND phường Thuận Hóa xin thông báo kết quả như sau:
UBND phường đã có công văn chuyển điện lực Nam Sông Hương để giải quyết theo thẩm quyền, theo quy định. (Đính kèm văn bản)
Chân thành cảm ơn quý Ông/Bà.
Trân trọng./.
Hạn xử lý: 24/02/2026
Ngày xử lý: 10/02/2026",Đã xử lý,https://tuongtac.hue.gov.vn/phan-anh/day-dien-sa-thap-gay-nguy-hiem-tai-cong-vien-duong-le-hong-phong-a215224.html
420,Hue,17:32 06/02/2026,"Kính gửi:
• UBND phường Hương An.
• Các cơ quan chức năng có liên quan.
kính đề nghị UBND phường Hương An quan tâm xem xét, nâng cấp và cải tạo tuyến đường kiệt 199 Cao Văn Khánh vì các lý do sau:
Hiện nay, tuyến đường kiệt vẫn là đường đất, mặt đường gồ ghề, nhiều đá sỏi và gạch vỡ, chưa được bê tông hoặc thảm nhựa như các tuyến kiệt lân cận. Trong khi đó, hầu hết các tuyến đường kiệt xung quanh đã được đầu tư nâng cấp từ nhiều năm trước, riêng tuyến kiệt này đến nay vẫn chưa được cải tạo.
Vào mùa mưa lũ, tuyến đường thường xuyên bị đọng nước, bùn lầy, trơn trượt gây rất nhiều khó khăn cho việc đi lại của người dân, đặc biệt là người già và trẻ em. Việc vận chuyển hàng hóa, đi học, đi làm gặp nhiều trở ngại. Ngoài ra, tình trạng nước đọng và bùn đất kéo dài còn gây mất vệ sinh môi trường, ảnh hưởng đến sức khỏe và mỹ quan khu dân cư.
Chúng tôi tha thiết đề nghị UBND phường Hương An xem xét, khảo sát thực tế và sớm có kế hoạch đầu tư nâng cấp, bê tông hóa hoặc thảm nhựa tuyến đường kiệt này nhằm đảm bảo an toàn giao thông, vệ sinh môi trường và nâng cao chất lượng đời sống cho các hộ dân trong khu vực.
Rất mong nhận được sự quan tâm và hỗ trợ từ quý cơ quan.","Kết quả xử lý
Phường Hương An
Kính gửi: Quý Ông/Bà.
Vấn đề quý Ông/Bà phản ánh, UBND phường Hương An đã chỉ đạo Trung tâm Dịch vụ sự nghiệp công phường kiểm tra và xin thông báo kết quả như sau:
Qua nội dung phản ánh, Trung tâm Dịch vụ sự nghiệp công phường đã có buổi trao đổi làm việc với Phòng Kinh tế, Hạ tầng và Đô thị liên quan đến nội dung này. Tại buổi làm việc, được biết hiện nay UBND phường Hương An đang giao các phòng ban liên quan kiểm tra thực tế, khảo sát đưa vào kế hoạch đầu tư công trong thời gian tới, từng bước bê tông hóa kiệt, hệ thống thoát nước và đèn chiếu sáng tại các tuyến đường kiệt trên địa bàn phường được đảm bảo cho bà con đi lại thuận lợi.
Chân thành cảm ơn quý Ông/Bà.
Trân trọng./.
Hạn xử lý: 24/02/2026
Ngày xử lý: 09/02/2026",Đã xử lý,https://tuongtac.hue.gov.vn/phan-anh/kien-nghi-be-tong-hoa-tuyen-duong-kiet-199-cao-van-khanh-a215223.html
421,Hue,17:23 06/02/2026,"Kính gửi Trung tâm Giám sát, điều hành đô thị thông minh.
Hiện tại cột điện tại kiệt 2 Trường Thi, phường Kim Trà gần Trường Lê Quang Tiến, sát cửa hàng đá Hùng Liên có 1 hộp điện bị mất nắp bảo vệ, hộp nằm thấp rất nguy hiểm. Kính mong đơn vị điện lực kiểm tra và xử lý lại. Xin cảm ơn.","Kết quả xử lý
Công ty Điện lực Huế
Kính gửi: Quý Ông/Bà.
Vấn đề quý Ông/Bà phản ánh, Công ty Điện lực Huế xin thông báo kết quả như sau:
Đội quản lý điện Hương Trà đã xử lý (Đính kèm hình ảnh).
Chân thành cảm ơn quý Ông/Bà.
Trân trọng./.
Hạn xử lý: 24/02/2026
Ngày xử lý: 11/02/2026",Đã xử lý,https://tuongtac.hue.gov.vn/phan-anh/hop-dien-mat-nap-va-thap-gay-nguy-hiem-tai-kiet-2-truong-thi-a215222.html
422,Hue,17:03 06/02/2026,Hiện tại trước số nhà 358 Bạch Đằng có 1 ổ gà nhỏ nhưng khá sâu gây nguy hiểm cho các phương tiện cho các phương tiện khi về đêm. Mong thành phố xử lý giúp chúng tôi.,"Kết quả xử lý
Trung tâm Quản lý và Khai thác hạ tầng thành phố Huế
Kính gửi: Quý Ông/Bà.
Vấn đề quý Ông/Bà phản ánh, Trung tâm Quản lý và Khai thác Hạ tầng thành phố Huế xin thông báo kết quả như sau:
Sau khi nhận được phản ánh, Trung tâm đã tiến hành kiểm tra và yêu cầu đơn vị quản lý, duy tu đường bộ thực hiện đảm bảo an toàn giao thông (Đính kèm hình ảnh).
Chân thành cảm ơn quý Ông/Bà.
Trân trọng./.
Hạn xử lý: 24/02/2026
Ngày xử lý: 11/02/2026",Đã xử lý,https://tuongtac.hue.gov.vn/phan-anh/kien-nghi-sua-chua-duong-tai-358-bach-dang-a215221.html
423,Hue,15:25 06/02/2026,"Hiện tại có cây Bằng Lăng đánh số 145 trồng tại vị trí số nhà 105 Thánh Gióng đã chết phần thân và đọt cây, thỉnh thoảng các nhánh mục tự gãy xuống rất nguy hiểm cho các trẻ nhỏ, có nguy cơ sẽ gãy đổ cả thân khi có gió. Tuy nhiên phần dưới gốc sát đất vẫn còn sống và ra lá non. Đề nghị bên đơn vị Cây xanh xem xét xử lý hoặc đốn hạ phần thân mục để đảm bảo an toàn.","Kết quả xử lý
Trung tâm Công viên cây xanh thành phố Huế
Kính gửi: Quý Ông/Bà.
Vấn đề quý Ông/Bà phản ánh, Trung tâm Công viên Cây xanh thành phố Huế xin thông báo kết quả như sau:
Trung tâm đã chặt hạ cây chết tại 105 Thánh Gióng và sẽ trồng thay thế cây xanh mới trong thời gian sớm nhất (đính kèm hình ảnh).
Chân thành cảm ơn quý Ông/Bà.
Trân trọng./.
Hạn xử lý: 24/02/2026
Ngày xử lý: 11/02/2026",Đã xử lý,https://tuongtac.hue.gov.vn/phan-anh/kien-nghi-kiem-tra-cay-bang-lang-tai-nha-105-thanh-giong-a215209.html
424,Hue,15:25 06/02/2026,"Xã A Lưới 2 có 3 vị trí đèn tín hiệu giao thông, nhưng chỉ có một vị trí hoạt động còn hai vị trí đã cháy, không hoạt động trong nhiều tháng quá.
Vi trí thứ nhất: Nút giao giữa đường Hồ Chí Minh, đường A Sáp và đường Hồ Huấn Nghiệp.
Vị trí thứ 2: Nút giao giữa đường Kim Đồng và đường Konhkhoai.","Kết quả xử lý
Trung tâm Quản lý và Khai thác hạ tầng thành phố Huế
Kính gửi: Quý Ông/Bà.
Vấn đề quý Ông/Bà phản ánh, Trung tâm Quản lý và Khai thác Hạ tầng thành phố Huế xin thông báo kết quả như sau:
Sau khi nhận được phản ánh, Trung tâm đã tiến hành kiểm tra và sửa chữa. Đến nay, công tác sửa chữa, khắc phục cụm đèn tín hiệu giao thông giữa đường Hồ Chí Minh - đường A Sáp - đường Hồ Huấn Nghiệp đã hoàn thành. (Đính kèm hình ảnh)
Đối với cụm đèn tín hiệu giao thông tại nút giao đường Kim Đồng và đường Konh Khoai chưa bàn giao cho Trung tâm quản lý.
Chân thành cảm ơn quý Ông/Bà.
Trân trọng./.
Hạn xử lý: 25/02/2026
Ngày xử lý: 11/02/2026",Đã xử lý,https://tuongtac.hue.gov.vn/phan-anh/den-tin-hieu-giao-thong-hu-hong-tai-xa-a-luoi-2-a215208.html
425,Hue,12:17 06/02/2026,"Vị trí cầu An Ninh Hạ, phường Kim Long. Cầu nhỏ, phương tiện giao thông nhiều, cắm cờ gió bay tấp vào mặt rất dễ gây tai nạn. (đặc biệt là các cháu học sinh, vừa rồi con tôi đang di chuyển bị cờ bay vào mặt, quấn vào tay lái rất nguy hiểm).","Kết quả xử lý
Phường Kim Long
Kính gửi: Quý Ông/Bà. 
Vấn đề quý Ông/Bà phản ánh, UBND phường Kim Long xin thông báo kết quả như sau:
Nhằm chào mừng Đại hội Đại biểu toàn quốc lần thứ XIV của Đảng, Trung tâm dịch vụ sự nghiệp công phường Kim Long đã treo cờ ở 02 bên thành cầu An Ninh Hạ. Ngày 06/02/2026, phường nhận được phản ánh của người dân về việc treo cờ ảnh hưởng vấn đề lưu thông của nhân dân do cầu hẹp, che khuất tầm nhìn và có thể quấn vào tay và mặt người đi đường. UBND phường đã yêu cầu Trung tâm dịch vụ công tháo cờ khu vực này để đảm bảo an toàn giao thông. Trung tâm đã thực hiện tháo cờ theo chỉ đạo của UBND phường (đính kèm hình ảnh).
Chân thành cảm ơn quý Ông/Bà.
Trân trọng.
1/2
12
Hạn xử lý: 24/02/2026
Ngày xử lý: 09/02/2026",Đã xử lý,https://tuongtac.hue.gov.vn/phan-anh/co-cam-tai-cau-an-ninh-ha-gio-bay-gay-nguy-hiem-khi-di-chuyen-a215192.html
426,Hue,11:22 06/02/2026,"Đầu kiệt 119 Hùng Vương, lề đường nứt vỡ gây nguy hiểm cho xe ra vào kiệt. Mong cơ quan chức năng sửa chữa để đảm bảo an toàn giao thông cho mọi người. Cám ơn.","Kết quả xử lý
Trung tâm Quản lý và Khai thác hạ tầng thành phố Huế
Kính gửi: Quý Ông/Bà. 
Vấn đề quý Ông/Bà phản ánh, Trung tâm Quản lý và Khai thác Hạ tầng thành phố Huế xin thông báo kết quả như sau:
Sau khi nhận được phản ánh, Trung tâm đã tiến hành kiểm tra và đã đưa vào kế hoạch để sửa chữa và hoàn thành trong tháng 2/2026.
Chân thành cảm ơn quý Ông/Bà.
Trân trọng./.
Hạn xử lý: 24/02/2026
Ngày xử lý: 13/02/2026",Đã xử lý,https://tuongtac.hue.gov.vn/phan-anh/le-duong-hu-hong-dau-kiet-119-hung-vuong-a215184.html
427,Hue,07:24 06/02/2026,"Kính gửi cơ quan chức năng.
Đường đi bộ trước Quảng trường thời đại Time Square đang câu kéo điện không đảm bảo an toàn. Kính mong cơ quan chức năng xử lý. Ảnh chụp sáng 7h ngày 6 tháng 2 năm 2026.","Kết quả xử lý
Học viện âm nhạc Huế
Kính gửi: Quý Ông/Bà.
Vấn đề quý Ông/Bà phản ánh, Học viện âm nhạc Huế đã kiểm tra và xin thông báo kết quả như sau:
Hiện nay, tuyến đường đã được xử lý thu dọn sạch, đẹp (đính kèm hình ảnh).
Chân thành cảm ơn quý Ông/Bà.
Trân trọng./.
Hạn xử lý: 03/03/2026
Ngày xử lý: 18/03/2026",Đã xử lý,https://tuongtac.hue.gov.vn/phan-anh/keo-dien-khong-an-toan-truoc-quang-truong-time-square-a215161.html
428,Hue,18:14 05/02/2026,"Cột điện quá tải sắp gãy. Nguy cơ cao gây tai nạn. Địa chỉ ngay đầu Kiệt 4 đường Nguyễn Cư Trinh, phường Phú Xuân, thành phố Huế","Kết quả xử lý
Công ty Điện lực Huế
Kính gửi: Quý Ông/Bà.
Vấn đề quý Ông/Bà phản ánh, Công ty Điện lực Huế xin thông báo kết quả như sau:
Đội quản lý điện Bắc Sông Hương đã kiểm tra, cột vẫn đảm bảo cấp điện.
Chân thành cảm ơn quý Ông/Bà.
Trân trọng./.
Hạn xử lý: 24/02/2026
Ngày xử lý: 12/02/2026",Đã xử lý,https://tuongtac.hue.gov.vn/phan-anh/cot-dien-qua-tai-sap-gay-ngay-dau-kiet-4-duong-nguyen-cu-trinh-a215132.html
429,Hue,18:00 05/02/2026,Tôi xin phản ánh cây cối mọc ra giữa đường tại lối lên xuống qua cầu sắt nối đường Trần Trung Lập và đường ĐT11B của 2 phường Phong Thái và Hương Trà.,"Kết quả xử lý
Phường Phong Thái
Kính gửi: Quý Ông/Bà.
Vấn đề quý Ông/Bà phản ánh, UBND phường Phong Thái đã chỉ đạo Phòng Kinh tế, hạ tầng và Đô thị phường chủ trì, phối hợp với các đơn vị liên quan để tiến hành kiểm tra, xử lý và xin thông báo kết quả cụ thể như sau:
Ngày 26/3/2026, Phòng Kinh tế, hạ tầng và Đô thị phường đã phối hợp với Tổ dân phố Hiền Sỹ tiến hành kiểm tra thực địa tại tuyến đường nối lên cầu đường sắt vị trí TL11B thuộc TDP Hiền Sỹ.
Qua kiểm tra không có cây ngã, đổ làm che khuất tầm nhìn, gây mất an toàn giao thông cho người qua lại.
Chân thành cảm ơn quý Ông/Bà.
Trân trọng./.
1/2
12
Hạn xử lý: 23/02/2026
Ngày xử lý: 27/03/2026",Đã xử lý,https://tuongtac.hue.gov.vn/phan-anh/cay-coi-moc-che-khuat-qua-cau-sat-noi-duong-tran-trung-lap-va-duong-dt11b-a215130.html
430,Hue,16:08 05/02/2026,"Trên đoạn đường Võ Văn Kiệt từ cầu Lim 1 đến cầu vượt Thủy Dương, nhiều ổ gà, ổ voi với độ sâu và đường kính lớn đã gây trở ngại và nguy hiểm cho người tham gia giao thông.
Mật độ lưu thông xe máy, xe tải trên đường Võ Văn Kiệt là rất lớn. Đặc biệt vào buổi tối, các ổ gà đã bị che sáng do các cành cây cọ tán lớn cản ánh sáng từ đèn đường nên người đi đường khó quan sát thấy ổ gà, rất dễ gặp tai nạn giao thông.
Kính đề nghị các cơ quan có thẩm quyền xem xét khắc phục tình trạng trên để nhân dân yên tâm khi di chuyển. Xin cảm ơn.","Kết quả xử lý
Sở Xây dựng
Kính gửi: Quý Ông/Bà.
Vấn đề quý Ông/Bà phản ánh, Sở Xây dựng xin thông báo kết quả như sau:
Vị trí quý Ông/Bà phản ánh là đoạn tuyến thuộc Km1+200-Km1+300 đường Tỉnh 28. Sau khi nhận được phản ánh, Sở Xây dựng đã chỉ đạo đơn vị quản lý tuyến đường cho vá ổ gà đảm bảo giao thông (có hình ảnh kèm theo).
Chân thành cảm ơn quý Ông/Bà.
Trân trọng./.
1/2
12
Hạn xử lý: 23/02/2026
Ngày xử lý: 12/03/2026",Đã xử lý,https://tuongtac.hue.gov.vn/phan-anh/kien-nghi-sua-chua-duong-tai-duong-vo-van-kiet-a215113.html
431,Hue,11:38 05/02/2026,"Thắc mắc về dự án đường vào phố chợ Kim Long, thuộc phường Kim Long, Thành phố Huế.
Dự án đã hoàn thành đoạn trước chợ khá lâu nhưng đoạn đi vào chợ vẫn chưa thấy khởi công để hoàn thành dự án. Kính hỏi quý cơ quan khi nào dự án khởi động lại để tạo thuận lợi cho nhân dân đi lại buôn bán giao thương được thuận lợi?","Kết quả xử lý
Ban Quản lý Dự án Đầu tư xây dựng khu vực 1
Kính gửi: Quý Ông/Bà.
Vấn đề quý Ông/Bà phản ánh, Ban Quản lý dự án Đầu tư xây dựng khu vực 1 xin thông báo kết quả như sau:
Đối với dự án trên đã có Quyết định số 9079/QĐ-UBND ngày 03/12/2021 của UBND thành phố Huế (cũ) về việc phê duyệt Phương án bồi thường, hỗ trợ, tái định cư với tổng 14 trường hợp bị ảnh hưởng. Đã có 07/14 hộ đã nhận tiền và bàn giao mặt bằng, 07 hộ chưa nhận tiền và chưa bàn giao mặt bằng liên quan đến việc bố trí tái định cư. Do đó, chưa hoàn thành công tác giải phóng mặt bằng để thực hiện dự án.
Hiện nay căn cứ theo Luật Đất đai 2024 và các Nghị định, Thông tư mới các Cơ quan, đơn vị có liên quan đang phối hợp để tiếp tục xử lý, giải quyết các trường hợp còn lại, dự kiến giải quyết dứt điểm trong Quý I/2026.
Chân thành cảm ơn quý Ông/Bà.
Trân trọng./.
Hạn xử lý: 23/02/2026
Ngày xử lý: 11/02/2026",Đã xử lý,https://tuongtac.hue.gov.vn/phan-anh/thac-mac-ve-du-an-giai-toa-thi-cong-duong-vao-cho-kim-long-lan-2-a215089.html
432,Hue,11:23 05/02/2026,"Nắp cống đoạn đường Tam Thai trước số nhà 30 đang trong tình trạng hư hỏng nặng, lượng xe cộ lưu thông qua lại rất nhiều, ban đêm dễ gây ra tai nạn giao thông, đề nghị cơ quan chức năng xem xét.","Kết quả xử lý
Viettel Huế
Kính gửi: Quý Ông/Bà.

Vấn đề quý Ông/Bà phản ánh, Viettel Huế xin thông báo kết quả như sau:

Sau khi nhận được phản ánh, Viettel Huế đã kiểm tra và cho đúc đan để thay thế. Đến nay đã khắc phục hoàn thành (Đính kèm hình ảnh).

Chân thành cảm ơn quý Ông/Bà.

Trân trọng./.
Hạn xử lý: 23/02/2026",Đã xử lý,https://tuongtac.hue.gov.vn/phan-anh/nap-cong-truoc-nha-30-duong-tam-thai-bi-hong-a215087.html
433,Hue,09:46 05/02/2026,Hố ga nằm dưới lòng đường tại ngã tư Đống Đa - Lê Hồng Phong bị sập giằng gây nguy hiểm cho các phương tiện thường xuyên đi qua. Kính chuyển cơ quan chức năng xử lý. Ảnh được chụp 7h30 ngày 5/2/2026.,"Kết quả xử lý
VNPT Huế
Kính gửi: Quý Ông/Bà.
Vấn đề quý Ông/Bà phản ánh, VNPT Huế xin thông báo kết quả như sau:
VNPT Huế đã kiểm tra và xử lý vấn đề người dân phản ánh tại vị trí trên (Đính kèm hình ảnh).
Chân thành cảm ơn quý Ông/Bà.
Trân trọng./.
Hạn xử lý: 25/02/2026
Ngày xử lý: 12/03/2026",Đã xử lý,https://tuongtac.hue.gov.vn/phan-anh/ho-ga-nam-duoi-long-duong-tai-nga-tu-dong-da---le-hong-phong-bi-sap-a215078.html
434,Hue,06:48 05/02/2026,"Hiện nay hệ thống mương Tây Hưng tại tuyến đường Nguyễn Vịnh và kiệt 2 Tam Giang, thôn An Gia bị xuống cấp dẫn đến nước rò rỉ, chảy ra làm tràn tại trục đường Kiệt 2 Tam Giang và đường Nguyễn Vịnh gây tiềm ẩn rủi ro, không đảm bảo an toàn cho bà con đi lại trên hai tuyến đường này. Kính đề nghị UBND xã Quảng Điền, Trạm Thuỷ Nông có hướng khắc phục, sửa chữa hư hỏng nhằm đảm bảo vệ vẻ mỹ quan, tránh thất thoát nguồn nước và bà con an tâm khi đi qua hai đoạn đường nói trên.","Kết quả xử lý
Xã Quảng Điền
Kính gửi: Quý Ông/Bà.
Vấn đề quý Ông/Bà phản ánh, UBND xã Quảng Điền xin thông báo kết quả như sau:
Sau khi nhận được thông tin phản ánh, UBND xã đã chỉ đạo Phòng Kinh tế xã tiến hành kiểm tra thực tế tại hiện trường để đề xuất UBND xã phương án xử lý.
Trong thời gian tới, UBND xã sẽ xem xét bố trí kinh phí từ nguồn đầu tư công để khắc phục tình trạng đọng nước tại các đoạn đường nêu trên nhằm đảm bảo an toàn giao thông và sinh hoạt của Nhân dân trong khu vực.
Chân thành cảm ơn quý Ông/Bà.
Trân trọng.
Hạn xử lý: 23/02/2026
Ngày xử lý: 06/02/2026",Đã xử lý,https://tuongtac.hue.gov.vn/phan-anh/kien-nghi-sua-chua-muong-nuoc-tai-duong-nguyen-vinh-a215064.html
435,Hue,14:18 04/02/2026,"Kiến nghị sửa đoạn đường Xuân Tùy (gần chùa làng Lai Trung).
Nhiều năm qua, con đường dài khoảng 500m này bị hư hỏng nặng, ảnh hưởng đến việc đi lại của người dân.
Đặc biệt, từ khi trụ sở xã chuyển về xã Quảng Vinh cũ (nay là xã Đan Điền), người dân đi lại trên đường này nhiều hơn.
Những ngày mưa, đường sá ngập nước, nhếch nhác, có nguy cơ tiềm ẩn TNGT.
Thiết nghĩ, địa phương cần có biện pháp sửa chữa, khắc phục để đảm bảo an toàn giao thông cho người dân.
Trân trọng cảm ơn.","Kết quả xử lý
Xã Đan Điền
Kính gửi: Quý Ông/Bà
Vấn đề quý Ông/Bà phản ánh, UBND xã Đan Điền xin thông báo kết quả như sau:
Sau khi tiếp nhận phản ánh, UBND xã chỉ đạo Phòng Kinh tế chủ trì, phối hợp với Ban điều hành thôn Xuân Tùy và các cơ quan, đơn vị liên quan tổ chức kiểm tra thực địa hiện trường, kết quả cụ thể như sau:
Căn cứ theo khoản 1 Điều 8 Luật Đường bộ 2024 có hiệu lực từ ngày 01/01/2025 quy định thẩm quyền quản lý chính các trục đường liên thôn, bao gồm: Quản lý, đầu tư, vận hành, khai thác, bảo trì và bảo vệ kết cấu hạ tầng do cộng đồng dân cư cùng tham gia quản lý, vận hành. Đồng thời trong thời gian vừa qua do ảnh hưởng của các đợt mưa lũ đã gây hư hỏng cục bộ 1 số vị trí tại các trục đường liên thôn, liên xóm, nội thôn trên địa bàn xã trong đó có trục đường người dân phản ánh.
Từ những nội dung nêu trên việc kiến nghị của người dân về việc cần sửa chữa đoạn đường dài khoảng 500m này bị hư hỏng, ảnh hưởng đến việc đi lại của người dân tại thôn Xuân Tùy (gần chùa làng Lai Trung); địa điểm này thuộc tuyến đường liên thôn Xuân Tùy - Lai Trung và thuộc sự quản lý của thôn Xuân Tùy đoạn đường này xây dựng đã lâu có hiện tượng bong tróc, nứt gãy cục bộ 1 số đoạn; UBND xã đã chỉ đạo các ngành chuyên môn tiến hành rà soát, thống kê, lập phương án duy tu, bảo dưỡng và đề xuất cấp trên hỗ trợ kinh phí khắc phục trong thời gian tới nhằm đảm bảo quá trình lưu thông của người dân.
Chân thành cảm ơn quý Ông/Bà.
Trân trọng./.
Hạn xử lý: 13/02/2026
Ngày xử lý: 10/02/2026",Đã xử lý,https://tuongtac.hue.gov.vn/phan-anh/kien-nghi-sua-chua-duong-xuan-tuy-a215025.html
436,Hue,12:14 04/02/2026,Kiến nghị làm cột và bảng tên đường Tôn Thất Cảnh (thuộc Tổ 1 phường An Đông cũ) nay phường An Cựu. Hình ảnh đã gửi có bảng tên đường tự làm của một cá nhân nào đó. Kính mong cơ quan chức năng xem xét giải quyết. Xin trân trọng cảm ơn.,"Kết quả xử lý
Phường An Cựu
Kính gửi: Quý Ông/Bà.
Vấn đề quý Ông/Bà phản ánh, UBND phường An Cựu xin thông báo kết quả như sau:
UBND phường xin tiếp thu ý kiến phản ánh và đã bổ sung vị trí phản ánh vào hệ thống danh sách biển tên đường, đường kiệt cần được đầu tư lắp đặt.
Trong thời gian tới, sau khi hoàn thiện danh sách và cân đối ngân sách, UBND phường An Cựu sẽ tiến hành đầu tư đồng loạt các bảng tên đường, đường kiệt còn thiếu trên địa bàn phường, đảm bảo thuận tiện giao thông, liên lạc.
Chân thành cảm ơn quý Ông/Bà.
Trân trọng./.
Hạn xử lý: 13/02/2026
Ngày xử lý: 11/02/2026",Đã xử lý,https://tuongtac.hue.gov.vn/phan-anh/kien-nghi-lam-cot-va-bang-ten-duong-ton-that-canh-a215015.html
437,Hue,11:05 04/02/2026,"Tại đầu hẻm kiệt 121 Tôn Quang Phiệt, phường An Cựu, có nhánh cây đổ ra giữa kiệt gây nguy hiểm cho xe cộ lưu thông kể cả xe máy và xe đạp nếu không để ý khi cua xe người sẽ va vào thân cây dẫn đến té xe rất nguy hiểm. Trước đây chưa nâng đường xóm bê tông hóa lên cao gần 50 phân (đường xóm mới làm xong tháng 01/2026) thì nhánh cây vẫn cao chưa gây nguy hiểm nhưng hiện nay rất nguy hiểm. Do trên cây có mắc rất nhiều dây điện dân dụng nên việc thuê người chặt nhánh cây không thể thực hiện được. Vì vậy mong quý cơ quan liên quan xử lý sớm giúp xóm để đảm bảo an toàn đặc biệt học sinh trung học Đặng Văn Ngữ hay chạy xe đạp và xe đạp điện qua đây giờ tan học rất nguy hiểm.","Kết quả xử lý
Phường An Cựu
Kính gửi: Quý Ông/Bà.
Vấn đề quý Ông/Bà phản ánh, UBND phường An Cựu xin thông báo kết quả như sau:
UBND phường An Cựu đã ban hành Công văn số 294/KTHTĐT-CV ngày 11/2/2026 đến Điện lực Nam Sông Hương thành phố Huế về việc đề nghị cắt tỉa các cành cây vướng vào đường dây điện, đảm bảo an toàn lưới điện quanh khu vực. Sau khi được Điện lực cắt tỉa các cành cây vướng vào đường dây điện, UBND phường An Cựu sẽ tiếp tục phối hợp với tổ dân phố và người dân để cắt tỉa các cành cây vươn ra đường đảm bảo an toàn giao thông.
Chân thành cảm ơn quý Ông/Bà.
Trân trọng./.
File đính kèm:
Hạn xử lý: 13/02/2026
Ngày xử lý: 11/02/2026",Đã xử lý,https://tuongtac.hue.gov.vn/phan-anh/kien-nghi-tia-cay-tai-kiet-121-ton-quang-phiet-a215007.html
438,Hue,10:36 04/02/2026,"Kính gửi BQL Đô Thị.
Hiện nay trên đoạn đường song song Nguyễn Thông (cuối đường Thân Trọng Di rẽ phải) thuộc phường Hương An, TP Huế, cơ sở vật liệu xây dựng thường xuyên có xe di chuyển và đã đổ xà bần trên đoạn đường làm ách tắc giao thông, nguy hiểm.
Qua đây cũng kính nhờ BQL có phương án hỗ trợ nâng cấp đoạn đường này dễ đi hơn, ở cận trung tâm thành phố mà thua cả đường ở vùng sâu vùng xa. Ý nguyện của cả xóm.","Kết quả xử lý
Phường Hương An
Kính gửi: Quý Ông/Bà.
Vấn đề quý Ông/Bà phản ánh, Trung tâm Dịch vụ sự nghiệp công phường Hương An (Trung tâm) xin thông báo kết quả như sau:
Qua nội dung phản ánh, Trung tâm Dịch vụ sự nghiệp công phường đã có buổi trao đổi làm việc với Phòng Kinh tế, hạ tầng và Đô thị liên quan đến nội dung này.
Tại buổi làm việc được biết hiện nay, UBND phường Hương An đang giao các phòng ban liên quan kiểm tra thực tế, khảo sát đưa vào kế hoạch đầu tư công trong thời gian tới, từng bước bê tông hóa kiệt, hệ thống thoát nước và đèn chiếu sáng tại các tuyến đường kiệt trên địa bàn phường được đảm bảo cho bà con đi lại thuận lợi.
Chân thành cảm ơn quý Ông/Bà.
Trân trọng./.
Hạn xử lý: 13/02/2026
Ngày xử lý: 28/02/2026",Đã xử lý,https://tuongtac.hue.gov.vn/phan-anh/do-xa-ban-gay-can-tro-giao-thong-va-kien-nghi-nang-cap-duong-tai-cuoi-duong-than-trong-di-re-phai-a215004.html
439,Hue,09:27 04/02/2026,"Tôi xin phản ánh cây đèn giao thông tại ngã ba La Sơn, xã Hưng Lộc, Thành phố Huế chỉ báo mỗi đèn vàng, không báo đèn xanh, đỏ, mặc dù đường tại đoạn này đã sửa xong. Ảnh và video được chụp và quay vào lúc 18h ngày 03 tháng 02 năm 2026.","Kết quả xử lý
Công an thành phố Huế
Kính gửi: Quý Ông/Bà.
Vấn đề quý Ông/Bà phản ánh, Công an thành phố Huế xin thông báo kết quả như sau:
Hệ thống đèn tín hiệu giao thông tại giao lộ Ngã ba La Sơn hiện đang được Phòng Cảnh sát giao thông sử dụng trong mục đích hướng dẫn và điều hòa giao thông.
Tại thời điểm phản ánh, Phòng Cảnh sát giao thông đang điều khiển tín hiệu đèn để phục vụ công tác đón dẫn đoàn. Sau đó, hệ thống đèn đã hoạt động lại bình thường.
Chân thành cảm ơn quý Ông/Bà.
Trân trọng.
Hạn xử lý: 16/03/2026
Ngày xử lý: 17/03/2026",Đã xử lý,https://tuongtac.hue.gov.vn/phan-anh/kien-nghi-bat-den-tin-hieu-giao-thong-tai-nga-ba-la-son-a214987.html
440,Hue,08:44 04/02/2026,"Biển chỉ dẫn phân 3 làn xe không hợp lý tại ngã tư cầu Dã Viên.
Các biển chỉ dẫn phân làn này mới được lắp, nhưng rất không hợp lý và gây khó khăn, gây tắc nghẽn giao thông.
Đường trên cầu chỉ có 2 làn, đoạn cuối mới có thêm 1 làn rẽ trái, làn rẽ trái này không được xem là làn chính.
Đường nhỏ, chỉ 2 làn chính, mà lại chia 1 làn chỉ rẽ trái, 1 làn đi thẳng, 1 làn rẽ phải là không hợp lý.
Xe đi thẳng rất nhiều nhưng lại chỉ 1 làn, khiến ùn ứ xe hàng giữa, trong khi đó làn rẽ trái lại rất ít xe, nếu có xe đi thẳng ở làn trái thì cũng không ảnh hưởng gì cả.
Đề xuất quy định làn rẽ trái có thể đi thẳng được, tức là làn trái có thể vừa đi thẳng vừa rẽ trái. Xe sẽ dễ đi hơn và không bị tắc giao thông.
Cảm ơn.","Kết quả xử lý
Ban quản lý dự án đầu tư xây dựng Chương trình phát triển các đô thị loại II (các đô thị xanh)
Kính gửi: Quý Ông/Bà.
Vấn đề quý Ông/Bà phản ánh, Ban quản lý dự án đầu tư xây dựng Chương trình phát triển các đô thị loại II (các đô thị xanh) – dự án thành phần Thừa Thiên Huế (Ban QLDA) xin thông báo kết quả như sau:
Ban QLDA đã phối hợp đơn vị tư vấn thiết kế, tư vấn giám sát và nhà thầu thi công điều chỉnh, bổ sung vạch sơn và biển báo trên cầu Dã Viên hướng đi đường Lê Duẫn trong thời gian tới. 
Chân thành cảm ơn quý Ông/Bà.
Trân trọng./.
Hạn xử lý: 13/02/2026
Ngày xử lý: 11/02/2026",Đã xử lý,https://tuongtac.hue.gov.vn/phan-anh/bat-cap-trong-phan-lan-giao-thong-tai-cau-da-vien-a214979.html
441,Hue,08:41 04/02/2026,"Đường Đặng Tất trước kiệt 299 hệ thống thoát nước người dân tự ý lấp nên khi có mưa thì nước không thể thoát được gây ô nhiễm môi trường đồng thời mặt đường hư hỏng nặng xe trọng tải lớn thường xuyên chạy qua đây làm cho các hộ dân sống khu vực này gây rung lắc rất mạnh. Kính xin quý cơ quan, chính quyền quan tâm giải quyết sớm. Trân trọng.","Kết quả xử lý
Sở Xây dựng
Kính gửi: Quý Ông/Bà.
Vấn đề quý Ông/Bà phản ánh, Sở Xây dựng xin thông báo kết quả như sau:
Đoạn tuyến Quý Ông/Bà phản ánh hiện tại không có hệ thống thoát nước dọc. Nhà dân hai bên đường xây dựng và phát triển nhiều thường nâng nền cao hơn mặt đường, nên khi mưa về gây đọng nước cục bộ làm hư hỏng mặt đường nhựa. Mặc dù đơn vị quản lý tuyến đã nhiều lần sửa chữa.
Nhận được phản ánh của quý Ông/Bà, Sở xây dựng đã chỉ đạo đơn vị quản lý tuyến đường khắc phục, sửa chữa đảm bảo an toàn cho các phương tiện tham gia giao thông (có hình ảnh đính kèm).
Về lâu dài, Sở Xây dựng sẽ phối hợp cùng chính quyền địa phương giải phóng mặt bằng và đề xuất phương án xây dựng hệ thống thoát nước, chỉnh trang đoạn tuyến này trong thời gian tới.
Chân thành cảm ơn quý Ông/Bà.
Trân trọng./.
Hạn xử lý: 13/02/2026
Ngày xử lý: 09/02/2026",Đã xử lý,https://tuongtac.hue.gov.vn/phan-anh/kiem-tra-duong-u-dong-nuoc-va-sua-chua-duong-tai-truoc-kiet-299-dang-tat-a214978.html
442,Hue,06:41 04/02/2026,"Nắp các cống thoát nước trên mặt đường Bảo Quốc từ số nhà 14 đến 44 Bảo Quốc, phường Thuận Hóa gập ghềnh, tạo tiếng ồn lớn khi xe chạy qua gây mấy an toàn giao thông và ô nhiễm tiếng ồn ảnh hưởng đến sức khỏe người dân.
Đặc biệt là trước số 44 Bảo Quốc.","Kết quả xử lý
Trung tâm Quản lý và Khai thác hạ tầng thành phố Huế
Kính gửi: Quý Ông/Bà.
Vấn đề quý Ông/Bà phản ánh, Trung tâm Quản lý và Khai thác Hạ tầng thành phố Huế xin thông báo kết quả như sau:
Sau khi tiếp nhận phản ánh, Trung tâm đã tiến hành kiểm tra và thực hiện chêm, chèn tất cả các nắp cống trên tuyến đường Bảo Quốc. Đến nay, công tác sửa chữa, khắc phục đã hoàn thành. (Kèm theo hình ảnh liên quan)
Chân thành cảm ơn quý Ông/Bà.
Trân trọng./.
Hạn xử lý: 13/02/2026
Ngày xử lý: 09/02/2026",Đã xử lý,https://tuongtac.hue.gov.vn/phan-anh/nap-cong-thoat-nuoc-gay-on-tai-14-44-bao-quoc-a214971.html
443,Hue,04:43 04/02/2026,"Dây cáp viễn thông (dây điện) tại đoạn từ 14 đến 16 Ngự Bình, phường An Cựu, Tp Huế bị đứt sà xuống đường gây nguy hiểm cho các phương tiện tham gia giao thông.
Kiến nghị xử lý sớm để đảm bảo an toàn giao thông.","Kết quả xử lý
Sở Khoa học và Công nghệ
Kính gửi: Quý Ông/Bà.
Vấn đề quý Ông/Bà phản ánh, Sở Khoa học và Công nghệ xin thông báo kết quả như sau:
Sở Khoa học và Công nghệ đã chỉ đạo các doanh nghiệp viễn thông tiến hành kiểm tra và xử lý tại vị trí nêu trên (hình ảnh đính kèm).
Chân thành cảm ơn quý Ông/Bà.
Trân trọng./.
Hạn xử lý: 13/02/2026
Ngày xử lý: 06/02/2026",Đã xử lý,https://tuongtac.hue.gov.vn/phan-anh/day-vien-thong-sa-thap-tai-14-den-16-ngu-binh-a214968.html
444,Hue,20:39 03/02/2026,"Trên đường Trần Quốc Toản đoạn giao từ đường Trần Nhân Tông đến ngã ba giao đường Hoàng Diệu, xe ô tô đậu đỗ 2 bên đường quá nhiều, có đoạn xe đậu đỗ cả hai bên đường đối xứng làm lòng đường hẹp còn hơn 2mét. Mà mật độ lưu thông xe cộ trên đoạn này khá nhiều, gây cản trở an toàn giao thông cho người dân tham gia giao thông. Vậy tôi đề nghị cơ quan chức năng nghiên cứu xem xét cắm bản quy định đậu đỗ xe theo ngày chẵn lẻ để an toàn hơn cho người dân.
Trước khi được sự đồng ý của cơ quan chức năng tôi xin thành thật cảm ơn!
Clip quay lúc 17g ngày 3 tháng 2 năm 2026","Kết quả xử lý
Công an thành phố Huế
Kính gửi: Quý Ông/Bà.
Vấn đề quý Ông/Bà phản ánh, Phòng Cảnh sát giao thông – Công an thành phố Huế đã kiểm tra và xin thông báo kết quả như sau:
Qua nội dung phản ánh về tình trạng phương tiện đậu, đỗ trên tuyến đường Trần Quốc Toản (đoạn từ đường Trần Nhân Tông đến ngã ba giao đường Hoàng Diệu), đơn vị đã ghi nhận và tiến hành theo dõi, nắm tình hình thực tế trên tuyến. Qua kiểm tra, đánh giá cho thấy:
Tuyến đường nêu trên không phải là tuyến đường thường xuyên xảy ra ùn tắc giao thông.
Trên đoạn tuyến phản ánh không có trường học, cơ quan, tổ chức tập trung đông người hoặc điểm phát sinh lưu lượng phương tiện lớn.
Trong các khung giờ cao điểm, tình hình giao thông cơ bản ổn định, chưa ghi nhận tình trạng kẹt xe, ùn tắc kéo dài.
Hiện nay việc đậu, đỗ phương tiện trên tuyến vẫn đang được quản lý theo quy định hiện hành về trật tự an toàn giao thông. Lực lượng CSGT sẽ tiếp tục tăng cường công tác tuần tra, kiểm soát, kịp thời nhắc nhở, xử lý các trường hợp dừng, đỗ sai quy định gây cản trở giao thông.
Trong thời gian tới, nếu tình hình có diễn biến phức tạp hoặc phát sinh nguy cơ mất an toàn giao thông, đơn vị sẽ phối hợp với các cơ quan liên quan để khảo sát, nghiên cứu phương án tổ chức giao thông phù hợp.
Phòng Cảnh sát giao thông trân trọng cảm ơn công dân đã quan tâm phản ánh, góp phần bảo đảm trật tự an toàn giao thông trên địa bàn.
Trân trọng./.
Hạn xử lý: 13/02/2026
Ngày xử lý: 16/03/2026",Đã xử lý,https://tuongtac.hue.gov.vn/phan-anh/kien-nghi-dau-do-xe-theo-ngay-chan-le-tai-duong-tran-quoc-toan-a214952.html
445,Hue,19:19 03/02/2026,"Sự việc xảy ra thật là đau lòng, nguyên nhân do nắp hố ga tại 30 đường Tam Thai bị xe tải nặng đè hỏng nắp, xe nhỏ không thấy leo qua hố ga kết quả gây tai nạn và dẫn đến ùn tắt giao thông. Kiến nghị chính quyền sửa chữa kịp thời để dân đi lại được an toàn hơn.","Kết quả xử lý
Viettel Huế
Kính gửi: Quý Ông/Bà.
Vấn đề quý Ông/Bà phản ánh, Viettel Huế xin thông báo kết quả như sau:
Sau khi nhận được phản ánh, Viettel Huế đã kiểm tra và cho đúc đan để thay thế. Đến nay đã khắc phục hoàn thành (Đính kèm hình ảnh).
Chân thành cảm ơn quý Ông/Bà.
Trân trọng./.
Hạn xử lý: 13/02/2026",Đã xử lý,https://tuongtac.hue.gov.vn/phan-anh/nap-cong-bi-hong-tai-30-duong-tam-thai-a214940.html
446,Hue,15:58 03/02/2026,"Đèn tín hiệu giao thông không sáng đèn tại ngã 6, giao lộ các đường Lý Thường Kiệt, Hà Nội, Hoàng Hoa Thám, Phường Thuận Hoá, Tp Huế rất mất an toàn cho người dân tham gia giao thông và khả năng gây ùn tắc giao thông nghiêm trọng vào giờ cao điểm (ảnh chụp lúc 14h10 ngày 3/2/2026). Đề nghị cơ quan chức năng xử lý để đảm bảo an toàn giao thông. Cám ơn.","Kết quả xử lý
Trung tâm Quản lý và Khai thác hạ tầng thành phố Huế
Kính gửi: Quý Ông/Bà.
Vấn đề quý Ông/Bà phản ánh, Trung tâm Quản lý và Khai thác Hạ tầng thành phố Huế xin thông báo kết quả như sau:
Sau khi nhận được phản ánh, Trung tâm đã tiến hành kiểm tra và sửa chữa. Đến nay, công tác sửa chữa, khắc phục đã hoàn thành. (Đính kèm hình ảnh)
Chân thành cảm ơn quý Ông/Bà.
Trân trọng./.
Hạn xử lý: 12/02/2026
Ngày xử lý: 10/02/2026",Đã xử lý,https://tuongtac.hue.gov.vn/phan-anh/den-tin-hieu-giao-thong-khong-sang-den-tai-nga-6-giao-lo-cac-duong-ly-thuong-kiet-ha-noi-hoang-ho-a214922.html
447,Hue,15:24 03/02/2026,"Kiến nghị xử lý chặt bỏ cây mít ở số nhà 18 Bửu Đình, phường Kim Long. Quá to gây nguy hiểm và lấn sang đất nhà người khác. Và lá rụng nhiều làm mất vệ sinh công cộng.","Kết quả xử lý
Phường Kim Long
Kính gửi: Qúy Ông/Bà.
Vấn đề quý Ông/Bà phản ánh, UBND phường Kim Long xin thông báo kết quả như sau:
Sau khi tiếp nhận thông tin, UBND phường đã chỉ đạo bộ phận chuyên môn phối hợp với Tổ dân phố tiến hành kiểm tra thực tế.
Qua kiểm tra, xác định cây mít nêu trên được trồng trong khuôn viên hộ gia đình; hiện tán cây phát triển rộng, một phần vươn sang khu vực lân cận và có nguy cơ gây ảnh hưởng khi mưa bão lớn. UBND phường đã chỉ đạo đơn vị Quản lý Dịch vụ sự nghiệp công:
- Làm việc với chủ hộ trồng cây, yêu cầu thực hiện cắt tỉa cành, khống chế độ cao và phạm vi tán cây, không để ảnh hưởng đến hộ liền kề và bảo đảm an toàn trong mùa mưa bão.
- Yêu cầu chủ hộ thường xuyên thu dọn lá rụng, bảo đảm vệ sinh môi trường, không làm ảnh hưởng đến mỹ quan khu dân cư.
- Trường hợp chủ hộ không chấp hành hoặc cây có nguy cơ mất an toàn nghiêm trọng, UBND phường sẽ phối hợp các đơn vị liên quan để xem xét, xử lý theo quy định.
UBND phường Kim Long xin thông tin đến công dân được biết. 
Chân thành cảm ơn quý Ông/Bà.
Trân trọng./.
Hạn xử lý: 12/02/2026
Ngày xử lý: 13/02/2026",Đã xử lý,https://tuongtac.hue.gov.vn/phan-anh/kien-nghi-xu-ly-chat-bo-cay-mit-tai-18-buu-dinh-a214913.html
448,Hue,10:34 03/02/2026,"Hiện trạng sạt lở đất xảy ra nghiêm trọng tại sông Bồ đoạn đi qua thôn Phước yên xã Quảng điền đó khai thác cát trái phép. Mỗi năm sạt lở hàng trăm khối đất hoa màu ảnh hưởng đến công việc sản xuất của nông dân, nhiều hộ dân rơi vào tình trạng mất hết đất canh tác. Nếu tình trạng vẫn tiếp diễn sẽ lấn sâu vào khu dân cư trong vòng mấy năm tới. Kiến nghị cơ quan chức năng có thẩm quyền có những giải pháp kiểm tra xử lý đê kè đê người dân yên tâm canh tác và không làm ảnh hưởng đến đời sống nhân dân.
Trân trọng cám ơn","Kết quả xử lý
Xã Quảng Điền
Kính gửi: Quý Ông/Bà.
Vấn đề quý Ông/Bà phản ánh, UBND xã Quảng Điền xin thông báo kết quả như sau:
Sau khi nhận được thông tin phản ánh, UBND xã đã tiến hành kiểm tra thực tế tại hiện trường để có phương án xử lý. Đoạn sông Bồ bị sạt lở nêu trên thuộc thôn Phước Yên, xã Quảng Điền có nguy cơ làm ảnh hưởng đến sản xuất của các hộ dân tại khu vực này.
Thời gian qua, do ảnh hưởng của mưu lũ đã làm cho hiện tượng sạt lở nghiêm trọng hơn; đồng thời, trên địa bàn xã cũng còn thêm các đoạn bị sạt lở dọc tuyến Sông Bồ đi qua địa bàn xã. Do nguồn kinh phí để đầu tư xây dựng kè chống sạt lở lớn, nguồn kinh phí đầu tư xây dựng của xã còn hạn chế và khó khăn nên chưa thể triển khai thực hiện.
Trong thời gian tới, UBND xã sẽ tiếp tục kiến nghị cấp trên xem xét bố trí kinh phí để khắc phục tình trạng sạt lở bờ sông các đoạn nêu trên, đảm bảo an toàn cho giao thông, sinh hoạt và sản xuất của bà con Nhân dân trong khu vực.
Chân thành cảm ơn quý Ông/Bà.
Trân trọng.
Hạn xử lý: 12/02/2026
Ngày xử lý: 06/02/2026",Đã xử lý,https://tuongtac.hue.gov.vn/phan-anh/hien-trang-sat-lo-dat-xay-ra-nghiem-trong-tai-song-bo-a214885.html
449,Hue,09:59 03/02/2026,"Kính gửi ban quản lý, cơ quan có liên quan đến công trình đô thị TP Huế. Tại xóm Đá, TDP La Chữ Nam có một nắp cống bị bể rất nguy hiểm cho người tham gia giao thông. Mong quý cơ quan xử lý nhanh cho xóm tránh gây tai nạn.","Kết quả xử lý
VNPT Huế
Kính gửi: Quý Ông/Bà.
Vấn đề quý Ông/Bà phản ánh, VNPT Huế xin thông báo kết quả như sau:
Sau khi nhận được phản ánh, VNPT Huế đã tiến hành kiểm tra và thực hiện thay thế nắp cống bị hư hỏng theo phản ánh.
Chân thành cảm ơn quý Ông/Bà.
Trân trọng./.
Hạn xử lý: 12/02/2026
Ngày xử lý: 19/03/2026",Đã xử lý,https://tuongtac.hue.gov.vn/phan-anh/kien-nghi-sua-chua-nap-cong-tai-xom-da-tdp-la-chu-nam-a214879.html
450,Hue,08:48 03/02/2026,"Kiến nghị đẩy nhanh việc hoàn trả mặt đường Nguyễn Hạnh, tại TDP Công Lương, phường Vỹ Dạ để bà con nhân dân thuận tiện trong việc đi lại đón Tết Nguyên Đán Bính Ngọ 2026.","Kết quả xử lý
Ban Quản lý Dự án Đầu tư xây dựng khu vực 1
Kính gửi: Quý Ông/Bà.
Vấn đề quý Ông/Bà phản ánh, Ban QLDA Đầu tư xây dựng khu vực 1 (Ban QLDA) đã kiểm tra và xin thông báo kết quả như sau như sau:
Công trình kè Khu C khu đô thị An Vân Dương, đến nay đã hoàn thành hạng mục kè tại vị trí quý Ông/Bà phản ánh. Hiện Nhà thầu đang triển khai công tác hoàn trả mặt đường bê tông xi măng trong phạm vi hoàn trả của dự án. Tuy nhiên, thời gian qua nền đất bị ngấm no nước do đó công tác lu lèn nền chưa đạt độ chặt để tiến hành đổ bê tông mặt đường. Sau khi xử lý đảm bảo độ chặt, Ban QLDA sẽ yêu cầu Nhà thầu đổ bê tông mặt đường theo đúng hồ sơ thiết kế.
Trong thời gian này, để đảm bảo giao thông, Nhà thầu đã đổ lớp cấp phối đăm dăm và lu lèn đảm bảo để người dân lưu thông trên tuyến đường này (đính kèm hình ảnh).
Chân thành cảm ơn quý Ông/Bà.
Trân trọng./.
Hạn xử lý: 12/02/2026
Ngày xử lý: 11/02/2026",Đã xử lý,https://tuongtac.hue.gov.vn/phan-anh/kien-nghi-day-nhanh-viec-hoan-tra-mat-duong-nguyen-hanh-a214870.html
451,Hue,07:21 03/02/2026,"Từ đầu tháng 12 năm 2025, tại kiệt 3/1 Lý Nam Đế, tổ 12, phường Hương An, phía UBND phường Hương An có thi công làm lại đường cho xóm. Nhưng từ đó đến nay, việc thi công trì trệ, trì hoãn rất nhiều ngày. Đã 2 tháng, nhưng con đường vẫn đang dang dở, bùn đất, làm cho việc đi lại của bà con gặp nhiều khó khăn. Cho đến ngày 2/2/2026, việc thi công bỗng nhiên dừng lại, phía thi công nói rằng phía UBND phường không giải ngân tiền dự án. Mong các cấp ban ngành điều tra làm rõ và xử lý, để bà con có con đường đi lại ăn tết.","Kết quả xử lý
Phường Hương An
Kính gửi: Quý Ông/Bà.
Vấn đề quý Ông/Bà phản ánh, UBND phường Hương An đã chỉ đạo Trung tâm Dịch vụ sự nghiệp công phường kiểm tra và xin thông báo kết quả như sau:
Qua nội dung phản ánh, Trung tâm dịch vụ sự nghiệp công đã có buổi trao đổi với đơn vị chủ đầu tư dự án Kiệt 3/1 Lý Nam Đế. Tại buổi làm việc được biết do có thay đổi điều chỉnh thiết kế thi công (điều chỉnh các họng thu nước), nên tiến độ thi công công trình có chậm hơn so với dự kiến, trong thời gian trước tết Nguyên đán đơn vị thi công sẽ đổ bê tông mặt đường đảm bảo cho bà con lưu thông đi lại thuận lợi hơn.
Chân thành cảm ơn quý Ông/Bà.
Trân trọng./.
Hạn xử lý: 12/02/2026
Ngày xử lý: 09/02/2026",Đã xử lý,https://tuongtac.hue.gov.vn/phan-anh/kien-nghi-kiem-tra-viec-dung-thi-cong-tai-kiet-3-1-ly-nam-de-a214864.html
452,Hue,15:35 02/02/2026,"Đoạn đường Tỉnh lộ 11B qua tổ dân phố Công Thành, phường Phong Thái. Có 2 ổ voi rất nguy hiểm cho mọi phương tiện qua lại.","Kết quả xử lý
Sở Xây dựng
Kính gửi: Quý Ông/Bà.
Vấn đề quý Ông/Bà phản ánh, Sở Xây dựng xin thông báo kết quả như sau:
Các hư hỏng còn tồn tại trên tuyến đường này đều được Sở Xây dựng theo dõi, nắm biết và cũng đã có kế hoạch sửa chữa trong Quý I/2026.
Chân thành cảm ơn quý Ông/Bà.
Trân trọng./.
Hạn xử lý: 11/02/2026
Ngày xử lý: 09/02/2026",Đã xử lý,https://tuongtac.hue.gov.vn/phan-anh/kien-nghi-xu-ly-duong-tl11b-qua-tdp-cong-thanh-a214821.html
453,Hue,12:49 02/02/2026,"Kính gửi: Quý cơ quan, ban ngành có thẩm quyền.
Hiện nay, tại kiệt 24 đường Phùng Hưng đang tồn tại một số vấn đề gây mất an toàn và ảnh hưởng đến việc đi lại của người dân, cụ thể như sau:
1. Dây cáp viễn thông tại kiệt 24 không được cố định chắc chắn, bị sà thấp xuống kiệt, tiềm ẩn nguy cơ mất an toàn cho người tham gia giao thông.
2. Cây khế trước nhà số 4/24 vươn cành ra đường, đè lên lối đi, có nguy cơ gãy đổ, gây tai nạn cho người dân.
3. Một số hộ dân tại các địa chỉ 3/1/24, 4/1/24, 8/1/24 đặt chậu cây cảnh và đá lấn chiếm lối đi chung của kiệt, gây cản trở và ảnh hưởng đến việc đi lại của người dân.
Vì vậy, kính đề nghị Quý cơ quan, ban ngành quan tâm kiểm tra và có biện pháp xử lý phù hợp nhằm đảm bảo an toàn giao thông, giữ gìn đường kiệt xanh – sạch – sáng, góp phần tạo cảnh quan khang trang, an toàn cho người dân sinh sống trong khu vực, đặc biệt trong dịp đón chào mùa xuân mới.
Xin chân thành cảm ơn!","Kết quả xử lý
Sở Khoa học và Công nghệ
Kính gửi: Quý Ông/Bà.
Vấn đề quý Ông/Bà phản ánh, Sở Khoa học và Công nghệ xin thông báo kết quả như sau:
Sở Khoa học và Công nghệ đã chỉ đạo các Doanh nghiệp viễn thông kiểm tra và xử lý làm gọn dây mạng tại vị trí trên (Đính kèm hình ảnh).
Chân thành cảm ơn quý Ông/Bà.
Trân trọng./.
1/2
12
Hạn xử lý: 11/02/2026
Ngày xử lý: 02/02/2026",Đã xử lý,https://tuongtac.hue.gov.vn/phan-anh/day-vien-thong-sa-thap-va-de-vat-dung-lan-chiem-tai-kiet-24-duong-phung-hung-a214804.html
454,Hue,12:24 02/02/2026,Cột đèn đỏ ở ngã 3 An Dương Vương và Hồ Đắc Di bị lỗi vừa xanh vừa đỏ. Mong cơ quan chức năng xử lý.,"Kết quả xử lý
Văn phòng Quản lý đường bộ II.5
Kính gửi: Quý Ông/Bà.

Vấn đề quý Ông/Bà phản ánh, Văn phòng Quản lý đường bộ II.5 xin thông báo kết quả như sau:

Văn phòng Quản lý đường bộ II.5 đã chỉ đạo đơn vị duy tu sửa chữa, khắc phục đèn tín hiệu giao thông tại vị trí phản ánh.
Chân thành cảm ơn quý Ông/Bà.

Trân trọng./.
1/2
12
Hạn xử lý: 11/02/2026
Ngày xử lý: 10/03/2026",Đã xử lý,https://tuongtac.hue.gov.vn/phan-anh/den-tin-hieu-giao-thong-bi-hong-tai-nga-3-an-duong-vuong-va-ho-dac-di-a214802.html
455,Hue,11:44 02/02/2026,"Kính gửi cơ quan chức năng.
Tại kiệt 109 Đặng Huy Trứ, phường Thuận Hóa phía đầu vào kiệt bị lún, có hố nước rất nguy hiểm khi ra vào kiệt.
Gần Tết Nguyên đán đảm bảo an toàn giao thông nhờ cơ quan chức năng xử lý giúp bà con.
Ảnh chụp: 2/2/2026. Trân trọng cám ơn.","Kết quả xử lý
Trung tâm Quản lý và Khai thác hạ tầng thành phố Huế
Kính gửi: Quý Ông/Bà.
Vấn đề quý Ông/Bà phản ánh, Trung tâm Quản lý và Khai thác Hạ tầng thành phố Huế xin thông báo kết quả như sau:
Sau khi nhận được phản ánh, Trung tâm đã tiến hành kiểm tra, tuy nhiên người dân tại khu vực đã tiến hành khắc phục (hình ảnh đính kèm). Trung tâm sẽ tiếp tục theo dõi tại vị trí này, nếu có hiện tượng sụt lún tiếp thì sẽ thực hiện hiện kiểm tra, sửa chữa.
Chân thành cảm ơn quý Ông/Bà.
Trân trọng./.
Hạn xử lý: 06/03/2026
Ngày xử lý: 06/03/2026",Đã xử lý,https://tuongtac.hue.gov.vn/phan-anh/dau-kiet-109-dang-huy-tru-bi-sut-lun-a214799.html
456,Hue,11:27 02/02/2026,"Hiện tại ở ngã 3 kiệt 4A đường Hoài Thanh phường Thuỷ Xuân, TP Huế có 1 vài cây bông giấy tán rộng um tùm thường xuyên gây chập cháy và làm mất điện diện rộng cho nhà dân xung quanh và 2 nhà máy may thêu với số lượng lớn công nhân đang làm việc. Nhiều người trong xóm đã góp ý với chủ nhà số 16A/4A là chủ những cây hoa giấy này nhưng chủ nhà không đồng ý chặt cây đi. Bên Điện lực cũng nhiều lần phải về xử lý tình trạng cháy và có góp ý để gia đình này chặt cây đi nhưng họ vẫn không chấp nhận. Gần nhất là vào lúc 11h ngày 2/2/2025 đã tiếp tục xảy ra tình trạng chập cháy thành lửa tại cột điện này và bên phía Điện lực vẫn đang tiếp tục xử lý.
Nay tôi làm phản ảnh này mong cơ quan chức năng có thẩm quyền liên quan có biện pháp xử lý trường hợp này sớm nhất có thể. Xin chân thành cám ơn!","Kết quả xử lý
Phường Thủy Xuân
Kính gửi: Quý Ông/Bà.
Vấn đề quý Ông/Bà phản ánh, UBND phường Thuỷ Xuân xin thông báo kết quả như sau:
Đối với nội dung quý Ông/Bà phản ánh, UBND phường sẽ chỉ đạo Trung tâm Dịch vụ sự nghiệp công phường mời hộ gia đình có liên quan để làm việc và yêu cầu tỉa bớt cành cây đảm bảo thông thoáng.
Chân thành cảm ơn quý Ông/Bà.
Trân trọng./.
Hạn xử lý: 11/02/2026
Ngày xử lý: 26/03/2026",Đã xử lý,https://tuongtac.hue.gov.vn/phan-anh/kien-nghi-tia-bot-canh-cay-hoa-giay-tai-nga-3-kiet-4a-hoai-thanh-a214798.html
457,Hue,10:06 02/02/2026,Đề nghị phường Thuận Hoá dựng lại biển an toàn tại 145 Phan Đình Phùng.,"Kết quả xử lý
Phường Thuận Hóa
Kính gửi: Quý Ông/Bà.
Vấn đề Quý Ông/Bà phản ánh, UBND phường Thuận Hóa đã chỉ đạo Trung tâm Dịch vụ sự nghiệp công phường kiểm tra và xin thông báo kết quả như sau:
Để đảm bảo mỹ quan đô thị, Trung tâm đã tiến hành thu gom và đưa các vật dụng về cơ quan xử lý. Hiện nay, vỉa hè thuộc thẩm quyền quản lý của Trung tâm Khai thác hạ tầng và Đô thị; đối với nội dung này, Trung tâm sẽ xin ý kiến Trung tâm Khai thác hạ tầng và Đô thị để xử lý dứt điểm, đảm bảo quyền lợi và thuận tiện cho người dân (đính kèm hình ảnh).
Chân thành cảm ơn Quý Ông/Bà.
Trân trọng./.
Hạn xử lý: 11/02/2026
Ngày xử lý: 02/03/2026",Đã xử lý,https://tuongtac.hue.gov.vn/phan-anh/kien-nghi-dung-lai-bien-tai-145-phan-dinh-phung-a214790.html
458,Hue,10:03 02/02/2026,Đề nghị phường Thuận Hóa chỉnh trang và vệ sinh môi trường tại khu phố trước cạnh 145 Phan Đình Phùng.,"Kết quả xử lý
Trung tâm Công viên cây xanh thành phố Huế
Kính gửi: Quý Ông/Bà.
Vấn đề quý Ông/Bà phản ánh, Trung tâm Công viên Cây xanh thành phố Huế xin thông báo kết quả như sau:
Trung tâm đã bố trí công nhân kiểm tra và làm sạch cỏ xung quanh các gốc cây do đơn vị quản lý, phần lề đất còn lại chưa lát gạch vỉa hè kính chuyển các đơn vị liên quan xem xét xử lý (đính kèm hình ảnh).
Chân thành cảm ơn quý Ông/Bà.
Trân trọng./.
1/7
1234567
Hạn xử lý: 27/02/2026
Ngày xử lý: 12/02/2026",Đã xử lý,https://tuongtac.hue.gov.vn/phan-anh/kien-nghi-chinh-trang-va-ve-sinh-moi-truong-tai-145-phan-dinh-phung-a214788.html
459,Hue,09:49 02/02/2026,"Vỉa hè tại 32 Nguyễn Trãi, phường Phú Xuân mới làm xong bị lún gây ứ đọng nước khi trời mưa. Nhờ chính quyền xử lý lại ạ.","Kết quả xử lý
Trung tâm Công viên cây xanh thành phố Huế
Kính gửi: Quý Ông/Bà.
Vấn đề quý Ông/Bà phản ánh, Trung tâm Công viên Cây xanh thành phố Huế xin thông báo kết quả như sau:
Trung tâm đã đề nghị đơn vị thi công sửa chữa lại phần vỉa hè bị đọng nước tại 32 Nguyễn Trãi (Đính kèm hình ảnh).
Chân thành cảm ơn quý Ông/Bà.
Trân trọng./.
 1/4
1234
Hạn xử lý: 13/02/2026
Ngày xử lý: 12/02/2026",Đã xử lý,https://tuongtac.hue.gov.vn/phan-anh/via-he-tai-32-nguyen-trai-bi-lun-gay-dong-nuoc-a214785.html
460,Hue,21:37 01/02/2026,"Trên lề đường địa chỉ 42 Nguyễn Tri Phương (trước mặt nhà thuốc Pharmacity), một nắp cống nhô cao 5cm khỏi mặt lề đường gây nguy hiểm cho khách đi bộ.
Kính đề nghị các cơ quan chức năng khắc phục tình trạng này.","Kết quả xử lý
VNPT Huế
Kính gửi: Quý Ông/Bà.
Vấn đề quý Ông/Bà phản ánh, VNPT Huế xin thông báo kết quả như sau:
VNPT Huế đã kiểm tra và xử lý vấn đề người dân phản ánh tại vị trí trên (Đính kèm hình ảnh).
Chân thành cảm ơn quý Ông/Bà.
Trân trọng./.
Hạn xử lý: 25/03/2026",Đã xử lý,https://tuongtac.hue.gov.vn/phan-anh/nap-cong-nho-cao-gay-nguy-hiem-tai-42-nguyen-tri-phuong-a214762.html
461,Hue,19:39 01/02/2026,"Hiện nay, trên tuyến sông An Cựu xuất hiện nhiều cồn cát và bãi bồi hình thành do quá trình bồi lấp sau đợt lũ năm 2025. Từ đó phát sinh nhiều khu đất phù sa, cây cỏ mọc tự nhiên, gây mất mỹ quan đô thị, thu hẹp lòng sông và ảnh hưởng đến khả năng lưu thông dòng chảy, đặc biệt trong mùa mưa lũ. ( Hình ảnh cung cấp được chụp trước số nhà 171 Phan Đình Phùng)

Thực trạng này không chỉ làm giảm cảnh quan đô thị mà còn tiềm ẩn nguy cơ ứ đọng dòng chảy, ảnh hưởng đến môi trường và an toàn khu vực ven sông.

Trước tình hình trên, tôi kính đề nghị UBND thành phố xem xét, chỉ đạo các đơn vị chức năng tiến hành nạo vét hai bên sông An Cựu, nhằm:
• Khôi phục dòng chảy thông thoáng;
• Đảm bảo thoát lũ an toàn;
• Góp phần cải thiện mỹ quan đô thị và môi trường sinh thái khu vực.

Rất mong UBND thành phố quan tâm xem xét và sớm có biện pháp xử lý phù hợp.

Xin trân trọng cảm ơn!","Kết quả xử lý
Ban Quản lý Dự án Đầu tư xây dựng khu vực 1
Kính gửi: Quý Ông/Bà.
Vấn đề quý Ông/Bà phản ánh, Ban Quản lý dự án Đầu tư xây dựng khu vực 1 (Ban QLDA) xin thông báo kết quả như sau:
Ngày 15/11/2024, HĐND thành phố Huế (cũ) đã có Nghị quyết số 65/NQ-HĐND về chủ trương đầu tư dự án Nạo vét, bồi lắng hai bờ sông An Cựu.
Hiện nay, Ban QLDA đang thực hiện các thủ tục pháp lý liên quan để trình UBND thành phố phê duyệt dự án Nạo vét, bồi lắng hai bờ sông An Cựu. Sau khi có quyết định phê duyệt dự án của UBND thành phố Huế, Ban QLDA sẽ tổ chức thực hiện thi công dự án nêu trên.
Chân thành cảm ơn quý Ông/Bà.
Trân trọng./.
Hạn xử lý: 19/03/2026
Ngày xử lý: 11/03/2026",Đã xử lý,https://tuongtac.hue.gov.vn/phan-anh/kien-nghi-xu-ly-dat-boi-tai-song-an-cuu-a214753.html
462,Hue,16:19 01/02/2026,"Kè dọc kênh đoạn qua kiệt 14 đường Tôn Thất Sơn, phường Thanh Thủy, bị sụt lún nghiêm trọng do mưa lụt kéo dài gây nguy hiểm cho người dân khi tham gia giao thông. Kính đề nghị cơ quan chức năng có biện pháp khắc phục kịp thời.","Kết quả xử lý
Phường Thanh Thủy
Kính gửi: Quý Ông/Bà.
Vấn đề quý Ông/Bà phản ánh, UBND phường Thanh Thủy xin thông báo kết quả như sau:
Sau khi nhận phản ánh, UBND phường đã chỉ đạo Phòng Kinh tế, Hạ tầng và Đô thị tham mưu, giải quyết.
Sau khi tiếp nhận thông tin Kè dọc kênh đoạn qua kiệt 14 đường Tôn Thất Sơn, phường Thanh Thủy bị sụt lún theo phản ánh của người dân. Phòng Kinh tế, Hạ tầng và Đô thị đã phối hợp với Tổ dân phố tiến hành kiểm tra thực tế. Qua đó xác nhận tình trạng sụt lún đúng như người dân phản ánh, gây ảnh hưởng đến an toàn giao thông và mỹ quan khu vực.
Để giải quyết tình trạng trên, Phòng Kinh tế, Hạ tầng và Đô thị phường báo cáo UBND phường đưa hạng mục này vào danh mục công trình sửa chữa. Thời gian dự kiến triển khai và hoàn thành trước tháng 6 năm 2026.
Chân thành cảm ơn quý Ông/Bà.
Trân trọng./.
1/2
12
Hạn xử lý: 11/02/2026
Ngày xử lý: 24/02/2026",Đã xử lý,https://tuongtac.hue.gov.vn/phan-anh/kiem-tra-ke-sut-lun-doc-kenh-doan-qua-kiet-14-duong-ton-that-son-a214731.html
463,Hue,14:22 01/02/2026,"Cây nghiêng ra đường ảnh hưởng và nguy hiểm khi gió mạnh tại số nhà 14 kiệt 42 đường Nguyễn Phúc Tần, phường Kim Long. Đề nghị cơ quan chức năng kiểm tra, xử lý","Kết quả xử lý
Trung tâm Công viên cây xanh thành phố Huế
Kính gửi: Quý Ông/Bà.
Vấn đề quý Ông/Bà phản ánh, Trung tâm Công viên Cây xanh thành phố Huế xin thông báo kết quả như sau:
Sau khi tiếp nhận phản ánh, Trung tâm đã cắt mé các cành nhánh khô và hạ độ cao an toàn cây xanh tại 14 kiệt 42 đường Nguyễn Phúc Tần. (Đính kèm hình ảnh)
Chân thành cảm ơn quý Ông/Bà.
Trân trọng./.
Hạn xử lý: 11/02/2026
Ngày xử lý: 04/02/2026",Đã xử lý,https://tuongtac.hue.gov.vn/phan-anh/cay-nghieng-ra-duong-gay-nguy-hiem-tai-14-kiet-42-duong-nguyen-phuc-tan-a214721.html
464,Hue,12:25 01/02/2026,"Tại thôn 6, xã Phú Vinh, TP Huế (xã Vinh Thanh cũ) đập tràn xây để chắn nước và xả lụt cho bà con làm đồng, và nay bà con chỉ nhìn thấy đồng khô bất lực không có nước để hoạt động và không biết đơn vị cá nhân nào quản lý. Kính mong các cơ quan đơn vị xác minh quản lý chặn nước lại để bà con được làm đồng.","Kết quả xử lý
Xã Phú Vinh
Kính gửi: Quý Ông/Bà.
Vấn đề quý Ông/Bà phản ánh, UBND xã Phú Vinh xin thông báo kết quả như sau:
Sau khi nhận được ý kiến phản ánh, UBND xã đã ban hành công văn số 179/UBND-VP ngày 04/2/2026 về việc tham mưu xử lý phản ánh hiện trường, chỉ đạo Phòng Kinh tế cử công chức chuyên môn kiểm tra, xác minh báo cáo.
Nội dung làm việc Trưởng thôn 6 có ý kiến như sau: Vào ngày 31/1/2026 nhận được tin cảnh báo của Trung tâm khí tượng thủy văn, do ảnh hưởng của không khí lạnh nên từ ngày (01/2) thành phố Huế có mưa, mưa rào rải rác, cục bộ có nơi mưa vừa, mưa to, để chủ động điều tiết nước tránh ngập úng diện tích hoa màu, Ban điều hành thôn 6 đã tiến hành quay cống xả nước tránh gây ngập úng trong thời gian ngày 31/1/2026 quay cống và dự kiến sẽ đóng cống khi thời tiết đã ổn định vào ngày 04/2/2026. Để giữ nước phục cho bà côn nhân dân sản xuất, tuy nhiên thôn chưa kịp hạ cống thì đã nhận được phản ánh của người dân, vào ngày 04/2/2026 Ban điều hành thôn 6 đã tiến hành đóng cống để gữ nước. (Kèm theo hình ảnh)
Chân thành cảm ơn quý Ông/Bà.
Trân trọng./.
Hạn xử lý: 11/02/2026
Ngày xử lý: 09/02/2026",Đã xử lý,https://tuongtac.hue.gov.vn/phan-anh/kiem-tra-hoat-dong-dap-tran-tai-thon-6-xa-phu-vinh-a214710.html
465,Hue,10:26 01/02/2026,"Trước đây, ở cuối hẻm 12 kiệt 15 Đường Minh Mạng, Phường Thủy Xuân, Thành phố Huế có một đoạn đường giao thông rộng khoảng 2 m, trên google maps vẫn đang hiển thị rõ đoạn đường này, thông qua hướng đi lên chùa Tây Thiên và đi ra kiệt 47 Minh Mạng. Sau một thời gian bị các hộ xung quanh lấn chiếm bịt lại, gây cản trở giao thông, khiến cho việc đi lại của người dân trong hẻm 12 kiệt 15 Minh Mạng rất khó khăn.
Nay tôi gửi phản ánh này, kính mong các cơ quan chức năng xem xét, sớm mở lại đoạn đường trên để thuận tiện cho đời sống của người dân trong hẻm 12. Tôi xin chân thành cảm ơn.
Ảnh trên google maps và phần khoanh dấu đỏ là phần đường giao thông đang bị lấn chiếm.","Kết quả xử lý
Phường Thủy Xuân
Kính gửi: Quý Ông/Bà.
Vấn đề quý Ông/Bà phản ánh, UBND phường Thuỷ Xuân đã chỉ đạo Trung tâm Dịch vụ sự nghiệp công phường kiểm tra và xin thông báo kết quả như sau:
Trung tâm Dịch vụ sự nghiệp công phường Thủy Xuân đã tiến hành kiểm tra thực tế, đồng thời lập biên bản yêu cầu bà H.T.K.C di dời vật liệu, dụng cụ ra khỏi lối đi của đường kiệt. Trường hợp không chấp hành, sẽ bị xử lý theo quy định của pháp luật (Đính kèm biên bản làm việc).
Chân thành cảm ơn quý Ông/Bà.
Trân trọng./.
 1/2
12
Hạn xử lý: 11/02/2026
Ngày xử lý: 10/02/2026",Đã xử lý,https://tuongtac.hue.gov.vn/phan-anh/duong-giao-thong-bi-bit-lai-o-cuoi-hem-12-kiet-15-duong-minh-mang-a214700.html
466,Hue,10:06 01/02/2026,"Hiện nay tại số nhà 17 Lại Thế, phường Mỹ Thượng có cây xoài nằm trước đường cây vươn lên cao vướng vào đường dây điện gây mất an toàn cho gia đình tôi và những người tham gia giao thông. Đề nghị quý cơ quan quan tâm chặt cây để không ảnh hưởng đến nếu xảy ra sự cố.","Kết quả xử lý
Phường Mỹ Thượng
Kính gửi: Quý Ông/Bà.
Vấn đề quý Ông/Bà phản ánh, UBND phường Mỹ Thượng xin thông báo kết quả như sau:
Liên quan đến nội dung phản ánh, UBND phường đã tiến hành kiểm tra và ghi nhận cây xoài theo phản ánh do gia đình bà N.T.N.T, chủ Homestay Nhật Long, trồng nhằm tạo cảnh quan. Qua làm việc, phía gia đình bà không có ý kiến gì đối với việc xác lập quản lý cây xanh nêu trên và đồng ý bàn giao cho cơ quan nhà nước quản lý, thực hiện cắt tỉa, chỉnh trang. Ngày 11/02/2026, đơn vị điện lực đã tiến hành cắt tỉa (Đính kèm hình ảnh).
Trong thời gian tới, UBND phường sẽ phối hợp với các đơn vị liên quan thực hiện chỉnh trang hệ thống cây xanh trên đoạn đường này nhằm đảm bảo hành lang an toàn lưới điện và mỹ quan đô thị.
Chân thành cảm ơn quý Ông/Bà.
Trân trọng./.
 1/3
123
Hạn xử lý: 11/02/2026
Ngày xử lý: 24/02/2026",Đã xử lý,https://tuongtac.hue.gov.vn/phan-anh/cay-xoai-nam-truoc-duong-vuon-cao-vuong-vao-duong-day-dien-tai-17-lai-the-a214698.html
467,Hue,09:57 01/02/2026,"Kiệt 122 Lý Thái Tổ, phường Hương An bao giờ đường làm xong chứ người dân đi lại khó khăn quá.","Kết quả xử lý
Phường Hương An
Kính gửi: Quý Ông/Bà.
Vấn đề quý Ông/Bà phản ánh, Trung tâm Dịch vụ sự nghiệp công phường Hương An xin thông báo kết quả như sau:
Kiệt 122 hiện đã lu nền đường đã rải bột đá đang tiến hành đo hệ số K; qua trao đổi với chủ đầu tư, hiện nay công trình dự án nâng cấp kiệt 122 Lý Thái Tổ chủ đầu tư, nhà thầu quản lý dự án, tư vấn giám sát đã tổ chức nghiệm thu phần thoát nước, nền đường để cho nhà thầu chuyển bước thi công phần bê tông mặt đường, hiện nay đã đổ bê tông mặt đường hoàn thiện.
Chân thành cảm ơn quý Ông/Bà.
Trân trọng./.
1/2
12
Hạn xử lý: 11/02/2026
Ngày xử lý: 08/02/2026",Đã xử lý,https://tuongtac.hue.gov.vn/phan-anh/kiet-122-ly-thai-to-thi-cong-cham-a214697.html
468,Hue,07:28 01/02/2026,"Tình trạng xe chở vật liệu phục vụ Dự án Khu TĐC cao tốc thôn Nam Dương, xã Đan Điền đi vào đường có bảng cấm tải trọng 6T, làm hư hỏng đường bê tông, gây nguy hiểm cho việc tham gia giao thông của người dân. Đường có điểm sạt lở lề đường không gia cố, taluy âm sạt lở từ rất lâu nhưng đơn vị quản lý vẫn không có phương án xử lý kịp thời để đảm bảo cho người dân tham gia giao thông được đảm bảo an toàn. Đề nghị các đơn vị liên quan cần quan tâm, có phương án xử lý kịp thời để đảm bảo an toàn cho người dân tham gia giao thông qua lại tuyến đường này.
- Vị trí: Đường bê tông nối từ cổng thôn Cổ Tháp, xã Đan điền đến vị trí tiếp giáp TDP Cao Xá, Phường Phong Thái.","Kết quả xử lý
Xã Đan Điền
Kính gửi: Quý Ông/Bà.
Vấn đề quý Ông/Bà phản ánh, UBND xã Đan Điền xin thông báo kết quả như sau:
Sau khi tiếp nhận phản ánh, UBND xã chỉ đạo Phòng Kinh tế chủ trì, phối hợp với Ban điều hành thôn Cổ Tháp - Lai Lâm và các cơ quan, đơn vị liên quan tổ chức kiểm tra thực địa hiện trường, kết quả cụ thể như sau:
Qua kiểm tra thực tế tổ kiểm tra nhận thấy, các vị trí người dân phản ánh có nhiều điểm sạt mái taluy âm phía bờ hói khoảng 40 - 50m do ảnh hưởng của 4 đợt lũ lớn cuối tháng 10 và đầu tháng 11 gây ra. Kết cấu taluy âm phía bờ hói đi qua đoạn đường sụt lún nhiều đoạn, ảnh hưởng trực tiếp đến tuyến đường.
Trong thời gian từ ngày 21/10 đến 24/11/2025 trên địa bàn thành phố Huế nói chung và xã Đan Điền nói riêng, thời tiết cực đoan, mưa lớn xảy ra liên tục gây ra 4 trận lũ rất lớn làm hư hỏng, sạt lở, xói mòn hệ thống giao thông tại các trục đường liên thôn, liên xã trên địa bàn, trong đó có các đoạn đường Cổ Tháp - Lai Lâm. Đồng thời tuyến đường từ Cổng làng Cổ Tháp đến tiếp giáp Tổ dân phố Cao Xá, phường Phong Thái là tuyến vận chuyển vật liệu thi công Khu tái định cư Nam Dương phục vụ dự án đường sắt tốc độ cao trên trục Bắc - Nam.
Qua phản ánh của người dân về việc tuyến đường đoạn đi qua địa phận thôn Cổ Tháp bị sạt lở phía taluy âm phía bờ hói cục bộ 1 số điểm và bong tróc, sụt lún 1 số đoạn tiếp giáp Tổ dân phố Cao Xá, phường Phong Thái có nguy cơ ảnh hưởng giao thông đi lại; UBND xã đã cử tổ kiểm tra cùng phối hợp với Ban điều hành thôn Cổ Tháp - Lai Lâm kiểm tra tại vị trí phản ánh.
Vấn đề này, UBND xã sẽ tổng hợp bổ sung cân đối nguồn kinh phí hỗ trợ khắc phục lụt bão đợt 2 của thành phố để xử lý khắc phục tạm thời trước mắt tại các đoạn sạt lở. Đồng thời ngày 09/1/2026, UBND xã cùng với Ban Quản lý dự án Đầu tư xây dựng khu vực 2 có biên bản làm việc với đơn vị thi công khu tái định cư Nam Dương cam kết hoàn trả lại hiện trạng các đoạn đường bị hư hỏng do quá trình vận chuyển vật liệu thi công khu tái định cư Nam Dương.
Chân thành cảm ơn quý Ông/Bà.
Trân trọng./.
Hạn xử lý: 11/02/2026
Ngày xử lý: 07/02/2026",Đã xử lý,https://tuongtac.hue.gov.vn/phan-anh/duong-hu-hong-tai-cong-thon-co-thap-xa-dan-dien-den-vi-tri-tiep-giap-tdp-cao-xa-phuong-phong-thai-a214688.html
469,Hue,17:52 31/01/2026,"Công trình thổi bụi rải nhựa đường tại Hải Trình, xã Phú Thanh (cũ), phường Dương Nổ gây tai nạn người đi đường, không có biển báo cảnh báo rào cản. Đề nghị cơ quan chức năng vào xử lý. Ảnh chụp vào lúc 17h30 ngày 31/1 /2026.","Kết quả xử lý
Sở Xây dựng
Kính gửi: Quý Ông/Bà.
Vấn đề quý Ông/Bà phản ánh, Sở Xây dựng xin thông báo kết quả như sau:
Vị trí quý Ông/Bà phản ánh là đoạn tuyến thuộc Km6-Km8 đường Tỉnh 2. Sau khi nhận được phản ánh, Sở Xây dựng đã chỉ đạo đơn vị thi công tuyến đường cho lắp đặt hệ thống biển báo, phân luồng giao thông trên tuyến (có hình ảnh kèm theo).
Hiện nay tuyến đường đã được thảm nhựa 50% chiều dài, dự kiến trong tháng 4/2026 sẽ hoàn thành xây dựng.
Chân thành cảm ơn quý Ông/Bà.
Trân trọng./.
1/4
1234
Hạn xử lý: 11/02/2026
Ngày xử lý: 12/03/2026",Đã xử lý,https://tuongtac.hue.gov.vn/phan-anh/cong-trinh-rai-nhua-duong-gay-nguy-hiem-tai-phuong-duong-no-a214657.html
470,Hue,14:20 31/01/2026,"Cơ quan thẩm quyền cắt tỉa cây xanh ở cột điện để hạn chế chập cháy điện, gây nguy hiểm. Cột điện gần số nhà 20 kiệt 317 Bùi Thị Xuân, thành phố Huế.","Kết quả xử lý
Công ty Điện lực Huế
Kính gửi: Quý Ông/Bà.
Vấn đề quý Ông/Bà phản ánh, Công ty Điện lực Huế xin thông báo kết quả như sau:
Đội quản lý điện Nam Sông Hương đã xử lý (Đính kèm hình ảnh).
Chân thành cảm ơn quý Ông/Bà.
Trân trọng./.
Hạn xử lý: 11/02/2026
Ngày xử lý: 09/02/2026",Đã xử lý,https://tuongtac.hue.gov.vn/phan-anh/kien-nghi-cat-tia-cay-xanh-o-cot-dien-tai-20-kiet-317-bui-thi-xuan-a214642.html
471,Hue,12:58 31/01/2026,"Kiệt 39 Phùng Khắc Khoan, phường Phú Xuân dài gần 100m vẫn còn đường bằng đất, chưa được bê tông hóa, mưa lụt bùn đóng gần cả nửa mét. Kính mong cơ quan chức năng quan tâm xin cho 15 hộ dân làm được con đường để đi lại và xứng tầm thành phố trực thuộc Trung ương!","Kết quả xử lý
Phường Phú Xuân
Kính gửi: Quý Ông/Bà. 
Vấn đề quý Ông/Bà phản ánh, UBND phường Phú Xuân xin thông báo kết quả như sau:
Qua kiểm tra, hiện nay trên địa bàn phường còn nhiều tuyến đường đã hư hỏng, xuống cấp. UBND phường sẽ chỉ đạo các Phòng ban lưu ý đánh giá mức độ ưu tiên, đưa đoạn kiệt này vào danh mục đầu tư nâng cấp sửa chữa các đường kiệt trên địa bàn phường trong giai đoạn sắp đến.
Chân thành cảm ơn quý Ông/Bà.
Trân trọng.
Hạn xử lý: 11/02/2026
Ngày xử lý: 13/03/2026",Đã xử lý,https://tuongtac.hue.gov.vn/phan-anh/kien-nghi-be-tong-hoa-tuyen-duong-tai-kiet-39-phung-khac-khoan-a214636.html
472,Hue,10:55 31/01/2026,"Hiện nay khu dân tại tuyến đường Đỗ Xuân Hợp nối Sóng Hồng, phường Phú Bài, đang gặp rất nhiều khó khăn do chưa được cấp điện đường và giao thông xuống cấp nghiêm trọng, gây cản trở giao thông cả ban ngày lẫn về đêm.
Chúng tôi kính mong các cấp chính quyền quan tâm xem xét và có biện pháp cải thiện để đảm bảo điều kiện sinh hoạt cho ngườu dân.","Kết quả xử lý
Phường Phú Bài
Kính gửi: Quý Ông/Bà.
Vấn đề quý Ông/Bà phản ánh, UBND phường Phú Bài xin thông báo kết quả như sau:
UBND phường Phú Bài đã chỉ đạo Phòng Kinh tế, Hạ tầng và Đô thị phường đang triển khai khảo sát, lập dự toán sửa chữa và bố trí nguồn kinh phí sửa chữa trong thời gian sớm nhất.
Chân thành cảm ơn quý Ông/Bà.
Trân trọng./.
Hạn xử lý: 11/02/2026
Ngày xử lý: 23/02/2026",Đã xử lý,https://tuongtac.hue.gov.vn/phan-anh/kien-nghi-ve-ha-tang-duong-do-xuan-hop-noi-song-hong-a214626.html
473,Hue,10:40 31/01/2026,"Vỉa hè góc đường Nguyễn Huệ giao Lê Lợi, trước vốn bằng phẳng, sau khi bên công trình sửa chữa đường điện đào lên, lấp lại bằng cát, lát lại vỉa hè không bằng phẳng và nguy cơ gạch lát sẽ lún trở lại, nước đọng rất bẩn. Đề nghị các cơ quan quản lý phản ánh tổ chức liên quan cho lát lại đường bằng phẳng như trước ạ!","Kết quả xử lý
Công ty Điện lực Huế
Kính gửi: Quý Ông/Bà.
Vấn đề quý Ông/Bà phản ánh, Công ty Điện lực Huế xin thông báo kết quả như sau:
Sau khi lắp đặt cáp ngầm, Điện lực đã hợp đồng với Công ty Môi trường và Công trình Đô thị hoàn trả mặt bằng vỉa hè. Theo nội dung phản ảnh, Điện lực đã thông báo đến đơn vị hoàn trả mặt bằng.
Chân thành cảm ơn quý Ông/Bà.
Trân trọng./.
Hạn xử lý: 11/02/2026
Ngày xử lý: 09/02/2026",Đã xử lý,https://tuongtac.hue.gov.vn/phan-anh/kien-nghi-kiem-tra-via-he-tai-duong-nguyen-hue-giao-le-loi-a214625.html
474,Hue,09:54 31/01/2026,"Đứt dây điện ở 65 Lê Ngô Cát, xe tải BKS 37H00770 làm vướng đứt dây điện gây nguy hiểm cho người dân xung quanh, đường hay có các cháu học sinh tiểu học đi bộ qua về cần xử lý gấp để tránh nguy hiểm","Kết quả xử lý
Phường Thủy Xuân
Kính gửi: Quý Ông/Bà.
Vấn đề quý Ông/Bà phản ánh, UBND phường Thuỷ Xuânxin thông báo kết quả như sau:
Trung tâm Dịch vụ sự nghiệp công phường Thuỷ Xuân đã làm việc với Tổ trưởng Tổ dân phố 04 được biết: Đồng chí Tổ trưởng đã làm việc với ông T.V.H chủ đường dây diện bị đứt và yêu cầu ông H khắc phục tránh ảnh hưởng đến người dân và giao thông (đính kèm biên bản làm việc).
Chân thành cảm ơn quý Ông/Bà.
Trân trọng./.
1/2
12
Hạn xử lý: 11/02/2026
Ngày xử lý: 06/02/2026",Đã xử lý,https://tuongtac.hue.gov.vn/phan-anh/dut-day-dien-tai-65-le-ngo-cat-a214602.html
475,Hue,09:10 31/01/2026,"Tại nhà 666 và 668 Lê Duẩn - phường Hương An - Thành phố Huế. Dây điện nằm trên mái nhà người dân, dây điện hư hỏng, loài lõi đồng, nguy cơ giật điện là rất cao!
Mong lực lượng chức năng sớm giải quyết để đảm bảo an toàn cho người dân","Kết quả xử lý
Sở Khoa học và Công nghệ
Kính gửi: Quý Ông/Bà.
Vấn đề quý Ông/Bà phản ánh, Sở Khoa học và Công nghệ xin thông báo kết quả như sau:
Sở Khoa học và Công nghệ đã chỉ đạo các Doanh nghiệp viễn thông kiểm tra và xử lý làm gọn dây mạng tại vị trí trên (Đính kèm hình ảnh).
Chân thành cảm ơn quý Ông/Bà.
Trân trọng./.
1/2
12
Hạn xử lý: 11/02/2026
Ngày xử lý: 02/02/2026",Đã xử lý,https://tuongtac.hue.gov.vn/phan-anh/day-dien-nam-tren-mai-nha-nguoi-dan-tai-666-va-668-le-duan-a214597.html
476,Hue,08:26 31/01/2026,"Mong cơ quan chức năng hỗ trợ sớm hoàn thiện đường cho người dân đầu đường Sông Bồ. Tết sắp đến rồi mà đường còn quá nguy hiểm, quá bụi. Cám ơn nhiều ạ!
Đường Sông Bồ, phường Hương Trà, Thành Phố Huế","Kết quả xử lý
Ban Quản lý Dự án Đầu tư xây dựng khu vực 2
Kính gửi: Quý Ông/Bà.
Vấn đề quý Ông/Bà phản ánh, Ban Quản lý Dự án Đầu tư xây dựng khu vực 2 xin thông báo kết quả như sau:
Vừa qua Ban Quản lý dự án Đầu tư xây dựng khu vực 2 đôn đốc nhà thầu đẩy nhanh tiến độ thi công đào khuôn, đắp đất cấp phối nền đường đoạn mở rộng. Tuy nhiên quá trình triển khai đến đoạn cuối tuyến thì gặp phải trời mưa, nền đường ngập nước nên không đảm bảo để tiếp tục thi công được. Sau thời gian thời tiết ổn định và đến nay đã thực hiện nền và đắp cấp phối tạm thời đảm bảo cho các phương tiện qua lại được an toàn và hạn chế bụi, trong thời gian tới tiếp tục đôn đốc hoàn thiện sớm để phục vụ tốt nhu cầu đi lại của người dân.
Chân thành cảm ơn quý Ông/Bà.
Trân trọng.
1/4
1234
Hạn xử lý: 11/02/2026
Ngày xử lý: 03/02/2026",Đã xử lý,https://tuongtac.hue.gov.vn/phan-anh/kien-nghi-som-hoan-thien-duong-song-bo-a214595.html
477,Hue,21:07 30/01/2026,"Mặt đường ở địa chỉ 635 Lạc Long Quân, Lăng Cô dù đã sửa chữa nhưng chỉ là chắp vá lồi lỏm khiến xe chạy qua đều gập ghềnh dẫn đến lượng bụi khổng lồ gây ảnh hưởng sức khoẻ đến người dân xung quanh. Kính mong các cơ quan thẩm quyền xem xét, xử lí để người dân không phải sống chung với tình trạng bụi kinh khủng như 2 tháng vừa qua gây ảnh hưởng nghiêm trọng đến sức khoẻ.","Kết quả xử lý
Văn phòng Quản lý đường bộ II.5
Kính gửi: Quý Ông/Bà.
Vấn đề quý Ông/Bà phản ánh, Văn phòng Quản lý đường bộ II.5 xin thông báo kết quả như sau:
Văn phòng đã chỉ đạo Công ty CP Đầu tư Đèo Cả thường xuyên sửa chữa, bù phụ mặt đường bị hư hỏng đoạn nút giao phía Bắc Trạm thu phí Hải Vân, đồng thời có kế hoạch cào bóc, thảm lại mặt đường. Dự kiến đơn vị sẽ triển khai thi công trong tháng 3/2026.
Chân thành cảm ơn quý Ông/Bà.
Trân trọng./.
Hạn xử lý: 11/02/2026
Ngày xử lý: 10/03/2026",Đã xử lý,https://tuongtac.hue.gov.vn/phan-anh/mat-duong-truoc-so-nha-635-lac-long-quan-hu-hong-a214571.html
478,Hue,20:15 30/01/2026,"Những bức ảnh này chụp lúc 19h30 ngày 30/1/2026 ở ngã ba đường Hồ Chí Minh - Hồ Huấn Nghiệp thuộc thôn 7, xã A Lưới 2. Cột bảng tên đường bị hạ xuống nằm ngay trên hè đường cả tuần nay. Đã nhếch nhác lại gây trở ngại cho người đi bộ. Đề nghị các cơ quan chức năng kiểm tra.","Kết quả xử lý
Xã A Lưới 2
Kính gửi: Quý Ông/Bà.
Vấn đề quý Ông/Bà phản ánh, UBND xã A Lưới 2 xin thông báo kết quả như sau:
Sau khi nhận được phản ánh, UBND xã A Lưới 2 đã chỉ đạo cơ quan chuyên môn tiến hành kiểm tra, xác minh và tiến hành khắc phục nội dung trên. 
Chân thành cảm ơn quý Ông/Bà.
Trân trọng./.
1/2
12
Hạn xử lý: 11/02/2026
Ngày xử lý: 09/02/2026",Đã xử lý,https://tuongtac.hue.gov.vn/phan-anh/kien-nghi-dung-lai-bang-ten-duong-tai-duong-ho-chi-minh---ho-huan-nghiep-a214565.html
479,Hue,11:24 30/01/2026,"Hiện ngày 30/01/2025 đang có đội thi công đổ nhựa đường tại đường Ngô Đức Kế (cụ thể là 03 Ngô Đức Kế), thành phố Huế. Tuy nhiên khi thi công đổ nhựa vào buổi sáng thì chiều lại tới vá đường nhựa. Ngoài ra còn tạo 1 hố nước trên mặt đường. Kính đề nghị cơ quan chức năng xem xét để cải thiện mặt đường khi đội thi công vẫn còn đang làm. Vết vá ảnh 1, hố nước ảnh 2 (khi trời mưa sẽ thấy rõ hơn). Trân trọng.","Kết quả xử lý
Trung tâm Công viên cây xanh thành phố Huế
Kính gửi: Quý Ông/Bà.
Vấn đề quý Ông/Bà phản ánh, Trung tâm Công viên Cây xanh thành phố Huế xin thông báo kết quả như sau:
Sau khi nhận được phản ánh, Trung tâm đã kiểm tra và làm việc với đơn vị thi công để xử lý mặt đường Ngô Đức Kế (trước số nhà 03) không xảy ra tình trạng đọng nước. (Đính kèm hình ảnh)
Chân thành cảm ơn quý Ông/Bà.
Trân trọng./.
1/4
1234
Hạn xử lý: 10/02/2026
Ngày xử lý: 05/02/2026",Đã xử lý,https://tuongtac.hue.gov.vn/phan-anh/kien-nghi-cai-tao-mat-duong-tai-duong-ngo-duc-ke-a214524.html
480,Hue,10:29 30/01/2026,"Ổ voi kinh khủng gần chợ Bến Ván
Kính thưa ban lãnh đạo, ổ voi sâu rộng, nằm giữa nhà văn hoá thôn Hoà Lộc và chợ Bến Ván đường Tỉnh lộ 15B, xã Hưng Lộc, chỗ này dân và đặc biệt các bạn học sinh thường qua lại, kính xin ban lãnh đạo sớm khắc phục nhất có thể.
Ảnh ghi vào 30/1/2026.
Tôi xin cam đoan, xin chân thành cảm ơn quý ban.","Kết quả xử lý
Sở Xây dựng
Kính gửi: Quý Ông/Bà.
Vấn đề quý Ông/Bà phản ánh, Sở Xây dựng xin thông báo kết quả như sau:
Vị trí hư hỏng quý Ông/Bà phản ánh, Sở Xây dựng đã chỉ đạo đơn vị quản lý tuyến đường khắc phục, sửa chữa gia cố bằng bê tông xi măng đảm bảo an toàn cho người và các phương tiện tham gia giao thông. (Đính kèm hình ảnh)
Chân thành cảm ơn quý Ông/Bà.
Trân trọng./.
1/2
12
Hạn xử lý: 13/02/2026
Ngày xử lý: 09/02/2026",Đã xử lý,https://tuongtac.hue.gov.vn/phan-anh/duong-hu-hong-nang-nam-giua-nha-van-hoa-thon-hoa-loc-va-cho-ben-van-a214519.html
481,Hue,10:21 30/01/2026,"Mặt đường trước số nhà 654 + 656 ở Lạc Long Quân, xã Chân Mây - Lăng Cô có hiện tượng vỡ, gây nguy hiểm cho người đi đường vào ban đêm. Đã gửi phản ảnh 1 lần nhưng lại phục hồi ở bên kia đường.","Kết quả xử lý
Văn phòng Quản lý đường bộ II.5
Kính gửi: Quý Ông/Bà.
Vấn đề quý Ông/Bà phản ánh, Văn phòng Quản lý đường bộ II.5 xin thông báo kết quả như sau:
Văn phòng đã chỉ đạo Công ty CP Đầu tư Đèo Cả khẩn trương kiểm tra, có phương án xử lý khắc phục hư hỏng theo ý kiến phản ánh của Ông/Bà, thời gian hoàn thành trong tháng 3/2026.
Chân thành cảm ơn quý Ông/Bà.
Trân trọng./.
Hạn xử lý: 10/02/2026
Ngày xử lý: 10/03/2026",Đã xử lý,https://tuongtac.hue.gov.vn/phan-anh/mat-duong-truoc-so-nha-654--656-lac-long-quan-hu-hong-a214516.html
482,Hue,08:06 30/01/2026,"Về việc biển hạn chế tốc độ khi qua cầu.
Tại vị trí cầu treo Bình Thành, xã Bình Điền mới lắp đặt camera AI phạt nguội vi phạm giao thông, nhưng tốc độ tối đa chỉ 15km/h.
Điều này làm cho việc lưu thông qua cầu gặp nhiều trở ngại vì cầu hẹp, không bằng phẳng; trường hợp nếu đi sau xe ô tô thì càng khó cho các người đi xe máy đằng sau, với tốc độ di chuyển quá chậm thế này nhiều lúc còn gây ra mất lái, tự té ngã do mất thăng bằng.
Vậy kính mong cơ quan chức năng có thẩm quyền xem xét, điều chỉnh lại biển hạn chế tốc độ tại vị trí này để người dân có thể tham gia giao thông thuận tiện hơn.
Xin chân thành cám ơn!","Kết quả xử lý
Sở Xây dựng
Kính gửi: Quý Ông/Bà.
Vấn đề quý Ông/Bà phản ánh, Sở Xây dựng xin thông báo kết quả như sau:
Cầu treo Bình Thành được khởi công vào năm 2000, hoàn thành đưa vào sử dụng vào năm 2001. Đến nay cầu đã xuống cấp, bề rộng mặt cầu rộng 4m, không đáp ứng kịp nhu cầu của các loại và lượng phương tiện thường xuyên lưu thông.
Thời gian vừa qua, phạm vi cầu xảy ra các vụ tai nạn, đặc biệt sự việc nghiêm trọng ngày 21/11/2024 khiến một phần của lan can cầu bị hư hỏng. Sở Xây dựng đã tiến hành sửa chữa và một số biện pháp để xem xét, đánh giá mức độ an toàn của đoạn tuyến qua cầu.  
Sau thời gian theo dõi vừa qua, cũng như tiếp thu ý kiến của nhân dân, Sở Xây dựng có 1 số điều chỉnh về phương án phân luồng phương tiện như sau: Các Ô tô từ 10 chỗ trở lên, xe tải chuyển sang đi hướng cầu Hữu Trạch (Km0+200 đường tỉnh 12D, theo đường tỉnh 12D để đến xã Bình Thành và ngược lại. Trên cầu treo Bình Thành tổ chức giao thông theo hướng hạn chế tải trọng, tốc độ để đảm bảo ATGT, tránh tai nạn giao thông đáng tiếc xảy ra.
Mặt khác, Sở Xây dựng đã báo cáo chủ truơng đầu tư dự án Xây dựng mới cầu Bình Thành có quy mô phù hợp với tình hình phát triển hiện nay của đia phương và đã được Hội đồng tỉnh Thừa Thiên Huế phê duyệt tại Nghị quyết số: 113/NQ-HĐND ngày 10/12/2024. Thời gian lập và hoàn thành dự án dự kiến trong 3 năm (Quyết chủ trương đính kèm).
Sở Xây dựng khuyến nghị người dân tham gia giao thông tuân thủ theo hệ thống tín hiệu đường bộ để đảm bảo an toàn cho bản thân và các phương tiện tham gia giao thông.
Chân thành cảm ơn quý Ông/Bà.
Trân trọng./.
File đính kèm:
Hạn xử lý: 10/02/2026
Ngày xử lý: 31/01/2026",Đã xử lý,https://tuongtac.hue.gov.vn/phan-anh/kien-nghi-dieu-chinh-lai-bang-han-che-toc-do-tai-cau-treo-binh-thanh-a214505.html
483,Hue,22:24 29/01/2026,Ô trồng cây trước số nhà 155 Nguyễn Trãi bị san lấp. Kính gửi cơ quan chức năng xử lý.,"Kết quả xử lý
Trung tâm Công viên cây xanh thành phố Huế
Kính gửi: Quý Ông/Bà.
Vấn đề quý Ông/Bà phản ánh, Trung tâm Công viên Cây xanh thành phố Huế xin thông báo kết quả như sau:
Trung tâm đã cho thu dọn đá, dãi hạ tại ô cây 155 Nguyễn Trãi (Đính kèm hình ảnh)
Chân thành cảm ơn quý Ông/Bà.
Trân trọng./.
  Hạn xử lý: 10/02/2026
Ngày xử lý: 26/02/2026",Đã xử lý,https://tuongtac.hue.gov.vn/phan-anh/o-trong-cay-truoc-so-nha-155-nguyen-trai-bi-san-lap-a214485.html
484,Hue,22:23 29/01/2026,"Ô trồng cây tại 19 Yết Kiêu, phường Phú Xuân bị san lấp. Kính gửi cơ quan chức năng xử lý. Xin cảm ơn","Kết quả xử lý
Trung tâm Công viên cây xanh thành phố Huế
Kính gửi: Quý Ông/Bà.
Vấn đề quý Ông/Bà phản ánh, Trung tâm Công viên Cây xanh thành phố Huế xin thông báo kết quả như sau:
Trung tâm đã cho phá dỡ và thu dọn bê tông dưới ô cây tại 19 Yết Kiêu (đính kèm hình ảnh).
Chân thành cảm ơn quý Ông/Bà.
Trân trọng./.
Hạn xử lý: 10/02/2026
Ngày xử lý: 26/02/2026",Đã xử lý,https://tuongtac.hue.gov.vn/phan-anh/o-trong-cay-tai-19-yet-kieu-bi-san-lap-a214484.html
485,Hue,20:55 29/01/2026,"Đầu kiệt 116 Nguyễn Lộ Trạch, phường Vỹ Dạ, Huế
Cống bị nghẹt nên nước cống tràn lên đường, gây hôi và ô nhiễm cho mọi người xung quanh. Nhờ cơ quan chức năng hỗ trợ giúp ạ","Kết quả xử lý
Trung tâm Quản lý và Khai thác hạ tầng thành phố Huế
Kính gửi: Quý Ông/Bà.
Vấn đề Quý Ông/Bà phản ánh, Trung tâm Quản lý và Khai thác Hạ tầng thành phố Huế xin thông báo kết quả như sau:
Sau khi tiếp nhận phản ánh, Trung tâm đã tiến hành kiểm tra và thực hiện nạo vét. Trước mắt, Trung tâm sẽ tổ chức nạo vét hai đầu kiệt để khắc phục tình trạng nước cống tràn lên mặt đường, nhằm đảm bảo vệ sinh môi trường cho người dân đón Tết. Sau Tết, Trung tâm sẽ tiếp tục triển khai nạo vét toàn tuyến mương theo kế hoạch.
Chân thành cảm ơn Quý Ông/Bà.
Trân trọng./.
1/3
123
Hạn xử lý: 09/02/2026
Ngày xử lý: 09/02/2026",Đã xử lý,https://tuongtac.hue.gov.vn/phan-anh/kien-nghi-xu-ly-nuoc-cong-tran-len-duong-tai-kiet-116-nguyen-lo-trach-a214471.html
486,Hue,18:31 29/01/2026,"Phản ánh lần 2, vạch sơn bị mờ tại nút giao bắc cầu Phú Xuân tôi đã phản ảnh 5/1/2026, ngày 9/1/2026 VP quản lý đường bộ II.5 đã ra văn bản yêu cầu đơn vị thi công bảo hành, thời hạn 14 ngày từ ngày ra văn bản, tức là ngày 23/01/2026. Đến nay vẫn chưa thực hiện. Kiến nghị VP QLĐB II.5 có văn bản nhắc nhở thực hiện hoặc thu 5% bảo hành","Kết quả xử lý
Văn phòng Quản lý đường bộ II.5
Kính gửi: Quý Ông/Bà.
Vấn đề quý Ông/Bà phản ánh, Văn phòng Quản lý đường bộ II.5 xin thông báo kết quả như sau:
Trong thời gian vừa qua, đơn vị thi công đã triển khai sơn một số vị trí vạch sơn kẻ đường bị mờ trên Quốc lộ 1 và đường tránh Huế. Tuy nhiên tại vị trí nút giao thông Bắc cầu Phú Xuân do lưu lượng phương tiện trước Tết và những ngày sau Tết quá lớn nên đơn vị thi công chưa thể triển khai sơn được vì không đảm bảo chất lượng thi công và nguy cơ sẽ xảy ra ách tắc giao thông.
Hiện nay, qua theo dõi phương tiện đã giảm dần, Văn phòng đã tiếp tục yêu cầu đơn vị thi công khẩn trương triển khai sơn các vị trí còn lại, đặc biệt là nút giao phía Bắc cầu Phú Xuân.
Chân thành cảm ơn quý Ông/Bà.
Trân trọng.
Hạn xử lý: 09/02/2026
Ngày xử lý: 02/03/2026",Đã xử lý,https://tuongtac.hue.gov.vn/phan-anh/vach-son-bi-mo-tai-nut-giao-bac-cau-phu-xuan-lan-2-a214454.html
487,Hue,17:45 29/01/2026,"Sau khi tuyến đường Mai Thúc Loan (cả tuyến đường) được nâng cấp, tôi nhận thấy rất nhiều ô trồng cây xanh dọc hai bên đường bị san lấp trong xi măng, cát sỏi, thu hẹp diện tích đất trồng, không đảm bảo điều kiện sinh trưởng cho cây.
Cụ thể:
Phần rễ gốc cây bị vùi lấp, nén chặt, đất trồng không còn tơi xốp.
Ô cây bị bịt kín, thiếu khả năng thoát nước và trao đổi khí, dễ gây thối rễ, suy kiệt và chết cây.
Nhiều cây có dấu hiệu sinh trưởng kém, nguy cơ khô cành, chết dần trong thời gian tới.
Việc san lấp đồng loạt trên nhiều ô cây cho thấy đây không phải hiện tượng cục bộ, mà ảnh hưởng toàn tuyến.
Nếu tình trạng này kéo dài:
Cây xanh đô thị có thể chết hàng loạt, gây lãng phí lớn.
Khi cây suy yếu, nguy cơ gãy đổ trong mùa mưa bão sẽ tăng cao, đe dọa an toàn người đi bộ và phương tiện giao thông.
Kiến nghị:
Cơ quan chức năng kiểm tra thực tế toàn bộ các ô cây trên tuyến Mai Thúc Loan.
Hoàn trả đúng cao độ ô trồng cây, nạo bỏ phần vật liệu lấp sai quy cách.
Bổ sung đất trồng phù hợp, đảm bảo thoát nước – thông khí cho rễ.
Có giải pháp kỹ thuật đồng bộ để bảo vệ hệ thống cây xanh hiện hữu, tránh tình trạng “nâng cấp đường nhưng làm chết cây”.
Kính mong các đơn vị liên quan xử lý sớm để cứu các cây xanh trước khi quá muộn.
(Kèm nhiều hình ảnh chụp ngày 29/01/2026 tại tuyến đường Mai Thúc Loan)","Kết quả xử lý
Trung tâm Công viên cây xanh thành phố Huế
Kính gửi: Quý Ông/Bà.
Vấn đề quý Ông/Bà phản ánh, Trung tâm Công viên Cây xanh thành phố Huế xin thông báo kết quả như sau:
Trung tâm đã cho phá dỡ và thu hồi bê tông, cát sạn đổ dưới ô cây tại 192 Mai Thúc Loan (Đính kèm hình ảnh).
Chân thành cảm ơn quý Ông/Bà.
Trân trọng./.
  Hạn xử lý: 09/02/2026
Ngày xử lý: 26/02/2026",Đã xử lý,https://tuongtac.hue.gov.vn/phan-anh/kiem-tra-cac-o-trong-cay-tai-duong-mai-thuc-loan-a214447.html
488,Hue,17:44 29/01/2026,"Hiện nay cống thoát nước đường kiệt 116 Nguyễn Lộ Trạch, phường Vỹ Dạ đã bị tắc nên tình trạng nước thải sinh hoạt đã tràn ra đường hơn 3 tháng nay, bốc mùi hôi thối ô nhiễm môi trường. Kiến nghị cần xử lý sớm.","Kết quả xử lý
Trung tâm Quản lý và Khai thác hạ tầng thành phố Huế
Kính gửi: Quý Ông/Bà.
Vấn đề Quý Ông/Bà phản ánh, Trung tâm Quản lý và Khai thác Hạ tầng thành phố Huế xin thông báo kết quả như sau:
Sau khi tiếp nhận phản ánh, Trung tâm đã tiến hành kiểm tra và thực hiện nạo vét. Trước mắt, Trung tâm sẽ tổ chức nạo vét hai đầu kiệt để khắc phục tình trạng nước cống tràn lên mặt đường, nhằm đảm bảo vệ sinh môi trường cho người dân đón Tết. Sau Tết, Trung tâm sẽ tiếp tục triển khai nạo vét toàn tuyến mương theo kế hoạch.
Chân thành cảm ơn Quý Ông/Bà.
Trân trọng./.
1/3
123
Hạn xử lý: 09/02/2026
Ngày xử lý: 09/02/2026",Đã xử lý,https://tuongtac.hue.gov.vn/phan-anh/cong-thoat-nuoc-duong-kiet-116-nguyen-lo-trach-bi-tac-nghen-a214446.html
489,Hue,17:39 29/01/2026,"Cây xanh trước số nhà 157 Mai Thúc Loan, phường Phú Xuân, TP Huế hiện đã bị chết, thân cây khô, không còn khả năng sinh trưởng. Cây đứng sát lề đường, khu vực có nhiều người và phương tiện qua lại nên tiềm ẩn nguy cơ gãy, đổ, đặc biệt khi có mưa lớn hoặc gió mạnh, gây mất an toàn giao thông và an toàn cho người dân.
Đề nghị cơ quan chức năng kiểm tra thực tế, xử lý chặt hạ hoặc thay thế cây mới kịp thời, tránh để xảy ra sự cố đáng tiếc.
(Kèm hình ảnh chụp lúc 17h34 ngày 29/01/2026 tại vị trí nêu trên)","Kết quả xử lý
Trung tâm Công viên cây xanh thành phố Huế
Kính gửi: Quý Ông/Bà.
Vấn đề quý Ông/Bà phản ánh, Trung tâm Công viên Cây xanh thành phố Huế (Trung tâm) xin thông báo kết quả như sau:
Cây xanh tại 157 Mai Thúc Loan nằm trong kế hoạch chặt hạ cây xanh của Quý I/2026, Trung tâm sẽ tiến hành di dời trong thời gian sớm nhất đảm bảo cảnh quan đô thị.
Trung tâm Công viên cây xanh cập nhật: Trung tâm Công viên Cây xanh thành phố đã di dời cây xanh tại địa chỉ 157 Mai Thúc Loan, đồng thời làm việc với Ban Quản lý dự án Đầu tư xây dựng khu vực 1 để lấp lại vỉa hè do phía dưới là hố cống không thể trồng lại cây khác.
Chân thành cảm ơn quý Ông/Bà.
Trân trọng./.
Hạn xử lý: 09/02/2026
Ngày xử lý: 26/02/2026",Đã xử lý,https://tuongtac.hue.gov.vn/phan-anh/kien-nghi-kiem-tra-cay-xanh-tai-157-mai-thuc-loan-a214445.html
490,Hue,16:15 29/01/2026,"Xin phản ánh về việc không có nắp cống tại gần nhà số 2, kiệt 93 An Dương Vương, phường An Cựu, thành phố Huế. Kính mong cơ quan chức năng xử lý.","Kết quả xử lý
Trung tâm Quản lý và Khai thác hạ tầng thành phố Huế
Kính gửi: Quý Ông/Bà.
Vấn đề quý Ông/Bà phản ánh, Trung tâm Quản lý và Khai thác Hạ tầng thành phố Huế xin thông báo kết quả như sau:
Sau khi nhận được phản ánh, Trung tâm đã tiến hành kiểm tra và đã đưa vào kế hoạch để sửa chữa, thay thế trong quý II/2026. 
Chân thành cảm ơn quý Ông/Bà.
Trân trọng./.
Hạn xử lý: 15/04/2026
Ngày xử lý: 09/04/2026",Đã xử lý,https://tuongtac.hue.gov.vn/phan-anh/khong-co-nap-cong-gan-nha-so-2-kiet-93-an-duong-vuong-a214438.html
491,Hue,15:53 29/01/2026,"Số 1 Nguyễn Viết Xuân cạnh trường tiểu học Thanh Lam hư hỏng, ổ voi, học sinh đi lại mất an toàn. Nhờ chính quyền sửa chữa kịp thời cho các cháu đi lại.","Kết quả xử lý
Phường Thanh Thủy
Kính gửi: Quý Ông/Bà. 
Vấn đề quý Ông/Bà phản ánh, UBND phường Thanh Thủy xin thông báo kết quả như sau:
Sau khi nhận phản ánh, UBND phường đã chỉ đạo Trung tâm Dịch vụ sự nghiệp công giải quyết. Qua kiểm tra hiện trường, UBND phường sẽ tiến hành khắc phục tạm thời để đảm bảo giao thông trước Tết Nguyên Đán.
Chân thành cảm ơn quý Ông/Bà.
Trân trọng./.
Hạn xử lý: 09/02/2026
Ngày xử lý: 04/02/2026",Đã xử lý,https://tuongtac.hue.gov.vn/phan-anh/duong-nguyen-viet-xuan-bi-hu-hong-a214433.html
492,Hue,14:22 29/01/2026,"Cuối đường Nguyễn Văn Đào, tổ 10, khu vực 6, phường Thuỷ Xuân, Thành phố Huế (quán nhậu idol bia đi lên dốc 100m).
Mở đường đã lâu nhưng trụ điện nằm giữa đường chưa di dời làm ảnh hưởng đi lại của bà con lối xóm, và gây mất an toàn cho trẻ nhỏ. Mong chính quyền cơ quan có chức năng xử lý.
Chân thành cảm ơn!","Kết quả xử lý
Công ty Điện lực Huế
Kính gửi: Quý Ông/Bà.
Vấn đề quý Ông/Bà phản ánh, Công ty Điện lực Huế xin thông báo kết quả như sau:
Nguyên nhân cột điện nằm giữa lòng đường là do trong quá trình địa phương mở rộng đường, việc di dời cột điện chưa được thực hiện theo quy định của UBND thành phố Huế ban hành kèm theo Quyết định số 68/2025/QĐ-UBND ngày 07/8/2025.
Trong thời gian tới, Điện lực Huế sẽ đăng ký bổ sung nguồn vốn sửa chữa trong giai đoạn 2027–2028; trước mắt, đơn vị sẽ tiến hành sơn cảnh báo an toàn tại thân cột điện.
Chân thành cảm ơn quý Ông/Bà.
Trân trọng./.
Hạn xử lý: 09/02/2026
Ngày xử lý: 09/02/2026",Đã xử lý,https://tuongtac.hue.gov.vn/phan-anh/kien-nghi-di-doi-tru-dien-tai-cuoi-duong-nguyen-van-dao-a214426.html
493,Hue,12:48 29/01/2026,"Tại nút giao thông phía Bắc cầu Phú Xuân (khu vực trước ngân hàng ACB), hệ thống vạch kẻ đường, vạch dừng xe và vạch qua đường cho người đi bộ đã bị phai mờ nghiêm trọng, gần như không còn nhận diện rõ.
Thực tế cho thấy:
Người điều khiển phương tiện khó xác định vị trí dừng xe đúng quy định, dễ dừng lấn vạch.
Các làn xe không được phân tách rõ ràng, gây lúng túng khi lưu thông, đặc biệt vào giờ cao điểm.
Người đi bộ không có vạch qua đường rõ ràng để sang đường an toàn, tiềm ẩn nguy cơ tai nạn giao thông.
Trong điều kiện thời tiết xấu hoặc ánh sáng yếu, nguy cơ va chạm càng gia tăng.
Đây là nút giao thông lớn, mật độ phương tiện cao, việc vạch kẻ đường bị mờ kéo dài ảnh hưởng trực tiếp đến an toàn giao thông và trật tự đô thị.
Kính đề nghị cơ quan chức năng sớm kiểm tra, sơn kẻ lại vạch đường đúng quy chuẩn, nhằm đảm bảo an toàn cho người và phương tiện khi tham gia giao thông.","Kết quả xử lý
Văn phòng Quản lý đường bộ II.5
Kính gửi: Quý Ông/Bà.
Vấn đề quý Ông/Bà phản ánh, Văn phòng Quản lý đường bộ II.5 xin thông báo kết quả như sau:
Trong thời gian vừa qua, đơn vị thi công đã triển khai sơn một số vị trí vạch sơn kẻ đường bị mờ trên Quốc lộ 1 và đường tránh Huế. Tuy nhiên tại vị trí nút giao thông Bắc cầu Phú Xuân do lưu lượng phương tiện trước Tết và những ngày sau Tết quá lớn nên đơn vị thi công chưa thể triển khai sơn được vì không đảm bảo chất lượng thi công và nguy cơ sẽ xảy ra ách tắc giao thông.
Hiện nay, qua theo dõi phương tiện đã giảm dần, Văn phòng đã tiếp tục yêu cầu đơn vị thi công khẩn trương triển khai sơn các vị trí còn lại, đặc biệt là nút giao phía Bắc cầu Phú Xuân.
Chân thành cảm ơn quý Ông/Bà.
Trân trọng.
Hạn xử lý: 10/02/2026
Ngày xử lý: 02/03/2026",Đã xử lý,https://tuongtac.hue.gov.vn/phan-anh/kien-nghi-ke-lai-vach-ke-duong-vach-dung-xe-va-vach-qua-duong-tai-nut-giao-thong-phia-bac-cau-phu-x-a214420.html
494,Hue,12:45 29/01/2026,"Đèn giao thông Ngã tư Hùng Vương - Lê Lợi bị hỏng, cần sửa chữa lại để người tham gia giao thông có thể theo dõi đèn tín hiệu từ xa.","Kết quả xử lý
Trung tâm Quản lý và Khai thác hạ tầng thành phố Huế
Kính gửi: Quý Ông/Bà. 
Vấn đề quý Ông/Bà phản ánh, Trung tâm Quản lý và Khai thác Hạ tầng thành phố Huế xin thông báo kết quả như sau:
Sau khi nhận được phản ánh, Trung tâm đã tiến hành kiểm tra và đã đưa vào kế hoạch để sửa chữa trong tháng 02/2026.
Chân thành cảm ơn quý Ông/Bà.
Trân trọng./.
Hạn xử lý: 09/02/2026
Ngày xử lý: 10/02/2026",Đã xử lý,https://tuongtac.hue.gov.vn/phan-anh/bo-dem-day-cua-den-giao-thong-tai-nga-tu-hung-vuong---le-loi-a214419.html
495,Hue,11:52 29/01/2026,"Tại phường Kim Trà hiện có nhiều điểm dây cáp viễn thông võng thấp, chẳng chéo; cụ thể tại Đường Trường thi, Tổ dân phố La Chữ Đông (vị trí như hình ảnh là gần nhà cộng đồng Tổ dân phố La Chữ Đông), dây cáp buông thấp qua lối đi và khu vực ruộng nước, vừa gây mất an toàn cho người dân, vừa làm mất mỹ quan khu vực.
Tình trạng này chưa phù hợp với Luật Viễn thông 2009 và Nghị định 25/2011/NĐ-CP về trách nhiệm bảo đảm an toàn hạ tầng viễn thông.
Hệ thống điện lực đã được khắc phục gọn gàng, tuy nhiên hạ tầng viễn thông chưa được xử lý đồng bộ.
Kính đề nghị cơ quan chức năng kiểm tra hiện trường, yêu cầu các đơn vị viễn thông liên quan khắc phục sớm, hoàn thành trước Tết Nguyên đán Bính Ngọ.","Kết quả xử lý
Sở Khoa học và Công nghệ
Kính gửi: Quý Ông/Bà.
Vấn đề quý Ông/Bà phản ánh, Sở Khoa học và Công nghệ xin thông báo kết quả như sau:
Sở Khoa học và Công nghệ đã hướng dẫn các Doanh nghiệp viễn thông kiểm tra và xử lý làm gọn dây mạng tại vị trí trên (Đính kèm hình ảnh).
Chân thành cảm ơn quý Ông/Bà.
Trân trọng./.
1/2
12
Hạn xử lý: 09/02/2026
Ngày xử lý: 30/01/2026",Đã xử lý,https://tuongtac.hue.gov.vn/phan-anh/phan-anh-day-cap-vien-thong-vong-thap-tai-dau-kiet-28-truong-thi-a214418.html
496,Hue,11:18 29/01/2026,"Kính gửi các cơ quan chức năng: Thùng rác để trên lòng đường QL1A tại Km841+300 (địa chỉ tổ dân phố 1B Thuỷ Phù, phường Phú Bài, thành phố Huế) gây nguy hiểm cho người tham gia giao thông. Kiến nghị đơn vị thu gom môi trường làm tấm đan băng qua mương để làm nơi thùng trên đó (có thẩm mỹ và không gây nguy hiểm cho người tham gia giao thông). Ảnh chụp lúc 11g ngày 29/01/2026","Kết quả xử lý
Sở Xây dựng
Kính gửi: Quý Ông/Bà.
Vấn đề quý Ông/Bà phản ánh, Sở Xây dựng xin thông báo kết quả như sau:
Đối với vị trí Quý Ông/Bà phản ánh, Sở Xây dựng đã ghi nhận ý kiến và chỉ đạo Công ty TNHH Trùng Phương (đơn vị quản lý tuyến đường) thực hiện bổ sung các tấm đan đúc sẵn trên rãnh thoát nước (rãnh hở hình thang). Sau khi hoàn thành, sẽ tiến hành di dời các thùng rác vào phía trong rãnh thoát nước nhằm đảm bảo vệ sinh môi trường và an toàn giao thông.
Chân thành cảm ơn Quý Ông/Bà.
Trân trọng./.
Hạn xử lý: 27/02/2026
Ngày xử lý: 15/04/2026",Đã xử lý,https://tuongtac.hue.gov.vn/phan-anh/kien-nghi-lam-tan-dan-de-di-doi-thung-rac-vao-tai-km841300-a214417.html
497,Hue,09:18 29/01/2026,"Kính gửi cơ quan chức năng.
Tôi có phản ánh tới dự án thi công đường Phạm Văn Đồng.
Lúc 8h ngày 29/1/2026 tại sao chỉ đào thi công từ số nhà số 1 với số 5 Phạm Văn Đồng thì dừng lại không thi công tiếp. Hay chỉ đào ngang đó rồi dừng lại từ nhà số 5 trở đi thì không thấy đào tiếp tục. Gần tết đến nhà tôi cũng cần buôn bán để kiếm tiền trả mặt bằng. Đào thì đào hết, tại sao lại đào nữa chừng rồi bỏ vậy. Thi công thì không có rào chắn, chắn tôn, gây nguy hiểm cho người đi đường. Cảm ơn. Trân trọng.","Kết quả xử lý
Ban quản lý dự án đầu tư xây dựng Chương trình phát triển các đô thị loại II (các đô thị xanh)
Kính gửi: Quý Ông/Bà.
Vấn đề quý Ông/Bà phản ánh, Ban quản lý dự án đầu tư xây dựng Chương trình phát triển các đô thị loại II (các đô thị xanh) – dự án thành phần Thừa Thiên Huế (Ban QLDA) xin thông báo kết quả như sau:
Từ ngày 26/01/2026 đến nay, đơn vị thi công đã triển khai thi công nền đường nhánh trái đường Phạm Văn Đồng (đường đầu cầu Vỹ Dạ), thuộc hạng mục: Nâng cấp, mở rộng cầu Vỹ Dạ (kèm theo hình ảnh). Dự kiến đoạn nền mặt đường nêu trên sẽ hoàn thành trước ngày 14/02/2026.
Ngày 23/01/2026, đơn vị thi công đã tiến hành lắp dựng hàng rào tôn đoạn từ số nhà 01 đến số nhà 05 đường Phạm Văn Đồng (kèm theo hình ảnh). Tuy nhiên, ngày 27/01/2026, có 04 hộ kinh doanh gửi Đơn cam kết tự nguyện và miễn trừ trách nhiệm, trong đó đề nghị thay thế hàng rào tôn bằng hàng rào cọc và dây phản quang. Ngày 28/01/2026, Ban QLDA phối hợp với đơn vị tư vấn giám sát, đơn vị thi công và 04 hộ kinh doanh đã lập Biên bản xử lý hiện trường, thống nhất thay thế hàng rào tôn bằng hàng rào cọc và dây cảnh báo. Các hộ kinh doanh cam kết chịu trách nhiệm đảm bảo an toàn cho người dân và phương tiện lưu thông trước khu vực kinh doanh. Trường hợp xảy ra sự cố mất an toàn đối với người và phương tiện đi lại trong khu vực vỉa hè đang thi công, các hộ kinh doanh hoàn toàn chịu trách nhiệm (Đính kèm theo Biên bản).
Ban QLDA kính mong Quý Ông/Bà và bà con nhân dân thông cảm.
Chân thành cảm ơn quý Ông/Bà.
Trân trọng./.
1/4
1234
Hạn xử lý: 09/02/2026
Ngày xử lý: 07/02/2026",Đã xử lý,https://tuongtac.hue.gov.vn/phan-anh/kien-nghi-day-nhanh-tien-do-thi-cong-tai-duong-pham-van-dong-a214406.html
498,Hue,08:40 29/01/2026,"Nắp cống gây tiếng ồn lớn ảnh hưởng đời sống dân cư.
Tại địa điểm ngay phía trước số nhà 30 Trần Thái Tông, phường Thuận Hoá nắp cống được đặt giữa đường, do lắp đặt không khít nên các phương tiện giao thông qua lại gây tiếng ồn rất lớn ảnh hưởng đến đời sống của khu dân cư.
Mong cơ quan có thẩm quyền sớm xử lý!
Trân trọng cảm ơn!","Kết quả xử lý
Trung tâm Quản lý và Khai thác hạ tầng thành phố Huế
Kính gửi: Quý Ông /Bà.
Vấn đề quý Ông/Bà phản ánh, Trung tâm Quản lý và Khai thác Hạ tầng thành phố Huế xin thông báo kết quả như sau:
Sau khi nhận được phản ánh, Trung tâm đã tiến hành kiểm tra và sửa chữa, chêm chèn. Đến nay công tác sửa chữa, khắc phục đã hoàn thành. (Hình ảnh đính kèm)
Chân thành cảm ơn quý Ông/Bà.
Trân trọng./.
1/2
12
Hạn xử lý: 09/02/2026
Ngày xử lý: 05/02/2026",Đã xử lý,https://tuongtac.hue.gov.vn/phan-anh/nap-cong-gay-tieng-on-lon-tai-30-tran-thai-tong-a214403.html
499,Hue,01:57 29/01/2026,"Phản ánh tình trạng mặt đường xuống cấp – nguy cơ mất an toàn giao thông
Trên tuyến đường Nguyễn Đình Tứ (ĐT10A), đoạn từ Quán Chén Ốc đến cây xăng, khu vực Mỹ Thượng, TP Huế, hiện xuất hiện các đường nứt /lằn bánh xe kéo dài liên tục dọc theo mặt đường.
Các vệt lún, nứt này chạy theo chiều lưu thông, một số vị trí đã bong tróc, tạo rãnh rõ rệt. Tình trạng trên tiềm ẩn nguy cơ trượt bánh, mất lái, đặc biệt nguy hiểm đối với xe máy, nhất là khi trời mưa hoặc vào ban đêm.
Đề nghị cơ quan chức năng sớm kiểm tra hiện trạng, đánh giá nguyên nhân (thi công, tải trọng, chất lượng mặt đường) và có biện pháp khắc phục kịp thời, tránh để hư hỏng lan rộng và xảy ra tai nạn giao thông.
Kính mong được xem xét, xử lý sớm. Xin cảm ơn.","Kết quả xử lý
Sở Xây dựng
Kính gửi: Quý Ông/Bà.
Vấn đề quý Ông/Bà phản ánh, Sở Xây dựng xin thông báo kết quả như sau:
Tuyến đường Ông/Bà phản ánh là Đường tỉnh 10A, đoạn từ ngã ba giao đường cầu chợ Dinh đến khu đô thị Mỹ Thượng. Đoạn này có mặt đường Bê tông xi măng, kết cấu bền vững nhằm đáp ứng tải trọng lớn, chống ngập úng.
Các vết cào xước, rãnh trên mặt đường chủ yếu do phương tiện cơ giới khi lưu thông có những tác động làm hư hỏng. Tuy nhiên, những hư hỏng này chưa làm ảnh hưởng lớn đến sự lưu thông của phương tiện.
Sở Xây dựng sẽ tiếp tục theo dõi và đưa ra phương án xử lý phù hợp.
Chân thành cảm ơn quý Ông/Bà.
Trân trọng.
Hạn xử lý: 09/02/2026
Ngày xử lý: 10/02/2026",Đã xử lý,https://tuongtac.hue.gov.vn/phan-anh/tinh-trang-mat-duong-xuong-cap-tuyen-duong-nguyen-dinh-tu-a214393.html
500,Hue,22:33 28/01/2026,"Dây điện gần mặt đường, nhiều lần sà xuống đường gây nguy hiểm cho người dân tham gia giao thông.
Địa chỉ ở số 8 Bửu Kế, phường Hương Trà, Thành phố Huế.
(ngay cầu mới đường mới xây).","Kết quả xử lý
Phường Hương Trà
Kính gửi: Quý Ông/Bà.
Vấn đề quý Ông/Bà phản ánh, UBND phường Hương Trà xin thông báo kết quả như sau:
UBND phường đã chỉ đạo Trung tâm dịch vụ sự nghiệp công phường phối hợp với các đơn vị liên quan tiến hành kiểm tra và yêu cầu các hộ gia đình liên quan tiến hành nâng hệ thống dây điện để đảm bảo an toàn theo quy định. (Kèm theo Biên bản)
Chân thành cảm ơn quý Ông/Bà.
Trân trọng./.
1/2
12
Hạn xử lý: 10/02/2026
Ngày xử lý: 10/02/2026",Đã xử lý,https://tuongtac.hue.gov.vn/phan-anh/day-dien-sa-thap-gay-nguy-hiem-tai-8-buu-ke-a214386.html
