id,city,time,content,clean_content,compound_content,ml_text,handler,status,url,label,priority,is_synthetic
SYN0001,Hanoi,,"Tại khu vực phố Tây Sơn, đoạn gần Đại học Thủy Lợi, quận Đống Đa, nhiều xe ô tô thường xuyên dừng đỗ dưới lòng đường trong thời gian dài, đặc biệt vào giờ cao điểm. Việc này làm thu hẹp phần đường lưu thông, gây khó khăn cho các phương tiện qua lại và tiềm ẩn nguy cơ mất an toàn giao thông. Kính đề nghị cơ quan chức năng kiểm tra và có biện pháp xử lý.","Tại khu vực phố Tây Sơn, đoạn gần Đại học Thủy Lợi, quận Đống Đa, nhiều xe ô tô thường xuyên dừng đỗ dưới lòng đường trong thời gian dài, đặc biệt vào giờ cao điểm. Việc này làm thu hẹp phần đường lưu thông, gây khó khăn cho các phương tiện qua lại và tiềm ẩn nguy cơ mất an toàn giao thông. Kính đề nghị cơ quan chức năng kiểm tra và có biện pháp xử lý.","tại khu_vực phố tây_sơn , đoạn gần đại_học thủy_lợi , quận đống_đa , nhiều xe ô_tô thường_xuyên dừng đỗ dưới lòng_đường trong thời_gian dài , đặc_biệt vào giờ cao_điểm . việc này làm thu_hẹp phần đường lưu_thông , gây khó_khăn cho các phương_tiện qua_lại và tiềm_ẩn nguy_cơ mất an_toàn giao_thông . kính đề_nghị cơ_quan_chức_năng kiểm_tra và có biện_pháp xử_lý .","tại khu_vực phố tây_sơn , đoạn gần đại_học thủy_lợi , quận đống_đa , nhiều xe ô_tô thường_xuyên dừng đỗ dưới lòng_đường trong thời_gian dài , đặc_biệt vào giờ cao_điểm . việc này làm thu_hẹp phần đường lưu_thông , gây khó_khăn cho các phương_tiện qua_lại và tiềm_ẩn nguy_cơ mất an_toàn giao_thông . kính đề_nghị cơ_quan_chức_năng kiểm_tra và có biện_pháp xử_lý .",,Dữ liệu ảo,,do_xe_can_tro,trung_binh,True
SYN0002,Hanoi,,"Người dân phản ánh tại phố Tây Sơn, đoạn gần Đại học Thủy Lợi, quận Đống Đa xuất hiện tình trạng xe ô tô đỗ chắn trước lối ra vào khu dân cư. Các phương tiện khác khi đi qua phải lấn sang làn đối diện, gây cản trở giao thông và dễ xảy ra va chạm. Đề nghị lực lượng chức năng kiểm tra, nhắc nhở và xử lý tình trạng đỗ xe sai quy định.","Người dân phản ánh tại phố Tây Sơn, đoạn gần Đại học Thủy Lợi, quận Đống Đa xuất hiện tình trạng xe ô tô đỗ chắn trước lối ra vào khu dân cư. Các phương tiện khác khi đi qua phải lấn sang làn đối diện, gây cản trở giao thông và dễ xảy ra va chạm. Đề nghị lực lượng chức năng kiểm tra, nhắc nhở và xử lý tình trạng đỗ xe sai quy định.","người dân phản_ánh tại phố tây_sơn , đoạn gần đại_học thủy_lợi , quận đống_đa xuất_hiện tình_trạng xe ô_tô đỗ chắn trước lối ra vào khu dân_cư . các phương_tiện khác khi đi qua phải lấn sang làn đối_diện , gây cản_trở giao_thông và dễ xảy ra va_chạm . đề_nghị_lực_lượng chức_năng kiểm_tra , nhắc_nhở và xử_lý tình_trạng đỗ xe sai quy_định .","người dân phản_ánh tại phố tây_sơn , đoạn gần đại_học thủy_lợi , quận đống_đa xuất_hiện tình_trạng xe ô_tô đỗ chắn trước lối ra vào khu dân_cư . các phương_tiện khác khi đi qua phải lấn sang làn đối_diện , gây cản_trở giao_thông và dễ xảy ra va_chạm . đề_nghị_lực_lượng chức_năng kiểm_tra , nhắc_nhở và xử_lý tình_trạng đỗ xe sai quy_định .",,Dữ liệu ảo,,do_xe_can_tro,trung_binh,True
SYN0003,Hanoi,,"Khu vực đường Hoàng Quốc Việt, phường Nghĩa Đô, quận Cầu Giấy thường xuyên có xe tải, xe con dừng đỗ không đúng nơi quy định, đặc biệt vào buổi sáng và chiều tối. Tình trạng này gây ùn ứ cục bộ, ảnh hưởng đến việc đi lại của người dân và học sinh. Kính mong cơ quan chức năng sớm có phương án xử lý.","Khu vực đường Hoàng Quốc Việt, phường Nghĩa Đô, quận Cầu Giấy thường xuyên có xe tải, xe con dừng đỗ không đúng nơi quy định, đặc biệt vào buổi sáng và chiều tối. Tình trạng này gây ùn ứ cục bộ, ảnh hưởng đến việc đi lại của người dân và học sinh. Kính mong cơ quan chức năng sớm có phương án xử lý.","khu_vực đường hoàng_quốc việt , phường nghĩa_đô , quận cầu giấy thường_xuyên có xe_tải , xe_con dừng đỗ không đúng nơi quy_định , đặc_biệt vào buổi sáng và chiều_tối . tình_trạng này gây ùn ứ cục_bộ , ảnh_hưởng đến việc đi_lại của người dân và học_sinh . kính mong cơ_quan_chức_năng sớm có phương_án xử_lý .","khu_vực đường hoàng_quốc việt , phường nghĩa_đô , quận cầu giấy thường_xuyên có xe_tải , xe_con dừng đỗ không đúng nơi quy_định , đặc_biệt vào buổi sáng và chiều_tối . tình_trạng này gây ùn ứ cục_bộ , ảnh_hưởng đến việc đi_lại của người dân và học_sinh . kính mong cơ_quan_chức_năng sớm có phương_án xử_lý .",,Dữ liệu ảo,,do_xe_can_tro,trung_binh,True
SYN0004,Hanoi,,"Tại đường Nguyễn Văn Cừ, phường Bồ Đề, quận Long Biên, nhiều xe máy và ô tô đậu đỗ tràn xuống lòng đường, làm người đi bộ và phương tiện lưu thông gặp nhiều khó khăn. Một số thời điểm xe buýt và xe cứu thương khó di chuyển qua khu vực này. Đề nghị kiểm tra và bố trí biển cấm đỗ xe nếu cần thiết.","Tại đường Nguyễn Văn Cừ, phường Bồ Đề, quận Long Biên, nhiều xe máy và ô tô đậu đỗ tràn xuống lòng đường, làm người đi bộ và phương tiện lưu thông gặp nhiều khó khăn. Một số thời điểm xe buýt và xe cứu thương khó di chuyển qua khu vực này. Đề nghị kiểm tra và bố trí biển cấm đỗ xe nếu cần thiết.","tại đường nguyễn_văn_cừ , phường bồ_đề , quận long_biên , nhiều xe_máy và ô_tô đậu đỗ tràn xuống lòng_đường , làm người đi bộ và phương_tiện lưu_thông gặp nhiều khó_khăn . một_số thời_điểm xe_buýt và xe cứu_thương khó di_chuyển qua khu_vực này . đề_nghị kiểm_tra và bố_trí biển cấm đỗ xe nếu cần_thiết .","tại đường nguyễn_văn_cừ , phường bồ_đề , quận long_biên , nhiều xe_máy và ô_tô đậu đỗ tràn xuống lòng_đường , làm người đi bộ và phương_tiện lưu_thông gặp nhiều khó_khăn . một_số thời_điểm xe_buýt và xe cứu_thương khó di_chuyển qua khu_vực này . đề_nghị kiểm_tra và bố_trí biển cấm đỗ xe nếu cần_thiết .",,Dữ liệu ảo,,do_xe_can_tro,trung_binh,True
SYN0005,Hanoi,,"Đèn tín hiệu giao thông tại khu vực đường Phạm Văn Đồng, đoạn gần công viên Hòa Bình, quận Bắc Từ Liêm hoạt động không ổn định, có thời điểm không chuyển pha đúng chu kỳ. Việc này khiến các phương tiện di chuyển lộn xộn, dễ xảy ra va chạm tại nút giao. Kính đề nghị đơn vị quản lý kiểm tra và khắc phục sớm.","Đèn tín hiệu giao thông tại khu vực đường Phạm Văn Đồng, đoạn gần công viên Hòa Bình, quận Bắc Từ Liêm hoạt động không ổn định, có thời điểm không chuyển pha đúng chu kỳ. Việc này khiến các phương tiện di chuyển lộn xộn, dễ xảy ra va chạm tại nút giao. Kính đề nghị đơn vị quản lý kiểm tra và khắc phục sớm.","đèn tín_hiệu giao_thông tại khu_vực đường phạm văn đồng , đoạn gần công_viên hòa_bình , quận bắc từ liêm hoạt_động không ổn_định , có thời_điểm không chuyển pha đúng chu_kỳ . việc này khiến các phương_tiện di_chuyển lộn_xộn , dễ xảy ra va_chạm tại nút giao . kính đề_nghị đơn_vị quản_lý kiểm_tra và khắc_phục sớm .","đèn tín_hiệu giao_thông tại khu_vực đường phạm văn đồng , đoạn gần công_viên hòa_bình , quận bắc từ liêm hoạt_động không ổn_định , có thời_điểm không chuyển pha đúng chu_kỳ . việc này khiến các phương_tiện di_chuyển lộn_xộn , dễ xảy ra va_chạm tại nút giao . kính đề_nghị đơn_vị quản_lý kiểm_tra và khắc_phục sớm .",,Dữ liệu ảo,,den_tin_hieu,trung_binh,True
SYN0006,Hanoi,,"Tại nút giao gần phố Bạch Mai, phường Bạch Mai, quận Hai Bà Trưng, thời gian chờ đèn đỏ quá lâu trong khi lượng phương tiện lưu thông rất lớn. Vào giờ cao điểm, tình trạng này gây ùn tắc kéo dài và ảnh hưởng đến các tuyến đường lân cận. Đề nghị cơ quan chức năng xem xét điều chỉnh chu kỳ đèn cho phù hợp.","Tại nút giao gần phố Bạch Mai, phường Bạch Mai, quận Hai Bà Trưng, thời gian chờ đèn đỏ quá lâu trong khi lượng phương tiện lưu thông rất lớn. Vào giờ cao điểm, tình trạng này gây ùn tắc kéo dài và ảnh hưởng đến các tuyến đường lân cận. Đề nghị cơ quan chức năng xem xét điều chỉnh chu kỳ đèn cho phù hợp.","tại nút giao gần phố bạch_mai , phường bạch_mai , quận hai bà trưng , thời_gian chờ đèn_đỏ quá lâu trong khi lượng phương_tiện lưu_thông rất lớn . vào giờ cao_điểm , tình_trạng này gây ùn_tắc kéo_dài và ảnh_hưởng đến các tuyến đường lân_cận . đề_nghị cơ_quan_chức_năng xem_xét điều_chỉnh chu_kỳ đèn cho phù_hợp .","tại nút giao gần phố bạch_mai , phường bạch_mai , quận hai bà trưng , thời_gian chờ đèn_đỏ quá lâu trong khi lượng phương_tiện lưu_thông rất lớn . vào giờ cao_điểm , tình_trạng này gây ùn_tắc kéo_dài và ảnh_hưởng đến các tuyến đường lân_cận . đề_nghị cơ_quan_chức_năng xem_xét điều_chỉnh chu_kỳ đèn cho phù_hợp .",,Dữ liệu ảo,,den_tin_hieu,trung_binh,True
SYN0007,Hanoi,,"Người dân phản ánh đèn tín hiệu tại phố Nguyễn Xiển, phường Thanh Xuân Trung, quận Thanh Xuân bị lỗi, đèn xanh và đèn đỏ chuyển pha không hợp lý. Một số phương tiện không xác định được hướng di chuyển an toàn, gây mất trật tự giao thông. Đề nghị kiểm tra hệ thống điều khiển đèn tín hiệu tại khu vực này.","Người dân phản ánh đèn tín hiệu tại phố Nguyễn Xiển, phường Thanh Xuân Trung, quận Thanh Xuân bị lỗi, đèn xanh và đèn đỏ chuyển pha không hợp lý. Một số phương tiện không xác định được hướng di chuyển an toàn, gây mất trật tự giao thông. Đề nghị kiểm tra hệ thống điều khiển đèn tín hiệu tại khu vực này.","người dân phản_ánh đèn tín_hiệu tại phố nguyễn_xiển , phường thanh_xuân_trung , quận thanh_xuân bị lỗi , đèn_xanh và đèn_đỏ chuyển pha không hợp_lý . một_số phương_tiện không xác_định được hướng di_chuyển an_toàn , gây mất trật_tự giao_thông . đề_nghị kiểm_tra hệ_thống điều_khiển đèn tín_hiệu tại khu_vực này .","người dân phản_ánh đèn tín_hiệu tại phố nguyễn_xiển , phường thanh_xuân_trung , quận thanh_xuân bị lỗi , đèn_xanh và đèn_đỏ chuyển pha không hợp_lý . một_số phương_tiện không xác_định được hướng di_chuyển an_toàn , gây mất trật_tự giao_thông . đề_nghị kiểm_tra hệ_thống điều_khiển đèn tín_hiệu tại khu_vực này .",,Dữ liệu ảo,,den_tin_hieu,trung_binh,True
SYN0008,Hanoi,,"Đèn tín hiệu dành cho người đi bộ tại phố Tôn Đức Thắng, phường Hàng Bột, quận Đống Đa không hoạt động, khiến người dân gặp khó khăn khi sang đường. Khu vực này có nhiều học sinh, người đi bộ và phương tiện qua lại nên nguy cơ mất an toàn khá cao. Kính mong cơ quan chức năng sớm sửa chữa.","Đèn tín hiệu dành cho người đi bộ tại phố Tôn Đức Thắng, phường Hàng Bột, quận Đống Đa không hoạt động, khiến người dân gặp khó khăn khi sang đường. Khu vực này có nhiều học sinh, người đi bộ và phương tiện qua lại nên nguy cơ mất an toàn khá cao. Kính mong cơ quan chức năng sớm sửa chữa.","đèn tín_hiệu dành cho người đi bộ tại phố tôn_đức_thắng , phường hàng bột , quận đống_đa không hoạt_động , khiến người dân gặp khó_khăn khi sang đường . khu_vực này có nhiều học_sinh , người đi bộ và phương_tiện qua_lại nên nguy_cơ mất an_toàn khá cao . kính mong cơ_quan_chức_năng sớm sửa_chữa .","đèn tín_hiệu dành cho người đi bộ tại phố tôn_đức_thắng , phường hàng bột , quận đống_đa không hoạt_động , khiến người dân gặp khó_khăn khi sang đường . khu_vực này có nhiều học_sinh , người đi bộ và phương_tiện qua_lại nên nguy_cơ mất an_toàn khá cao . kính mong cơ_quan_chức_năng sớm sửa_chữa .",,Dữ liệu ảo,,den_tin_hieu,trung_binh,True
SYN0009,Hanoi,,"Tại phố Minh Khai, phường Vĩnh Tuy, quận Hai Bà Trưng, đèn vàng nhấp nháy liên tục trong nhiều khung giờ, trong khi mật độ phương tiện rất đông. Việc thiếu tín hiệu điều khiển rõ ràng khiến giao thông tại nút giao trở nên lộn xộn. Đề nghị kiểm tra và khôi phục hoạt động bình thường của đèn tín hiệu.","Tại phố Minh Khai, phường Vĩnh Tuy, quận Hai Bà Trưng, đèn vàng nhấp nháy liên tục trong nhiều khung giờ, trong khi mật độ phương tiện rất đông. Việc thiếu tín hiệu điều khiển rõ ràng khiến giao thông tại nút giao trở nên lộn xộn. Đề nghị kiểm tra và khôi phục hoạt động bình thường của đèn tín hiệu.","tại phố minh_khai , phường vĩnh_tuy , quận hai bà trưng , đèn_vàng nhấp_nháy liên_tục trong nhiều khung giờ , trong khi mật_độ phương_tiện rất đông . việc thiếu tín_hiệu điều_khiển rõ_ràng khiến giao_thông tại nút giao trở_nên lộn_xộn . đề_nghị kiểm_tra và khôi_phục hoạt_động bình_thường của đèn tín_hiệu .","tại phố minh_khai , phường vĩnh_tuy , quận hai bà trưng , đèn_vàng nhấp_nháy liên_tục trong nhiều khung giờ , trong khi mật_độ phương_tiện rất đông . việc thiếu tín_hiệu điều_khiển rõ_ràng khiến giao_thông tại nút giao trở_nên lộn_xộn . đề_nghị kiểm_tra và khôi_phục hoạt_động bình_thường của đèn tín_hiệu .",,Dữ liệu ảo,,den_tin_hieu,trung_binh,True
SYN0010,Hanoi,,"Đèn tín hiệu tại khu vực đường Xuân Thủy, đoạn trước cổng Trường Đại học Quốc gia Hà Nội, quận Cầu Giấy có hiện tượng chập chờn, lúc hoạt động lúc không, khiến người tham gia giao thông khó quan sát. Vào giờ cao điểm, các phương tiện di chuyển lộn xộn và dễ xảy ra va chạm. Đề nghị đơn vị quản lý kiểm tra hệ thống đèn.","Đèn tín hiệu tại khu vực đường Xuân Thủy, đoạn trước cổng Trường Đại học Quốc gia Hà Nội, quận Cầu Giấy có hiện tượng chập chờn, lúc hoạt động lúc không, khiến người tham gia giao thông khó quan sát. Vào giờ cao điểm, các phương tiện di chuyển lộn xộn và dễ xảy ra va chạm. Đề nghị đơn vị quản lý kiểm tra hệ thống đèn.","đèn tín_hiệu tại khu_vực đường xuân_thủy , đoạn trước cổng trường đại_học quốc_gia hà_nội , quận cầu giấy có hiện_tượng chập_chờn , lúc hoạt_động lúc không , khiến người tham_gia giao_thông khó quan_sát . vào giờ cao_điểm , các phương_tiện di_chuyển lộn_xộn và dễ xảy ra va_chạm . đề_nghị đơn_vị quản_lý kiểm_tra hệ_thống đèn .","đèn tín_hiệu tại khu_vực đường xuân_thủy , đoạn trước cổng trường đại_học quốc_gia hà_nội , quận cầu giấy có hiện_tượng chập_chờn , lúc hoạt_động lúc không , khiến người tham_gia giao_thông khó quan_sát . vào giờ cao_điểm , các phương_tiện di_chuyển lộn_xộn và dễ xảy ra va_chạm . đề_nghị đơn_vị quản_lý kiểm_tra hệ_thống đèn .",,Dữ liệu ảo,,den_tin_hieu,trung_binh,True
SYN0011,Hanoi,,"Tại nút giao gần đường Hồ Tùng Mậu, phường Mai Dịch, quận Cầu Giấy, đèn tín hiệu giao thông bị mất pha xanh theo một hướng, làm các phương tiện phải chờ rất lâu. Tình trạng này gây ùn tắc kéo dài trong nhiều khung giờ. Kính đề nghị điều chỉnh và sửa chữa kịp thời.","Tại nút giao gần đường Hồ Tùng Mậu, phường Mai Dịch, quận Cầu Giấy, đèn tín hiệu giao thông bị mất pha xanh theo một hướng, làm các phương tiện phải chờ rất lâu. Tình trạng này gây ùn tắc kéo dài trong nhiều khung giờ. Kính đề nghị điều chỉnh và sửa chữa kịp thời.","tại nút giao gần đường hồ_tùng mậu , phường mai_dịch , quận cầu giấy , đèn tín_hiệu giao_thông bị mất pha xanh theo một hướng , làm các phương_tiện phải chờ rất lâu . tình_trạng này gây ùn_tắc kéo_dài trong nhiều khung giờ . kính đề_nghị điều_chỉnh và sửa_chữa kịp_thời .","tại nút giao gần đường hồ_tùng mậu , phường mai_dịch , quận cầu giấy , đèn tín_hiệu giao_thông bị mất pha xanh theo một hướng , làm các phương_tiện phải chờ rất lâu . tình_trạng này gây ùn_tắc kéo_dài trong nhiều khung giờ . kính đề_nghị điều_chỉnh và sửa_chữa kịp_thời .",,Dữ liệu ảo,,den_tin_hieu,trung_binh,True
SYN0012,Hanoi,,"Người dân phản ánh đèn đỏ tại đường Xuân Thủy, đoạn trước cổng Trường Đại học Quốc gia Hà Nội, quận Cầu Giấy sáng quá lâu trong khi các hướng còn lại ít phương tiện. Việc phân bổ thời gian đèn chưa hợp lý gây lãng phí thời gian và ùn ứ cục bộ. Đề nghị khảo sát lại chu kỳ đèn.","Người dân phản ánh đèn đỏ tại đường Xuân Thủy, đoạn trước cổng Trường Đại học Quốc gia Hà Nội, quận Cầu Giấy sáng quá lâu trong khi các hướng còn lại ít phương tiện. Việc phân bổ thời gian đèn chưa hợp lý gây lãng phí thời gian và ùn ứ cục bộ. Đề nghị khảo sát lại chu kỳ đèn.","người dân phản_ánh đèn_đỏ tại đường xuân_thủy , đoạn trước cổng trường đại_học quốc_gia hà_nội , quận cầu giấy sáng quá lâu trong khi các hướng còn lại ít phương_tiện . việc phân_bổ thời_gian đèn chưa hợp_lý gây lãng_phí thời_gian và ùn ứ cục_bộ . đề_nghị khảo_sát lại chu_kỳ đèn .","người dân phản_ánh đèn_đỏ tại đường xuân_thủy , đoạn trước cổng trường đại_học quốc_gia hà_nội , quận cầu giấy sáng quá lâu trong khi các hướng còn lại ít phương_tiện . việc phân_bổ thời_gian đèn chưa hợp_lý gây lãng_phí thời_gian và ùn ứ cục_bộ . đề_nghị khảo_sát lại chu_kỳ đèn .",,Dữ liệu ảo,,den_tin_hieu,trung_binh,True
SYN0013,Hanoi,,"Đèn tín hiệu cho người đi bộ tại phố Minh Khai, phường Vĩnh Tuy, quận Hai Bà Trưng bị mờ và khó quan sát vào ban ngày. Người dân, đặc biệt là học sinh và người lớn tuổi, gặp khó khăn khi sang đường. Đề nghị kiểm tra và thay thế thiết bị nếu cần.","Đèn tín hiệu cho người đi bộ tại phố Minh Khai, phường Vĩnh Tuy, quận Hai Bà Trưng bị mờ và khó quan sát vào ban ngày. Người dân, đặc biệt là học sinh và người lớn tuổi, gặp khó khăn khi sang đường. Đề nghị kiểm tra và thay thế thiết bị nếu cần.","đèn tín_hiệu cho người đi bộ tại phố minh_khai , phường vĩnh_tuy , quận hai bà trưng bị mờ và khó quan_sát vào ban_ngày . người dân , đặc_biệt là học_sinh và người lớn_tuổi , gặp khó_khăn khi sang đường . đề_nghị kiểm_tra và thay_thế thiết_bị nếu cần .","đèn tín_hiệu cho người đi bộ tại phố minh_khai , phường vĩnh_tuy , quận hai bà trưng bị mờ và khó quan_sát vào ban_ngày . người dân , đặc_biệt là học_sinh và người lớn_tuổi , gặp khó_khăn khi sang đường . đề_nghị kiểm_tra và thay_thế thiết_bị nếu cần .",,Dữ liệu ảo,,den_tin_hieu,trung_binh,True
SYN0014,Hanoi,,"Tại đường Láng, đoạn gần cầu vượt Láng Hạ, quận Đống Đa, đèn giao thông không đồng bộ với lưu lượng phương tiện thực tế. Một số thời điểm xe từ đường nhánh phải chờ quá lâu, dẫn đến tình trạng vượt đèn đỏ. Đề nghị cơ quan chức năng điều chỉnh chu kỳ hoạt động.","Tại đường Láng, đoạn gần cầu vượt Láng Hạ, quận Đống Đa, đèn giao thông không đồng bộ với lưu lượng phương tiện thực tế. Một số thời điểm xe từ đường nhánh phải chờ quá lâu, dẫn đến tình trạng vượt đèn đỏ. Đề nghị cơ quan chức năng điều chỉnh chu kỳ hoạt động.","tại đường láng , đoạn gần cầu_vượt láng_hạ , quận đống_đa , đèn giao_thông không đồng_bộ với lưu_lượng phương_tiện thực_tế . một_số thời_điểm xe từ_đường nhánh phải chờ quá lâu , dẫn đến tình_trạng vượt đèn_đỏ . đề_nghị cơ_quan_chức_năng điều_chỉnh chu_kỳ hoạt_động .","tại đường láng , đoạn gần cầu_vượt láng_hạ , quận đống_đa , đèn giao_thông không đồng_bộ với lưu_lượng phương_tiện thực_tế . một_số thời_điểm xe từ_đường nhánh phải chờ quá lâu , dẫn đến tình_trạng vượt đèn_đỏ . đề_nghị cơ_quan_chức_năng điều_chỉnh chu_kỳ hoạt_động .",,Dữ liệu ảo,,den_tin_hieu,trung_binh,True
SYN0015,Hanoi,,"Đèn tín hiệu tại khu vực phố Tây Sơn, đoạn gần Đại học Thủy Lợi, quận Đống Đa bị nghiêng, hướng đèn không còn quay đúng về phía người điều khiển phương tiện. Việc này khiến tài xế khó quan sát tín hiệu từ xa. Đề nghị kiểm tra lại vị trí lắp đặt.","Đèn tín hiệu tại khu vực phố Tây Sơn, đoạn gần Đại học Thủy Lợi, quận Đống Đa bị nghiêng, hướng đèn không còn quay đúng về phía người điều khiển phương tiện. Việc này khiến tài xế khó quan sát tín hiệu từ xa. Đề nghị kiểm tra lại vị trí lắp đặt.","đèn tín_hiệu tại khu_vực phố tây_sơn , đoạn gần đại_học thủy_lợi , quận đống_đa bị nghiêng , hướng đèn không còn quay đúng về phía người điều_khiển phương_tiện . việc này khiến tài_xế khó quan_sát tín_hiệu từ xa . đề_nghị kiểm_tra lại vị_trí lắp_đặt .","đèn tín_hiệu tại khu_vực phố tây_sơn , đoạn gần đại_học thủy_lợi , quận đống_đa bị nghiêng , hướng đèn không còn quay đúng về phía người điều_khiển phương_tiện . việc này khiến tài_xế khó quan_sát tín_hiệu từ xa . đề_nghị kiểm_tra lại vị_trí lắp_đặt .",,Dữ liệu ảo,,den_tin_hieu,trung_binh,True
SYN0016,Hanoi,,"Tại ngõ 93 Hoàng Văn Thái, phường Khương Trung, quận Thanh Xuân, đèn vàng nhấp nháy liên tục trong thời gian dài dù đây là khu vực có mật độ xe lớn. Việc thiếu điều khiển giao thông rõ ràng gây mất trật tự và tiềm ẩn nguy hiểm. Kính đề nghị khôi phục hoạt động bình thường của đèn.","Tại ngõ 93 Hoàng Văn Thái, phường Khương Trung, quận Thanh Xuân, đèn vàng nhấp nháy liên tục trong thời gian dài dù đây là khu vực có mật độ xe lớn. Việc thiếu điều khiển giao thông rõ ràng gây mất trật tự và tiềm ẩn nguy hiểm. Kính đề nghị khôi phục hoạt động bình thường của đèn.","tại ngõ 93 hoàng_văn_thái , phường khương_trung , quận thanh_xuân , đèn_vàng nhấp_nháy liên_tục trong thời_gian dài dù đây là khu_vực có mật_độ xe lớn . việc thiếu_điều_khiển giao_thông rõ_ràng gây mất trật_tự và tiềm_ẩn nguy_hiểm . kính đề_nghị khôi_phục hoạt_động bình_thường của đèn .","tại ngõ 93 hoàng_văn_thái , phường khương_trung , quận thanh_xuân , đèn_vàng nhấp_nháy liên_tục trong thời_gian dài dù đây là khu_vực có mật_độ xe lớn . việc thiếu_điều_khiển giao_thông rõ_ràng gây mất trật_tự và tiềm_ẩn nguy_hiểm . kính đề_nghị khôi_phục hoạt_động bình_thường của đèn .",,Dữ liệu ảo,,den_tin_hieu,trung_binh,True
SYN0017,Hanoi,,"Người dân phản ánh đèn tín hiệu tại đường Nguyễn Trãi, đoạn gần Ngã Tư Sở, quận Thanh Xuân thường xuyên bị che khuất bởi biển quảng cáo và cây xanh. Các phương tiện đi từ xa khó nhận biết tín hiệu, nhất là vào buổi tối. Đề nghị kiểm tra và xử lý vật che khuất.","Người dân phản ánh đèn tín hiệu tại đường Nguyễn Trãi, đoạn gần Ngã Tư Sở, quận Thanh Xuân thường xuyên bị che khuất bởi biển quảng cáo và cây xanh. Các phương tiện đi từ xa khó nhận biết tín hiệu, nhất là vào buổi tối. Đề nghị kiểm tra và xử lý vật che khuất.","người dân phản_ánh đèn tín_hiệu tại đường nguyễn_trãi , đoạn gần ngã tư_sở , quận thanh_xuân thường_xuyên bị che_khuất bởi biển quảng_cáo và cây_xanh . các phương_tiện đi từ xa khó nhận_biết tín_hiệu , nhất là vào buổi tối . đề_nghị kiểm_tra và xử_lý vật che_khuất .","người dân phản_ánh đèn tín_hiệu tại đường nguyễn_trãi , đoạn gần ngã tư_sở , quận thanh_xuân thường_xuyên bị che_khuất bởi biển quảng_cáo và cây_xanh . các phương_tiện đi từ xa khó nhận_biết tín_hiệu , nhất là vào buổi tối . đề_nghị kiểm_tra và xử_lý vật che_khuất .",,Dữ liệu ảo,,den_tin_hieu,trung_binh,True
SYN0018,Hanoi,,"Đèn tín hiệu giao thông tại khu vực đường Xuân Thủy, đoạn trước cổng Trường Đại học Quốc gia Hà Nội, quận Cầu Giấy hoạt động không ổn định, có thời điểm không chuyển pha đúng chu kỳ. Việc này khiến các phương tiện di chuyển lộn xộn, dễ xảy ra va chạm tại nút giao. Kính đề nghị đơn vị quản lý kiểm tra và khắc phục sớm.","Đèn tín hiệu giao thông tại khu vực đường Xuân Thủy, đoạn trước cổng Trường Đại học Quốc gia Hà Nội, quận Cầu Giấy hoạt động không ổn định, có thời điểm không chuyển pha đúng chu kỳ. Việc này khiến các phương tiện di chuyển lộn xộn, dễ xảy ra va chạm tại nút giao. Kính đề nghị đơn vị quản lý kiểm tra và khắc phục sớm.","đèn tín_hiệu giao_thông tại khu_vực đường xuân_thủy , đoạn trước cổng trường đại_học quốc_gia hà_nội , quận cầu giấy hoạt_động không ổn_định , có thời_điểm không chuyển pha đúng chu_kỳ . việc này khiến các phương_tiện di_chuyển lộn_xộn , dễ xảy ra va_chạm tại nút giao . kính đề_nghị đơn_vị quản_lý kiểm_tra và khắc_phục sớm .","đèn tín_hiệu giao_thông tại khu_vực đường xuân_thủy , đoạn trước cổng trường đại_học quốc_gia hà_nội , quận cầu giấy hoạt_động không ổn_định , có thời_điểm không chuyển pha đúng chu_kỳ . việc này khiến các phương_tiện di_chuyển lộn_xộn , dễ xảy ra va_chạm tại nút giao . kính đề_nghị đơn_vị quản_lý kiểm_tra và khắc_phục sớm .",,Dữ liệu ảo,,den_tin_hieu,trung_binh,True
SYN0019,Hanoi,,"Tại nút giao gần đường Lê Văn Lương, phường Nhân Chính, quận Thanh Xuân, thời gian chờ đèn đỏ quá lâu trong khi lượng phương tiện lưu thông rất lớn. Vào giờ cao điểm, tình trạng này gây ùn tắc kéo dài và ảnh hưởng đến các tuyến đường lân cận. Đề nghị cơ quan chức năng xem xét điều chỉnh chu kỳ đèn cho phù hợp.","Tại nút giao gần đường Lê Văn Lương, phường Nhân Chính, quận Thanh Xuân, thời gian chờ đèn đỏ quá lâu trong khi lượng phương tiện lưu thông rất lớn. Vào giờ cao điểm, tình trạng này gây ùn tắc kéo dài và ảnh hưởng đến các tuyến đường lân cận. Đề nghị cơ quan chức năng xem xét điều chỉnh chu kỳ đèn cho phù hợp.","tại nút giao gần đường lê_văn_lương , phường nhân chính , quận thanh_xuân , thời_gian chờ đèn_đỏ quá lâu trong khi lượng phương_tiện lưu_thông rất lớn . vào giờ cao_điểm , tình_trạng này gây ùn_tắc kéo_dài và ảnh_hưởng đến các tuyến đường lân_cận . đề_nghị cơ_quan_chức_năng xem_xét điều_chỉnh chu_kỳ đèn cho phù_hợp .","tại nút giao gần đường lê_văn_lương , phường nhân chính , quận thanh_xuân , thời_gian chờ đèn_đỏ quá lâu trong khi lượng phương_tiện lưu_thông rất lớn . vào giờ cao_điểm , tình_trạng này gây ùn_tắc kéo_dài và ảnh_hưởng đến các tuyến đường lân_cận . đề_nghị cơ_quan_chức_năng xem_xét điều_chỉnh chu_kỳ đèn cho phù_hợp .",,Dữ liệu ảo,,den_tin_hieu,trung_binh,True
SYN0020,Hanoi,,"Người dân phản ánh đèn tín hiệu tại phố Chùa Bộc, phường Quang Trung, quận Đống Đa bị lỗi, đèn xanh và đèn đỏ chuyển pha không hợp lý. Một số phương tiện không xác định được hướng di chuyển an toàn, gây mất trật tự giao thông. Đề nghị kiểm tra hệ thống điều khiển đèn tín hiệu tại khu vực này.","Người dân phản ánh đèn tín hiệu tại phố Chùa Bộc, phường Quang Trung, quận Đống Đa bị lỗi, đèn xanh và đèn đỏ chuyển pha không hợp lý. Một số phương tiện không xác định được hướng di chuyển an toàn, gây mất trật tự giao thông. Đề nghị kiểm tra hệ thống điều khiển đèn tín hiệu tại khu vực này.","người dân phản_ánh đèn tín_hiệu tại phố chùa bộc , phường quang_trung , quận đống_đa bị lỗi , đèn_xanh và đèn_đỏ chuyển pha không hợp_lý . một_số phương_tiện không xác_định được hướng di_chuyển an_toàn , gây mất trật_tự giao_thông . đề_nghị kiểm_tra hệ_thống điều_khiển đèn tín_hiệu tại khu_vực này .","người dân phản_ánh đèn tín_hiệu tại phố chùa bộc , phường quang_trung , quận đống_đa bị lỗi , đèn_xanh và đèn_đỏ chuyển pha không hợp_lý . một_số phương_tiện không xác_định được hướng di_chuyển an_toàn , gây mất trật_tự giao_thông . đề_nghị kiểm_tra hệ_thống điều_khiển đèn tín_hiệu tại khu_vực này .",,Dữ liệu ảo,,den_tin_hieu,trung_binh,True
SYN0021,Hanoi,,"Biển báo giao thông tại khu vực đường Cầu Giấy, đoạn gần chợ Cầu Giấy, quận Cầu Giấy bị cây xanh che khuất, người điều khiển phương tiện rất khó quan sát từ xa. Tình trạng này có thể khiến người đi đường không nhận biết được quy định giao thông tại khu vực. Kính đề nghị cơ quan chức năng cắt tỉa cây xanh và điều chỉnh lại vị trí biển báo.","Biển báo giao thông tại khu vực đường Cầu Giấy, đoạn gần chợ Cầu Giấy, quận Cầu Giấy bị cây xanh che khuất, người điều khiển phương tiện rất khó quan sát từ xa. Tình trạng này có thể khiến người đi đường không nhận biết được quy định giao thông tại khu vực. Kính đề nghị cơ quan chức năng cắt tỉa cây xanh và điều chỉnh lại vị trí biển báo.","biển_báo giao_thông tại khu_vực đường cầu giấy , đoạn gần chợ cầu giấy , quận cầu giấy bị cây_xanh che_khuất , người điều_khiển phương_tiện rất khó quan_sát từ xa . tình_trạng này có_thể khiến người đi đường không nhận_biết được quy_định giao_thông tại khu_vực . kính đề_nghị cơ_quan_chức_năng cắt tỉa cây_xanh và điều_chỉnh lại vị_trí biển_báo .","biển_báo giao_thông tại khu_vực đường cầu giấy , đoạn gần chợ cầu giấy , quận cầu giấy bị cây_xanh che_khuất , người điều_khiển phương_tiện rất khó quan_sát từ xa . tình_trạng này có_thể khiến người đi đường không nhận_biết được quy_định giao_thông tại khu_vực . kính đề_nghị cơ_quan_chức_năng cắt tỉa cây_xanh và điều_chỉnh lại vị_trí biển_báo .",,Dữ liệu ảo,,bien_bao,trung_binh,True
SYN0022,Hanoi,,"Tại đường Lê Văn Lương, phường Nhân Chính, quận Thanh Xuân, biển cấm dừng đỗ bị nghiêng và nội dung trên biển đã mờ, gây khó khăn cho người tham gia giao thông. Một số phương tiện vẫn dừng đỗ tại khu vực này do không nhìn rõ biển báo. Đề nghị kiểm tra, thay thế hoặc sơn sửa lại biển báo.","Tại đường Lê Văn Lương, phường Nhân Chính, quận Thanh Xuân, biển cấm dừng đỗ bị nghiêng và nội dung trên biển đã mờ, gây khó khăn cho người tham gia giao thông. Một số phương tiện vẫn dừng đỗ tại khu vực này do không nhìn rõ biển báo. Đề nghị kiểm tra, thay thế hoặc sơn sửa lại biển báo.","tại đường lê_văn_lương , phường nhân chính , quận thanh_xuân , biển cấm dừng đỗ bị nghiêng và nội_dung trên biển đã mờ , gây khó_khăn cho người tham_gia giao_thông . một_số phương_tiện vẫn dừng đỗ tại khu_vực này do không nhìn rõ biển_báo . đề_nghị kiểm_tra , thay_thế hoặc sơn sửa lại biển_báo .","tại đường lê_văn_lương , phường nhân chính , quận thanh_xuân , biển cấm dừng đỗ bị nghiêng và nội_dung trên biển đã mờ , gây khó_khăn cho người tham_gia giao_thông . một_số phương_tiện vẫn dừng đỗ tại khu_vực này do không nhìn rõ biển_báo . đề_nghị kiểm_tra , thay_thế hoặc sơn sửa lại biển_báo .",,Dữ liệu ảo,,bien_bao,trung_binh,True
SYN0023,Hanoi,,"Người dân phản ánh khu vực phố Minh Khai, phường Vĩnh Tuy, quận Hai Bà Trưng thiếu biển cảnh báo nguy hiểm tại đoạn đường cong, nơi thường xuyên có phương tiện di chuyển với tốc độ cao. Việc thiếu biển báo khiến người đi đường khó chủ động giảm tốc độ. Đề nghị bổ sung biển cảnh báo để đảm bảo an toàn giao thông.","Người dân phản ánh khu vực phố Minh Khai, phường Vĩnh Tuy, quận Hai Bà Trưng thiếu biển cảnh báo nguy hiểm tại đoạn đường cong, nơi thường xuyên có phương tiện di chuyển với tốc độ cao. Việc thiếu biển báo khiến người đi đường khó chủ động giảm tốc độ. Đề nghị bổ sung biển cảnh báo để đảm bảo an toàn giao thông.","người dân phản_ánh khu_vực phố minh_khai , phường vĩnh_tuy , quận hai bà trưng thiếu biển cảnh_báo nguy_hiểm tại đoạn đường_cong , nơi thường_xuyên có phương_tiện di_chuyển với tốc_độ cao . việc thiếu biển_báo khiến người đi đường khó chủ_động giảm_tốc_độ . đề_nghị bổ_sung biển cảnh_báo để đảm_bảo_an_toàn giao_thông .","người dân phản_ánh khu_vực phố minh_khai , phường vĩnh_tuy , quận hai bà trưng thiếu biển cảnh_báo nguy_hiểm tại đoạn đường_cong , nơi thường_xuyên có phương_tiện di_chuyển với tốc_độ cao . việc thiếu biển_báo khiến người đi đường khó chủ_động giảm_tốc_độ . đề_nghị bổ_sung biển cảnh_báo để đảm_bảo_an_toàn giao_thông .",,Dữ liệu ảo,,bien_bao,trung_binh,True
SYN0024,Hanoi,,"Bảng tên đường tại đường Cầu Giấy, đoạn gần chợ Cầu Giấy, quận Cầu Giấy bị hư hỏng và không còn rõ chữ, gây khó khăn cho người dân, shipper và phương tiện tìm địa chỉ. Kính đề nghị đơn vị quản lý kiểm tra và thay mới bảng tên đường để thuận tiện cho việc nhận diện địa điểm.","Bảng tên đường tại đường Cầu Giấy, đoạn gần chợ Cầu Giấy, quận Cầu Giấy bị hư hỏng và không còn rõ chữ, gây khó khăn cho người dân, shipper và phương tiện tìm địa chỉ. Kính đề nghị đơn vị quản lý kiểm tra và thay mới bảng tên đường để thuận tiện cho việc nhận diện địa điểm.","bảng tên đường tại đường cầu giấy , đoạn gần chợ cầu giấy , quận cầu giấy bị hư_hỏng và không còn rõ chữ , gây khó_khăn cho người dân , shipper và phương_tiện tìm địa_chỉ . kính đề_nghị đơn_vị quản_lý kiểm_tra và thay mới bảng tên đường để thuận_tiện cho việc nhận_diện địa_điểm .","bảng tên đường tại đường cầu giấy , đoạn gần chợ cầu giấy , quận cầu giấy bị hư_hỏng và không còn rõ chữ , gây khó_khăn cho người dân , shipper và phương_tiện tìm địa_chỉ . kính đề_nghị đơn_vị quản_lý kiểm_tra và thay mới bảng tên đường để thuận_tiện cho việc nhận_diện địa_điểm .",,Dữ liệu ảo,,bien_bao,trung_binh,True
SYN0025,Hanoi,,"Tại khu vực đường Nguyễn Văn Cừ, phường Bồ Đề, quận Long Biên, biển báo giao thông bị xoay lệch hướng so với chiều di chuyển của phương tiện. Người tham gia giao thông khó nhận biết nội dung biển, dễ đi sai quy định. Đề nghị cơ quan chức năng điều chỉnh lại vị trí biển báo.","Tại khu vực đường Nguyễn Văn Cừ, phường Bồ Đề, quận Long Biên, biển báo giao thông bị xoay lệch hướng so với chiều di chuyển của phương tiện. Người tham gia giao thông khó nhận biết nội dung biển, dễ đi sai quy định. Đề nghị cơ quan chức năng điều chỉnh lại vị trí biển báo.","tại khu_vực đường nguyễn_văn_cừ , phường bồ_đề , quận long_biên , biển_báo giao_thông bị xoay lệch hướng so với chiều di_chuyển của phương_tiện . người tham_gia giao_thông khó nhận_biết nội_dung biển , dễ đi sai quy_định . đề_nghị cơ_quan_chức_năng điều_chỉnh lại vị_trí biển_báo .","tại khu_vực đường nguyễn_văn_cừ , phường bồ_đề , quận long_biên , biển_báo giao_thông bị xoay lệch hướng so với chiều di_chuyển của phương_tiện . người tham_gia giao_thông khó nhận_biết nội_dung biển , dễ đi sai quy_định . đề_nghị cơ_quan_chức_năng điều_chỉnh lại vị_trí biển_báo .",,Dữ liệu ảo,,bien_bao,trung_binh,True
SYN0026,Hanoi,,"Biển cảnh báo tại đường Cầu Giấy, đoạn gần chợ Cầu Giấy, quận Cầu Giấy đã bị mờ chữ và xuống cấp sau thời gian dài sử dụng. Vào ban đêm hoặc khi trời mưa, người đi đường gần như không nhìn rõ nội dung. Kính đề nghị thay mới biển báo để đảm bảo an toàn.","Biển cảnh báo tại đường Cầu Giấy, đoạn gần chợ Cầu Giấy, quận Cầu Giấy đã bị mờ chữ và xuống cấp sau thời gian dài sử dụng. Vào ban đêm hoặc khi trời mưa, người đi đường gần như không nhìn rõ nội dung. Kính đề nghị thay mới biển báo để đảm bảo an toàn.","biển cảnh_báo tại đường cầu giấy , đoạn gần chợ cầu giấy , quận cầu giấy đã bị mờ chữ và xuống_cấp sau thời_gian dài sử_dụng . vào ban_đêm hoặc khi trời mưa , người đi đường gần như_không nhìn rõ nội_dung . kính đề_nghị thay mới biển_báo để đảm_bảo_an_toàn .","biển cảnh_báo tại đường cầu giấy , đoạn gần chợ cầu giấy , quận cầu giấy đã bị mờ chữ và xuống_cấp sau thời_gian dài sử_dụng . vào ban_đêm hoặc khi trời mưa , người đi đường gần như_không nhìn rõ nội_dung . kính đề_nghị thay mới biển_báo để đảm_bảo_an_toàn .",,Dữ liệu ảo,,bien_bao,trung_binh,True
SYN0027,Hanoi,,"Người dân phản ánh tại phố Tây Sơn, đoạn gần Đại học Thủy Lợi, quận Đống Đa thiếu biển cảnh báo khu vực đông học sinh qua đường. Vào giờ tan học, phương tiện di chuyển nhiều nhưng không có cảnh báo giảm tốc độ. Đề nghị bổ sung biển báo phù hợp.","Người dân phản ánh tại phố Tây Sơn, đoạn gần Đại học Thủy Lợi, quận Đống Đa thiếu biển cảnh báo khu vực đông học sinh qua đường. Vào giờ tan học, phương tiện di chuyển nhiều nhưng không có cảnh báo giảm tốc độ. Đề nghị bổ sung biển báo phù hợp.","người dân phản_ánh tại phố tây_sơn , đoạn gần đại_học thủy_lợi , quận đống_đa thiếu biển cảnh_báo khu_vực đông học_sinh qua đường . vào giờ tan học , phương_tiện di_chuyển nhiều nhưng không có cảnh_báo giảm_tốc_độ . đề_nghị bổ_sung biển_báo phù_hợp .","người dân phản_ánh tại phố tây_sơn , đoạn gần đại_học thủy_lợi , quận đống_đa thiếu biển cảnh_báo khu_vực đông học_sinh qua đường . vào giờ tan học , phương_tiện di_chuyển nhiều nhưng không có cảnh_báo giảm_tốc_độ . đề_nghị bổ_sung biển_báo phù_hợp .",,Dữ liệu ảo,,bien_bao,trung_binh,True
SYN0028,Hanoi,,"Tại phố Tôn Đức Thắng, phường Hàng Bột, quận Đống Đa, biển cấm đỗ xe được đặt quá sát góc khuất nên nhiều tài xế không quan sát được. Tình trạng dừng đỗ sai quy định vẫn diễn ra thường xuyên. Đề nghị xem xét đặt lại biển ở vị trí dễ nhìn hơn.","Tại phố Tôn Đức Thắng, phường Hàng Bột, quận Đống Đa, biển cấm đỗ xe được đặt quá sát góc khuất nên nhiều tài xế không quan sát được. Tình trạng dừng đỗ sai quy định vẫn diễn ra thường xuyên. Đề nghị xem xét đặt lại biển ở vị trí dễ nhìn hơn.","tại phố tôn_đức_thắng , phường hàng bột , quận đống_đa , biển cấm đỗ xe được đặt quá sát góc khuất nên nhiều tài_xế không quan_sát được . tình_trạng dừng đỗ sai quy_định vẫn diễn ra thường_xuyên . đề_nghị xem_xét đặt lại biển ở vị_trí dễ nhìn hơn .","tại phố tôn_đức_thắng , phường hàng bột , quận đống_đa , biển cấm đỗ xe được đặt quá sát góc khuất nên nhiều tài_xế không quan_sát được . tình_trạng dừng đỗ sai quy_định vẫn diễn ra thường_xuyên . đề_nghị xem_xét đặt lại biển ở vị_trí dễ nhìn hơn .",,Dữ liệu ảo,,bien_bao,trung_binh,True
SYN0029,Hanoi,,"Bảng tên đường tại khu vực đường Nguyễn Văn Cừ, phường Bồ Đề, quận Long Biên bị cây xanh che khuất, người dân và người tham gia giao thông khó xác định địa chỉ. Đề nghị cắt tỉa cây và chỉnh trang lại bảng tên đường.","Bảng tên đường tại khu vực đường Nguyễn Văn Cừ, phường Bồ Đề, quận Long Biên bị cây xanh che khuất, người dân và người tham gia giao thông khó xác định địa chỉ. Đề nghị cắt tỉa cây và chỉnh trang lại bảng tên đường.","bảng tên đường tại khu_vực đường nguyễn_văn_cừ , phường bồ_đề , quận long_biên bị cây_xanh che_khuất , người dân và người tham_gia giao_thông khó xác_định địa_chỉ . đề_nghị cắt tỉa cây và chỉnh_trang lại bảng tên đường .","bảng tên đường tại khu_vực đường nguyễn_văn_cừ , phường bồ_đề , quận long_biên bị cây_xanh che_khuất , người dân và người tham_gia giao_thông khó xác_định địa_chỉ . đề_nghị cắt tỉa cây và chỉnh_trang lại bảng tên đường .",,Dữ liệu ảo,,bien_bao,trung_binh,True
SYN0030,Hanoi,,"Biển báo hạn chế tốc độ tại phố Kim Mã, phường Ngọc Khánh, quận Ba Đình bị nghiêng và có dấu hiệu hư hỏng. Nhiều phương tiện đi qua không nhận biết được tốc độ cho phép. Đề nghị kiểm tra, sửa chữa hoặc thay thế biển báo.","Biển báo hạn chế tốc độ tại phố Kim Mã, phường Ngọc Khánh, quận Ba Đình bị nghiêng và có dấu hiệu hư hỏng. Nhiều phương tiện đi qua không nhận biết được tốc độ cho phép. Đề nghị kiểm tra, sửa chữa hoặc thay thế biển báo.","biển_báo hạn_chế tốc_độ tại phố kim_mã , phường ngọc_khánh , quận ba_đình bị nghiêng và có dấu_hiệu hư_hỏng . nhiều phương_tiện đi qua không nhận_biết được tốc_độ cho phép . đề_nghị kiểm_tra , sửa_chữa hoặc thay_thế biển_báo .","biển_báo hạn_chế tốc_độ tại phố kim_mã , phường ngọc_khánh , quận ba_đình bị nghiêng và có dấu_hiệu hư_hỏng . nhiều phương_tiện đi qua không nhận_biết được tốc_độ cho phép . đề_nghị kiểm_tra , sửa_chữa hoặc thay_thế biển_báo .",,Dữ liệu ảo,,bien_bao,trung_binh,True
SYN0031,Hanoi,,"Tại khu vực phố Kim Mã, phường Ngọc Khánh, quận Ba Đình, cần bổ sung biển chỉ dẫn hướng đi do nhiều phương tiện thường xuyên đi nhầm làn và quay đầu không đúng vị trí. Việc này gây cản trở giao thông vào giờ cao điểm.","Tại khu vực phố Kim Mã, phường Ngọc Khánh, quận Ba Đình, cần bổ sung biển chỉ dẫn hướng đi do nhiều phương tiện thường xuyên đi nhầm làn và quay đầu không đúng vị trí. Việc này gây cản trở giao thông vào giờ cao điểm.","tại khu_vực phố kim_mã , phường ngọc_khánh , quận ba_đình , cần bổ_sung biển chỉ_dẫn hướng đi do nhiều phương_tiện thường_xuyên đi nhầm làn và quay đầu không đúng vị_trí . việc này gây cản_trở giao_thông vào giờ cao_điểm .","tại khu_vực phố kim_mã , phường ngọc_khánh , quận ba_đình , cần bổ_sung biển chỉ_dẫn hướng đi do nhiều phương_tiện thường_xuyên đi nhầm làn và quay đầu không đúng vị_trí . việc này gây cản_trở giao_thông vào giờ cao_điểm .",,Dữ liệu ảo,,bien_bao,trung_binh,True
SYN0032,Hanoi,,"Người dân kiến nghị lắp thêm biển cảnh báo đoạn đường hẹp tại đường Hoàng Quốc Việt, phường Nghĩa Đô, quận Cầu Giấy. Hiện nay xe ô tô và xe máy đi ngược chiều dễ xảy ra va chạm do thiếu biển nhắc nhở giảm tốc độ.Tại khu vực đường Hoàng Quốc Việt, phường Nghĩa Đô, quận Cầu Giấy, biển báo một chiều được đặt ở vị trí chưa dễ quan sát, đặc biệt đối với người đi từ các tuyến nhánh ra đường chính. Điều này dễ dẫn đến tình trạng đi ngược chiều ngoài ý muốn. Đề nghị xem xét điều chỉnh vị trí đặt biển báo.","Người dân kiến nghị lắp thêm biển cảnh báo đoạn đường hẹp tại đường Hoàng Quốc Việt, phường Nghĩa Đô, quận Cầu Giấy. Hiện nay xe ô tô và xe máy đi ngược chiều dễ xảy ra va chạm do thiếu biển nhắc nhở giảm tốc độ.Tại khu vực đường Hoàng Quốc Việt, phường Nghĩa Đô, quận Cầu Giấy, biển báo một chiều được đặt ở vị trí chưa dễ quan sát, đặc biệt đối với người đi từ các tuyến nhánh ra đường chính. Điều này dễ dẫn đến tình trạng đi ngược chiều ngoài ý muốn. Đề nghị xem xét điều chỉnh vị trí đặt biển báo.","người dân kiến_nghị lắp thêm biển cảnh_báo đoạn đường hẹp tại đường hoàng_quốc việt , phường nghĩa_đô , quận cầu giấy . hiện_nay xe ô_tô và xe_máy đi ngược chiều dễ xảy ra va_chạm do thiếu biển nhắc_nhở giảm_tốc_độ . tại khu_vực đường hoàng_quốc việt , phường nghĩa_đô , quận cầu giấy , biển_báo một chiều được đặt ở vị_trí chưa dễ quan_sát , đặc_biệt đối_với người đi từ các tuyến nhánh ra đường chính . điều này dễ dẫn đến tình_trạng đi ngược chiều ngoài ý_muốn . đề_nghị xem_xét điều_chỉnh vị_trí đặt biển_báo .","người dân kiến_nghị lắp thêm biển cảnh_báo đoạn đường hẹp tại đường hoàng_quốc việt , phường nghĩa_đô , quận cầu giấy . hiện_nay xe ô_tô và xe_máy đi ngược chiều dễ xảy ra va_chạm do thiếu biển nhắc_nhở giảm_tốc_độ . tại khu_vực đường hoàng_quốc việt , phường nghĩa_đô , quận cầu giấy , biển_báo một chiều được đặt ở vị_trí chưa dễ quan_sát , đặc_biệt đối_với người đi từ các tuyến nhánh ra đường chính . điều này dễ dẫn đến tình_trạng đi ngược chiều ngoài ý_muốn . đề_nghị xem_xét điều_chỉnh vị_trí đặt biển_báo .",,Dữ liệu ảo,,bien_bao,trung_binh,True
SYN0033,Hanoi,,"Biển báo giao thông tại khu vực đường Nguyễn Văn Cừ, phường Bồ Đề, quận Long Biên bị cây xanh che khuất, người điều khiển phương tiện rất khó quan sát từ xa. Tình trạng này có thể khiến người đi đường không nhận biết được quy định giao thông tại khu vực. Kính đề nghị cơ quan chức năng cắt tỉa cây xanh và điều chỉnh lại vị trí biển báo.","Biển báo giao thông tại khu vực đường Nguyễn Văn Cừ, phường Bồ Đề, quận Long Biên bị cây xanh che khuất, người điều khiển phương tiện rất khó quan sát từ xa. Tình trạng này có thể khiến người đi đường không nhận biết được quy định giao thông tại khu vực. Kính đề nghị cơ quan chức năng cắt tỉa cây xanh và điều chỉnh lại vị trí biển báo.","biển_báo giao_thông tại khu_vực đường nguyễn_văn_cừ , phường bồ_đề , quận long_biên bị cây_xanh che_khuất , người điều_khiển phương_tiện rất khó quan_sát từ xa . tình_trạng này có_thể khiến người đi đường không nhận_biết được quy_định giao_thông tại khu_vực . kính đề_nghị cơ_quan_chức_năng cắt tỉa cây_xanh và điều_chỉnh lại vị_trí biển_báo .","biển_báo giao_thông tại khu_vực đường nguyễn_văn_cừ , phường bồ_đề , quận long_biên bị cây_xanh che_khuất , người điều_khiển phương_tiện rất khó quan_sát từ xa . tình_trạng này có_thể khiến người đi đường không nhận_biết được quy_định giao_thông tại khu_vực . kính đề_nghị cơ_quan_chức_năng cắt tỉa cây_xanh và điều_chỉnh lại vị_trí biển_báo .",,Dữ liệu ảo,,bien_bao,trung_binh,True
SYN0034,Hanoi,,"Tại đường Cầu Giấy, đoạn gần chợ Cầu Giấy, quận Cầu Giấy, biển cấm dừng đỗ bị nghiêng và nội dung trên biển đã mờ, gây khó khăn cho người tham gia giao thông. Một số phương tiện vẫn dừng đỗ tại khu vực này do không nhìn rõ biển báo. Đề nghị kiểm tra, thay thế hoặc sơn sửa lại biển báo.","Tại đường Cầu Giấy, đoạn gần chợ Cầu Giấy, quận Cầu Giấy, biển cấm dừng đỗ bị nghiêng và nội dung trên biển đã mờ, gây khó khăn cho người tham gia giao thông. Một số phương tiện vẫn dừng đỗ tại khu vực này do không nhìn rõ biển báo. Đề nghị kiểm tra, thay thế hoặc sơn sửa lại biển báo.","tại đường cầu giấy , đoạn gần chợ cầu giấy , quận cầu giấy , biển cấm dừng đỗ bị nghiêng và nội_dung trên biển đã mờ , gây khó_khăn cho người tham_gia giao_thông . một_số phương_tiện vẫn dừng đỗ tại khu_vực này do không nhìn rõ biển_báo . đề_nghị kiểm_tra , thay_thế hoặc sơn sửa lại biển_báo .","tại đường cầu giấy , đoạn gần chợ cầu giấy , quận cầu giấy , biển cấm dừng đỗ bị nghiêng và nội_dung trên biển đã mờ , gây khó_khăn cho người tham_gia giao_thông . một_số phương_tiện vẫn dừng đỗ tại khu_vực này do không nhìn rõ biển_báo . đề_nghị kiểm_tra , thay_thế hoặc sơn sửa lại biển_báo .",,Dữ liệu ảo,,bien_bao,trung_binh,True
SYN0035,Hanoi,,"Người dân phản ánh khu vực đường Giải Phóng, đoạn gần bến xe Giáp Bát, quận Hoàng Mai thiếu biển cảnh báo nguy hiểm tại đoạn đường cong, nơi thường xuyên có phương tiện di chuyển với tốc độ cao. Việc thiếu biển báo khiến người đi đường khó chủ động giảm tốc độ. Đề nghị bổ sung biển cảnh báo để đảm bảo an toàn giao thông.","Người dân phản ánh khu vực đường Giải Phóng, đoạn gần bến xe Giáp Bát, quận Hoàng Mai thiếu biển cảnh báo nguy hiểm tại đoạn đường cong, nơi thường xuyên có phương tiện di chuyển với tốc độ cao. Việc thiếu biển báo khiến người đi đường khó chủ động giảm tốc độ. Đề nghị bổ sung biển cảnh báo để đảm bảo an toàn giao thông.","người dân phản_ánh khu_vực đường giải_phóng , đoạn gần bến_xe giáp_bát , quận hoàng_mai thiếu biển cảnh_báo nguy_hiểm tại đoạn đường_cong , nơi thường_xuyên có phương_tiện di_chuyển với tốc_độ cao . việc thiếu biển_báo khiến người đi đường khó chủ_động giảm_tốc_độ . đề_nghị bổ_sung biển cảnh_báo để đảm_bảo_an_toàn giao_thông .","người dân phản_ánh khu_vực đường giải_phóng , đoạn gần bến_xe giáp_bát , quận hoàng_mai thiếu biển cảnh_báo nguy_hiểm tại đoạn đường_cong , nơi thường_xuyên có phương_tiện di_chuyển với tốc_độ cao . việc thiếu biển_báo khiến người đi đường khó chủ_động giảm_tốc_độ . đề_nghị bổ_sung biển cảnh_báo để đảm_bảo_an_toàn giao_thông .",,Dữ liệu ảo,,bien_bao,trung_binh,True
SYN0036,Hanoi,,"Bảng tên đường tại đường Xuân Thủy, đoạn trước cổng Trường Đại học Quốc gia Hà Nội, quận Cầu Giấy bị hư hỏng và không còn rõ chữ, gây khó khăn cho người dân, shipper và phương tiện tìm địa chỉ. Kính đề nghị đơn vị quản lý kiểm tra và thay mới bảng tên đường để thuận tiện cho việc nhận diện địa điểm.","Bảng tên đường tại đường Xuân Thủy, đoạn trước cổng Trường Đại học Quốc gia Hà Nội, quận Cầu Giấy bị hư hỏng và không còn rõ chữ, gây khó khăn cho người dân, shipper và phương tiện tìm địa chỉ. Kính đề nghị đơn vị quản lý kiểm tra và thay mới bảng tên đường để thuận tiện cho việc nhận diện địa điểm.","bảng tên đường tại đường xuân_thủy , đoạn trước cổng trường đại_học quốc_gia hà_nội , quận cầu giấy bị hư_hỏng và không còn rõ chữ , gây khó_khăn cho người dân , shipper và phương_tiện tìm địa_chỉ . kính đề_nghị đơn_vị quản_lý kiểm_tra và thay mới bảng tên đường để thuận_tiện cho việc nhận_diện địa_điểm .","bảng tên đường tại đường xuân_thủy , đoạn trước cổng trường đại_học quốc_gia hà_nội , quận cầu giấy bị hư_hỏng và không còn rõ chữ , gây khó_khăn cho người dân , shipper và phương_tiện tìm địa_chỉ . kính đề_nghị đơn_vị quản_lý kiểm_tra và thay mới bảng tên đường để thuận_tiện cho việc nhận_diện địa_điểm .",,Dữ liệu ảo,,bien_bao,trung_binh,True
SYN0037,Hanoi,,"Tại khu vực đường Nguyễn Trãi, đoạn gần Ngã Tư Sở, quận Thanh Xuân, biển báo giao thông bị xoay lệch hướng so với chiều di chuyển của phương tiện. Người tham gia giao thông khó nhận biết nội dung biển, dễ đi sai quy định. Đề nghị cơ quan chức năng điều chỉnh lại vị trí biển báo.","Tại khu vực đường Nguyễn Trãi, đoạn gần Ngã Tư Sở, quận Thanh Xuân, biển báo giao thông bị xoay lệch hướng so với chiều di chuyển của phương tiện. Người tham gia giao thông khó nhận biết nội dung biển, dễ đi sai quy định. Đề nghị cơ quan chức năng điều chỉnh lại vị trí biển báo.","tại khu_vực đường nguyễn_trãi , đoạn gần ngã tư_sở , quận thanh_xuân , biển_báo giao_thông bị xoay lệch hướng so với chiều di_chuyển của phương_tiện . người tham_gia giao_thông khó nhận_biết nội_dung biển , dễ đi sai quy_định . đề_nghị cơ_quan_chức_năng điều_chỉnh lại vị_trí biển_báo .","tại khu_vực đường nguyễn_trãi , đoạn gần ngã tư_sở , quận thanh_xuân , biển_báo giao_thông bị xoay lệch hướng so với chiều di_chuyển của phương_tiện . người tham_gia giao_thông khó nhận_biết nội_dung biển , dễ đi sai quy_định . đề_nghị cơ_quan_chức_năng điều_chỉnh lại vị_trí biển_báo .",,Dữ liệu ảo,,bien_bao,trung_binh,True
SYN0038,Hanoi,,"Biển cảnh báo tại đường Nguyễn Trãi, đoạn gần Ngã Tư Sở, quận Thanh Xuân đã bị mờ chữ và xuống cấp sau thời gian dài sử dụng. Vào ban đêm hoặc khi trời mưa, người đi đường gần như không nhìn rõ nội dung. Kính đề nghị thay mới biển báo để đảm bảo an toàn.","Biển cảnh báo tại đường Nguyễn Trãi, đoạn gần Ngã Tư Sở, quận Thanh Xuân đã bị mờ chữ và xuống cấp sau thời gian dài sử dụng. Vào ban đêm hoặc khi trời mưa, người đi đường gần như không nhìn rõ nội dung. Kính đề nghị thay mới biển báo để đảm bảo an toàn.","biển cảnh_báo tại đường nguyễn_trãi , đoạn gần ngã tư_sở , quận thanh_xuân đã bị mờ chữ và xuống_cấp sau thời_gian dài sử_dụng . vào ban_đêm hoặc khi trời mưa , người đi đường gần như_không nhìn rõ nội_dung . kính đề_nghị thay mới biển_báo để đảm_bảo_an_toàn .","biển cảnh_báo tại đường nguyễn_trãi , đoạn gần ngã tư_sở , quận thanh_xuân đã bị mờ chữ và xuống_cấp sau thời_gian dài sử_dụng . vào ban_đêm hoặc khi trời mưa , người đi đường gần như_không nhìn rõ nội_dung . kính đề_nghị thay mới biển_báo để đảm_bảo_an_toàn .",,Dữ liệu ảo,,bien_bao,trung_binh,True
SYN0039,Hanoi,,"Người dân phản ánh tại phố Bạch Mai, phường Bạch Mai, quận Hai Bà Trưng thiếu biển cảnh báo khu vực đông học sinh qua đường. Vào giờ tan học, phương tiện di chuyển nhiều nhưng không có cảnh báo giảm tốc độ. Đề nghị bổ sung biển báo phù hợp.","Người dân phản ánh tại phố Bạch Mai, phường Bạch Mai, quận Hai Bà Trưng thiếu biển cảnh báo khu vực đông học sinh qua đường. Vào giờ tan học, phương tiện di chuyển nhiều nhưng không có cảnh báo giảm tốc độ. Đề nghị bổ sung biển báo phù hợp.","người dân phản_ánh tại phố bạch_mai , phường bạch_mai , quận hai bà trưng thiếu biển cảnh_báo khu_vực đông học_sinh qua đường . vào giờ tan học , phương_tiện di_chuyển nhiều nhưng không có cảnh_báo giảm_tốc_độ . đề_nghị bổ_sung biển_báo phù_hợp .","người dân phản_ánh tại phố bạch_mai , phường bạch_mai , quận hai bà trưng thiếu biển cảnh_báo khu_vực đông học_sinh qua đường . vào giờ tan học , phương_tiện di_chuyển nhiều nhưng không có cảnh_báo giảm_tốc_độ . đề_nghị bổ_sung biển_báo phù_hợp .",,Dữ liệu ảo,,bien_bao,trung_binh,True
SYN0040,Hanoi,,"Tại đường Nguyễn Trãi, đoạn gần Ngã Tư Sở, quận Thanh Xuân, biển cấm đỗ xe được đặt quá sát góc khuất nên nhiều tài xế không quan sát được. Tình trạng dừng đỗ sai quy định vẫn diễn ra thường xuyên. Đề nghị xem xét đặt lại biển ở vị trí dễ nhìn hơn.","Tại đường Nguyễn Trãi, đoạn gần Ngã Tư Sở, quận Thanh Xuân, biển cấm đỗ xe được đặt quá sát góc khuất nên nhiều tài xế không quan sát được. Tình trạng dừng đỗ sai quy định vẫn diễn ra thường xuyên. Đề nghị xem xét đặt lại biển ở vị trí dễ nhìn hơn.","tại đường nguyễn_trãi , đoạn gần ngã tư_sở , quận thanh_xuân , biển cấm đỗ xe được đặt quá sát góc khuất nên nhiều tài_xế không quan_sát được . tình_trạng dừng đỗ sai quy_định vẫn diễn ra thường_xuyên . đề_nghị xem_xét đặt lại biển ở vị_trí dễ nhìn hơn .","tại đường nguyễn_trãi , đoạn gần ngã tư_sở , quận thanh_xuân , biển cấm đỗ xe được đặt quá sát góc khuất nên nhiều tài_xế không quan_sát được . tình_trạng dừng đỗ sai quy_định vẫn diễn ra thường_xuyên . đề_nghị xem_xét đặt lại biển ở vị_trí dễ nhìn hơn .",,Dữ liệu ảo,,bien_bao,trung_binh,True
SYN0041,Hanoi,,"Bảng tên đường tại khu vực phố Tôn Đức Thắng, phường Hàng Bột, quận Đống Đa bị cây xanh che khuất, người dân và người tham gia giao thông khó xác định địa chỉ. Đề nghị cắt tỉa cây và chỉnh trang lại bảng tên đường.","Bảng tên đường tại khu vực phố Tôn Đức Thắng, phường Hàng Bột, quận Đống Đa bị cây xanh che khuất, người dân và người tham gia giao thông khó xác định địa chỉ. Đề nghị cắt tỉa cây và chỉnh trang lại bảng tên đường.","bảng tên đường tại khu_vực phố tôn_đức_thắng , phường hàng bột , quận đống_đa bị cây_xanh che_khuất , người dân và người tham_gia giao_thông khó xác_định địa_chỉ . đề_nghị cắt tỉa cây và chỉnh_trang lại bảng tên đường .","bảng tên đường tại khu_vực phố tôn_đức_thắng , phường hàng bột , quận đống_đa bị cây_xanh che_khuất , người dân và người tham_gia giao_thông khó xác_định địa_chỉ . đề_nghị cắt tỉa cây và chỉnh_trang lại bảng tên đường .",,Dữ liệu ảo,,bien_bao,trung_binh,True
SYN0042,Hanoi,,"Biển báo hạn chế tốc độ tại phố Đội Cấn, phường Liễu Giai, quận Ba Đình bị nghiêng và có dấu hiệu hư hỏng. Nhiều phương tiện đi qua không nhận biết được tốc độ cho phép. Đề nghị kiểm tra, sửa chữa hoặc thay thế biển báo.","Biển báo hạn chế tốc độ tại phố Đội Cấn, phường Liễu Giai, quận Ba Đình bị nghiêng và có dấu hiệu hư hỏng. Nhiều phương tiện đi qua không nhận biết được tốc độ cho phép. Đề nghị kiểm tra, sửa chữa hoặc thay thế biển báo.","biển_báo hạn_chế tốc_độ tại phố đội cấn , phường liễu_giai , quận ba_đình bị nghiêng và có dấu_hiệu hư_hỏng . nhiều phương_tiện đi qua không nhận_biết được tốc_độ cho phép . đề_nghị kiểm_tra , sửa_chữa hoặc thay_thế biển_báo .","biển_báo hạn_chế tốc_độ tại phố đội cấn , phường liễu_giai , quận ba_đình bị nghiêng và có dấu_hiệu hư_hỏng . nhiều phương_tiện đi qua không nhận_biết được tốc_độ cho phép . đề_nghị kiểm_tra , sửa_chữa hoặc thay_thế biển_báo .",,Dữ liệu ảo,,bien_bao,trung_binh,True
SYN0043,Hanoi,,"Tổ chức giao thông tại khu vực đường Láng, đoạn gần cầu vượt Láng Hạ, quận Đống Đa hiện chưa hợp lý, đặc biệt vào giờ cao điểm khi lượng phương tiện tăng cao. Các luồng xe giao cắt nhau nhiều, dễ gây ùn tắc và mất an toàn. Kính đề nghị cơ quan chức năng khảo sát và điều chỉnh phương án phân luồng.","Tổ chức giao thông tại khu vực đường Láng, đoạn gần cầu vượt Láng Hạ, quận Đống Đa hiện chưa hợp lý, đặc biệt vào giờ cao điểm khi lượng phương tiện tăng cao. Các luồng xe giao cắt nhau nhiều, dễ gây ùn tắc và mất an toàn. Kính đề nghị cơ quan chức năng khảo sát và điều chỉnh phương án phân luồng.","tổ_chức giao_thông tại khu_vực đường láng , đoạn gần cầu_vượt láng_hạ , quận đống đa hiện chưa hợp_lý , đặc_biệt vào giờ cao_điểm khi lượng phương_tiện tăng cao . các luồng xe giao_cắt nhau nhiều , dễ gây ùn_tắc và mất an_toàn . kính đề_nghị cơ_quan_chức_năng khảo_sát và điều_chỉnh phương_án phân_luồng .","tổ_chức giao_thông tại khu_vực đường láng , đoạn gần cầu_vượt láng_hạ , quận đống đa hiện chưa hợp_lý , đặc_biệt vào giờ cao_điểm khi lượng phương_tiện tăng cao . các luồng xe giao_cắt nhau nhiều , dễ gây ùn_tắc và mất an_toàn . kính đề_nghị cơ_quan_chức_năng khảo_sát và điều_chỉnh phương_án phân_luồng .",,Dữ liệu ảo,,to_chuc_giao_thong,trung_binh,True
SYN0044,Hanoi,,"Người dân kiến nghị xem xét điều chỉnh hướng lưu thông tại phố Đội Cấn, phường Liễu Giai, quận Ba Đình do tuyến đường thường xuyên xảy ra ùn tắc cục bộ. Việc tổ chức giao thông hiện nay chưa phù hợp với mật độ phương tiện thực tế. Đề nghị nghiên cứu phương án phân làn hoặc điều tiết giao thông hiệu quả hơn.","Người dân kiến nghị xem xét điều chỉnh hướng lưu thông tại phố Đội Cấn, phường Liễu Giai, quận Ba Đình do tuyến đường thường xuyên xảy ra ùn tắc cục bộ. Việc tổ chức giao thông hiện nay chưa phù hợp với mật độ phương tiện thực tế. Đề nghị nghiên cứu phương án phân làn hoặc điều tiết giao thông hiệu quả hơn.","người dân kiến_nghị xem_xét điều_chỉnh hướng lưu_thông tại phố đội cấn , phường liễu_giai , quận ba_đình do tuyến đường thường_xuyên xảy ra ùn_tắc cục_bộ . việc tổ_chức giao_thông hiện_nay chưa phù_hợp với mật_độ phương_tiện thực_tế . đề_nghị nghiên_cứu phương_án phân làn hoặc điều_tiết giao_thông hiệu_quả hơn .","người dân kiến_nghị xem_xét điều_chỉnh hướng lưu_thông tại phố đội cấn , phường liễu_giai , quận ba_đình do tuyến đường thường_xuyên xảy ra ùn_tắc cục_bộ . việc tổ_chức giao_thông hiện_nay chưa phù_hợp với mật_độ phương_tiện thực_tế . đề_nghị nghiên_cứu phương_án phân làn hoặc điều_tiết giao_thông hiệu_quả hơn .",,Dữ liệu ảo,,to_chuc_giao_thong,trung_binh,True
SYN0045,Hanoi,,"Tại nút giao gần phố Tây Sơn, đoạn gần Đại học Thủy Lợi, quận Đống Đa, các phương tiện từ nhiều hướng cùng nhập vào một điểm gây xung đột giao thông. Vào giờ cao điểm, xe máy và ô tô thường xuyên chen lấn, làm tình trạng ùn tắc kéo dài. Đề nghị cơ quan chức năng xem xét tổ chức lại luồng xe.","Tại nút giao gần phố Tây Sơn, đoạn gần Đại học Thủy Lợi, quận Đống Đa, các phương tiện từ nhiều hướng cùng nhập vào một điểm gây xung đột giao thông. Vào giờ cao điểm, xe máy và ô tô thường xuyên chen lấn, làm tình trạng ùn tắc kéo dài. Đề nghị cơ quan chức năng xem xét tổ chức lại luồng xe.","tại nút giao gần phố tây_sơn , đoạn gần đại_học thủy_lợi , quận đống_đa , các phương_tiện từ nhiều hướng cùng nhập vào một điểm gây xung_đột giao_thông . vào giờ cao_điểm , xe_máy và ô_tô thường_xuyên chen_lấn , làm tình_trạng ùn_tắc kéo_dài . đề_nghị cơ_quan_chức_năng xem_xét tổ_chức lại luồng xe .","tại nút giao gần phố tây_sơn , đoạn gần đại_học thủy_lợi , quận đống_đa , các phương_tiện từ nhiều hướng cùng nhập vào một điểm gây xung_đột giao_thông . vào giờ cao_điểm , xe_máy và ô_tô thường_xuyên chen_lấn , làm tình_trạng ùn_tắc kéo_dài . đề_nghị cơ_quan_chức_năng xem_xét tổ_chức lại luồng xe .",,Dữ liệu ảo,,to_chuc_giao_thong,trung_binh,True
SYN0046,Hanoi,,"Khu vực phố Nguyễn Xiển, phường Thanh Xuân Trung, quận Thanh Xuân có nhiều trường học, cửa hàng và khu dân cư nhưng chưa có phương án điều tiết giao thông phù hợp. Người dân đề nghị bổ sung biển hướng dẫn, phân làn hoặc điều chỉnh chiều lưu thông để hạn chế ùn tắc và đảm bảo an toàn.","Khu vực phố Nguyễn Xiển, phường Thanh Xuân Trung, quận Thanh Xuân có nhiều trường học, cửa hàng và khu dân cư nhưng chưa có phương án điều tiết giao thông phù hợp. Người dân đề nghị bổ sung biển hướng dẫn, phân làn hoặc điều chỉnh chiều lưu thông để hạn chế ùn tắc và đảm bảo an toàn.","khu_vực phố nguyễn_xiển , phường thanh_xuân_trung , quận thanh_xuân có nhiều trường_học , cửa_hàng và khu dân_cư nhưng chưa có phương_án điều_tiết giao_thông phù_hợp . người dân đề_nghị bổ_sung biển hướng_dẫn , phân làn hoặc điều_chỉnh chiều lưu_thông để hạn_chế ùn_tắc và đảm_bảo_an_toàn .","khu_vực phố nguyễn_xiển , phường thanh_xuân_trung , quận thanh_xuân có nhiều trường_học , cửa_hàng và khu dân_cư nhưng chưa có phương_án điều_tiết giao_thông phù_hợp . người dân đề_nghị bổ_sung biển hướng_dẫn , phân làn hoặc điều_chỉnh chiều lưu_thông để hạn_chế ùn_tắc và đảm_bảo_an_toàn .",,Dữ liệu ảo,,to_chuc_giao_thong,trung_binh,True
SYN0047,Hanoi,,"Việc cấm rẽ hoặc hạn chế lưu thông tại khu vực đường Lê Văn Lương, phường Nhân Chính, quận Thanh Xuân hiện gây bất tiện cho người dân sinh sống xung quanh. Nhiều phương tiện phải đi vòng xa, làm tăng áp lực giao thông lên các tuyến đường lân cận. Kính đề nghị xem xét lại phương án tổ chức giao thông.","Việc cấm rẽ hoặc hạn chế lưu thông tại khu vực đường Lê Văn Lương, phường Nhân Chính, quận Thanh Xuân hiện gây bất tiện cho người dân sinh sống xung quanh. Nhiều phương tiện phải đi vòng xa, làm tăng áp lực giao thông lên các tuyến đường lân cận. Kính đề nghị xem xét lại phương án tổ chức giao thông.","việc cấm rẽ hoặc hạn_chế lưu_thông tại khu_vực đường lê_văn_lương , phường nhân chính , quận thanh_xuân_hiện gây bất_tiện cho người dân_sinh_sống xung_quanh . nhiều phương_tiện phải đi vòng xa , làm tăng áp_lực giao_thông lên các tuyến đường lân_cận . kính đề_nghị xem_xét_lại phương_án tổ_chức giao_thông .","việc cấm rẽ hoặc hạn_chế lưu_thông tại khu_vực đường lê_văn_lương , phường nhân chính , quận thanh_xuân_hiện gây bất_tiện cho người dân_sinh_sống xung_quanh . nhiều phương_tiện phải đi vòng xa , làm tăng áp_lực giao_thông lên các tuyến đường lân_cận . kính đề_nghị xem_xét_lại phương_án tổ_chức giao_thông .",,Dữ liệu ảo,,to_chuc_giao_thong,trung_binh,True
SYN0048,Hanoi,,"Tại khu vực phố Bạch Mai, phường Bạch Mai, quận Hai Bà Trưng, lưu lượng phương tiện tăng cao nhưng cách tổ chức giao thông hiện nay chưa phù hợp. Xe từ nhiều hướng giao cắt liên tục, gây ùn tắc và mất an toàn. Đề nghị cơ quan chức năng khảo sát phương án điều tiết lại.","Tại khu vực phố Bạch Mai, phường Bạch Mai, quận Hai Bà Trưng, lưu lượng phương tiện tăng cao nhưng cách tổ chức giao thông hiện nay chưa phù hợp. Xe từ nhiều hướng giao cắt liên tục, gây ùn tắc và mất an toàn. Đề nghị cơ quan chức năng khảo sát phương án điều tiết lại.","tại khu_vực phố bạch_mai , phường bạch_mai , quận hai bà trưng , lưu_lượng phương_tiện tăng cao nhưng cách tổ_chức giao_thông hiện_nay chưa phù_hợp . xe từ nhiều hướng giao_cắt liên_tục , gây ùn_tắc và mất an_toàn . đề_nghị cơ_quan_chức_năng khảo_sát phương_án điều_tiết lại .","tại khu_vực phố bạch_mai , phường bạch_mai , quận hai bà trưng , lưu_lượng phương_tiện tăng cao nhưng cách tổ_chức giao_thông hiện_nay chưa phù_hợp . xe từ nhiều hướng giao_cắt liên_tục , gây ùn_tắc và mất an_toàn . đề_nghị cơ_quan_chức_năng khảo_sát phương_án điều_tiết lại .",,Dữ liệu ảo,,to_chuc_giao_thong,trung_binh,True
SYN0049,Hanoi,,"Người dân phản ánh việc phân làn tại đường Xuân Thủy, đoạn trước cổng Trường Đại học Quốc gia Hà Nội, quận Cầu Giấy chưa rõ ràng, khiến xe máy và ô tô thường xuyên đi lẫn vào nhau. Tình trạng này gây nguy hiểm, nhất là vào giờ cao điểm. Đề nghị kẻ lại vạch sơn và bổ sung hướng dẫn giao thông.","Người dân phản ánh việc phân làn tại đường Xuân Thủy, đoạn trước cổng Trường Đại học Quốc gia Hà Nội, quận Cầu Giấy chưa rõ ràng, khiến xe máy và ô tô thường xuyên đi lẫn vào nhau. Tình trạng này gây nguy hiểm, nhất là vào giờ cao điểm. Đề nghị kẻ lại vạch sơn và bổ sung hướng dẫn giao thông.","người dân phản_ánh việc phân làn tại đường xuân_thủy , đoạn trước cổng trường đại_học quốc_gia hà_nội , quận cầu giấy chưa rõ_ràng , khiến xe_máy và ô_tô thường_xuyên đi lẫn vào nhau . tình_trạng này gây nguy_hiểm , nhất là vào giờ cao_điểm . đề_nghị kẻ lại vạch sơn và bổ_sung hướng_dẫn giao_thông .","người dân phản_ánh việc phân làn tại đường xuân_thủy , đoạn trước cổng trường đại_học quốc_gia hà_nội , quận cầu giấy chưa rõ_ràng , khiến xe_máy và ô_tô thường_xuyên đi lẫn vào nhau . tình_trạng này gây nguy_hiểm , nhất là vào giờ cao_điểm . đề_nghị kẻ lại vạch sơn và bổ_sung hướng_dẫn giao_thông .",,Dữ liệu ảo,,to_chuc_giao_thong,trung_binh,True
SYN0050,Hanoi,,"Khu vực phố Tây Sơn, đoạn gần Đại học Thủy Lợi, quận Đống Đa thường xuyên ùn tắc do phương tiện rẽ trái, rẽ phải cùng lúc tại một điểm. Đề nghị xem xét điều chỉnh hướng lưu thông hoặc bố trí đèn tín hiệu riêng cho từng luồng xe.","Khu vực phố Tây Sơn, đoạn gần Đại học Thủy Lợi, quận Đống Đa thường xuyên ùn tắc do phương tiện rẽ trái, rẽ phải cùng lúc tại một điểm. Đề nghị xem xét điều chỉnh hướng lưu thông hoặc bố trí đèn tín hiệu riêng cho từng luồng xe.","khu_vực phố tây_sơn , đoạn gần đại_học thủy_lợi , quận đống_đa thường_xuyên ùn_tắc do phương_tiện rẽ trái , rẽ phải cùng lúc tại một điểm . đề_nghị xem_xét điều_chỉnh hướng lưu_thông hoặc bố_trí đèn tín_hiệu riêng cho từng luồng xe .","khu_vực phố tây_sơn , đoạn gần đại_học thủy_lợi , quận đống_đa thường_xuyên ùn_tắc do phương_tiện rẽ trái , rẽ phải cùng lúc tại một điểm . đề_nghị xem_xét điều_chỉnh hướng lưu_thông hoặc bố_trí đèn tín_hiệu riêng cho từng luồng xe .",,Dữ liệu ảo,,to_chuc_giao_thong,trung_binh,True
SYN0051,Hanoi,,"Tại ngõ 93 Hoàng Văn Thái, phường Khương Trung, quận Thanh Xuân, phương án tổ chức giao thông một chiều hiện gây bất tiện cho người dân trong khu vực. Nhiều phương tiện phải đi vòng xa, làm tăng áp lực lên các tuyến đường nhỏ. Kính đề nghị xem xét điều chỉnh phù hợp hơn.","Tại ngõ 93 Hoàng Văn Thái, phường Khương Trung, quận Thanh Xuân, phương án tổ chức giao thông một chiều hiện gây bất tiện cho người dân trong khu vực. Nhiều phương tiện phải đi vòng xa, làm tăng áp lực lên các tuyến đường nhỏ. Kính đề nghị xem xét điều chỉnh phù hợp hơn.","tại ngõ 93 hoàng_văn_thái , phường khương_trung , quận thanh_xuân , phương_án tổ_chức giao_thông một chiều hiện gây bất_tiện cho người dân trong khu_vực . nhiều phương_tiện phải đi vòng xa , làm tăng áp_lực lên các tuyến đường nhỏ . kính đề_nghị xem_xét điều_chỉnh phù_hợp hơn .","tại ngõ 93 hoàng_văn_thái , phường khương_trung , quận thanh_xuân , phương_án tổ_chức giao_thông một chiều hiện gây bất_tiện cho người dân trong khu_vực . nhiều phương_tiện phải đi vòng xa , làm tăng áp_lực lên các tuyến đường nhỏ . kính đề_nghị xem_xét điều_chỉnh phù_hợp hơn .",,Dữ liệu ảo,,to_chuc_giao_thong,trung_binh,True
SYN0052,Hanoi,,"Người dân kiến nghị bố trí lại luồng xe tại đường Phạm Văn Đồng, đoạn gần công viên Hòa Bình, quận Bắc Từ Liêm vì tình trạng xung đột giữa xe đi thẳng và xe quay đầu diễn ra thường xuyên. Nếu không điều chỉnh, khu vực này dễ xảy ra tai nạn trong giờ cao điểm.","Người dân kiến nghị bố trí lại luồng xe tại đường Phạm Văn Đồng, đoạn gần công viên Hòa Bình, quận Bắc Từ Liêm vì tình trạng xung đột giữa xe đi thẳng và xe quay đầu diễn ra thường xuyên. Nếu không điều chỉnh, khu vực này dễ xảy ra tai nạn trong giờ cao điểm.","người dân kiến_nghị bố_trí lại luồng xe tại đường phạm văn đồng , đoạn gần công_viên hòa_bình , quận bắc từ liêm vì tình_trạng xung_đột giữa xe đi thẳng và xe quay đầu diễn ra thường_xuyên . nếu không điều_chỉnh , khu_vực này dễ xảy ra tai_nạn trong giờ cao_điểm .","người dân kiến_nghị bố_trí lại luồng xe tại đường phạm văn đồng , đoạn gần công_viên hòa_bình , quận bắc từ liêm vì tình_trạng xung_đột giữa xe đi thẳng và xe quay đầu diễn ra thường_xuyên . nếu không điều_chỉnh , khu_vực này dễ xảy ra tai_nạn trong giờ cao_điểm .",,Dữ liệu ảo,,to_chuc_giao_thong,trung_binh,True
SYN0053,Hanoi,,"Tại khu vực phố Chùa Bộc, phường Quang Trung, quận Đống Đa, việc cho phép dừng đỗ gần nút giao gây ảnh hưởng đến luồng xe chính. Đề nghị kết hợp điều chỉnh tổ chức giao thông và tăng cường kiểm tra dừng đỗ sai quy định.","Tại khu vực phố Chùa Bộc, phường Quang Trung, quận Đống Đa, việc cho phép dừng đỗ gần nút giao gây ảnh hưởng đến luồng xe chính. Đề nghị kết hợp điều chỉnh tổ chức giao thông và tăng cường kiểm tra dừng đỗ sai quy định.","tại khu_vực phố chùa bộc , phường quang_trung , quận đống_đa , việc cho phép dừng đỗ gần nút giao gây ảnh_hưởng đến luồng xe chính . đề_nghị kết_hợp điều_chỉnh tổ_chức giao_thông và tăng_cường kiểm_tra dừng đỗ sai quy_định .","tại khu_vực phố chùa bộc , phường quang_trung , quận đống_đa , việc cho phép dừng đỗ gần nút giao gây ảnh_hưởng đến luồng xe chính . đề_nghị kết_hợp điều_chỉnh tổ_chức giao_thông và tăng_cường kiểm_tra dừng đỗ sai quy_định .",,Dữ liệu ảo,,to_chuc_giao_thong,trung_binh,True
SYN0054,Hanoi,,"Đề nghị nghiên cứu mở thêm hướng rẽ hoặc điều chỉnh biển hướng dẫn tại đường Nguyễn Trãi, đoạn gần Ngã Tư Sở, quận Thanh Xuân để giảm tình trạng ùn tắc kéo dài. Hiện nay người dân di chuyển qua khu vực này mất nhiều thời gian vào buổi sáng.","Đề nghị nghiên cứu mở thêm hướng rẽ hoặc điều chỉnh biển hướng dẫn tại đường Nguyễn Trãi, đoạn gần Ngã Tư Sở, quận Thanh Xuân để giảm tình trạng ùn tắc kéo dài. Hiện nay người dân di chuyển qua khu vực này mất nhiều thời gian vào buổi sáng.","đề_nghị nghiên_cứu mở thêm hướng rẽ hoặc điều_chỉnh biển hướng_dẫn tại đường nguyễn_trãi , đoạn gần ngã tư_sở , quận thanh_xuân để giảm tình_trạng ùn_tắc kéo_dài . hiện_nay người dân di_chuyển qua khu_vực này mất nhiều thời_gian vào buổi sáng .","đề_nghị nghiên_cứu mở thêm hướng rẽ hoặc điều_chỉnh biển hướng_dẫn tại đường nguyễn_trãi , đoạn gần ngã tư_sở , quận thanh_xuân để giảm tình_trạng ùn_tắc kéo_dài . hiện_nay người dân di_chuyển qua khu_vực này mất nhiều thời_gian vào buổi sáng .",,Dữ liệu ảo,,to_chuc_giao_thong,trung_binh,True
SYN0055,Hanoi,,"Tuyến đường qua phố Minh Khai, phường Vĩnh Tuy, quận Hai Bà Trưng có mật độ phương tiện lớn nhưng chưa có phương án phân luồng hợp lý cho xe máy và ô tô. Đề nghị cơ quan chức năng khảo sát thực tế và điều chỉnh tổ chức giao thông.","Tuyến đường qua phố Minh Khai, phường Vĩnh Tuy, quận Hai Bà Trưng có mật độ phương tiện lớn nhưng chưa có phương án phân luồng hợp lý cho xe máy và ô tô. Đề nghị cơ quan chức năng khảo sát thực tế và điều chỉnh tổ chức giao thông.","tuyến đường qua phố minh_khai , phường vĩnh_tuy , quận hai bà trưng có mật_độ phương_tiện lớn nhưng chưa có phương_án phân_luồng hợp_lý cho xe_máy và ô_tô . đề_nghị cơ_quan_chức_năng khảo_sát thực_tế và điều_chỉnh tổ_chức giao_thông .","tuyến đường qua phố minh_khai , phường vĩnh_tuy , quận hai bà trưng có mật_độ phương_tiện lớn nhưng chưa có phương_án phân_luồng hợp_lý cho xe_máy và ô_tô . đề_nghị cơ_quan_chức_năng khảo_sát thực_tế và điều_chỉnh tổ_chức giao_thông .",,Dữ liệu ảo,,to_chuc_giao_thong,trung_binh,True
SYN0056,Hanoi,,"Tổ chức giao thông tại khu vực phố Trần Duy Hưng, phường Trung Hòa, quận Cầu Giấy hiện chưa hợp lý, đặc biệt vào giờ cao điểm khi lượng phương tiện tăng cao. Các luồng xe giao cắt nhau nhiều, dễ gây ùn tắc và mất an toàn. Kính đề nghị cơ quan chức năng khảo sát và điều chỉnh phương án phân luồng.","Tổ chức giao thông tại khu vực phố Trần Duy Hưng, phường Trung Hòa, quận Cầu Giấy hiện chưa hợp lý, đặc biệt vào giờ cao điểm khi lượng phương tiện tăng cao. Các luồng xe giao cắt nhau nhiều, dễ gây ùn tắc và mất an toàn. Kính đề nghị cơ quan chức năng khảo sát và điều chỉnh phương án phân luồng.","tổ_chức giao_thông tại khu_vực phố trần_duy_hưng , phường trung_hòa , quận cầu giấy hiện chưa hợp_lý , đặc_biệt vào giờ cao_điểm khi lượng phương_tiện tăng cao . các luồng xe giao_cắt nhau nhiều , dễ gây ùn_tắc và mất an_toàn . kính đề_nghị cơ_quan_chức_năng khảo_sát và điều_chỉnh phương_án phân_luồng .","tổ_chức giao_thông tại khu_vực phố trần_duy_hưng , phường trung_hòa , quận cầu giấy hiện chưa hợp_lý , đặc_biệt vào giờ cao_điểm khi lượng phương_tiện tăng cao . các luồng xe giao_cắt nhau nhiều , dễ gây ùn_tắc và mất an_toàn . kính đề_nghị cơ_quan_chức_năng khảo_sát và điều_chỉnh phương_án phân_luồng .",,Dữ liệu ảo,,to_chuc_giao_thong,trung_binh,True
SYN0057,Hanoi,,"Người dân kiến nghị xem xét điều chỉnh hướng lưu thông tại đường Nguyễn Văn Cừ, phường Bồ Đề, quận Long Biên do tuyến đường thường xuyên xảy ra ùn tắc cục bộ. Việc tổ chức giao thông hiện nay chưa phù hợp với mật độ phương tiện thực tế. Đề nghị nghiên cứu phương án phân làn hoặc điều tiết giao thông hiệu quả hơn.","Người dân kiến nghị xem xét điều chỉnh hướng lưu thông tại đường Nguyễn Văn Cừ, phường Bồ Đề, quận Long Biên do tuyến đường thường xuyên xảy ra ùn tắc cục bộ. Việc tổ chức giao thông hiện nay chưa phù hợp với mật độ phương tiện thực tế. Đề nghị nghiên cứu phương án phân làn hoặc điều tiết giao thông hiệu quả hơn.","người dân kiến_nghị xem_xét điều_chỉnh hướng lưu_thông tại đường nguyễn_văn_cừ , phường bồ_đề , quận long_biên do tuyến đường thường_xuyên xảy ra ùn_tắc cục_bộ . việc tổ_chức giao_thông hiện_nay chưa phù_hợp với mật_độ phương_tiện thực_tế . đề_nghị nghiên_cứu phương_án phân làn hoặc điều_tiết giao_thông hiệu_quả hơn .","người dân kiến_nghị xem_xét điều_chỉnh hướng lưu_thông tại đường nguyễn_văn_cừ , phường bồ_đề , quận long_biên do tuyến đường thường_xuyên xảy ra ùn_tắc cục_bộ . việc tổ_chức giao_thông hiện_nay chưa phù_hợp với mật_độ phương_tiện thực_tế . đề_nghị nghiên_cứu phương_án phân làn hoặc điều_tiết giao_thông hiệu_quả hơn .",,Dữ liệu ảo,,to_chuc_giao_thong,trung_binh,True
SYN0058,Hanoi,,"Tại nút giao gần ngõ 93 Hoàng Văn Thái, phường Khương Trung, quận Thanh Xuân, các phương tiện từ nhiều hướng cùng nhập vào một điểm gây xung đột giao thông. Vào giờ cao điểm, xe máy và ô tô thường xuyên chen lấn, làm tình trạng ùn tắc kéo dài. Đề nghị cơ quan chức năng xem xét tổ chức lại luồng xe.","Tại nút giao gần ngõ 93 Hoàng Văn Thái, phường Khương Trung, quận Thanh Xuân, các phương tiện từ nhiều hướng cùng nhập vào một điểm gây xung đột giao thông. Vào giờ cao điểm, xe máy và ô tô thường xuyên chen lấn, làm tình trạng ùn tắc kéo dài. Đề nghị cơ quan chức năng xem xét tổ chức lại luồng xe.","tại nút giao gần ngõ 93 hoàng_văn_thái , phường khương_trung , quận thanh_xuân , các phương_tiện từ nhiều hướng cùng nhập vào một điểm gây xung_đột giao_thông . vào giờ cao_điểm , xe_máy và ô_tô thường_xuyên chen_lấn , làm tình_trạng ùn_tắc kéo_dài . đề_nghị cơ_quan_chức_năng xem_xét tổ_chức lại luồng xe .","tại nút giao gần ngõ 93 hoàng_văn_thái , phường khương_trung , quận thanh_xuân , các phương_tiện từ nhiều hướng cùng nhập vào một điểm gây xung_đột giao_thông . vào giờ cao_điểm , xe_máy và ô_tô thường_xuyên chen_lấn , làm tình_trạng ùn_tắc kéo_dài . đề_nghị cơ_quan_chức_năng xem_xét tổ_chức lại luồng xe .",,Dữ liệu ảo,,to_chuc_giao_thong,trung_binh,True
SYN0059,Hanoi,,"Khu vực đường Nguyễn Văn Cừ, phường Bồ Đề, quận Long Biên có nhiều trường học, cửa hàng và khu dân cư nhưng chưa có phương án điều tiết giao thông phù hợp. Người dân đề nghị bổ sung biển hướng dẫn, phân làn hoặc điều chỉnh chiều lưu thông để hạn chế ùn tắc và đảm bảo an toàn.","Khu vực đường Nguyễn Văn Cừ, phường Bồ Đề, quận Long Biên có nhiều trường học, cửa hàng và khu dân cư nhưng chưa có phương án điều tiết giao thông phù hợp. Người dân đề nghị bổ sung biển hướng dẫn, phân làn hoặc điều chỉnh chiều lưu thông để hạn chế ùn tắc và đảm bảo an toàn.","khu_vực đường nguyễn_văn_cừ , phường bồ_đề , quận long_biên có nhiều trường_học , cửa_hàng và khu dân_cư nhưng chưa có phương_án điều_tiết giao_thông phù_hợp . người dân đề_nghị bổ_sung biển hướng_dẫn , phân làn hoặc điều_chỉnh chiều lưu_thông để hạn_chế ùn_tắc và đảm_bảo_an_toàn .","khu_vực đường nguyễn_văn_cừ , phường bồ_đề , quận long_biên có nhiều trường_học , cửa_hàng và khu dân_cư nhưng chưa có phương_án điều_tiết giao_thông phù_hợp . người dân đề_nghị bổ_sung biển hướng_dẫn , phân làn hoặc điều_chỉnh chiều lưu_thông để hạn_chế ùn_tắc và đảm_bảo_an_toàn .",,Dữ liệu ảo,,to_chuc_giao_thong,trung_binh,True
SYN0060,Hanoi,,"Việc cấm rẽ hoặc hạn chế lưu thông tại khu vực phố Đội Cấn, phường Liễu Giai, quận Ba Đình hiện gây bất tiện cho người dân sinh sống xung quanh. Nhiều phương tiện phải đi vòng xa, làm tăng áp lực giao thông lên các tuyến đường lân cận. Kính đề nghị xem xét lại phương án tổ chức giao thông.","Việc cấm rẽ hoặc hạn chế lưu thông tại khu vực phố Đội Cấn, phường Liễu Giai, quận Ba Đình hiện gây bất tiện cho người dân sinh sống xung quanh. Nhiều phương tiện phải đi vòng xa, làm tăng áp lực giao thông lên các tuyến đường lân cận. Kính đề nghị xem xét lại phương án tổ chức giao thông.","việc cấm rẽ hoặc hạn_chế lưu_thông tại khu_vực phố đội cấn , phường liễu_giai , quận ba đình hiện gây bất_tiện cho người dân_sinh_sống xung_quanh . nhiều phương_tiện phải đi vòng xa , làm tăng áp_lực giao_thông lên các tuyến đường lân_cận . kính đề_nghị xem_xét_lại phương_án tổ_chức giao_thông .","việc cấm rẽ hoặc hạn_chế lưu_thông tại khu_vực phố đội cấn , phường liễu_giai , quận ba đình hiện gây bất_tiện cho người dân_sinh_sống xung_quanh . nhiều phương_tiện phải đi vòng xa , làm tăng áp_lực giao_thông lên các tuyến đường lân_cận . kính đề_nghị xem_xét_lại phương_án tổ_chức giao_thông .",,Dữ liệu ảo,,to_chuc_giao_thong,trung_binh,True
SYN0061,Hanoi,,"Tại khu vực ngõ 93 Hoàng Văn Thái, phường Khương Trung, quận Thanh Xuân, lưu lượng phương tiện tăng cao nhưng cách tổ chức giao thông hiện nay chưa phù hợp. Xe từ nhiều hướng giao cắt liên tục, gây ùn tắc và mất an toàn. Đề nghị cơ quan chức năng khảo sát phương án điều tiết lại.","Tại khu vực ngõ 93 Hoàng Văn Thái, phường Khương Trung, quận Thanh Xuân, lưu lượng phương tiện tăng cao nhưng cách tổ chức giao thông hiện nay chưa phù hợp. Xe từ nhiều hướng giao cắt liên tục, gây ùn tắc và mất an toàn. Đề nghị cơ quan chức năng khảo sát phương án điều tiết lại.","tại khu_vực ngõ 93 hoàng_văn_thái , phường khương_trung , quận thanh_xuân , lưu_lượng phương_tiện tăng cao nhưng cách tổ_chức giao_thông hiện_nay chưa phù_hợp . xe từ nhiều hướng giao_cắt liên_tục , gây ùn_tắc và mất an_toàn . đề_nghị cơ_quan_chức_năng khảo_sát phương_án điều_tiết lại .","tại khu_vực ngõ 93 hoàng_văn_thái , phường khương_trung , quận thanh_xuân , lưu_lượng phương_tiện tăng cao nhưng cách tổ_chức giao_thông hiện_nay chưa phù_hợp . xe từ nhiều hướng giao_cắt liên_tục , gây ùn_tắc và mất an_toàn . đề_nghị cơ_quan_chức_năng khảo_sát phương_án điều_tiết lại .",,Dữ liệu ảo,,to_chuc_giao_thong,trung_binh,True
SYN0062,Hanoi,,"Người dân phản ánh việc phân làn tại đường Xuân Thủy, đoạn trước cổng Trường Đại học Quốc gia Hà Nội, quận Cầu Giấy chưa rõ ràng, khiến xe máy và ô tô thường xuyên đi lẫn vào nhau. Tình trạng này gây nguy hiểm, nhất là vào giờ cao điểm. Đề nghị kẻ lại vạch sơn và bổ sung hướng dẫn giao thông.","Người dân phản ánh việc phân làn tại đường Xuân Thủy, đoạn trước cổng Trường Đại học Quốc gia Hà Nội, quận Cầu Giấy chưa rõ ràng, khiến xe máy và ô tô thường xuyên đi lẫn vào nhau. Tình trạng này gây nguy hiểm, nhất là vào giờ cao điểm. Đề nghị kẻ lại vạch sơn và bổ sung hướng dẫn giao thông.","người dân phản_ánh việc phân làn tại đường xuân_thủy , đoạn trước cổng trường đại_học quốc_gia hà_nội , quận cầu giấy chưa rõ_ràng , khiến xe_máy và ô_tô thường_xuyên đi lẫn vào nhau . tình_trạng này gây nguy_hiểm , nhất là vào giờ cao_điểm . đề_nghị kẻ lại vạch sơn và bổ_sung hướng_dẫn giao_thông .","người dân phản_ánh việc phân làn tại đường xuân_thủy , đoạn trước cổng trường đại_học quốc_gia hà_nội , quận cầu giấy chưa rõ_ràng , khiến xe_máy và ô_tô thường_xuyên đi lẫn vào nhau . tình_trạng này gây nguy_hiểm , nhất là vào giờ cao_điểm . đề_nghị kẻ lại vạch sơn và bổ_sung hướng_dẫn giao_thông .",,Dữ liệu ảo,,to_chuc_giao_thong,trung_binh,True
SYN0063,Hanoi,,"Khu vực phố Tây Sơn, đoạn gần Đại học Thủy Lợi, quận Đống Đa thường xuyên ùn tắc do phương tiện rẽ trái, rẽ phải cùng lúc tại một điểm. Đề nghị xem xét điều chỉnh hướng lưu thông hoặc bố trí đèn tín hiệu riêng cho từng luồng xe.","Khu vực phố Tây Sơn, đoạn gần Đại học Thủy Lợi, quận Đống Đa thường xuyên ùn tắc do phương tiện rẽ trái, rẽ phải cùng lúc tại một điểm. Đề nghị xem xét điều chỉnh hướng lưu thông hoặc bố trí đèn tín hiệu riêng cho từng luồng xe.","khu_vực phố tây_sơn , đoạn gần đại_học thủy_lợi , quận đống_đa thường_xuyên ùn_tắc do phương_tiện rẽ trái , rẽ phải cùng lúc tại một điểm . đề_nghị xem_xét điều_chỉnh hướng lưu_thông hoặc bố_trí đèn tín_hiệu riêng cho từng luồng xe .","khu_vực phố tây_sơn , đoạn gần đại_học thủy_lợi , quận đống_đa thường_xuyên ùn_tắc do phương_tiện rẽ trái , rẽ phải cùng lúc tại một điểm . đề_nghị xem_xét điều_chỉnh hướng lưu_thông hoặc bố_trí đèn tín_hiệu riêng cho từng luồng xe .",,Dữ liệu ảo,,to_chuc_giao_thong,trung_binh,True
SYN0064,Hanoi,,"Tại đường Giải Phóng, đoạn gần bến xe Giáp Bát, quận Hoàng Mai, phương án tổ chức giao thông một chiều hiện gây bất tiện cho người dân trong khu vực. Nhiều phương tiện phải đi vòng xa, làm tăng áp lực lên các tuyến đường nhỏ. Kính đề nghị xem xét điều chỉnh phù hợp hơn.","Tại đường Giải Phóng, đoạn gần bến xe Giáp Bát, quận Hoàng Mai, phương án tổ chức giao thông một chiều hiện gây bất tiện cho người dân trong khu vực. Nhiều phương tiện phải đi vòng xa, làm tăng áp lực lên các tuyến đường nhỏ. Kính đề nghị xem xét điều chỉnh phù hợp hơn.","tại đường giải_phóng , đoạn gần bến_xe giáp_bát , quận hoàng_mai , phương_án tổ_chức giao_thông một chiều hiện gây bất_tiện cho người dân trong khu_vực . nhiều phương_tiện phải đi vòng xa , làm tăng áp_lực lên các tuyến đường nhỏ . kính đề_nghị xem_xét điều_chỉnh phù_hợp hơn .","tại đường giải_phóng , đoạn gần bến_xe giáp_bát , quận hoàng_mai , phương_án tổ_chức giao_thông một chiều hiện gây bất_tiện cho người dân trong khu_vực . nhiều phương_tiện phải đi vòng xa , làm tăng áp_lực lên các tuyến đường nhỏ . kính đề_nghị xem_xét điều_chỉnh phù_hợp hơn .",,Dữ liệu ảo,,to_chuc_giao_thong,trung_binh,True
SYN0065,Hanoi,,"Người dân kiến nghị bố trí lại luồng xe tại phố Tôn Đức Thắng, phường Hàng Bột, quận Đống Đa vì tình trạng xung đột giữa xe đi thẳng và xe quay đầu diễn ra thường xuyên. Nếu không điều chỉnh, khu vực này dễ xảy ra tai nạn trong giờ cao điểm.","Người dân kiến nghị bố trí lại luồng xe tại phố Tôn Đức Thắng, phường Hàng Bột, quận Đống Đa vì tình trạng xung đột giữa xe đi thẳng và xe quay đầu diễn ra thường xuyên. Nếu không điều chỉnh, khu vực này dễ xảy ra tai nạn trong giờ cao điểm.","người dân kiến_nghị bố_trí lại luồng xe tại phố tôn_đức_thắng , phường hàng bột , quận đống_đa vì tình_trạng xung_đột giữa xe đi thẳng và xe quay đầu diễn ra thường_xuyên . nếu không điều_chỉnh , khu_vực này dễ xảy ra tai_nạn trong giờ cao_điểm .","người dân kiến_nghị bố_trí lại luồng xe tại phố tôn_đức_thắng , phường hàng bột , quận đống_đa vì tình_trạng xung_đột giữa xe đi thẳng và xe quay đầu diễn ra thường_xuyên . nếu không điều_chỉnh , khu_vực này dễ xảy ra tai_nạn trong giờ cao_điểm .",,Dữ liệu ảo,,to_chuc_giao_thong,trung_binh,True
SYN0066,Hanoi,,"Tại khu vực phố Trần Duy Hưng, phường Trung Hòa, quận Cầu Giấy, việc cho phép dừng đỗ gần nút giao gây ảnh hưởng đến luồng xe chính. Đề nghị kết hợp điều chỉnh tổ chức giao thông và tăng cường kiểm tra dừng đỗ sai quy định.","Tại khu vực phố Trần Duy Hưng, phường Trung Hòa, quận Cầu Giấy, việc cho phép dừng đỗ gần nút giao gây ảnh hưởng đến luồng xe chính. Đề nghị kết hợp điều chỉnh tổ chức giao thông và tăng cường kiểm tra dừng đỗ sai quy định.","tại khu_vực phố trần_duy_hưng , phường trung_hòa , quận cầu giấy , việc cho phép dừng đỗ gần nút giao gây ảnh_hưởng đến luồng xe chính . đề_nghị kết_hợp điều_chỉnh tổ_chức giao_thông và tăng_cường kiểm_tra dừng đỗ sai quy_định .","tại khu_vực phố trần_duy_hưng , phường trung_hòa , quận cầu giấy , việc cho phép dừng đỗ gần nút giao gây ảnh_hưởng đến luồng xe chính . đề_nghị kết_hợp điều_chỉnh tổ_chức giao_thông và tăng_cường kiểm_tra dừng đỗ sai quy_định .",,Dữ liệu ảo,,to_chuc_giao_thong,trung_binh,True
SYN0067,Hanoi,,"Đề nghị nghiên cứu mở thêm hướng rẽ hoặc điều chỉnh biển hướng dẫn tại đường Phạm Văn Đồng, đoạn gần công viên Hòa Bình, quận Bắc Từ Liêm để giảm tình trạng ùn tắc kéo dài. Hiện nay người dân di chuyển qua khu vực này mất nhiều thời gian vào buổi sáng.","Đề nghị nghiên cứu mở thêm hướng rẽ hoặc điều chỉnh biển hướng dẫn tại đường Phạm Văn Đồng, đoạn gần công viên Hòa Bình, quận Bắc Từ Liêm để giảm tình trạng ùn tắc kéo dài. Hiện nay người dân di chuyển qua khu vực này mất nhiều thời gian vào buổi sáng.","đề_nghị nghiên_cứu mở thêm hướng rẽ hoặc điều_chỉnh biển hướng_dẫn tại đường phạm văn đồng , đoạn gần công_viên hòa_bình , quận bắc từ liêm để giảm tình_trạng ùn_tắc kéo_dài . hiện_nay người dân di_chuyển qua khu_vực này mất nhiều thời_gian vào buổi sáng .","đề_nghị nghiên_cứu mở thêm hướng rẽ hoặc điều_chỉnh biển hướng_dẫn tại đường phạm văn đồng , đoạn gần công_viên hòa_bình , quận bắc từ liêm để giảm tình_trạng ùn_tắc kéo_dài . hiện_nay người dân di_chuyển qua khu_vực này mất nhiều thời_gian vào buổi sáng .",,Dữ liệu ảo,,to_chuc_giao_thong,trung_binh,True
SYN0068,Hanoi,,"Tuyến đường qua đường Hoàng Quốc Việt, phường Nghĩa Đô, quận Cầu Giấy có mật độ phương tiện lớn nhưng chưa có phương án phân luồng hợp lý cho xe máy và ô tô. Đề nghị cơ quan chức năng khảo sát thực tế và điều chỉnh tổ chức giao thông.","Tuyến đường qua đường Hoàng Quốc Việt, phường Nghĩa Đô, quận Cầu Giấy có mật độ phương tiện lớn nhưng chưa có phương án phân luồng hợp lý cho xe máy và ô tô. Đề nghị cơ quan chức năng khảo sát thực tế và điều chỉnh tổ chức giao thông.","tuyến đường qua đường hoàng_quốc việt , phường nghĩa_đô , quận cầu giấy có mật_độ phương_tiện lớn nhưng chưa có phương_án phân_luồng hợp_lý cho xe_máy và ô_tô . đề_nghị cơ_quan_chức_năng khảo_sát thực_tế và điều_chỉnh tổ_chức giao_thông .","tuyến đường qua đường hoàng_quốc việt , phường nghĩa_đô , quận cầu giấy có mật_độ phương_tiện lớn nhưng chưa có phương_án phân_luồng hợp_lý cho xe_máy và ô_tô . đề_nghị cơ_quan_chức_năng khảo_sát thực_tế và điều_chỉnh tổ_chức giao_thông .",,Dữ liệu ảo,,to_chuc_giao_thong,trung_binh,True
SYN0069,Hanoi,,"Tổ chức giao thông tại khu vực đường Hồ Tùng Mậu, phường Mai Dịch, quận Cầu Giấy hiện chưa hợp lý, đặc biệt vào giờ cao điểm khi lượng phương tiện tăng cao. Các luồng xe giao cắt nhau nhiều, dễ gây ùn tắc và mất an toàn. Kính đề nghị cơ quan chức năng khảo sát và điều chỉnh phương án phân luồng.","Tổ chức giao thông tại khu vực đường Hồ Tùng Mậu, phường Mai Dịch, quận Cầu Giấy hiện chưa hợp lý, đặc biệt vào giờ cao điểm khi lượng phương tiện tăng cao. Các luồng xe giao cắt nhau nhiều, dễ gây ùn tắc và mất an toàn. Kính đề nghị cơ quan chức năng khảo sát và điều chỉnh phương án phân luồng.","tổ_chức giao_thông tại khu_vực đường hồ_tùng mậu , phường mai_dịch , quận cầu giấy hiện chưa hợp_lý , đặc_biệt vào giờ cao_điểm khi lượng phương_tiện tăng cao . các luồng xe giao_cắt nhau nhiều , dễ gây ùn_tắc và mất an_toàn . kính đề_nghị cơ_quan_chức_năng khảo_sát và điều_chỉnh phương_án phân_luồng .","tổ_chức giao_thông tại khu_vực đường hồ_tùng mậu , phường mai_dịch , quận cầu giấy hiện chưa hợp_lý , đặc_biệt vào giờ cao_điểm khi lượng phương_tiện tăng cao . các luồng xe giao_cắt nhau nhiều , dễ gây ùn_tắc và mất an_toàn . kính đề_nghị cơ_quan_chức_năng khảo_sát và điều_chỉnh phương_án phân_luồng .",,Dữ liệu ảo,,to_chuc_giao_thong,trung_binh,True
SYN0070,Hanoi,,"Người dân kiến nghị xem xét điều chỉnh hướng lưu thông tại đường Nguyễn Văn Cừ, phường Bồ Đề, quận Long Biên do tuyến đường thường xuyên xảy ra ùn tắc cục bộ. Việc tổ chức giao thông hiện nay chưa phù hợp với mật độ phương tiện thực tế. Đề nghị nghiên cứu phương án phân làn hoặc điều tiết giao thông hiệu quả hơn.","Người dân kiến nghị xem xét điều chỉnh hướng lưu thông tại đường Nguyễn Văn Cừ, phường Bồ Đề, quận Long Biên do tuyến đường thường xuyên xảy ra ùn tắc cục bộ. Việc tổ chức giao thông hiện nay chưa phù hợp với mật độ phương tiện thực tế. Đề nghị nghiên cứu phương án phân làn hoặc điều tiết giao thông hiệu quả hơn.","người dân kiến_nghị xem_xét điều_chỉnh hướng lưu_thông tại đường nguyễn_văn_cừ , phường bồ_đề , quận long_biên do tuyến đường thường_xuyên xảy ra ùn_tắc cục_bộ . việc tổ_chức giao_thông hiện_nay chưa phù_hợp với mật_độ phương_tiện thực_tế . đề_nghị nghiên_cứu phương_án phân làn hoặc điều_tiết giao_thông hiệu_quả hơn .","người dân kiến_nghị xem_xét điều_chỉnh hướng lưu_thông tại đường nguyễn_văn_cừ , phường bồ_đề , quận long_biên do tuyến đường thường_xuyên xảy ra ùn_tắc cục_bộ . việc tổ_chức giao_thông hiện_nay chưa phù_hợp với mật_độ phương_tiện thực_tế . đề_nghị nghiên_cứu phương_án phân làn hoặc điều_tiết giao_thông hiệu_quả hơn .",,Dữ liệu ảo,,to_chuc_giao_thong,trung_binh,True
SYN0071,Hanoi,,"Tại nút giao gần phố Tôn Đức Thắng, phường Hàng Bột, quận Đống Đa, các phương tiện từ nhiều hướng cùng nhập vào một điểm gây xung đột giao thông. Vào giờ cao điểm, xe máy và ô tô thường xuyên chen lấn, làm tình trạng ùn tắc kéo dài. Đề nghị cơ quan chức năng xem xét tổ chức lại luồng xe.","Tại nút giao gần phố Tôn Đức Thắng, phường Hàng Bột, quận Đống Đa, các phương tiện từ nhiều hướng cùng nhập vào một điểm gây xung đột giao thông. Vào giờ cao điểm, xe máy và ô tô thường xuyên chen lấn, làm tình trạng ùn tắc kéo dài. Đề nghị cơ quan chức năng xem xét tổ chức lại luồng xe.","tại nút giao gần phố tôn_đức_thắng , phường hàng bột , quận đống_đa , các phương_tiện từ nhiều hướng cùng nhập vào một điểm gây xung_đột giao_thông . vào giờ cao_điểm , xe_máy và ô_tô thường_xuyên chen_lấn , làm tình_trạng ùn_tắc kéo_dài . đề_nghị cơ_quan_chức_năng xem_xét tổ_chức lại luồng xe .","tại nút giao gần phố tôn_đức_thắng , phường hàng bột , quận đống_đa , các phương_tiện từ nhiều hướng cùng nhập vào một điểm gây xung_đột giao_thông . vào giờ cao_điểm , xe_máy và ô_tô thường_xuyên chen_lấn , làm tình_trạng ùn_tắc kéo_dài . đề_nghị cơ_quan_chức_năng xem_xét tổ_chức lại luồng xe .",,Dữ liệu ảo,,to_chuc_giao_thong,trung_binh,True
SYN0072,Hanoi,,"Khu vực phố Tây Sơn, đoạn gần Đại học Thủy Lợi, quận Đống Đa có nhiều trường học, cửa hàng và khu dân cư nhưng chưa có phương án điều tiết giao thông phù hợp. Người dân đề nghị bổ sung biển hướng dẫn, phân làn hoặc điều chỉnh chiều lưu thông để hạn chế ùn tắc và đảm bảo an toàn.","Khu vực phố Tây Sơn, đoạn gần Đại học Thủy Lợi, quận Đống Đa có nhiều trường học, cửa hàng và khu dân cư nhưng chưa có phương án điều tiết giao thông phù hợp. Người dân đề nghị bổ sung biển hướng dẫn, phân làn hoặc điều chỉnh chiều lưu thông để hạn chế ùn tắc và đảm bảo an toàn.","khu_vực phố tây_sơn , đoạn gần đại_học thủy_lợi , quận đống_đa có nhiều trường_học , cửa_hàng và khu dân_cư nhưng chưa có phương_án điều_tiết giao_thông phù_hợp . người dân đề_nghị bổ_sung biển hướng_dẫn , phân làn hoặc điều_chỉnh chiều lưu_thông để hạn_chế ùn_tắc và đảm_bảo_an_toàn .","khu_vực phố tây_sơn , đoạn gần đại_học thủy_lợi , quận đống_đa có nhiều trường_học , cửa_hàng và khu dân_cư nhưng chưa có phương_án điều_tiết giao_thông phù_hợp . người dân đề_nghị bổ_sung biển hướng_dẫn , phân làn hoặc điều_chỉnh chiều lưu_thông để hạn_chế ùn_tắc và đảm_bảo_an_toàn .",,Dữ liệu ảo,,to_chuc_giao_thong,trung_binh,True
SYN0073,Hanoi,,"Việc cấm rẽ hoặc hạn chế lưu thông tại khu vực phố Bạch Mai, phường Bạch Mai, quận Hai Bà Trưng hiện gây bất tiện cho người dân sinh sống xung quanh. Nhiều phương tiện phải đi vòng xa, làm tăng áp lực giao thông lên các tuyến đường lân cận. Kính đề nghị xem xét lại phương án tổ chức giao thông.","Việc cấm rẽ hoặc hạn chế lưu thông tại khu vực phố Bạch Mai, phường Bạch Mai, quận Hai Bà Trưng hiện gây bất tiện cho người dân sinh sống xung quanh. Nhiều phương tiện phải đi vòng xa, làm tăng áp lực giao thông lên các tuyến đường lân cận. Kính đề nghị xem xét lại phương án tổ chức giao thông.","việc cấm rẽ hoặc hạn_chế lưu_thông tại khu_vực phố bạch_mai , phường bạch_mai , quận hai bà trưng hiện gây bất_tiện cho người dân_sinh_sống xung_quanh . nhiều phương_tiện phải đi vòng xa , làm tăng áp_lực giao_thông lên các tuyến đường lân_cận . kính đề_nghị xem_xét_lại phương_án tổ_chức giao_thông .","việc cấm rẽ hoặc hạn_chế lưu_thông tại khu_vực phố bạch_mai , phường bạch_mai , quận hai bà trưng hiện gây bất_tiện cho người dân_sinh_sống xung_quanh . nhiều phương_tiện phải đi vòng xa , làm tăng áp_lực giao_thông lên các tuyến đường lân_cận . kính đề_nghị xem_xét_lại phương_án tổ_chức giao_thông .",,Dữ liệu ảo,,to_chuc_giao_thong,trung_binh,True
SYN0074,Hanoi,,"Tại khu vực ngõ 93 Hoàng Văn Thái, phường Khương Trung, quận Thanh Xuân, lưu lượng phương tiện tăng cao nhưng cách tổ chức giao thông hiện nay chưa phù hợp. Xe từ nhiều hướng giao cắt liên tục, gây ùn tắc và mất an toàn. Đề nghị cơ quan chức năng khảo sát phương án điều tiết lại.","Tại khu vực ngõ 93 Hoàng Văn Thái, phường Khương Trung, quận Thanh Xuân, lưu lượng phương tiện tăng cao nhưng cách tổ chức giao thông hiện nay chưa phù hợp. Xe từ nhiều hướng giao cắt liên tục, gây ùn tắc và mất an toàn. Đề nghị cơ quan chức năng khảo sát phương án điều tiết lại.","tại khu_vực ngõ 93 hoàng_văn_thái , phường khương_trung , quận thanh_xuân , lưu_lượng phương_tiện tăng cao nhưng cách tổ_chức giao_thông hiện_nay chưa phù_hợp . xe từ nhiều hướng giao_cắt liên_tục , gây ùn_tắc và mất an_toàn . đề_nghị cơ_quan_chức_năng khảo_sát phương_án điều_tiết lại .","tại khu_vực ngõ 93 hoàng_văn_thái , phường khương_trung , quận thanh_xuân , lưu_lượng phương_tiện tăng cao nhưng cách tổ_chức giao_thông hiện_nay chưa phù_hợp . xe từ nhiều hướng giao_cắt liên_tục , gây ùn_tắc và mất an_toàn . đề_nghị cơ_quan_chức_năng khảo_sát phương_án điều_tiết lại .",,Dữ liệu ảo,,to_chuc_giao_thong,trung_binh,True
SYN0075,Hanoi,,"Tại khu vực phố Nguyễn Xiển, phường Thanh Xuân Trung, quận Thanh Xuân, rác thải sinh hoạt bị tập kết lâu ngày bên lề đường nhưng chưa được thu gom kịp thời. Tình trạng này gây mùi hôi, ảnh hưởng đến mỹ quan đô thị và sinh hoạt của người dân xung quanh. Kính đề nghị đơn vị vệ sinh môi trường kiểm tra và xử lý.","Tại khu vực phố Nguyễn Xiển, phường Thanh Xuân Trung, quận Thanh Xuân, rác thải sinh hoạt bị tập kết lâu ngày bên lề đường nhưng chưa được thu gom kịp thời. Tình trạng này gây mùi hôi, ảnh hưởng đến mỹ quan đô thị và sinh hoạt của người dân xung quanh. Kính đề nghị đơn vị vệ sinh môi trường kiểm tra và xử lý.","tại khu_vực phố nguyễn_xiển , phường thanh_xuân_trung , quận thanh_xuân , rác_thải sinh_hoạt bị tập_kết lâu ngày bên lề_đường nhưng chưa được thu_gom kịp_thời . tình_trạng này gây mùi hôi , ảnh_hưởng đến mỹ_quan đô_thị và sinh_hoạt của người dân xung_quanh . kính đề_nghị đơn_vị vệ_sinh môi_trường kiểm_tra và xử_lý .","tại khu_vực phố nguyễn_xiển , phường thanh_xuân_trung , quận thanh_xuân , rác_thải sinh_hoạt bị tập_kết lâu ngày bên lề_đường nhưng chưa được thu_gom kịp_thời . tình_trạng này gây mùi hôi , ảnh_hưởng đến mỹ_quan đô_thị và sinh_hoạt của người dân xung_quanh . kính đề_nghị đơn_vị vệ_sinh môi_trường kiểm_tra và xử_lý .",,Dữ liệu ảo,,rac_thai_ve_sinh_moi_truong,trung_binh,True
SYN0076,Hanoi,,"Người dân phản ánh tại đường Nguyễn Trãi, đoạn gần Ngã Tư Sở, quận Thanh Xuân thường xuyên xuất hiện tình trạng xả rác bừa bãi trên vỉa hè và gần miệng cống thoát nước. Khi trời mưa, rác trôi xuống cống gây tắc nghẽn và ứ đọng nước. Đề nghị tăng cường thu gom rác và tuyên truyền giữ gìn vệ sinh.","Người dân phản ánh tại đường Nguyễn Trãi, đoạn gần Ngã Tư Sở, quận Thanh Xuân thường xuyên xuất hiện tình trạng xả rác bừa bãi trên vỉa hè và gần miệng cống thoát nước. Khi trời mưa, rác trôi xuống cống gây tắc nghẽn và ứ đọng nước. Đề nghị tăng cường thu gom rác và tuyên truyền giữ gìn vệ sinh.","người dân phản_ánh tại đường nguyễn_trãi , đoạn gần ngã tư_sở , quận thanh_xuân thường_xuyên xuất_hiện tình_trạng xả rác bừa_bãi trên vỉa_hè và gần miệng cống thoát nước . khi trời mưa , rác trôi xuống cống gây tắc_nghẽn và ứ_đọng nước . đề_nghị tăng_cường thu_gom rác và tuyên_truyền giữ_gìn vệ_sinh .","người dân phản_ánh tại đường nguyễn_trãi , đoạn gần ngã tư_sở , quận thanh_xuân thường_xuyên xuất_hiện tình_trạng xả rác bừa_bãi trên vỉa_hè và gần miệng cống thoát nước . khi trời mưa , rác trôi xuống cống gây tắc_nghẽn và ứ_đọng nước . đề_nghị tăng_cường thu_gom rác và tuyên_truyền giữ_gìn vệ_sinh .",,Dữ liệu ảo,,rac_thai_ve_sinh_moi_truong,trung_binh,True
SYN0077,Hanoi,,"Khu vực đường Nguyễn Văn Cừ, phường Bồ Đề, quận Long Biên có điểm tập kết rác không đúng nơi quy định, nhiều bao rác bị để tràn ra lòng đường. Việc này gây mất vệ sinh môi trường, phát sinh mùi hôi và ảnh hưởng đến người đi bộ. Đề nghị cơ quan chức năng kiểm tra và bố trí điểm tập kết phù hợp hơn.","Khu vực đường Nguyễn Văn Cừ, phường Bồ Đề, quận Long Biên có điểm tập kết rác không đúng nơi quy định, nhiều bao rác bị để tràn ra lòng đường. Việc này gây mất vệ sinh môi trường, phát sinh mùi hôi và ảnh hưởng đến người đi bộ. Đề nghị cơ quan chức năng kiểm tra và bố trí điểm tập kết phù hợp hơn.","khu_vực đường nguyễn_văn_cừ , phường bồ_đề , quận long_biên có điểm tập_kết rác không đúng nơi quy_định , nhiều bao rác bị để tràn ra lòng_đường . việc này gây mất vệ_sinh môi_trường , phát_sinh mùi hôi và ảnh_hưởng đến người đi bộ . đề_nghị cơ_quan_chức_năng kiểm_tra và bố_trí điểm tập_kết phù_hợp hơn .","khu_vực đường nguyễn_văn_cừ , phường bồ_đề , quận long_biên có điểm tập_kết rác không đúng nơi quy_định , nhiều bao rác bị để tràn ra lòng_đường . việc này gây mất vệ_sinh môi_trường , phát_sinh mùi hôi và ảnh_hưởng đến người đi bộ . đề_nghị cơ_quan_chức_năng kiểm_tra và bố_trí điểm tập_kết phù_hợp hơn .",,Dữ liệu ảo,,rac_thai_ve_sinh_moi_truong,trung_binh,True
SYN0078,Hanoi,,"Tại đường Láng, đoạn gần cầu vượt Láng Hạ, quận Đống Đa, nước thải từ một số hộ kinh doanh chảy ra mặt đường, gây mùi khó chịu và làm trơn trượt khu vực đi lại. Người dân lo ngại tình trạng này kéo dài sẽ ảnh hưởng đến vệ sinh môi trường và an toàn giao thông. Kính đề nghị kiểm tra, nhắc nhở và xử lý.","Tại đường Láng, đoạn gần cầu vượt Láng Hạ, quận Đống Đa, nước thải từ một số hộ kinh doanh chảy ra mặt đường, gây mùi khó chịu và làm trơn trượt khu vực đi lại. Người dân lo ngại tình trạng này kéo dài sẽ ảnh hưởng đến vệ sinh môi trường và an toàn giao thông. Kính đề nghị kiểm tra, nhắc nhở và xử lý.","tại đường láng , đoạn gần cầu_vượt láng_hạ , quận đống_đa , nước_thải từ một_số hộ kinh_doanh chảy ra_mặt_đường , gây mùi khó_chịu và làm trơn trượt khu_vực đi_lại . người dân lo_ngại tình_trạng này kéo_dài sẽ ảnh_hưởng đến vệ_sinh môi_trường và an_toàn giao_thông . kính đề_nghị kiểm_tra , nhắc_nhở và xử_lý .","tại đường láng , đoạn gần cầu_vượt láng_hạ , quận đống_đa , nước_thải từ một_số hộ kinh_doanh chảy ra_mặt_đường , gây mùi khó_chịu và làm trơn trượt khu_vực đi_lại . người dân lo_ngại tình_trạng này kéo_dài sẽ ảnh_hưởng đến vệ_sinh môi_trường và an_toàn giao_thông . kính đề_nghị kiểm_tra , nhắc_nhở và xử_lý .",,Dữ liệu ảo,,rac_thai_ve_sinh_moi_truong,trung_binh,True
SYN0079,Hanoi,,"Rác thải xây dựng bị đổ tại khu vực phố Bạch Mai, phường Bạch Mai, quận Hai Bà Trưng, chiếm một phần vỉa hè và gây bụi bẩn. Người đi bộ phải di chuyển xuống lòng đường, tiềm ẩn nguy cơ mất an toàn. Đề nghị cơ quan chức năng yêu cầu thu dọn và xử lý hành vi đổ rác không đúng quy định.","Rác thải xây dựng bị đổ tại khu vực phố Bạch Mai, phường Bạch Mai, quận Hai Bà Trưng, chiếm một phần vỉa hè và gây bụi bẩn. Người đi bộ phải di chuyển xuống lòng đường, tiềm ẩn nguy cơ mất an toàn. Đề nghị cơ quan chức năng yêu cầu thu dọn và xử lý hành vi đổ rác không đúng quy định.","rác_thải xây_dựng bị đổ tại khu_vực phố bạch_mai , phường bạch_mai , quận hai bà trưng , chiếm một phần vỉa_hè và gây bụi bẩn . người đi bộ phải di_chuyển xuống lòng_đường , tiềm_ẩn nguy_cơ mất an_toàn . đề_nghị cơ_quan_chức_năng yêu_cầu thu_dọn và xử_lý hành_vi đổ rác không đúng quy_định .","rác_thải xây_dựng bị đổ tại khu_vực phố bạch_mai , phường bạch_mai , quận hai bà trưng , chiếm một phần vỉa_hè và gây bụi bẩn . người đi bộ phải di_chuyển xuống lòng_đường , tiềm_ẩn nguy_cơ mất an_toàn . đề_nghị cơ_quan_chức_năng yêu_cầu thu_dọn và xử_lý hành_vi đổ rác không đúng quy_định .",,Dữ liệu ảo,,rac_thai_ve_sinh_moi_truong,trung_binh,True
SYN0080,Hanoi,,"Sau các buổi họp chợ tự phát tại đường Nguyễn Văn Cừ, phường Bồ Đề, quận Long Biên, rác thải thường bị bỏ lại trên vỉa hè và lòng đường. Tình trạng này gây mất mỹ quan đô thị, ảnh hưởng đến môi trường sống của người dân. Đề nghị có biện pháp thu gom và kiểm soát việc buôn bán tại khu vực này.","Sau các buổi họp chợ tự phát tại đường Nguyễn Văn Cừ, phường Bồ Đề, quận Long Biên, rác thải thường bị bỏ lại trên vỉa hè và lòng đường. Tình trạng này gây mất mỹ quan đô thị, ảnh hưởng đến môi trường sống của người dân. Đề nghị có biện pháp thu gom và kiểm soát việc buôn bán tại khu vực này.","sau các buổi họp chợ tự_phát tại đường nguyễn_văn_cừ , phường bồ_đề , quận long_biên , rác_thải thường bị bỏ lại trên vỉa_hè và lòng_đường . tình_trạng này gây mất mỹ_quan đô_thị , ảnh_hưởng đến môi_trường sống của người dân . đề_nghị có biện_pháp thu_gom và kiểm_soát việc buôn_bán tại khu_vực này .","sau các buổi họp chợ tự_phát tại đường nguyễn_văn_cừ , phường bồ_đề , quận long_biên , rác_thải thường bị bỏ lại trên vỉa_hè và lòng_đường . tình_trạng này gây mất mỹ_quan đô_thị , ảnh_hưởng đến môi_trường sống của người dân . đề_nghị có biện_pháp thu_gom và kiểm_soát việc buôn_bán tại khu_vực này .",,Dữ liệu ảo,,rac_thai_ve_sinh_moi_truong,trung_binh,True
SYN0081,Hanoi,,"Tại khu vực phố Kim Mã, phường Ngọc Khánh, quận Ba Đình, rác thải sinh hoạt bị để tràn ra vỉa hè trong nhiều ngày, gây mùi hôi và ảnh hưởng đến người đi bộ. Một số bao rác bị rách, nước thải chảy xuống lòng đường. Đề nghị đơn vị vệ sinh môi trường thu gom kịp thời.","Tại khu vực phố Kim Mã, phường Ngọc Khánh, quận Ba Đình, rác thải sinh hoạt bị để tràn ra vỉa hè trong nhiều ngày, gây mùi hôi và ảnh hưởng đến người đi bộ. Một số bao rác bị rách, nước thải chảy xuống lòng đường. Đề nghị đơn vị vệ sinh môi trường thu gom kịp thời.","tại khu_vực phố kim_mã , phường ngọc_khánh , quận ba_đình , rác_thải sinh_hoạt bị để tràn ra vỉa_hè trong nhiều ngày , gây mùi hôi và ảnh_hưởng đến người đi bộ . một_số bao rác bị rách , nước_thải chảy xuống lòng_đường . đề_nghị đơn_vị vệ_sinh môi_trường thu_gom kịp_thời .","tại khu_vực phố kim_mã , phường ngọc_khánh , quận ba_đình , rác_thải sinh_hoạt bị để tràn ra vỉa_hè trong nhiều ngày , gây mùi hôi và ảnh_hưởng đến người đi bộ . một_số bao rác bị rách , nước_thải chảy xuống lòng_đường . đề_nghị đơn_vị vệ_sinh môi_trường thu_gom kịp_thời .",,Dữ liệu ảo,,rac_thai_ve_sinh_moi_truong,trung_binh,True
SYN0082,Hanoi,,"Người dân phản ánh tại đường Giải Phóng, đoạn gần bến xe Giáp Bát, quận Hoàng Mai có tình trạng đổ trộm rác thải xây dựng vào ban đêm. Vật liệu thừa chiếm một phần vỉa hè và gây bụi bẩn cho khu dân cư. Kính đề nghị kiểm tra và xử lý hành vi vi phạm.","Người dân phản ánh tại đường Giải Phóng, đoạn gần bến xe Giáp Bát, quận Hoàng Mai có tình trạng đổ trộm rác thải xây dựng vào ban đêm. Vật liệu thừa chiếm một phần vỉa hè và gây bụi bẩn cho khu dân cư. Kính đề nghị kiểm tra và xử lý hành vi vi phạm.","người dân phản_ánh tại đường giải_phóng , đoạn gần bến_xe giáp_bát , quận hoàng_mai có tình_trạng đổ trộm rác_thải xây_dựng vào ban_đêm . vật_liệu thừa chiếm một phần vỉa_hè và gây bụi bẩn cho khu dân_cư . kính đề_nghị kiểm_tra và xử_lý hành_vi vi_phạm .","người dân phản_ánh tại đường giải_phóng , đoạn gần bến_xe giáp_bát , quận hoàng_mai có tình_trạng đổ trộm rác_thải xây_dựng vào ban_đêm . vật_liệu thừa chiếm một phần vỉa_hè và gây bụi bẩn cho khu dân_cư . kính đề_nghị kiểm_tra và xử_lý hành_vi vi_phạm .",,Dữ liệu ảo,,rac_thai_ve_sinh_moi_truong,trung_binh,True
SYN0083,Hanoi,,"Khu vực đường Nguyễn Trãi, đoạn gần Ngã Tư Sở, quận Thanh Xuân thường xuyên có rác tồn đọng quanh miệng cống thoát nước. Khi trời mưa, rác trôi xuống cống gây tắc nghẽn và ngập cục bộ. Đề nghị tăng cường thu gom và vệ sinh khu vực này.","Khu vực đường Nguyễn Trãi, đoạn gần Ngã Tư Sở, quận Thanh Xuân thường xuyên có rác tồn đọng quanh miệng cống thoát nước. Khi trời mưa, rác trôi xuống cống gây tắc nghẽn và ngập cục bộ. Đề nghị tăng cường thu gom và vệ sinh khu vực này.","khu_vực đường nguyễn_trãi , đoạn gần ngã tư_sở , quận thanh_xuân thường_xuyên có rác tồn_đọng quanh miệng cống thoát nước . khi trời mưa , rác trôi xuống cống gây tắc_nghẽn và ngập cục_bộ . đề_nghị tăng_cường thu_gom và vệ_sinh khu_vực này .","khu_vực đường nguyễn_trãi , đoạn gần ngã tư_sở , quận thanh_xuân thường_xuyên có rác tồn_đọng quanh miệng cống thoát nước . khi trời mưa , rác trôi xuống cống gây tắc_nghẽn và ngập cục_bộ . đề_nghị tăng_cường thu_gom và vệ_sinh khu_vực này .",,Dữ liệu ảo,,rac_thai_ve_sinh_moi_truong,trung_binh,True
SYN0084,Hanoi,,"Tại đường Nguyễn Trãi, đoạn gần Ngã Tư Sở, quận Thanh Xuân, điểm tập kết rác tạm thời nằm quá gần khu dân cư, gây mùi hôi khó chịu vào buổi chiều tối. Người dân đề nghị di dời hoặc bố trí thời gian thu gom hợp lý hơn.","Tại đường Nguyễn Trãi, đoạn gần Ngã Tư Sở, quận Thanh Xuân, điểm tập kết rác tạm thời nằm quá gần khu dân cư, gây mùi hôi khó chịu vào buổi chiều tối. Người dân đề nghị di dời hoặc bố trí thời gian thu gom hợp lý hơn.","tại đường nguyễn_trãi , đoạn gần ngã tư_sở , quận thanh_xuân , điểm tập_kết rác tạm_thời nằm quá gần khu dân_cư , gây mùi hôi khó_chịu vào buổi chiều_tối . người dân đề_nghị di_dời hoặc bố_trí thời_gian thu_gom hợp_lý hơn .","tại đường nguyễn_trãi , đoạn gần ngã tư_sở , quận thanh_xuân , điểm tập_kết rác tạm_thời nằm quá gần khu dân_cư , gây mùi hôi khó_chịu vào buổi chiều_tối . người dân đề_nghị di_dời hoặc bố_trí thời_gian thu_gom hợp_lý hơn .",,Dữ liệu ảo,,rac_thai_ve_sinh_moi_truong,trung_binh,True
SYN0085,Hanoi,,"Sau giờ buôn bán, khu vực đường Phạm Văn Đồng, đoạn gần công viên Hòa Bình, quận Bắc Từ Liêm thường xuyên còn lại nhiều rác thải, túi nilon và nước bẩn trên vỉa hè. Tình trạng này ảnh hưởng đến mỹ quan đô thị và vệ sinh môi trường. Đề nghị kiểm tra, nhắc nhở các hộ kinh doanh.","Sau giờ buôn bán, khu vực đường Phạm Văn Đồng, đoạn gần công viên Hòa Bình, quận Bắc Từ Liêm thường xuyên còn lại nhiều rác thải, túi nilon và nước bẩn trên vỉa hè. Tình trạng này ảnh hưởng đến mỹ quan đô thị và vệ sinh môi trường. Đề nghị kiểm tra, nhắc nhở các hộ kinh doanh.","sau giờ buôn_bán , khu_vực đường phạm văn đồng , đoạn gần công_viên hòa_bình , quận bắc từ liêm thường_xuyên còn lại nhiều rác_thải , túi nilon và nước bẩn trên vỉa_hè . tình_trạng này ảnh_hưởng đến mỹ_quan đô_thị và vệ_sinh môi_trường . đề_nghị kiểm_tra , nhắc_nhở các hộ kinh_doanh .","sau giờ buôn_bán , khu_vực đường phạm văn đồng , đoạn gần công_viên hòa_bình , quận bắc từ liêm thường_xuyên còn lại nhiều rác_thải , túi nilon và nước bẩn trên vỉa_hè . tình_trạng này ảnh_hưởng đến mỹ_quan đô_thị và vệ_sinh môi_trường . đề_nghị kiểm_tra , nhắc_nhở các hộ kinh_doanh .",,Dữ liệu ảo,,rac_thai_ve_sinh_moi_truong,trung_binh,True
SYN0086,Hanoi,,"Người dân tại đường Phạm Văn Đồng, đoạn gần công viên Hòa Bình, quận Bắc Từ Liêm phản ánh nước thải từ một số cơ sở kinh doanh chảy trực tiếp ra đường, gây trơn trượt và mùi hôi. Đề nghị cơ quan chức năng kiểm tra hệ thống thoát nước và xử lý theo quy định.","Người dân tại đường Phạm Văn Đồng, đoạn gần công viên Hòa Bình, quận Bắc Từ Liêm phản ánh nước thải từ một số cơ sở kinh doanh chảy trực tiếp ra đường, gây trơn trượt và mùi hôi. Đề nghị cơ quan chức năng kiểm tra hệ thống thoát nước và xử lý theo quy định.","người dân tại đường phạm văn đồng , đoạn gần công_viên hòa_bình , quận bắc từ liêm phản_ánh nước_thải từ một_số cơ_sở kinh_doanh chảy trực_tiếp ra đường , gây trơn trượt và mùi hôi . đề_nghị cơ_quan_chức_năng kiểm_tra hệ_thống thoát nước và xử_lý theo quy_định .","người dân tại đường phạm văn đồng , đoạn gần công_viên hòa_bình , quận bắc từ liêm phản_ánh nước_thải từ một_số cơ_sở kinh_doanh chảy trực_tiếp ra đường , gây trơn trượt và mùi hôi . đề_nghị cơ_quan_chức_năng kiểm_tra hệ_thống thoát nước và xử_lý theo quy_định .",,Dữ liệu ảo,,rac_thai_ve_sinh_moi_truong,trung_binh,True
SYN0087,Hanoi,,"Tại đường Phạm Văn Đồng, đoạn gần công viên Hòa Bình, quận Bắc Từ Liêm, rác sinh hoạt bị bỏ không đúng giờ thu gom, khiến khu vực thường xuyên mất vệ sinh. Đề nghị tăng cường tuyên truyền và có biện pháp xử lý các trường hợp vi phạm.","Tại đường Phạm Văn Đồng, đoạn gần công viên Hòa Bình, quận Bắc Từ Liêm, rác sinh hoạt bị bỏ không đúng giờ thu gom, khiến khu vực thường xuyên mất vệ sinh. Đề nghị tăng cường tuyên truyền và có biện pháp xử lý các trường hợp vi phạm.","tại đường phạm văn đồng , đoạn gần công_viên hòa_bình , quận bắc từ liêm , rác sinh_hoạt bị bỏ không đúng giờ thu_gom , khiến khu_vực thường_xuyên mất vệ_sinh . đề_nghị tăng_cường tuyên_truyền và có biện_pháp xử_lý các trường_hợp vi_phạm .","tại đường phạm văn đồng , đoạn gần công_viên hòa_bình , quận bắc từ liêm , rác sinh_hoạt bị bỏ không đúng giờ thu_gom , khiến khu_vực thường_xuyên mất vệ_sinh . đề_nghị tăng_cường tuyên_truyền và có biện_pháp xử_lý các trường_hợp vi_phạm .",,Dữ liệu ảo,,rac_thai_ve_sinh_moi_truong,trung_binh,True
SYN0088,Hanoi,,"Khu vực đường Phạm Văn Đồng, đoạn gần công viên Hòa Bình, quận Bắc Từ Liêm có nhiều rác thải vương vãi sau mưa, gây tắc rãnh thoát nước và ảnh hưởng đến sinh hoạt của người dân. Kính đề nghị đơn vị phụ trách vệ sinh môi trường kiểm tra, dọn dẹp.","Khu vực đường Phạm Văn Đồng, đoạn gần công viên Hòa Bình, quận Bắc Từ Liêm có nhiều rác thải vương vãi sau mưa, gây tắc rãnh thoát nước và ảnh hưởng đến sinh hoạt của người dân. Kính đề nghị đơn vị phụ trách vệ sinh môi trường kiểm tra, dọn dẹp.","khu_vực đường phạm văn đồng , đoạn gần công_viên hòa_bình , quận bắc từ liêm có nhiều rác_thải vương_vãi sau mưa , gây tắc rãnh thoát nước và ảnh_hưởng đến sinh_hoạt của người dân . kính đề_nghị đơn_vị phụ_trách vệ_sinh môi_trường kiểm_tra , dọn_dẹp .","khu_vực đường phạm văn đồng , đoạn gần công_viên hòa_bình , quận bắc từ liêm có nhiều rác_thải vương_vãi sau mưa , gây tắc rãnh thoát nước và ảnh_hưởng đến sinh_hoạt của người dân . kính đề_nghị đơn_vị phụ_trách vệ_sinh môi_trường kiểm_tra , dọn_dẹp .",,Dữ liệu ảo,,rac_thai_ve_sinh_moi_truong,trung_binh,True
SYN0089,Hanoi,,"Tại khu vực phố Tây Sơn, đoạn gần Đại học Thủy Lợi, quận Đống Đa, rác thải sinh hoạt bị tập kết lâu ngày bên lề đường nhưng chưa được thu gom kịp thời. Tình trạng này gây mùi hôi, ảnh hưởng đến mỹ quan đô thị và sinh hoạt của người dân xung quanh. Kính đề nghị đơn vị vệ sinh môi trường kiểm tra và xử lý.","Tại khu vực phố Tây Sơn, đoạn gần Đại học Thủy Lợi, quận Đống Đa, rác thải sinh hoạt bị tập kết lâu ngày bên lề đường nhưng chưa được thu gom kịp thời. Tình trạng này gây mùi hôi, ảnh hưởng đến mỹ quan đô thị và sinh hoạt của người dân xung quanh. Kính đề nghị đơn vị vệ sinh môi trường kiểm tra và xử lý.","tại khu_vực phố tây_sơn , đoạn gần đại_học thủy_lợi , quận đống_đa , rác_thải sinh_hoạt bị tập_kết lâu ngày bên lề_đường nhưng chưa được thu_gom kịp_thời . tình_trạng này gây mùi hôi , ảnh_hưởng đến mỹ_quan đô_thị và sinh_hoạt của người dân xung_quanh . kính đề_nghị đơn_vị vệ_sinh môi_trường kiểm_tra và xử_lý .","tại khu_vực phố tây_sơn , đoạn gần đại_học thủy_lợi , quận đống_đa , rác_thải sinh_hoạt bị tập_kết lâu ngày bên lề_đường nhưng chưa được thu_gom kịp_thời . tình_trạng này gây mùi hôi , ảnh_hưởng đến mỹ_quan đô_thị và sinh_hoạt của người dân xung_quanh . kính đề_nghị đơn_vị vệ_sinh môi_trường kiểm_tra và xử_lý .",,Dữ liệu ảo,,rac_thai_ve_sinh_moi_truong,trung_binh,True
SYN0090,Hanoi,,"Người dân phản ánh tại phố Bạch Mai, phường Bạch Mai, quận Hai Bà Trưng thường xuyên xuất hiện tình trạng xả rác bừa bãi trên vỉa hè và gần miệng cống thoát nước. Khi trời mưa, rác trôi xuống cống gây tắc nghẽn và ứ đọng nước. Đề nghị tăng cường thu gom rác và tuyên truyền giữ gìn vệ sinh.","Người dân phản ánh tại phố Bạch Mai, phường Bạch Mai, quận Hai Bà Trưng thường xuyên xuất hiện tình trạng xả rác bừa bãi trên vỉa hè và gần miệng cống thoát nước. Khi trời mưa, rác trôi xuống cống gây tắc nghẽn và ứ đọng nước. Đề nghị tăng cường thu gom rác và tuyên truyền giữ gìn vệ sinh.","người dân phản_ánh tại phố bạch_mai , phường bạch_mai , quận hai bà trưng thường_xuyên xuất_hiện tình_trạng xả rác bừa_bãi trên vỉa_hè và gần miệng cống thoát nước . khi trời mưa , rác trôi xuống cống gây tắc_nghẽn và ứ_đọng nước . đề_nghị tăng_cường thu_gom rác và tuyên_truyền giữ_gìn vệ_sinh .","người dân phản_ánh tại phố bạch_mai , phường bạch_mai , quận hai bà trưng thường_xuyên xuất_hiện tình_trạng xả rác bừa_bãi trên vỉa_hè và gần miệng cống thoát nước . khi trời mưa , rác trôi xuống cống gây tắc_nghẽn và ứ_đọng nước . đề_nghị tăng_cường thu_gom rác và tuyên_truyền giữ_gìn vệ_sinh .",,Dữ liệu ảo,,rac_thai_ve_sinh_moi_truong,trung_binh,True
SYN0091,Hanoi,,"Khu vực phố Kim Mã, phường Ngọc Khánh, quận Ba Đình có điểm tập kết rác không đúng nơi quy định, nhiều bao rác bị để tràn ra lòng đường. Việc này gây mất vệ sinh môi trường, phát sinh mùi hôi và ảnh hưởng đến người đi bộ. Đề nghị cơ quan chức năng kiểm tra và bố trí điểm tập kết phù hợp hơn.","Khu vực phố Kim Mã, phường Ngọc Khánh, quận Ba Đình có điểm tập kết rác không đúng nơi quy định, nhiều bao rác bị để tràn ra lòng đường. Việc này gây mất vệ sinh môi trường, phát sinh mùi hôi và ảnh hưởng đến người đi bộ. Đề nghị cơ quan chức năng kiểm tra và bố trí điểm tập kết phù hợp hơn.","khu_vực phố kim_mã , phường ngọc_khánh , quận ba đình có điểm tập_kết rác không đúng nơi quy_định , nhiều bao rác bị để tràn ra lòng_đường . việc này gây mất vệ_sinh môi_trường , phát_sinh mùi hôi và ảnh_hưởng đến người đi bộ . đề_nghị cơ_quan_chức_năng kiểm_tra và bố_trí điểm tập_kết phù_hợp hơn .","khu_vực phố kim_mã , phường ngọc_khánh , quận ba đình có điểm tập_kết rác không đúng nơi quy_định , nhiều bao rác bị để tràn ra lòng_đường . việc này gây mất vệ_sinh môi_trường , phát_sinh mùi hôi và ảnh_hưởng đến người đi bộ . đề_nghị cơ_quan_chức_năng kiểm_tra và bố_trí điểm tập_kết phù_hợp hơn .",,Dữ liệu ảo,,rac_thai_ve_sinh_moi_truong,trung_binh,True
SYN0092,Hanoi,,"Tại phố Tôn Đức Thắng, phường Hàng Bột, quận Đống Đa, nước thải từ một số hộ kinh doanh chảy ra mặt đường, gây mùi khó chịu và làm trơn trượt khu vực đi lại. Người dân lo ngại tình trạng này kéo dài sẽ ảnh hưởng đến vệ sinh môi trường và an toàn giao thông. Kính đề nghị kiểm tra, nhắc nhở và xử lý.","Tại phố Tôn Đức Thắng, phường Hàng Bột, quận Đống Đa, nước thải từ một số hộ kinh doanh chảy ra mặt đường, gây mùi khó chịu và làm trơn trượt khu vực đi lại. Người dân lo ngại tình trạng này kéo dài sẽ ảnh hưởng đến vệ sinh môi trường và an toàn giao thông. Kính đề nghị kiểm tra, nhắc nhở và xử lý.","tại phố tôn_đức_thắng , phường hàng bột , quận đống_đa , nước_thải từ một_số hộ kinh_doanh chảy ra_mặt_đường , gây mùi khó_chịu và làm trơn trượt khu_vực đi_lại . người dân lo_ngại tình_trạng này kéo_dài sẽ ảnh_hưởng đến vệ_sinh môi_trường và an_toàn giao_thông . kính đề_nghị kiểm_tra , nhắc_nhở và xử_lý .","tại phố tôn_đức_thắng , phường hàng bột , quận đống_đa , nước_thải từ một_số hộ kinh_doanh chảy ra_mặt_đường , gây mùi khó_chịu và làm trơn trượt khu_vực đi_lại . người dân lo_ngại tình_trạng này kéo_dài sẽ ảnh_hưởng đến vệ_sinh môi_trường và an_toàn giao_thông . kính đề_nghị kiểm_tra , nhắc_nhở và xử_lý .",,Dữ liệu ảo,,rac_thai_ve_sinh_moi_truong,trung_binh,True
SYN0093,Hanoi,,"Rác thải xây dựng bị đổ tại khu vực phố Kim Mã, phường Ngọc Khánh, quận Ba Đình, chiếm một phần vỉa hè và gây bụi bẩn. Người đi bộ phải di chuyển xuống lòng đường, tiềm ẩn nguy cơ mất an toàn. Đề nghị cơ quan chức năng yêu cầu thu dọn và xử lý hành vi đổ rác không đúng quy định.","Rác thải xây dựng bị đổ tại khu vực phố Kim Mã, phường Ngọc Khánh, quận Ba Đình, chiếm một phần vỉa hè và gây bụi bẩn. Người đi bộ phải di chuyển xuống lòng đường, tiềm ẩn nguy cơ mất an toàn. Đề nghị cơ quan chức năng yêu cầu thu dọn và xử lý hành vi đổ rác không đúng quy định.","rác_thải xây_dựng bị đổ tại khu_vực phố kim_mã , phường ngọc_khánh , quận ba_đình , chiếm một phần vỉa_hè và gây bụi bẩn . người đi bộ phải di_chuyển xuống lòng_đường , tiềm_ẩn nguy_cơ mất an_toàn . đề_nghị cơ_quan_chức_năng yêu_cầu thu_dọn và xử_lý hành_vi đổ rác không đúng quy_định .","rác_thải xây_dựng bị đổ tại khu_vực phố kim_mã , phường ngọc_khánh , quận ba_đình , chiếm một phần vỉa_hè và gây bụi bẩn . người đi bộ phải di_chuyển xuống lòng_đường , tiềm_ẩn nguy_cơ mất an_toàn . đề_nghị cơ_quan_chức_năng yêu_cầu thu_dọn và xử_lý hành_vi đổ rác không đúng quy_định .",,Dữ liệu ảo,,rac_thai_ve_sinh_moi_truong,trung_binh,True
SYN0094,Hanoi,,"Sau các buổi họp chợ tự phát tại đường Láng, đoạn gần cầu vượt Láng Hạ, quận Đống Đa, rác thải thường bị bỏ lại trên vỉa hè và lòng đường. Tình trạng này gây mất mỹ quan đô thị, ảnh hưởng đến môi trường sống của người dân. Đề nghị có biện pháp thu gom và kiểm soát việc buôn bán tại khu vực này.","Sau các buổi họp chợ tự phát tại đường Láng, đoạn gần cầu vượt Láng Hạ, quận Đống Đa, rác thải thường bị bỏ lại trên vỉa hè và lòng đường. Tình trạng này gây mất mỹ quan đô thị, ảnh hưởng đến môi trường sống của người dân. Đề nghị có biện pháp thu gom và kiểm soát việc buôn bán tại khu vực này.","sau các buổi họp chợ tự_phát tại đường láng , đoạn gần cầu_vượt láng_hạ , quận đống_đa , rác_thải thường bị bỏ lại trên vỉa_hè và lòng_đường . tình_trạng này gây mất mỹ_quan đô_thị , ảnh_hưởng đến môi_trường sống của người dân . đề_nghị có biện_pháp thu_gom và kiểm_soát việc buôn_bán tại khu_vực này .","sau các buổi họp chợ tự_phát tại đường láng , đoạn gần cầu_vượt láng_hạ , quận đống_đa , rác_thải thường bị bỏ lại trên vỉa_hè và lòng_đường . tình_trạng này gây mất mỹ_quan đô_thị , ảnh_hưởng đến môi_trường sống của người dân . đề_nghị có biện_pháp thu_gom và kiểm_soát việc buôn_bán tại khu_vực này .",,Dữ liệu ảo,,rac_thai_ve_sinh_moi_truong,trung_binh,True
SYN0095,Hanoi,,"Tại khu vực đường Phạm Văn Đồng, đoạn gần công viên Hòa Bình, quận Bắc Từ Liêm, rác thải sinh hoạt bị để tràn ra vỉa hè trong nhiều ngày, gây mùi hôi và ảnh hưởng đến người đi bộ. Một số bao rác bị rách, nước thải chảy xuống lòng đường. Đề nghị đơn vị vệ sinh môi trường thu gom kịp thời.","Tại khu vực đường Phạm Văn Đồng, đoạn gần công viên Hòa Bình, quận Bắc Từ Liêm, rác thải sinh hoạt bị để tràn ra vỉa hè trong nhiều ngày, gây mùi hôi và ảnh hưởng đến người đi bộ. Một số bao rác bị rách, nước thải chảy xuống lòng đường. Đề nghị đơn vị vệ sinh môi trường thu gom kịp thời.","tại khu_vực đường phạm văn đồng , đoạn gần công_viên hòa_bình , quận bắc từ liêm , rác_thải sinh_hoạt bị để tràn ra vỉa_hè trong nhiều ngày , gây mùi hôi và ảnh_hưởng đến người đi bộ . một_số bao rác bị rách , nước_thải chảy xuống lòng_đường . đề_nghị đơn_vị vệ_sinh môi_trường thu_gom kịp_thời .","tại khu_vực đường phạm văn đồng , đoạn gần công_viên hòa_bình , quận bắc từ liêm , rác_thải sinh_hoạt bị để tràn ra vỉa_hè trong nhiều ngày , gây mùi hôi và ảnh_hưởng đến người đi bộ . một_số bao rác bị rách , nước_thải chảy xuống lòng_đường . đề_nghị đơn_vị vệ_sinh môi_trường thu_gom kịp_thời .",,Dữ liệu ảo,,rac_thai_ve_sinh_moi_truong,trung_binh,True
SYN0096,Hanoi,,"Người dân phản ánh tại phố Tây Sơn, đoạn gần Đại học Thủy Lợi, quận Đống Đa có tình trạng đổ trộm rác thải xây dựng vào ban đêm. Vật liệu thừa chiếm một phần vỉa hè và gây bụi bẩn cho khu dân cư. Kính đề nghị kiểm tra và xử lý hành vi vi phạm.","Người dân phản ánh tại phố Tây Sơn, đoạn gần Đại học Thủy Lợi, quận Đống Đa có tình trạng đổ trộm rác thải xây dựng vào ban đêm. Vật liệu thừa chiếm một phần vỉa hè và gây bụi bẩn cho khu dân cư. Kính đề nghị kiểm tra và xử lý hành vi vi phạm.","người dân phản_ánh tại phố tây_sơn , đoạn gần đại_học thủy_lợi , quận đống_đa có tình_trạng đổ trộm rác_thải xây_dựng vào ban_đêm . vật_liệu thừa chiếm một phần vỉa_hè và gây bụi bẩn cho khu dân_cư . kính đề_nghị kiểm_tra và xử_lý hành_vi vi_phạm .","người dân phản_ánh tại phố tây_sơn , đoạn gần đại_học thủy_lợi , quận đống_đa có tình_trạng đổ trộm rác_thải xây_dựng vào ban_đêm . vật_liệu thừa chiếm một phần vỉa_hè và gây bụi bẩn cho khu dân_cư . kính đề_nghị kiểm_tra và xử_lý hành_vi vi_phạm .",,Dữ liệu ảo,,rac_thai_ve_sinh_moi_truong,trung_binh,True
SYN0097,Hanoi,,"Khu vực đường Cầu Giấy, đoạn gần chợ Cầu Giấy, quận Cầu Giấy thường xuyên có rác tồn đọng quanh miệng cống thoát nước. Khi trời mưa, rác trôi xuống cống gây tắc nghẽn và ngập cục bộ. Đề nghị tăng cường thu gom và vệ sinh khu vực này.","Khu vực đường Cầu Giấy, đoạn gần chợ Cầu Giấy, quận Cầu Giấy thường xuyên có rác tồn đọng quanh miệng cống thoát nước. Khi trời mưa, rác trôi xuống cống gây tắc nghẽn và ngập cục bộ. Đề nghị tăng cường thu gom và vệ sinh khu vực này.","khu_vực đường cầu giấy , đoạn gần chợ cầu giấy , quận cầu giấy thường_xuyên có rác tồn_đọng quanh miệng cống thoát nước . khi trời mưa , rác trôi xuống cống gây tắc_nghẽn và ngập cục_bộ . đề_nghị tăng_cường thu_gom và vệ_sinh khu_vực này .","khu_vực đường cầu giấy , đoạn gần chợ cầu giấy , quận cầu giấy thường_xuyên có rác tồn_đọng quanh miệng cống thoát nước . khi trời mưa , rác trôi xuống cống gây tắc_nghẽn và ngập cục_bộ . đề_nghị tăng_cường thu_gom và vệ_sinh khu_vực này .",,Dữ liệu ảo,,rac_thai_ve_sinh_moi_truong,trung_binh,True
SYN0098,Hanoi,,"Tại đường Láng, đoạn gần cầu vượt Láng Hạ, quận Đống Đa, điểm tập kết rác tạm thời nằm quá gần khu dân cư, gây mùi hôi khó chịu vào buổi chiều tối. Người dân đề nghị di dời hoặc bố trí thời gian thu gom hợp lý hơn.","Tại đường Láng, đoạn gần cầu vượt Láng Hạ, quận Đống Đa, điểm tập kết rác tạm thời nằm quá gần khu dân cư, gây mùi hôi khó chịu vào buổi chiều tối. Người dân đề nghị di dời hoặc bố trí thời gian thu gom hợp lý hơn.","tại đường láng , đoạn gần cầu_vượt láng_hạ , quận đống_đa , điểm tập_kết rác tạm_thời nằm quá gần khu dân_cư , gây mùi hôi khó_chịu vào buổi chiều_tối . người dân đề_nghị di_dời hoặc bố_trí thời_gian thu_gom hợp_lý hơn .","tại đường láng , đoạn gần cầu_vượt láng_hạ , quận đống_đa , điểm tập_kết rác tạm_thời nằm quá gần khu dân_cư , gây mùi hôi khó_chịu vào buổi chiều_tối . người dân đề_nghị di_dời hoặc bố_trí thời_gian thu_gom hợp_lý hơn .",,Dữ liệu ảo,,rac_thai_ve_sinh_moi_truong,trung_binh,True
SYN0099,Hanoi,,"Sau giờ buôn bán, khu vực phố Nguyễn Xiển, phường Thanh Xuân Trung, quận Thanh Xuân thường xuyên còn lại nhiều rác thải, túi nilon và nước bẩn trên vỉa hè. Tình trạng này ảnh hưởng đến mỹ quan đô thị và vệ sinh môi trường. Đề nghị kiểm tra, nhắc nhở các hộ kinh doanh.","Sau giờ buôn bán, khu vực phố Nguyễn Xiển, phường Thanh Xuân Trung, quận Thanh Xuân thường xuyên còn lại nhiều rác thải, túi nilon và nước bẩn trên vỉa hè. Tình trạng này ảnh hưởng đến mỹ quan đô thị và vệ sinh môi trường. Đề nghị kiểm tra, nhắc nhở các hộ kinh doanh.","sau giờ buôn_bán , khu_vực phố nguyễn_xiển , phường thanh_xuân_trung , quận thanh_xuân thường_xuyên còn lại nhiều rác_thải , túi nilon và nước bẩn trên vỉa_hè . tình_trạng này ảnh_hưởng đến mỹ_quan đô_thị và vệ_sinh môi_trường . đề_nghị kiểm_tra , nhắc_nhở các hộ kinh_doanh .","sau giờ buôn_bán , khu_vực phố nguyễn_xiển , phường thanh_xuân_trung , quận thanh_xuân thường_xuyên còn lại nhiều rác_thải , túi nilon và nước bẩn trên vỉa_hè . tình_trạng này ảnh_hưởng đến mỹ_quan đô_thị và vệ_sinh môi_trường . đề_nghị kiểm_tra , nhắc_nhở các hộ kinh_doanh .",,Dữ liệu ảo,,rac_thai_ve_sinh_moi_truong,trung_binh,True
SYN0100,Hanoi,,"Người dân tại phố Tôn Đức Thắng, phường Hàng Bột, quận Đống Đa phản ánh nước thải từ một số cơ sở kinh doanh chảy trực tiếp ra đường, gây trơn trượt và mùi hôi. Đề nghị cơ quan chức năng kiểm tra hệ thống thoát nước và xử lý theo quy định.","Người dân tại phố Tôn Đức Thắng, phường Hàng Bột, quận Đống Đa phản ánh nước thải từ một số cơ sở kinh doanh chảy trực tiếp ra đường, gây trơn trượt và mùi hôi. Đề nghị cơ quan chức năng kiểm tra hệ thống thoát nước và xử lý theo quy định.","người dân tại phố tôn_đức_thắng , phường hàng bột , quận đống_đa phản_ánh nước_thải từ một_số cơ_sở kinh_doanh chảy trực_tiếp ra đường , gây trơn trượt và mùi hôi . đề_nghị cơ_quan_chức_năng kiểm_tra hệ_thống thoát nước và xử_lý theo quy_định .","người dân tại phố tôn_đức_thắng , phường hàng bột , quận đống_đa phản_ánh nước_thải từ một_số cơ_sở kinh_doanh chảy trực_tiếp ra đường , gây trơn trượt và mùi hôi . đề_nghị cơ_quan_chức_năng kiểm_tra hệ_thống thoát nước và xử_lý theo quy_định .",,Dữ liệu ảo,,rac_thai_ve_sinh_moi_truong,trung_binh,True
SYN0101,Hanoi,,"Tại đường Phạm Văn Đồng, đoạn gần công viên Hòa Bình, quận Bắc Từ Liêm, rác sinh hoạt bị bỏ không đúng giờ thu gom, khiến khu vực thường xuyên mất vệ sinh. Đề nghị tăng cường tuyên truyền và có biện pháp xử lý các trường hợp vi phạm.","Tại đường Phạm Văn Đồng, đoạn gần công viên Hòa Bình, quận Bắc Từ Liêm, rác sinh hoạt bị bỏ không đúng giờ thu gom, khiến khu vực thường xuyên mất vệ sinh. Đề nghị tăng cường tuyên truyền và có biện pháp xử lý các trường hợp vi phạm.","tại đường phạm văn đồng , đoạn gần công_viên hòa_bình , quận bắc từ liêm , rác sinh_hoạt bị bỏ không đúng giờ thu_gom , khiến khu_vực thường_xuyên mất vệ_sinh . đề_nghị tăng_cường tuyên_truyền và có biện_pháp xử_lý các trường_hợp vi_phạm .","tại đường phạm văn đồng , đoạn gần công_viên hòa_bình , quận bắc từ liêm , rác sinh_hoạt bị bỏ không đúng giờ thu_gom , khiến khu_vực thường_xuyên mất vệ_sinh . đề_nghị tăng_cường tuyên_truyền và có biện_pháp xử_lý các trường_hợp vi_phạm .",,Dữ liệu ảo,,rac_thai_ve_sinh_moi_truong,trung_binh,True
SYN0102,Hanoi,,"Khu vực đường Hoàng Quốc Việt, phường Nghĩa Đô, quận Cầu Giấy có nhiều rác thải vương vãi sau mưa, gây tắc rãnh thoát nước và ảnh hưởng đến sinh hoạt của người dân. Kính đề nghị đơn vị phụ trách vệ sinh môi trường kiểm tra, dọn dẹp.","Khu vực đường Hoàng Quốc Việt, phường Nghĩa Đô, quận Cầu Giấy có nhiều rác thải vương vãi sau mưa, gây tắc rãnh thoát nước và ảnh hưởng đến sinh hoạt của người dân. Kính đề nghị đơn vị phụ trách vệ sinh môi trường kiểm tra, dọn dẹp.","khu_vực đường hoàng_quốc việt , phường nghĩa_đô , quận cầu giấy có nhiều rác_thải vương_vãi sau mưa , gây tắc rãnh thoát nước và ảnh_hưởng đến sinh_hoạt của người dân . kính đề_nghị đơn_vị phụ_trách vệ_sinh môi_trường kiểm_tra , dọn_dẹp .","khu_vực đường hoàng_quốc việt , phường nghĩa_đô , quận cầu giấy có nhiều rác_thải vương_vãi sau mưa , gây tắc rãnh thoát nước và ảnh_hưởng đến sinh_hoạt của người dân . kính đề_nghị đơn_vị phụ_trách vệ_sinh môi_trường kiểm_tra , dọn_dẹp .",,Dữ liệu ảo,,rac_thai_ve_sinh_moi_truong,trung_binh,True
SYN0103,Hanoi,,"Tại khu vực phố Tây Sơn, đoạn gần Đại học Thủy Lợi, quận Đống Đa, rác thải sinh hoạt bị tập kết lâu ngày bên lề đường nhưng chưa được thu gom kịp thời. Tình trạng này gây mùi hôi, ảnh hưởng đến mỹ quan đô thị và sinh hoạt của người dân xung quanh. Kính đề nghị đơn vị vệ sinh môi trường kiểm tra và xử lý.","Tại khu vực phố Tây Sơn, đoạn gần Đại học Thủy Lợi, quận Đống Đa, rác thải sinh hoạt bị tập kết lâu ngày bên lề đường nhưng chưa được thu gom kịp thời. Tình trạng này gây mùi hôi, ảnh hưởng đến mỹ quan đô thị và sinh hoạt của người dân xung quanh. Kính đề nghị đơn vị vệ sinh môi trường kiểm tra và xử lý.","tại khu_vực phố tây_sơn , đoạn gần đại_học thủy_lợi , quận đống_đa , rác_thải sinh_hoạt bị tập_kết lâu ngày bên lề_đường nhưng chưa được thu_gom kịp_thời . tình_trạng này gây mùi hôi , ảnh_hưởng đến mỹ_quan đô_thị và sinh_hoạt của người dân xung_quanh . kính đề_nghị đơn_vị vệ_sinh môi_trường kiểm_tra và xử_lý .","tại khu_vực phố tây_sơn , đoạn gần đại_học thủy_lợi , quận đống_đa , rác_thải sinh_hoạt bị tập_kết lâu ngày bên lề_đường nhưng chưa được thu_gom kịp_thời . tình_trạng này gây mùi hôi , ảnh_hưởng đến mỹ_quan đô_thị và sinh_hoạt của người dân xung_quanh . kính đề_nghị đơn_vị vệ_sinh môi_trường kiểm_tra và xử_lý .",,Dữ liệu ảo,,rac_thai_ve_sinh_moi_truong,trung_binh,True
SYN0104,Hanoi,,"Người dân phản ánh tại đường Xuân Thủy, đoạn trước cổng Trường Đại học Quốc gia Hà Nội, quận Cầu Giấy thường xuyên xuất hiện tình trạng xả rác bừa bãi trên vỉa hè và gần miệng cống thoát nước. Khi trời mưa, rác trôi xuống cống gây tắc nghẽn và ứ đọng nước. Đề nghị tăng cường thu gom rác và tuyên truyền giữ gìn vệ sinh.","Người dân phản ánh tại đường Xuân Thủy, đoạn trước cổng Trường Đại học Quốc gia Hà Nội, quận Cầu Giấy thường xuyên xuất hiện tình trạng xả rác bừa bãi trên vỉa hè và gần miệng cống thoát nước. Khi trời mưa, rác trôi xuống cống gây tắc nghẽn và ứ đọng nước. Đề nghị tăng cường thu gom rác và tuyên truyền giữ gìn vệ sinh.","người dân phản_ánh tại đường xuân_thủy , đoạn trước cổng trường đại_học quốc_gia hà_nội , quận cầu giấy thường_xuyên xuất_hiện tình_trạng xả rác bừa_bãi trên vỉa_hè và gần miệng cống thoát nước . khi trời mưa , rác trôi xuống cống gây tắc_nghẽn và ứ_đọng nước . đề_nghị tăng_cường thu_gom rác và tuyên_truyền giữ_gìn vệ_sinh .","người dân phản_ánh tại đường xuân_thủy , đoạn trước cổng trường đại_học quốc_gia hà_nội , quận cầu giấy thường_xuyên xuất_hiện tình_trạng xả rác bừa_bãi trên vỉa_hè và gần miệng cống thoát nước . khi trời mưa , rác trôi xuống cống gây tắc_nghẽn và ứ_đọng nước . đề_nghị tăng_cường thu_gom rác và tuyên_truyền giữ_gìn vệ_sinh .",,Dữ liệu ảo,,rac_thai_ve_sinh_moi_truong,trung_binh,True
SYN0105,Hanoi,,"Khu vực đường Lê Văn Lương, phường Nhân Chính, quận Thanh Xuân có điểm tập kết rác không đúng nơi quy định, nhiều bao rác bị để tràn ra lòng đường. Việc này gây mất vệ sinh môi trường, phát sinh mùi hôi và ảnh hưởng đến người đi bộ. Đề nghị cơ quan chức năng kiểm tra và bố trí điểm tập kết phù hợp hơn.","Khu vực đường Lê Văn Lương, phường Nhân Chính, quận Thanh Xuân có điểm tập kết rác không đúng nơi quy định, nhiều bao rác bị để tràn ra lòng đường. Việc này gây mất vệ sinh môi trường, phát sinh mùi hôi và ảnh hưởng đến người đi bộ. Đề nghị cơ quan chức năng kiểm tra và bố trí điểm tập kết phù hợp hơn.","khu_vực đường lê_văn_lương , phường nhân chính , quận thanh_xuân có điểm tập_kết rác không đúng nơi quy_định , nhiều bao rác bị để tràn ra lòng_đường . việc này gây mất vệ_sinh môi_trường , phát_sinh mùi hôi và ảnh_hưởng đến người đi bộ . đề_nghị cơ_quan_chức_năng kiểm_tra và bố_trí điểm tập_kết phù_hợp hơn .","khu_vực đường lê_văn_lương , phường nhân chính , quận thanh_xuân có điểm tập_kết rác không đúng nơi quy_định , nhiều bao rác bị để tràn ra lòng_đường . việc này gây mất vệ_sinh môi_trường , phát_sinh mùi hôi và ảnh_hưởng đến người đi bộ . đề_nghị cơ_quan_chức_năng kiểm_tra và bố_trí điểm tập_kết phù_hợp hơn .",,Dữ liệu ảo,,rac_thai_ve_sinh_moi_truong,trung_binh,True
SYN0106,Hanoi,,"Tại đường Nguyễn Trãi, đoạn gần Ngã Tư Sở, quận Thanh Xuân, nước thải từ một số hộ kinh doanh chảy ra mặt đường, gây mùi khó chịu và làm trơn trượt khu vực đi lại. Người dân lo ngại tình trạng này kéo dài sẽ ảnh hưởng đến vệ sinh môi trường và an toàn giao thông. Kính đề nghị kiểm tra, nhắc nhở và xử lý.","Tại đường Nguyễn Trãi, đoạn gần Ngã Tư Sở, quận Thanh Xuân, nước thải từ một số hộ kinh doanh chảy ra mặt đường, gây mùi khó chịu và làm trơn trượt khu vực đi lại. Người dân lo ngại tình trạng này kéo dài sẽ ảnh hưởng đến vệ sinh môi trường và an toàn giao thông. Kính đề nghị kiểm tra, nhắc nhở và xử lý.","tại đường nguyễn_trãi , đoạn gần ngã tư_sở , quận thanh_xuân , nước_thải từ một_số hộ kinh_doanh chảy ra_mặt_đường , gây mùi khó_chịu và làm trơn trượt khu_vực đi_lại . người dân lo_ngại tình_trạng này kéo_dài sẽ ảnh_hưởng đến vệ_sinh môi_trường và an_toàn giao_thông . kính đề_nghị kiểm_tra , nhắc_nhở và xử_lý .","tại đường nguyễn_trãi , đoạn gần ngã tư_sở , quận thanh_xuân , nước_thải từ một_số hộ kinh_doanh chảy ra_mặt_đường , gây mùi khó_chịu và làm trơn trượt khu_vực đi_lại . người dân lo_ngại tình_trạng này kéo_dài sẽ ảnh_hưởng đến vệ_sinh môi_trường và an_toàn giao_thông . kính đề_nghị kiểm_tra , nhắc_nhở và xử_lý .",,Dữ liệu ảo,,rac_thai_ve_sinh_moi_truong,trung_binh,True
SYN0107,Hanoi,,"Rác thải xây dựng bị đổ tại khu vực phố Tôn Đức Thắng, phường Hàng Bột, quận Đống Đa, chiếm một phần vỉa hè và gây bụi bẩn. Người đi bộ phải di chuyển xuống lòng đường, tiềm ẩn nguy cơ mất an toàn. Đề nghị cơ quan chức năng yêu cầu thu dọn và xử lý hành vi đổ rác không đúng quy định.","Rác thải xây dựng bị đổ tại khu vực phố Tôn Đức Thắng, phường Hàng Bột, quận Đống Đa, chiếm một phần vỉa hè và gây bụi bẩn. Người đi bộ phải di chuyển xuống lòng đường, tiềm ẩn nguy cơ mất an toàn. Đề nghị cơ quan chức năng yêu cầu thu dọn và xử lý hành vi đổ rác không đúng quy định.","rác_thải xây_dựng bị đổ tại khu_vực phố tôn_đức_thắng , phường hàng bột , quận đống_đa , chiếm một phần vỉa_hè và gây bụi bẩn . người đi bộ phải di_chuyển xuống lòng_đường , tiềm_ẩn nguy_cơ mất an_toàn . đề_nghị cơ_quan_chức_năng yêu_cầu thu_dọn và xử_lý hành_vi đổ rác không đúng quy_định .","rác_thải xây_dựng bị đổ tại khu_vực phố tôn_đức_thắng , phường hàng bột , quận đống_đa , chiếm một phần vỉa_hè và gây bụi bẩn . người đi bộ phải di_chuyển xuống lòng_đường , tiềm_ẩn nguy_cơ mất an_toàn . đề_nghị cơ_quan_chức_năng yêu_cầu thu_dọn và xử_lý hành_vi đổ rác không đúng quy_định .",,Dữ liệu ảo,,rac_thai_ve_sinh_moi_truong,trung_binh,True
SYN0108,Hanoi,,"Sau các buổi họp chợ tự phát tại đường Hoàng Quốc Việt, phường Nghĩa Đô, quận Cầu Giấy, rác thải thường bị bỏ lại trên vỉa hè và lòng đường. Tình trạng này gây mất mỹ quan đô thị, ảnh hưởng đến môi trường sống của người dân. Đề nghị có biện pháp thu gom và kiểm soát việc buôn bán tại khu vực này.","Sau các buổi họp chợ tự phát tại đường Hoàng Quốc Việt, phường Nghĩa Đô, quận Cầu Giấy, rác thải thường bị bỏ lại trên vỉa hè và lòng đường. Tình trạng này gây mất mỹ quan đô thị, ảnh hưởng đến môi trường sống của người dân. Đề nghị có biện pháp thu gom và kiểm soát việc buôn bán tại khu vực này.","sau các buổi họp chợ tự_phát tại đường hoàng_quốc việt , phường nghĩa_đô , quận cầu giấy , rác_thải thường bị bỏ lại trên vỉa_hè và lòng_đường . tình_trạng này gây mất mỹ_quan đô_thị , ảnh_hưởng đến môi_trường sống của người dân . đề_nghị có biện_pháp thu_gom và kiểm_soát việc buôn_bán tại khu_vực này .","sau các buổi họp chợ tự_phát tại đường hoàng_quốc việt , phường nghĩa_đô , quận cầu giấy , rác_thải thường bị bỏ lại trên vỉa_hè và lòng_đường . tình_trạng này gây mất mỹ_quan đô_thị , ảnh_hưởng đến môi_trường sống của người dân . đề_nghị có biện_pháp thu_gom và kiểm_soát việc buôn_bán tại khu_vực này .",,Dữ liệu ảo,,rac_thai_ve_sinh_moi_truong,trung_binh,True
SYN0109,Hanoi,,"Tại khu vực đường Phạm Văn Đồng, đoạn gần công viên Hòa Bình, quận Bắc Từ Liêm, rác thải sinh hoạt bị để tràn ra vỉa hè trong nhiều ngày, gây mùi hôi và ảnh hưởng đến người đi bộ. Một số bao rác bị rách, nước thải chảy xuống lòng đường. Đề nghị đơn vị vệ sinh môi trường thu gom kịp thời.","Tại khu vực đường Phạm Văn Đồng, đoạn gần công viên Hòa Bình, quận Bắc Từ Liêm, rác thải sinh hoạt bị để tràn ra vỉa hè trong nhiều ngày, gây mùi hôi và ảnh hưởng đến người đi bộ. Một số bao rác bị rách, nước thải chảy xuống lòng đường. Đề nghị đơn vị vệ sinh môi trường thu gom kịp thời.","tại khu_vực đường phạm văn đồng , đoạn gần công_viên hòa_bình , quận bắc từ liêm , rác_thải sinh_hoạt bị để tràn ra vỉa_hè trong nhiều ngày , gây mùi hôi và ảnh_hưởng đến người đi bộ . một_số bao rác bị rách , nước_thải chảy xuống lòng_đường . đề_nghị đơn_vị vệ_sinh môi_trường thu_gom kịp_thời .","tại khu_vực đường phạm văn đồng , đoạn gần công_viên hòa_bình , quận bắc từ liêm , rác_thải sinh_hoạt bị để tràn ra vỉa_hè trong nhiều ngày , gây mùi hôi và ảnh_hưởng đến người đi bộ . một_số bao rác bị rách , nước_thải chảy xuống lòng_đường . đề_nghị đơn_vị vệ_sinh môi_trường thu_gom kịp_thời .",,Dữ liệu ảo,,rac_thai_ve_sinh_moi_truong,trung_binh,True
SYN0110,Hanoi,,"Người dân phản ánh tại phố Nguyễn Xiển, phường Thanh Xuân Trung, quận Thanh Xuân có tình trạng đổ trộm rác thải xây dựng vào ban đêm. Vật liệu thừa chiếm một phần vỉa hè và gây bụi bẩn cho khu dân cư. Kính đề nghị kiểm tra và xử lý hành vi vi phạm.","Người dân phản ánh tại phố Nguyễn Xiển, phường Thanh Xuân Trung, quận Thanh Xuân có tình trạng đổ trộm rác thải xây dựng vào ban đêm. Vật liệu thừa chiếm một phần vỉa hè và gây bụi bẩn cho khu dân cư. Kính đề nghị kiểm tra và xử lý hành vi vi phạm.","người dân phản_ánh tại phố nguyễn_xiển , phường thanh_xuân_trung , quận thanh_xuân có tình_trạng đổ trộm rác_thải xây_dựng vào ban_đêm . vật_liệu thừa chiếm một phần vỉa_hè và gây bụi bẩn cho khu dân_cư . kính đề_nghị kiểm_tra và xử_lý hành_vi vi_phạm .","người dân phản_ánh tại phố nguyễn_xiển , phường thanh_xuân_trung , quận thanh_xuân có tình_trạng đổ trộm rác_thải xây_dựng vào ban_đêm . vật_liệu thừa chiếm một phần vỉa_hè và gây bụi bẩn cho khu dân_cư . kính đề_nghị kiểm_tra và xử_lý hành_vi vi_phạm .",,Dữ liệu ảo,,rac_thai_ve_sinh_moi_truong,trung_binh,True
SYN0111,Hanoi,,"Khu vực phố Minh Khai, phường Vĩnh Tuy, quận Hai Bà Trưng thường xuyên có rác tồn đọng quanh miệng cống thoát nước. Khi trời mưa, rác trôi xuống cống gây tắc nghẽn và ngập cục bộ. Đề nghị tăng cường thu gom và vệ sinh khu vực này.","Khu vực phố Minh Khai, phường Vĩnh Tuy, quận Hai Bà Trưng thường xuyên có rác tồn đọng quanh miệng cống thoát nước. Khi trời mưa, rác trôi xuống cống gây tắc nghẽn và ngập cục bộ. Đề nghị tăng cường thu gom và vệ sinh khu vực này.","khu_vực phố minh_khai , phường vĩnh_tuy , quận hai bà trưng thường_xuyên có rác tồn_đọng quanh miệng cống thoát nước . khi trời mưa , rác trôi xuống cống gây tắc_nghẽn và ngập cục_bộ . đề_nghị tăng_cường thu_gom và vệ_sinh khu_vực này .","khu_vực phố minh_khai , phường vĩnh_tuy , quận hai bà trưng thường_xuyên có rác tồn_đọng quanh miệng cống thoát nước . khi trời mưa , rác trôi xuống cống gây tắc_nghẽn và ngập cục_bộ . đề_nghị tăng_cường thu_gom và vệ_sinh khu_vực này .",,Dữ liệu ảo,,rac_thai_ve_sinh_moi_truong,trung_binh,True
SYN0112,Hanoi,,"Tại phố Đội Cấn, phường Liễu Giai, quận Ba Đình, điểm tập kết rác tạm thời nằm quá gần khu dân cư, gây mùi hôi khó chịu vào buổi chiều tối. Người dân đề nghị di dời hoặc bố trí thời gian thu gom hợp lý hơn.","Tại phố Đội Cấn, phường Liễu Giai, quận Ba Đình, điểm tập kết rác tạm thời nằm quá gần khu dân cư, gây mùi hôi khó chịu vào buổi chiều tối. Người dân đề nghị di dời hoặc bố trí thời gian thu gom hợp lý hơn.","tại phố đội cấn , phường liễu_giai , quận ba_đình , điểm tập_kết rác tạm_thời nằm quá gần khu dân_cư , gây mùi hôi khó_chịu vào buổi chiều_tối . người dân đề_nghị di_dời hoặc bố_trí thời_gian thu_gom hợp_lý hơn .","tại phố đội cấn , phường liễu_giai , quận ba_đình , điểm tập_kết rác tạm_thời nằm quá gần khu dân_cư , gây mùi hôi khó_chịu vào buổi chiều_tối . người dân đề_nghị di_dời hoặc bố_trí thời_gian thu_gom hợp_lý hơn .",,Dữ liệu ảo,,rac_thai_ve_sinh_moi_truong,trung_binh,True
SYN0113,Hanoi,,"Sau giờ buôn bán, khu vực phố Đội Cấn, phường Liễu Giai, quận Ba Đình thường xuyên còn lại nhiều rác thải, túi nilon và nước bẩn trên vỉa hè. Tình trạng này ảnh hưởng đến mỹ quan đô thị và vệ sinh môi trường. Đề nghị kiểm tra, nhắc nhở các hộ kinh doanh.","Sau giờ buôn bán, khu vực phố Đội Cấn, phường Liễu Giai, quận Ba Đình thường xuyên còn lại nhiều rác thải, túi nilon và nước bẩn trên vỉa hè. Tình trạng này ảnh hưởng đến mỹ quan đô thị và vệ sinh môi trường. Đề nghị kiểm tra, nhắc nhở các hộ kinh doanh.","sau giờ buôn_bán , khu_vực phố đội cấn , phường liễu_giai , quận ba_đình thường_xuyên còn lại nhiều rác_thải , túi nilon và nước bẩn trên vỉa_hè . tình_trạng này ảnh_hưởng đến mỹ_quan đô_thị và vệ_sinh môi_trường . đề_nghị kiểm_tra , nhắc_nhở các hộ kinh_doanh .","sau giờ buôn_bán , khu_vực phố đội cấn , phường liễu_giai , quận ba_đình thường_xuyên còn lại nhiều rác_thải , túi nilon và nước bẩn trên vỉa_hè . tình_trạng này ảnh_hưởng đến mỹ_quan đô_thị và vệ_sinh môi_trường . đề_nghị kiểm_tra , nhắc_nhở các hộ kinh_doanh .",,Dữ liệu ảo,,rac_thai_ve_sinh_moi_truong,trung_binh,True
SYN0114,Hanoi,,"Người dân tại đường Xuân Thủy, đoạn trước cổng Trường Đại học Quốc gia Hà Nội, quận Cầu Giấy phản ánh nước thải từ một số cơ sở kinh doanh chảy trực tiếp ra đường, gây trơn trượt và mùi hôi. Đề nghị cơ quan chức năng kiểm tra hệ thống thoát nước và xử lý theo quy định.","Người dân tại đường Xuân Thủy, đoạn trước cổng Trường Đại học Quốc gia Hà Nội, quận Cầu Giấy phản ánh nước thải từ một số cơ sở kinh doanh chảy trực tiếp ra đường, gây trơn trượt và mùi hôi. Đề nghị cơ quan chức năng kiểm tra hệ thống thoát nước và xử lý theo quy định.","người dân tại đường xuân_thủy , đoạn trước cổng trường đại_học quốc_gia hà_nội , quận cầu giấy phản_ánh nước_thải từ một_số cơ_sở kinh_doanh chảy trực_tiếp ra đường , gây trơn trượt và mùi hôi . đề_nghị cơ_quan_chức_năng kiểm_tra hệ_thống thoát nước và xử_lý theo quy_định .","người dân tại đường xuân_thủy , đoạn trước cổng trường đại_học quốc_gia hà_nội , quận cầu giấy phản_ánh nước_thải từ một_số cơ_sở kinh_doanh chảy trực_tiếp ra đường , gây trơn trượt và mùi hôi . đề_nghị cơ_quan_chức_năng kiểm_tra hệ_thống thoát nước và xử_lý theo quy_định .",,Dữ liệu ảo,,rac_thai_ve_sinh_moi_truong,trung_binh,True
SYN0115,Hanoi,,"Tại đường Hoàng Quốc Việt, phường Nghĩa Đô, quận Cầu Giấy, rác sinh hoạt bị bỏ không đúng giờ thu gom, khiến khu vực thường xuyên mất vệ sinh. Đề nghị tăng cường tuyên truyền và có biện pháp xử lý các trường hợp vi phạm.","Tại đường Hoàng Quốc Việt, phường Nghĩa Đô, quận Cầu Giấy, rác sinh hoạt bị bỏ không đúng giờ thu gom, khiến khu vực thường xuyên mất vệ sinh. Đề nghị tăng cường tuyên truyền và có biện pháp xử lý các trường hợp vi phạm.","tại đường hoàng_quốc việt , phường nghĩa_đô , quận cầu giấy , rác sinh_hoạt bị bỏ không đúng giờ thu_gom , khiến khu_vực thường_xuyên mất vệ_sinh . đề_nghị tăng_cường tuyên_truyền và có biện_pháp xử_lý các trường_hợp vi_phạm .","tại đường hoàng_quốc việt , phường nghĩa_đô , quận cầu giấy , rác sinh_hoạt bị bỏ không đúng giờ thu_gom , khiến khu_vực thường_xuyên mất vệ_sinh . đề_nghị tăng_cường tuyên_truyền và có biện_pháp xử_lý các trường_hợp vi_phạm .",,Dữ liệu ảo,,rac_thai_ve_sinh_moi_truong,trung_binh,True
SYN0116,Hanoi,,"Khu vực phố Minh Khai, phường Vĩnh Tuy, quận Hai Bà Trưng có nhiều rác thải vương vãi sau mưa, gây tắc rãnh thoát nước và ảnh hưởng đến sinh hoạt của người dân. Kính đề nghị đơn vị phụ trách vệ sinh môi trường kiểm tra, dọn dẹp.","Khu vực phố Minh Khai, phường Vĩnh Tuy, quận Hai Bà Trưng có nhiều rác thải vương vãi sau mưa, gây tắc rãnh thoát nước và ảnh hưởng đến sinh hoạt của người dân. Kính đề nghị đơn vị phụ trách vệ sinh môi trường kiểm tra, dọn dẹp.","khu_vực phố minh_khai , phường vĩnh_tuy , quận hai bà trưng có nhiều rác_thải vương_vãi sau mưa , gây tắc rãnh thoát nước và ảnh_hưởng đến sinh_hoạt của người dân . kính đề_nghị đơn_vị phụ_trách vệ_sinh môi_trường kiểm_tra , dọn_dẹp .","khu_vực phố minh_khai , phường vĩnh_tuy , quận hai bà trưng có nhiều rác_thải vương_vãi sau mưa , gây tắc rãnh thoát nước và ảnh_hưởng đến sinh_hoạt của người dân . kính đề_nghị đơn_vị phụ_trách vệ_sinh môi_trường kiểm_tra , dọn_dẹp .",,Dữ liệu ảo,,rac_thai_ve_sinh_moi_truong,trung_binh,True
SYN0117,Hanoi,,"Tại khu vực phố Bạch Mai, phường Bạch Mai, quận Hai Bà Trưng, rác thải sinh hoạt bị tập kết lâu ngày bên lề đường nhưng chưa được thu gom kịp thời. Tình trạng này gây mùi hôi, ảnh hưởng đến mỹ quan đô thị và sinh hoạt của người dân xung quanh. Kính đề nghị đơn vị vệ sinh môi trường kiểm tra và xử lý.","Tại khu vực phố Bạch Mai, phường Bạch Mai, quận Hai Bà Trưng, rác thải sinh hoạt bị tập kết lâu ngày bên lề đường nhưng chưa được thu gom kịp thời. Tình trạng này gây mùi hôi, ảnh hưởng đến mỹ quan đô thị và sinh hoạt của người dân xung quanh. Kính đề nghị đơn vị vệ sinh môi trường kiểm tra và xử lý.","tại khu_vực phố bạch_mai , phường bạch_mai , quận hai bà trưng , rác_thải sinh_hoạt bị tập_kết lâu ngày bên lề_đường nhưng chưa được thu_gom kịp_thời . tình_trạng này gây mùi hôi , ảnh_hưởng đến mỹ_quan đô_thị và sinh_hoạt của người dân xung_quanh . kính đề_nghị đơn_vị vệ_sinh môi_trường kiểm_tra và xử_lý .","tại khu_vực phố bạch_mai , phường bạch_mai , quận hai bà trưng , rác_thải sinh_hoạt bị tập_kết lâu ngày bên lề_đường nhưng chưa được thu_gom kịp_thời . tình_trạng này gây mùi hôi , ảnh_hưởng đến mỹ_quan đô_thị và sinh_hoạt của người dân xung_quanh . kính đề_nghị đơn_vị vệ_sinh môi_trường kiểm_tra và xử_lý .",,Dữ liệu ảo,,rac_thai_ve_sinh_moi_truong,trung_binh,True
SYN0118,Hanoi,,"Người dân phản ánh tại phố Trần Duy Hưng, phường Trung Hòa, quận Cầu Giấy thường xuyên xuất hiện tình trạng xả rác bừa bãi trên vỉa hè và gần miệng cống thoát nước. Khi trời mưa, rác trôi xuống cống gây tắc nghẽn và ứ đọng nước. Đề nghị tăng cường thu gom rác và tuyên truyền giữ gìn vệ sinh.","Người dân phản ánh tại phố Trần Duy Hưng, phường Trung Hòa, quận Cầu Giấy thường xuyên xuất hiện tình trạng xả rác bừa bãi trên vỉa hè và gần miệng cống thoát nước. Khi trời mưa, rác trôi xuống cống gây tắc nghẽn và ứ đọng nước. Đề nghị tăng cường thu gom rác và tuyên truyền giữ gìn vệ sinh.","người dân phản_ánh tại phố trần_duy_hưng , phường trung_hòa , quận cầu giấy thường_xuyên xuất_hiện tình_trạng xả rác bừa_bãi trên vỉa_hè và gần miệng cống thoát nước . khi trời mưa , rác trôi xuống cống gây tắc_nghẽn và ứ_đọng nước . đề_nghị tăng_cường thu_gom rác và tuyên_truyền giữ_gìn vệ_sinh .","người dân phản_ánh tại phố trần_duy_hưng , phường trung_hòa , quận cầu giấy thường_xuyên xuất_hiện tình_trạng xả rác bừa_bãi trên vỉa_hè và gần miệng cống thoát nước . khi trời mưa , rác trôi xuống cống gây tắc_nghẽn và ứ_đọng nước . đề_nghị tăng_cường thu_gom rác và tuyên_truyền giữ_gìn vệ_sinh .",,Dữ liệu ảo,,rac_thai_ve_sinh_moi_truong,trung_binh,True
SYN0119,Hanoi,,"Khu vực phố Chùa Bộc, phường Quang Trung, quận Đống Đa có điểm tập kết rác không đúng nơi quy định, nhiều bao rác bị để tràn ra lòng đường. Việc này gây mất vệ sinh môi trường, phát sinh mùi hôi và ảnh hưởng đến người đi bộ. Đề nghị cơ quan chức năng kiểm tra và bố trí điểm tập kết phù hợp hơn.","Khu vực phố Chùa Bộc, phường Quang Trung, quận Đống Đa có điểm tập kết rác không đúng nơi quy định, nhiều bao rác bị để tràn ra lòng đường. Việc này gây mất vệ sinh môi trường, phát sinh mùi hôi và ảnh hưởng đến người đi bộ. Đề nghị cơ quan chức năng kiểm tra và bố trí điểm tập kết phù hợp hơn.","khu_vực phố chùa bộc , phường quang_trung , quận đống_đa có điểm tập_kết rác không đúng nơi quy_định , nhiều bao rác bị để tràn ra lòng_đường . việc này gây mất vệ_sinh môi_trường , phát_sinh mùi hôi và ảnh_hưởng đến người đi bộ . đề_nghị cơ_quan_chức_năng kiểm_tra và bố_trí điểm tập_kết phù_hợp hơn .","khu_vực phố chùa bộc , phường quang_trung , quận đống_đa có điểm tập_kết rác không đúng nơi quy_định , nhiều bao rác bị để tràn ra lòng_đường . việc này gây mất vệ_sinh môi_trường , phát_sinh mùi hôi và ảnh_hưởng đến người đi bộ . đề_nghị cơ_quan_chức_năng kiểm_tra và bố_trí điểm tập_kết phù_hợp hơn .",,Dữ liệu ảo,,rac_thai_ve_sinh_moi_truong,trung_binh,True
SYN0120,Hanoi,,"Tại phố Đội Cấn, phường Liễu Giai, quận Ba Đình, nước thải từ một số hộ kinh doanh chảy ra mặt đường, gây mùi khó chịu và làm trơn trượt khu vực đi lại. Người dân lo ngại tình trạng này kéo dài sẽ ảnh hưởng đến vệ sinh môi trường và an toàn giao thông. Kính đề nghị kiểm tra, nhắc nhở và xử lý.","Tại phố Đội Cấn, phường Liễu Giai, quận Ba Đình, nước thải từ một số hộ kinh doanh chảy ra mặt đường, gây mùi khó chịu và làm trơn trượt khu vực đi lại. Người dân lo ngại tình trạng này kéo dài sẽ ảnh hưởng đến vệ sinh môi trường và an toàn giao thông. Kính đề nghị kiểm tra, nhắc nhở và xử lý.","tại phố đội cấn , phường liễu_giai , quận ba_đình , nước_thải từ một_số hộ kinh_doanh chảy ra_mặt_đường , gây mùi khó_chịu và làm trơn trượt khu_vực đi_lại . người dân lo_ngại tình_trạng này kéo_dài sẽ ảnh_hưởng đến vệ_sinh môi_trường và an_toàn giao_thông . kính đề_nghị kiểm_tra , nhắc_nhở và xử_lý .","tại phố đội cấn , phường liễu_giai , quận ba_đình , nước_thải từ một_số hộ kinh_doanh chảy ra_mặt_đường , gây mùi khó_chịu và làm trơn trượt khu_vực đi_lại . người dân lo_ngại tình_trạng này kéo_dài sẽ ảnh_hưởng đến vệ_sinh môi_trường và an_toàn giao_thông . kính đề_nghị kiểm_tra , nhắc_nhở và xử_lý .",,Dữ liệu ảo,,rac_thai_ve_sinh_moi_truong,trung_binh,True
SYN0121,Hanoi,,"Rác thải xây dựng bị đổ tại khu vực ngõ 93 Hoàng Văn Thái, phường Khương Trung, quận Thanh Xuân, chiếm một phần vỉa hè và gây bụi bẩn. Người đi bộ phải di chuyển xuống lòng đường, tiềm ẩn nguy cơ mất an toàn. Đề nghị cơ quan chức năng yêu cầu thu dọn và xử lý hành vi đổ rác không đúng quy định.","Rác thải xây dựng bị đổ tại khu vực ngõ 93 Hoàng Văn Thái, phường Khương Trung, quận Thanh Xuân, chiếm một phần vỉa hè và gây bụi bẩn. Người đi bộ phải di chuyển xuống lòng đường, tiềm ẩn nguy cơ mất an toàn. Đề nghị cơ quan chức năng yêu cầu thu dọn và xử lý hành vi đổ rác không đúng quy định.","rác_thải xây_dựng bị đổ tại khu_vực ngõ 93 hoàng_văn_thái , phường khương_trung , quận thanh_xuân , chiếm một phần vỉa_hè và gây bụi bẩn . người đi bộ phải di_chuyển xuống lòng_đường , tiềm_ẩn nguy_cơ mất an_toàn . đề_nghị cơ_quan_chức_năng yêu_cầu thu_dọn và xử_lý hành_vi đổ rác không đúng quy_định .","rác_thải xây_dựng bị đổ tại khu_vực ngõ 93 hoàng_văn_thái , phường khương_trung , quận thanh_xuân , chiếm một phần vỉa_hè và gây bụi bẩn . người đi bộ phải di_chuyển xuống lòng_đường , tiềm_ẩn nguy_cơ mất an_toàn . đề_nghị cơ_quan_chức_năng yêu_cầu thu_dọn và xử_lý hành_vi đổ rác không đúng quy_định .",,Dữ liệu ảo,,rac_thai_ve_sinh_moi_truong,trung_binh,True
SYN0122,Hanoi,,"Sau các buổi họp chợ tự phát tại đường Nguyễn Trãi, đoạn gần Ngã Tư Sở, quận Thanh Xuân, rác thải thường bị bỏ lại trên vỉa hè và lòng đường. Tình trạng này gây mất mỹ quan đô thị, ảnh hưởng đến môi trường sống của người dân. Đề nghị có biện pháp thu gom và kiểm soát việc buôn bán tại khu vực này.","Sau các buổi họp chợ tự phát tại đường Nguyễn Trãi, đoạn gần Ngã Tư Sở, quận Thanh Xuân, rác thải thường bị bỏ lại trên vỉa hè và lòng đường. Tình trạng này gây mất mỹ quan đô thị, ảnh hưởng đến môi trường sống của người dân. Đề nghị có biện pháp thu gom và kiểm soát việc buôn bán tại khu vực này.","sau các buổi họp chợ tự_phát tại đường nguyễn_trãi , đoạn gần ngã tư_sở , quận thanh_xuân , rác_thải thường bị bỏ lại trên vỉa_hè và lòng_đường . tình_trạng này gây mất mỹ_quan đô_thị , ảnh_hưởng đến môi_trường sống của người dân . đề_nghị có biện_pháp thu_gom và kiểm_soát việc buôn_bán tại khu_vực này .","sau các buổi họp chợ tự_phát tại đường nguyễn_trãi , đoạn gần ngã tư_sở , quận thanh_xuân , rác_thải thường bị bỏ lại trên vỉa_hè và lòng_đường . tình_trạng này gây mất mỹ_quan đô_thị , ảnh_hưởng đến môi_trường sống của người dân . đề_nghị có biện_pháp thu_gom và kiểm_soát việc buôn_bán tại khu_vực này .",,Dữ liệu ảo,,rac_thai_ve_sinh_moi_truong,trung_binh,True
SYN0123,Hanoi,,"Tại khu vực đường Cầu Giấy, đoạn gần chợ Cầu Giấy, quận Cầu Giấy, rác thải sinh hoạt bị để tràn ra vỉa hè trong nhiều ngày, gây mùi hôi và ảnh hưởng đến người đi bộ. Một số bao rác bị rách, nước thải chảy xuống lòng đường. Đề nghị đơn vị vệ sinh môi trường thu gom kịp thời.","Tại khu vực đường Cầu Giấy, đoạn gần chợ Cầu Giấy, quận Cầu Giấy, rác thải sinh hoạt bị để tràn ra vỉa hè trong nhiều ngày, gây mùi hôi và ảnh hưởng đến người đi bộ. Một số bao rác bị rách, nước thải chảy xuống lòng đường. Đề nghị đơn vị vệ sinh môi trường thu gom kịp thời.","tại khu_vực đường cầu giấy , đoạn gần chợ cầu giấy , quận cầu giấy , rác_thải sinh_hoạt bị để tràn ra vỉa_hè trong nhiều ngày , gây mùi hôi và ảnh_hưởng đến người đi bộ . một_số bao rác bị rách , nước_thải chảy xuống lòng_đường . đề_nghị đơn_vị vệ_sinh môi_trường thu_gom kịp_thời .","tại khu_vực đường cầu giấy , đoạn gần chợ cầu giấy , quận cầu giấy , rác_thải sinh_hoạt bị để tràn ra vỉa_hè trong nhiều ngày , gây mùi hôi và ảnh_hưởng đến người đi bộ . một_số bao rác bị rách , nước_thải chảy xuống lòng_đường . đề_nghị đơn_vị vệ_sinh môi_trường thu_gom kịp_thời .",,Dữ liệu ảo,,rac_thai_ve_sinh_moi_truong,trung_binh,True
SYN0124,Hanoi,,"Người dân phản ánh tại đường Phạm Văn Đồng, đoạn gần công viên Hòa Bình, quận Bắc Từ Liêm có tình trạng đổ trộm rác thải xây dựng vào ban đêm. Vật liệu thừa chiếm một phần vỉa hè và gây bụi bẩn cho khu dân cư. Kính đề nghị kiểm tra và xử lý hành vi vi phạm.","Người dân phản ánh tại đường Phạm Văn Đồng, đoạn gần công viên Hòa Bình, quận Bắc Từ Liêm có tình trạng đổ trộm rác thải xây dựng vào ban đêm. Vật liệu thừa chiếm một phần vỉa hè và gây bụi bẩn cho khu dân cư. Kính đề nghị kiểm tra và xử lý hành vi vi phạm.","người dân phản_ánh tại đường phạm văn đồng , đoạn gần công_viên hòa_bình , quận bắc từ liêm có tình_trạng đổ trộm rác_thải xây_dựng vào ban_đêm . vật_liệu thừa chiếm một phần vỉa_hè và gây bụi bẩn cho khu dân_cư . kính đề_nghị kiểm_tra và xử_lý hành_vi vi_phạm .","người dân phản_ánh tại đường phạm văn đồng , đoạn gần công_viên hòa_bình , quận bắc từ liêm có tình_trạng đổ trộm rác_thải xây_dựng vào ban_đêm . vật_liệu thừa chiếm một phần vỉa_hè và gây bụi bẩn cho khu dân_cư . kính đề_nghị kiểm_tra và xử_lý hành_vi vi_phạm .",,Dữ liệu ảo,,rac_thai_ve_sinh_moi_truong,trung_binh,True
SYN0125,Hanoi,,"Khu vực đường Lê Văn Lương, phường Nhân Chính, quận Thanh Xuân thường xuyên có rác tồn đọng quanh miệng cống thoát nước. Khi trời mưa, rác trôi xuống cống gây tắc nghẽn và ngập cục bộ. Đề nghị tăng cường thu gom và vệ sinh khu vực này.","Khu vực đường Lê Văn Lương, phường Nhân Chính, quận Thanh Xuân thường xuyên có rác tồn đọng quanh miệng cống thoát nước. Khi trời mưa, rác trôi xuống cống gây tắc nghẽn và ngập cục bộ. Đề nghị tăng cường thu gom và vệ sinh khu vực này.","khu_vực đường lê_văn_lương , phường nhân chính , quận thanh_xuân thường_xuyên có rác tồn_đọng quanh miệng cống thoát nước . khi trời mưa , rác trôi xuống cống gây tắc_nghẽn và ngập cục_bộ . đề_nghị tăng_cường thu_gom và vệ_sinh khu_vực này .","khu_vực đường lê_văn_lương , phường nhân chính , quận thanh_xuân thường_xuyên có rác tồn_đọng quanh miệng cống thoát nước . khi trời mưa , rác trôi xuống cống gây tắc_nghẽn và ngập cục_bộ . đề_nghị tăng_cường thu_gom và vệ_sinh khu_vực này .",,Dữ liệu ảo,,rac_thai_ve_sinh_moi_truong,trung_binh,True
SYN0126,Hanoi,,"Tại phố Minh Khai, phường Vĩnh Tuy, quận Hai Bà Trưng, điểm tập kết rác tạm thời nằm quá gần khu dân cư, gây mùi hôi khó chịu vào buổi chiều tối. Người dân đề nghị di dời hoặc bố trí thời gian thu gom hợp lý hơn.","Tại phố Minh Khai, phường Vĩnh Tuy, quận Hai Bà Trưng, điểm tập kết rác tạm thời nằm quá gần khu dân cư, gây mùi hôi khó chịu vào buổi chiều tối. Người dân đề nghị di dời hoặc bố trí thời gian thu gom hợp lý hơn.","tại phố minh_khai , phường vĩnh_tuy , quận hai bà trưng , điểm tập_kết rác tạm_thời nằm quá gần khu dân_cư , gây mùi hôi khó_chịu vào buổi chiều_tối . người dân đề_nghị di_dời hoặc bố_trí thời_gian thu_gom hợp_lý hơn .","tại phố minh_khai , phường vĩnh_tuy , quận hai bà trưng , điểm tập_kết rác tạm_thời nằm quá gần khu dân_cư , gây mùi hôi khó_chịu vào buổi chiều_tối . người dân đề_nghị di_dời hoặc bố_trí thời_gian thu_gom hợp_lý hơn .",,Dữ liệu ảo,,rac_thai_ve_sinh_moi_truong,trung_binh,True
SYN0127,Hanoi,,"Sau giờ buôn bán, khu vực phố Minh Khai, phường Vĩnh Tuy, quận Hai Bà Trưng thường xuyên còn lại nhiều rác thải, túi nilon và nước bẩn trên vỉa hè. Tình trạng này ảnh hưởng đến mỹ quan đô thị và vệ sinh môi trường. Đề nghị kiểm tra, nhắc nhở các hộ kinh doanh.","Sau giờ buôn bán, khu vực phố Minh Khai, phường Vĩnh Tuy, quận Hai Bà Trưng thường xuyên còn lại nhiều rác thải, túi nilon và nước bẩn trên vỉa hè. Tình trạng này ảnh hưởng đến mỹ quan đô thị và vệ sinh môi trường. Đề nghị kiểm tra, nhắc nhở các hộ kinh doanh.","sau giờ buôn_bán , khu_vực phố minh_khai , phường vĩnh_tuy , quận hai bà trưng thường_xuyên còn lại nhiều rác_thải , túi nilon và nước bẩn trên vỉa_hè . tình_trạng này ảnh_hưởng đến mỹ_quan đô_thị và vệ_sinh môi_trường . đề_nghị kiểm_tra , nhắc_nhở các hộ kinh_doanh .","sau giờ buôn_bán , khu_vực phố minh_khai , phường vĩnh_tuy , quận hai bà trưng thường_xuyên còn lại nhiều rác_thải , túi nilon và nước bẩn trên vỉa_hè . tình_trạng này ảnh_hưởng đến mỹ_quan đô_thị và vệ_sinh môi_trường . đề_nghị kiểm_tra , nhắc_nhở các hộ kinh_doanh .",,Dữ liệu ảo,,rac_thai_ve_sinh_moi_truong,trung_binh,True
SYN0128,Hanoi,,"Người dân tại phố Chùa Bộc, phường Quang Trung, quận Đống Đa phản ánh nước thải từ một số cơ sở kinh doanh chảy trực tiếp ra đường, gây trơn trượt và mùi hôi. Đề nghị cơ quan chức năng kiểm tra hệ thống thoát nước và xử lý theo quy định.","Người dân tại phố Chùa Bộc, phường Quang Trung, quận Đống Đa phản ánh nước thải từ một số cơ sở kinh doanh chảy trực tiếp ra đường, gây trơn trượt và mùi hôi. Đề nghị cơ quan chức năng kiểm tra hệ thống thoát nước và xử lý theo quy định.","người dân tại phố chùa bộc , phường quang_trung , quận đống_đa phản_ánh nước_thải từ một_số cơ_sở kinh_doanh chảy trực_tiếp ra đường , gây trơn trượt và mùi hôi . đề_nghị cơ_quan_chức_năng kiểm_tra hệ_thống thoát nước và xử_lý theo quy_định .","người dân tại phố chùa bộc , phường quang_trung , quận đống_đa phản_ánh nước_thải từ một_số cơ_sở kinh_doanh chảy trực_tiếp ra đường , gây trơn trượt và mùi hôi . đề_nghị cơ_quan_chức_năng kiểm_tra hệ_thống thoát nước và xử_lý theo quy_định .",,Dữ liệu ảo,,rac_thai_ve_sinh_moi_truong,trung_binh,True
SYN0129,Hanoi,,"Tại phố Nguyễn Xiển, phường Thanh Xuân Trung, quận Thanh Xuân, rác sinh hoạt bị bỏ không đúng giờ thu gom, khiến khu vực thường xuyên mất vệ sinh. Đề nghị tăng cường tuyên truyền và có biện pháp xử lý các trường hợp vi phạm.","Tại phố Nguyễn Xiển, phường Thanh Xuân Trung, quận Thanh Xuân, rác sinh hoạt bị bỏ không đúng giờ thu gom, khiến khu vực thường xuyên mất vệ sinh. Đề nghị tăng cường tuyên truyền và có biện pháp xử lý các trường hợp vi phạm.","tại phố nguyễn_xiển , phường thanh_xuân_trung , quận thanh_xuân , rác sinh_hoạt bị bỏ không đúng giờ thu_gom , khiến khu_vực thường_xuyên mất vệ_sinh . đề_nghị tăng_cường tuyên_truyền và có biện_pháp xử_lý các trường_hợp vi_phạm .","tại phố nguyễn_xiển , phường thanh_xuân_trung , quận thanh_xuân , rác sinh_hoạt bị bỏ không đúng giờ thu_gom , khiến khu_vực thường_xuyên mất vệ_sinh . đề_nghị tăng_cường tuyên_truyền và có biện_pháp xử_lý các trường_hợp vi_phạm .",,Dữ liệu ảo,,rac_thai_ve_sinh_moi_truong,trung_binh,True
SYN0130,Hanoi,,"Khu vực đường Hoàng Quốc Việt, phường Nghĩa Đô, quận Cầu Giấy có nhiều rác thải vương vãi sau mưa, gây tắc rãnh thoát nước và ảnh hưởng đến sinh hoạt của người dân. Kính đề nghị đơn vị phụ trách vệ sinh môi trường kiểm tra, dọn dẹp.","Khu vực đường Hoàng Quốc Việt, phường Nghĩa Đô, quận Cầu Giấy có nhiều rác thải vương vãi sau mưa, gây tắc rãnh thoát nước và ảnh hưởng đến sinh hoạt của người dân. Kính đề nghị đơn vị phụ trách vệ sinh môi trường kiểm tra, dọn dẹp.","khu_vực đường hoàng_quốc việt , phường nghĩa_đô , quận cầu giấy có nhiều rác_thải vương_vãi sau mưa , gây tắc rãnh thoát nước và ảnh_hưởng đến sinh_hoạt của người dân . kính đề_nghị đơn_vị phụ_trách vệ_sinh môi_trường kiểm_tra , dọn_dẹp .","khu_vực đường hoàng_quốc việt , phường nghĩa_đô , quận cầu giấy có nhiều rác_thải vương_vãi sau mưa , gây tắc rãnh thoát nước và ảnh_hưởng đến sinh_hoạt của người dân . kính đề_nghị đơn_vị phụ_trách vệ_sinh môi_trường kiểm_tra , dọn_dẹp .",,Dữ liệu ảo,,rac_thai_ve_sinh_moi_truong,trung_binh,True
SYN0131,Hanoi,,"Tại khu vực đường Nguyễn Trãi, đoạn gần Ngã Tư Sở, quận Thanh Xuân, rác thải sinh hoạt bị tập kết lâu ngày bên lề đường nhưng chưa được thu gom kịp thời. Tình trạng này gây mùi hôi, ảnh hưởng đến mỹ quan đô thị và sinh hoạt của người dân xung quanh. Kính đề nghị đơn vị vệ sinh môi trường kiểm tra và xử lý.","Tại khu vực đường Nguyễn Trãi, đoạn gần Ngã Tư Sở, quận Thanh Xuân, rác thải sinh hoạt bị tập kết lâu ngày bên lề đường nhưng chưa được thu gom kịp thời. Tình trạng này gây mùi hôi, ảnh hưởng đến mỹ quan đô thị và sinh hoạt của người dân xung quanh. Kính đề nghị đơn vị vệ sinh môi trường kiểm tra và xử lý.","tại khu_vực đường nguyễn_trãi , đoạn gần ngã tư_sở , quận thanh_xuân , rác_thải sinh_hoạt bị tập_kết lâu ngày bên lề_đường nhưng chưa được thu_gom kịp_thời . tình_trạng này gây mùi hôi , ảnh_hưởng đến mỹ_quan đô_thị và sinh_hoạt của người dân xung_quanh . kính đề_nghị đơn_vị vệ_sinh môi_trường kiểm_tra và xử_lý .","tại khu_vực đường nguyễn_trãi , đoạn gần ngã tư_sở , quận thanh_xuân , rác_thải sinh_hoạt bị tập_kết lâu ngày bên lề_đường nhưng chưa được thu_gom kịp_thời . tình_trạng này gây mùi hôi , ảnh_hưởng đến mỹ_quan đô_thị và sinh_hoạt của người dân xung_quanh . kính đề_nghị đơn_vị vệ_sinh môi_trường kiểm_tra và xử_lý .",,Dữ liệu ảo,,rac_thai_ve_sinh_moi_truong,trung_binh,True
SYN0132,Hanoi,,"Người dân phản ánh tại phố Nguyễn Xiển, phường Thanh Xuân Trung, quận Thanh Xuân thường xuyên xuất hiện tình trạng xả rác bừa bãi trên vỉa hè và gần miệng cống thoát nước. Khi trời mưa, rác trôi xuống cống gây tắc nghẽn và ứ đọng nước. Đề nghị tăng cường thu gom rác và tuyên truyền giữ gìn vệ sinh.","Người dân phản ánh tại phố Nguyễn Xiển, phường Thanh Xuân Trung, quận Thanh Xuân thường xuyên xuất hiện tình trạng xả rác bừa bãi trên vỉa hè và gần miệng cống thoát nước. Khi trời mưa, rác trôi xuống cống gây tắc nghẽn và ứ đọng nước. Đề nghị tăng cường thu gom rác và tuyên truyền giữ gìn vệ sinh.","người dân phản_ánh tại phố nguyễn_xiển , phường thanh_xuân_trung , quận thanh_xuân thường_xuyên xuất_hiện tình_trạng xả rác bừa_bãi trên vỉa_hè và gần miệng cống thoát nước . khi trời mưa , rác trôi xuống cống gây tắc_nghẽn và ứ_đọng nước . đề_nghị tăng_cường thu_gom rác và tuyên_truyền giữ_gìn vệ_sinh .","người dân phản_ánh tại phố nguyễn_xiển , phường thanh_xuân_trung , quận thanh_xuân thường_xuyên xuất_hiện tình_trạng xả rác bừa_bãi trên vỉa_hè và gần miệng cống thoát nước . khi trời mưa , rác trôi xuống cống gây tắc_nghẽn và ứ_đọng nước . đề_nghị tăng_cường thu_gom rác và tuyên_truyền giữ_gìn vệ_sinh .",,Dữ liệu ảo,,rac_thai_ve_sinh_moi_truong,trung_binh,True
